ID,運用,便回,列車番号,車種,発駅,着駅,所属区,仕業番号,仕業順,形式,合計両数,編成位置,乗継時刻,発車時刻,到着時刻,次便回,次列車番号,次車種,次乗継時刻,次発車時刻
1,A,,2122,M,南福岡  ,海老津  ,南福岡車両区  ,1,1,813,9,,,623,738,,2133,M,,750
2,A,,2133,M,海老津  ,南福岡  ,南福岡車両区  ,1,2,813,9,,,750,858,回,2180,M,,2227
3,A,回,2180,M,南福岡  ,博多    ,南福岡車両区  ,1,3,813,9,,,2227,2240,,2180,M,,2244
4,A,,2180,M,博多    ,赤間    ,南福岡車両区  ,1,4,813,9,,,2244,2329,終,,,,
5,A,,2220,M,赤間    ,門司港  ,南福岡車両区  ,2,1,813,9,,,529,625,,133,M,,631
6,A,,133,M,門司港  ,南福岡  ,南福岡車両区  ,2,2,813,9,,,631,843,,2342,M,,1130
7,A,,2342,M,南福岡  ,福間    ,南福岡車両区  ,2,3,813,9,,,1130,1216,,2335,M,,1222
8,A,,2335,M,福間    ,久留米  ,南福岡車両区  ,2,4,813,9,,,1222,1355,,2350,M,,1406
9,A,,2350,M,久留米  ,福間    ,南福岡車両区  ,2,5,813,9,,,1406,1532,,2163,M,,1603
10,A,,2163,M,福間    ,二日市  ,南福岡車両区  ,2,6,813,9,,,1603,1700,,2168,M,,1716
11,A,,2168,M,二日市  ,福間    ,南福岡車両区  ,2,7,813,9,,,1716,1823,,2175,M,,1839
12,A,,2175,M,福間    ,鳥栖    ,南福岡車両区  ,2,8,813,9,,,1839,2007,回,2175,M,,2020
13,A,回,2175,M,鳥栖    ,荒尾    ,南福岡車両区  ,2,9,813,9,,,2020,2113,終,,,,
14,A,,2326,M,荒尾    ,門司港  ,南福岡車両区  ,3,1,813,9,,,525,849,,4127,M,,938
15,A,,4127,M,門司港  ,鳥栖    ,南福岡車両区  ,3,2,813,6,,,938,1206,,4132,M,,1233
16,A,,4132,M,鳥栖    ,門司港  ,南福岡車両区  ,3,3,813,6,,,1233,1447,,141,M,,1541
17,A,,141,M,門司港  ,南福岡  ,南福岡車両区  ,3,4,813,6,,,1541,1746,,2170,M,,1757
18,A,,2170,M,南福岡  ,福間    ,南福岡車両区  ,3,5,813,6,,,1757,1846,,2177,M,,1851
19,A,,2177,M,福間    ,鳥栖    ,南福岡車両区  ,3,6,813,6,,,1851,2026,,140,M,,2104
20,A,,140,M,鳥栖    ,門司港  ,南福岡車両区  ,3,7,813,6,,,2104,2352,終,,,,
21,A,,129,M,門司港  ,南福岡  ,南福岡車両区  ,4,1,813,9,,,557,813,,2342,M,,1130
22,A,,2342,M,南福岡  ,福間    ,南福岡車両区  ,4,2,813,9,,,1130,1216,,2335,M,,1222
23,A,,2335,M,福間    ,久留米  ,南福岡車両区  ,4,3,813,9,,,1222,1355,,2350,M,,1406
24,A,,2350,M,久留米  ,福間    ,南福岡車両区  ,4,4,813,9,,,1406,1532,,2163,M,,1603
25,A,,2163,M,福間    ,二日市  ,南福岡車両区  ,4,5,813,9,,,1603,1700,,2168,M,,1716
26,A,,2168,M,二日市  ,福間    ,南福岡車両区  ,4,6,813,9,,,1716,1823,,2175,M,,1839
27,A,,2175,M,福間    ,鳥栖    ,南福岡車両区  ,4,7,813,9,,,1839,2007,回,2175,M,,2020
28,A,回,2175,M,鳥栖    ,荒尾    ,南福岡車両区  ,4,8,813,9,,,2020,2113,終,,,,
29,A,,2326,M,荒尾    ,門司港  ,南福岡車両区  ,5,1,813,9,,,525,849,,4127,M,,938
30,A,,4127,M,門司港  ,鳥栖    ,南福岡車両区  ,5,2,813,6,,,938,1206,,4132,M,,1233
31,A,,4132,M,鳥栖    ,門司港  ,南福岡車両区  ,5,3,813,6,,,1233,1447,,141,M,,1541
32,A,,141,M,門司港  ,南福岡  ,南福岡車両区  ,5,4,813,6,,,1541,1746,,2170,M,,1757
33,A,,2170,M,南福岡  ,福間    ,南福岡車両区  ,5,5,813,6,,,1757,1846,,2177,M,,1851
34,A,,2177,M,福間    ,鳥栖    ,南福岡車両区  ,5,6,813,6,,,1851,2026,,140,M,,2104
35,A,,140,M,鳥栖    ,門司港  ,南福岡車両区  ,5,7,813,6,,,2104,2352,終,,,,
36,A,,123,M,門司港  ,博多    ,南福岡車両区  ,6,1,813,9,,,504,641,,2124,M,,648
37,A,,2124,M,博多    ,福間    ,南福岡車両区  ,6,2,813,9,,,648,718,,2129,M,,728
38,A,,2129,M,福間    ,二日市  ,南福岡車両区  ,6,3,813,9,,,728,836,,2132,M,,841
39,A,,2132,M,二日市  ,福間    ,南福岡車両区  ,6,4,813,9,,,841,956,,2331,M,,1002
40,A,,2331,M,福間    ,荒木    ,南福岡車両区  ,6,5,813,9,,,1002,1140,,2346,M,,1201
41,A,,2346,M,荒木    ,福間    ,南福岡車両区  ,6,6,813,9,,,1201,1332,,2153,M,,1403
42,A,,2153,M,福間    ,二日市  ,南福岡車両区  ,6,7,813,9,,,1403,1502,,2160,M,,1517
43,A,,2160,M,二日市  ,福間    ,南福岡車両区  ,6,8,813,9,,,1517,1610,,2165,M,,1617
44,A,,2165,M,福間    ,鳥栖    ,南福岡車両区  ,6,9,813,9,,,1617,1748,,2176,M,,1802
45,A,,2176,M,鳥栖    ,福間    ,南福岡車両区  ,6,10,813,9,,,1802,1947,,2183,M,,2008
46,A,,2183,M,福間    ,鳥栖    ,南福岡車両区  ,6,11,813,9,,,2008,2131,,142,M,,2145
47,A,,142,M,鳥栖    ,門司港  ,南福岡車両区  ,6,12,813,9,,,2145,13,終,,,,
48,A,,127,M,門司港  ,二日市  ,南福岡車両区  ,7,1,813,9,,,540,806,,2130,M,,815
49,A,,2130,M,二日市  ,折尾　鹿,南福岡車両区  ,7,2,813,9,,,815,952,,2139,M,,1002
50,A,,2139,M,折尾　鹿,二日市  ,南福岡車両区  ,7,3,813,9,,,1002,1128,,2146,M,,1156
51,A,,2146,M,二日市  ,折尾　鹿,南福岡車両区  ,7,4,813,9,,,1156,1335,,2155,M,,1358
52,A,,2155,M,折尾　鹿,二日市  ,南福岡車両区  ,7,5,813,9,,,1358,1536,,2162,M,,1555
53,A,,2162,M,二日市  ,海老津  ,南福岡車両区  ,7,6,813,9,,,1555,1719,回,2347,M,,1753
54,A,回,2347,M,海老津  ,福間    ,南福岡車両区  ,7,7,813,9,,,1753,1810,,2347,M,,1817
55,A,,2347,M,福間    ,荒木    ,南福岡車両区  ,7,8,813,9,,,1817,2002,,4234,M,,2008
56,A,,4234,M,荒木    ,小倉    ,南福岡車両区  ,7,9,813,9,,,2008,2203,回,4234,M,,2215
57,A,回,4234,M,小倉    ,門司港  ,南福岡車両区  ,7,10,813,9,,,2215,2227,,2243,M,,2333
58,A,,2243,M,門司港  ,海老津  ,南福岡車両区  ,7,11,813,9,,,2333,24,終,,,,
59,A,,2222,M,海老津  ,小倉    ,南福岡車両区  ,8,1,813,9,,,548,624,,4221,M,,630
60,A,,4221,M,小倉    ,羽犬塚  ,南福岡車両区  ,8,2,813,9,,,630,844,,4224,M,,855
61,A,,4224,M,羽犬塚  ,小倉    ,南福岡車両区  ,8,3,813,9,,,855,1056,回,4224,M,,1103
62,A,回,4224,M,小倉    ,門司港  ,南福岡車両区  ,8,4,813,9,,,1103,1117,,4225,M,,1559
63,A,,4225,M,門司港  ,羽犬塚  ,南福岡車両区  ,8,5,813,9,,,1559,1808,,4154,M,,1831
64,A,,4154,M,羽犬塚  ,小倉    ,南福岡車両区  ,8,6,813,9,,,1831,2055,,145,M,,2101
65,A,,145,M,小倉    ,二日市  ,南福岡車両区  ,8,7,813,9,,,2101,2308,回,145,M,,2332
66,A,回,145,M,二日市  ,南福岡  ,南福岡車両区  ,8,8,813,9,,,2332,2341,終,,,,
67,A,回,3223,M,南福岡  ,福間    ,南福岡車両区  ,9,1,813,6,,,622,659,,3223,M,,708
68,A,,3223,M,福間    ,南福岡  ,南福岡車両区  ,9,2,813,6,,,708,756,,2128,M,,805
69,A,,2128,M,南福岡  ,福間    ,南福岡車両区  ,9,3,813,6,,,805,856,,2137,M,,939
70,A,,2137,M,福間    ,南福岡  ,南福岡車両区  ,9,4,813,6,,,939,1028,回,1329,M,,1630
71,A,回,1329,M,南福岡  ,博多    ,南福岡車両区  ,9,5,813,9,,,1630,1639,,1329,M,,1645
72,A,,1329,M,博多    ,鳥栖    ,南福岡車両区  ,9,6,813,9,,,1645,1716,,2172,M,,1729
73,A,,2172,M,鳥栖    ,海老津  ,南福岡車両区  ,9,7,813,9,,,1729,1922,,2181,M,,1934
74,A,,2181,M,海老津  ,二日市  ,南福岡車両区  ,9,8,813,9,,,1934,2057,回,2181,M,,2119
75,A,回,2181,M,二日市  ,南福岡  ,南福岡車両区  ,9,9,813,9,,,2119,2127,,2182,M,,2318
76,A,,2182,M,南福岡  ,折尾　鹿,南福岡車両区  ,9,10,813,9,,,2318,31,終,,,,
77,A,,2327,M,折尾　鹿,久留米  ,南福岡車両区  ,10,1,813,9,,,636,853,,4124,M,,908
78,A,,4124,M,久留米  ,門司港  ,南福岡車両区  ,10,2,813,9,,,908,1146,,4135,M,,1223
79,A,,4135,M,門司港  ,羽犬塚  ,南福岡車両区  ,10,3,813,9,,,1223,1449,,4146,M,,1540
80,A,,4146,M,羽犬塚  ,小倉    ,南福岡車両区  ,10,4,813,9,,,1540,1750,回,4146,M,,1757
81,A,回,4146,M,小倉    ,門司港  ,南福岡車両区  ,10,5,813,9,,,1757,1812,,4231,M,,1842
82,A,,4231,M,門司港  ,羽犬塚  ,南福岡車両区  ,10,6,813,9,,,1842,2114,回,4231,M,,2127
83,A,回,4231,M,羽犬塚  ,久留米  ,南福岡車両区  ,10,7,813,9,,,2127,2138,終,,,,
84,A,,2328,M,久留米  ,博多    ,南福岡車両区  ,11,1,813,9,,,615,711,,2123,M,,720
85,A,,2123,M,博多    ,二日市  ,南福岡車両区  ,11,2,813,9,,,720,742,,2126,M,,749
86,A,,2126,M,二日市  ,福間    ,南福岡車両区  ,11,3,813,9,,,749,849,,2329,M,,920
87,A,,2329,M,福間    ,南福岡  ,南福岡車両区  ,11,4,813,9,,,920,1004,,136,M,,1848
88,A,,136,M,南福岡  ,門司港  ,南福岡車両区  ,11,5,813,9,,,1848,2057,,2243,M,,2333
89,A,,2243,M,門司港  ,海老津  ,南福岡車両区  ,11,6,813,9,,,2333,24,終,,,,
90,A,,2222,M,海老津  ,小倉    ,南福岡車両区  ,12,1,813,9,,,548,624,,4221,M,,630
91,A,,4221,M,小倉    ,羽犬塚  ,南福岡車両区  ,12,2,813,9,,,630,844,,4224,M,,855
92,A,,4224,M,羽犬塚  ,小倉    ,南福岡車両区  ,12,3,813,9,,,855,1056,回,4224,M,,1103
93,A,回,4224,M,小倉    ,門司港  ,南福岡車両区  ,12,4,813,9,,,1103,1117,,4137,M,,1248
94,A,,4137,M,門司港  ,鳥栖    ,南福岡車両区  ,12,5,813,7,,,1248,1507,,4144,M,,1533
95,A,,4144,M,鳥栖    ,門司港  ,南福岡車両区  ,12,6,813,7,,,1533,1746,,4155,M,,1813
96,A,,4155,M,門司港  ,荒尾    ,南福岡車両区  ,12,7,813,7,,,1813,2128,終,,,,
97,A,,4120,M,荒尾    ,門司港  ,南福岡車両区  ,13,1,813,7,,,654,1010,回,4153,M,,1733
98,A,回,4153,M,門司港  ,小倉    ,南福岡車両区  ,13,2,813,7,,,1733,1747,,4153,M,,1757
99,A,,4153,M,小倉    ,久留米  ,南福岡車両区  ,13,3,813,7,,,1757,2019,,2366,M,,2035
100,A,,2366,M,久留米  ,小倉    ,南福岡車両区  ,13,4,813,7,,,2035,2308,,2241,M,,2322
101,A,,2241,M,小倉    ,赤間    ,南福岡車両区  ,13,5,813,7,,,2322,8,終,,,,
102,A,回,2325,M,赤間    ,福間    ,南福岡車両区  ,14,1,813,7,,,608,617,,2325,M,,627
103,A,,2325,M,福間    ,鳥栖    ,南福岡車両区  ,14,2,813,7,,,627,753,,331,M,,831
104,A,,331,M,鳥栖    ,荒尾    ,南福岡車両区  ,14,3,813,3,,,831,920,,2342,M,,946
105,A,,2342,M,荒尾    ,南福岡  ,南福岡車両区  ,14,4,813,3,,,946,1124,,2342,M,,1130
106,A,,2342,M,南福岡  ,福間    ,南福岡車両区  ,14,5,813,9,,,1130,1216,,2335,M,,1222
107,A,,2335,M,福間    ,久留米  ,南福岡車両区  ,14,6,813,9,,,1222,1355,,2350,M,,1406
108,A,,2350,M,久留米  ,福間    ,南福岡車両区  ,14,7,813,9,,,1406,1532,,2163,M,,1603
109,A,,2163,M,福間    ,二日市  ,南福岡車両区  ,14,8,813,9,,,1603,1700,,2168,M,,1716
110,A,,2168,M,二日市  ,福間    ,南福岡車両区  ,14,9,813,9,,,1716,1823,,2175,M,,1839
111,A,,2175,M,福間    ,鳥栖    ,南福岡車両区  ,14,10,813,9,,,1839,2007,回,2175,M,,2020
112,A,回,2175,M,鳥栖    ,荒尾    ,南福岡車両区  ,14,11,813,9,,,2020,2113,終,,,,
113,A,,2326,M,荒尾    ,門司港  ,南福岡車両区  ,15,1,813,9,,,525,849,,3123,M,,1023
114,A,,3123,M,門司港  ,博多    ,南福岡車両区  ,15,2,813,9,,,1023,1159,回,3123,M,,1216
115,A,回,3123,M,博多    ,南福岡  ,南福岡車両区  ,15,3,813,9,,,1216,1223,,2354,M,,1656
116,A,,2354,M,南福岡  ,福間    ,南福岡車両区  ,15,4,813,9,,,1656,1745,,2173,M,,1758
117,A,,2173,M,福間    ,鳥栖    ,南福岡車両区  ,15,5,813,9,,,1758,1929,,138,M,,1943
118,A,,138,M,鳥栖    ,小倉    ,南福岡車両区  ,15,6,813,9,,,1943,2220,,147,M,,2240
119,A,,147,M,小倉    ,南福岡  ,南福岡車両区  ,15,7,813,9,,,2240,25,終,,,,
120,A,回,122,M,南福岡  ,博多    ,南福岡車両区  ,16,1,813,6,,,506,512,,122,M,,522
121,A,,122,M,博多    ,小倉    ,南福岡車両区  ,16,2,813,6,,,522,650,,2223,M,,702
122,A,,2223,M,小倉    ,遠賀川  ,南福岡車両区  ,16,3,813,6,,,702,738,,2226,M,,744
123,A,,2226,M,遠賀川  ,門司港  ,南福岡車両区  ,16,4,813,6,,,744,834,,4125,M,,914
124,A,,4125,M,門司港  ,羽犬塚  ,南福岡車両区  ,16,5,813,6,,,914,1152,,4134,M,,1241
125,A,,4134,M,羽犬塚  ,門司港  ,南福岡車両区  ,16,6,813,6,,,1241,1512,,4225,M,,1559
126,A,,4225,M,門司港  ,羽犬塚  ,南福岡車両区  ,16,7,813,9,,,1559,1808,,4154,M,,1831
127,A,,4154,M,羽犬塚  ,小倉    ,南福岡車両区  ,16,8,813,9,,,1831,2055,,145,M,,2101
128,A,,145,M,小倉    ,二日市  ,南福岡車両区  ,16,9,813,9,,,2101,2308,回,145,M,,2332
129,A,回,145,M,二日市  ,南福岡  ,南福岡車両区  ,16,10,813,9,,,2332,2341,終,,,,
130,A,回,3223,M,南福岡  ,福間    ,南福岡車両区  ,17,1,813,6,,,622,659,,3223,M,,708
131,A,,3223,M,福間    ,南福岡  ,南福岡車両区  ,17,2,813,6,,,708,756,,2128,M,,805
132,A,,2128,M,南福岡  ,福間    ,南福岡車両区  ,17,3,813,6,,,805,856,,2137,M,,939
133,A,,2137,M,福間    ,南福岡  ,南福岡車両区  ,17,4,813,6,,,939,1028,回,1327,M,,1537
134,A,回,1327,M,南福岡  ,博多    ,南福岡車両区  ,17,5,813,9,,,1537,1543,,1327,M,,1549
135,A,,1327,M,博多    ,羽犬塚  ,南福岡車両区  ,17,6,813,9,,,1549,1640,,2356,M,,1646
136,A,,2356,M,羽犬塚  ,門司港  ,南福岡車両区  ,17,7,813,9,,,1646,1946,,2243,M,,2333
137,A,,2243,M,門司港  ,海老津  ,南福岡車両区  ,17,8,813,9,,,2333,24,終,,,,
138,A,,2222,M,海老津  ,小倉    ,南福岡車両区  ,18,1,813,9,,,548,624,,4221,M,,630
139,A,,4221,M,小倉    ,羽犬塚  ,南福岡車両区  ,18,2,813,9,,,630,844,,4224,M,,855
140,A,,4224,M,羽犬塚  ,小倉    ,南福岡車両区  ,18,3,813,9,,,855,1056,回,4224,M,,1103
141,A,回,4224,M,小倉    ,門司港  ,南福岡車両区  ,18,4,813,9,,,1103,1117,,4225,M,,1559
142,A,,4225,M,門司港  ,羽犬塚  ,南福岡車両区  ,18,5,813,9,,,1559,1808,,4154,M,,1831
143,A,,4154,M,羽犬塚  ,小倉    ,南福岡車両区  ,18,6,813,9,,,1831,2055,,145,M,,2101
144,A,,145,M,小倉    ,二日市  ,南福岡車両区  ,18,7,813,9,,,2101,2308,回,145,M,,2332
145,A,回,145,M,二日市  ,南福岡  ,南福岡車両区  ,18,8,813,9,,,2332,2341,終,,,,
146,A,,3225,M,門司港  ,南福岡  ,南福岡車両区  ,21,1,813,9,,,644,826,終,,,,
147,A,,2122,M,南福岡  ,海老津  ,南福岡車両区  ,22,1,813,9,,,623,738,,2133,M,,750
148,A,,2133,M,海老津  ,南福岡  ,南福岡車両区  ,22,2,813,9,,,750,858,,2133,M,,903
149,A,,2133,M,南福岡  ,二日市  ,南福岡車両区  ,22,3,813,6,,,903,915,,2136,M,,932
150,A,,2136,M,二日市  ,福間    ,南福岡車両区  ,22,4,813,6,,,932,1032,,2141,M,,1050
151,A,,2141,M,福間    ,二日市  ,南福岡車両区  ,22,5,813,6,,,1050,1202,,2148,M,,1216
152,A,,2148,M,二日市  ,福間    ,南福岡車両区  ,22,6,813,6,,,1216,1316,,2337,M,,1321
153,A,,2337,M,福間    ,久留米  ,南福岡車両区  ,22,7,813,6,,,1321,1454,,2352,M,,1506
154,A,,2352,M,久留米  ,福間    ,南福岡車両区  ,22,8,813,6,,,1506,1633,,2167,M,,1647
155,A,,2167,M,福間    ,鳥栖    ,南福岡車両区  ,22,9,813,6,,,1647,1815,,4156,M,,1958
156,A,,4156,M,鳥栖    ,小倉    ,南福岡車両区  ,22,10,813,6,,,1958,2200,,2357,M,,2211
157,A,,2357,M,小倉    ,久留米  ,南福岡車両区  ,22,11,813,6,,,2211,36,回,2357,M,,43
158,A,回,2357,M,久留米  ,荒木    ,南福岡車両区  ,22,12,813,6,,,43,47,終,,,,
159,A,,2324,M,荒木    ,博多    ,南福岡車両区  ,23,1,813,6,,,548,645,,3122,M,,655
160,A,,3122,M,博多    ,小倉    ,南福岡車両区  ,23,2,813,6,,,655,826,,3121,M,,837
161,A,,3121,M,小倉    ,二日市  ,南福岡車両区  ,23,3,813,6,,,837,1036,,3124,M,,1047
162,A,,3124,M,二日市  ,門司港  ,南福岡車両区  ,23,4,813,6,,,1047,1256,,2227,M,,1623
163,A,,2227,M,門司港  ,遠賀川  ,南福岡車両区  ,23,5,813,6,,,1623,1717,,2230,M,,1732
164,A,,2230,M,遠賀川  ,門司港  ,南福岡車両区  ,23,6,813,6,,,1732,1833,,143,M,,1910
165,A,,143,M,門司港  ,博多    ,南福岡車両区  ,23,7,813,6,,,1910,2119,,3222,M,,2138
166,A,,3222,M,博多    ,門司港  ,南福岡車両区  ,23,8,813,6,,,2138,2317,終,,,,
167,A,,123,M,門司港  ,博多    ,南福岡車両区  ,24,1,813,9,,,504,641,,2124,M,,648
168,A,,2124,M,博多    ,福間    ,南福岡車両区  ,24,2,813,9,,,648,718,,2129,M,,728
169,A,,2129,M,福間    ,二日市  ,南福岡車両区  ,24,3,813,9,,,728,836,,2132,M,,841
170,A,,2132,M,二日市  ,福間    ,南福岡車両区  ,24,4,813,9,,,841,956,,2331,M,,1002
171,A,,2331,M,福間    ,荒木    ,南福岡車両区  ,24,5,813,9,,,1002,1140,,2346,M,,1201
172,A,,2346,M,荒木    ,福間    ,南福岡車両区  ,24,6,813,9,,,1201,1332,,2153,M,,1403
173,A,,2153,M,福間    ,二日市  ,南福岡車両区  ,24,7,813,9,,,1403,1502,,2160,M,,1517
174,A,,2160,M,二日市  ,福間    ,南福岡車両区  ,24,8,813,9,,,1517,1610,,2165,M,,1617
175,A,,2165,M,福間    ,鳥栖    ,南福岡車両区  ,24,9,813,9,,,1617,1748,,2176,M,,1802
176,A,,2176,M,鳥栖    ,福間    ,南福岡車両区  ,24,10,813,9,,,1802,1947,,2183,M,,2008
177,A,,2183,M,福間    ,鳥栖    ,南福岡車両区  ,24,11,813,9,,,2008,2131,,142,M,,2145
178,A,,142,M,鳥栖    ,門司港  ,南福岡車両区  ,24,12,813,9,,,2145,13,終,,,,
179,A,,127,M,門司港  ,二日市  ,南福岡車両区  ,25,1,813,9,,,540,806,,2130,M,,815
180,A,,2130,M,二日市  ,折尾　鹿,南福岡車両区  ,25,2,813,9,,,815,952,,2139,M,,1002
181,A,,2139,M,折尾　鹿,二日市  ,南福岡車両区  ,25,3,813,9,,,1002,1128,,2146,M,,1156
182,A,,2146,M,二日市  ,折尾　鹿,南福岡車両区  ,25,4,813,9,,,1156,1335,,2155,M,,1358
183,A,,2155,M,折尾　鹿,二日市  ,南福岡車両区  ,25,5,813,9,,,1358,1536,,2162,M,,1555
184,A,,2162,M,二日市  ,海老津  ,南福岡車両区  ,25,6,813,9,,,1555,1719,回,2347,M,,1753
185,A,回,2347,M,海老津  ,福間    ,南福岡車両区  ,25,7,813,9,,,1753,1810,,2347,M,,1817
186,A,,2347,M,福間    ,荒木    ,南福岡車両区  ,25,8,813,9,,,1817,2002,,4234,M,,2008
187,A,,4234,M,荒木    ,小倉    ,南福岡車両区  ,25,9,813,9,,,2008,2203,回,4234,M,,2215
188,A,回,4234,M,小倉    ,門司港  ,南福岡車両区  ,25,10,813,9,,,2215,2227,終,,,,
189,A,,3225,M,門司港  ,南福岡  ,南福岡車両区  ,31,1,813,9,,,644,826,終,,,,
190,A,,2122,M,南福岡  ,海老津  ,南福岡車両区  ,32,1,813,9,,,623,738,,2133,M,,750
191,A,,2133,M,海老津  ,南福岡  ,南福岡車両区  ,32,2,813,9,,,750,858,,2133,M,,903
192,A,,2133,M,南福岡  ,二日市  ,南福岡車両区  ,32,3,813,6,,,903,915,,2136,M,,932
193,A,,2136,M,二日市  ,福間    ,南福岡車両区  ,32,4,813,6,,,932,1032,,2141,M,,1050
194,A,,2141,M,福間    ,二日市  ,南福岡車両区  ,32,5,813,6,,,1050,1202,,2148,M,,1216
195,A,,2148,M,二日市  ,福間    ,南福岡車両区  ,32,6,813,6,,,1216,1316,,2337,M,,1321
196,A,,2337,M,福間    ,久留米  ,南福岡車両区  ,32,7,813,6,,,1321,1454,,2352,M,,1506
197,A,,2352,M,久留米  ,福間    ,南福岡車両区  ,32,8,813,6,,,1506,1633,,2167,M,,1647
198,A,,2167,M,福間    ,鳥栖    ,南福岡車両区  ,32,9,813,6,,,1647,1815,,4156,M,,1958
199,A,,4156,M,鳥栖    ,小倉    ,南福岡車両区  ,32,10,813,6,,,1958,2200,,2357,M,,2211
200,A,,2357,M,小倉    ,久留米  ,南福岡車両区  ,32,11,813,6,,,2211,36,回,2357,M,,43
201,A,回,2357,M,久留米  ,荒木    ,南福岡車両区  ,32,12,813,6,,,43,47,終,,,,
202,A,,2324,M,荒木    ,博多    ,南福岡車両区  ,33,1,813,6,,,548,645,,3122,M,,655
203,A,,3122,M,博多    ,小倉    ,南福岡車両区  ,33,2,813,6,,,655,826,,3121,M,,837
204,A,,3121,M,小倉    ,二日市  ,南福岡車両区  ,33,3,813,6,,,837,1036,,3124,M,,1047
205,A,,3124,M,二日市  ,門司港  ,南福岡車両区  ,33,4,813,6,,,1047,1256,,2227,M,,1623
206,A,,2227,M,門司港  ,遠賀川  ,南福岡車両区  ,33,5,813,6,,,1623,1717,,2230,M,,1732
207,A,,2230,M,遠賀川  ,門司港  ,南福岡車両区  ,33,6,813,6,,,1732,1833,,143,M,,1910
208,A,,143,M,門司港  ,博多    ,南福岡車両区  ,33,7,813,6,,,1910,2119,,3222,M,,2138
209,A,,3222,M,博多    ,門司港  ,南福岡車両区  ,33,8,813,6,,,2138,2317,終,,,,
210,A,,123,M,門司港  ,博多    ,南福岡車両区  ,34,1,813,9,,,504,641,,2124,M,,648
211,A,,2124,M,博多    ,福間    ,南福岡車両区  ,34,2,813,9,,,648,718,,2129,M,,728
212,A,,2129,M,福間    ,二日市  ,南福岡車両区  ,34,3,813,9,,,728,836,,2132,M,,841
213,A,,2132,M,二日市  ,福間    ,南福岡車両区  ,34,4,813,9,,,841,956,,2331,M,,1002
214,A,,2331,M,福間    ,荒木    ,南福岡車両区  ,34,5,813,9,,,1002,1140,,2346,M,,1201
215,A,,2346,M,荒木    ,福間    ,南福岡車両区  ,34,6,813,9,,,1201,1332,,2153,M,,1403
216,A,,2153,M,福間    ,二日市  ,南福岡車両区  ,34,7,813,9,,,1403,1502,,2160,M,,1517
217,A,,2160,M,二日市  ,福間    ,南福岡車両区  ,34,8,813,9,,,1517,1610,,2165,M,,1617
218,A,,2165,M,福間    ,鳥栖    ,南福岡車両区  ,34,9,813,9,,,1617,1748,,2176,M,,1802
219,A,,2176,M,鳥栖    ,福間    ,南福岡車両区  ,34,10,813,9,,,1802,1947,,2183,M,,2008
220,A,,2183,M,福間    ,鳥栖    ,南福岡車両区  ,34,11,813,9,,,2008,2131,,142,M,,2145
221,A,,142,M,鳥栖    ,門司港  ,南福岡車両区  ,34,12,813,9,,,2145,13,終,,,,
222,A,,127,M,門司港  ,二日市  ,南福岡車両区  ,35,1,813,9,,,540,806,,2130,M,,815
223,A,,2130,M,二日市  ,折尾　鹿,南福岡車両区  ,35,2,813,9,,,815,952,,2139,M,,1002
224,A,,2139,M,折尾　鹿,二日市  ,南福岡車両区  ,35,3,813,9,,,1002,1128,,2146,M,,1156
225,A,,2146,M,二日市  ,折尾　鹿,南福岡車両区  ,35,4,813,9,,,1156,1335,,2155,M,,1358
226,A,,2155,M,折尾　鹿,二日市  ,南福岡車両区  ,35,5,813,9,,,1358,1536,,2162,M,,1555
227,A,,2162,M,二日市  ,海老津  ,南福岡車両区  ,35,6,813,9,,,1555,1719,回,2347,M,,1753
228,A,回,2347,M,海老津  ,福間    ,南福岡車両区  ,35,7,813,9,,,1753,1810,,2347,M,,1817
229,A,,2347,M,福間    ,荒木    ,南福岡車両区  ,35,8,813,9,,,1817,2002,,4234,M,,2008
230,A,,4234,M,荒木    ,小倉    ,南福岡車両区  ,35,9,813,9,,,2008,2203,回,4234,M,,2215
231,A,回,4234,M,小倉    ,門司港  ,南福岡車両区  ,35,10,813,9,,,2215,2227,終,,,,
232,A,,129,M,門司港  ,南福岡  ,南福岡車両区  ,41,1,813,9,,,557,813,,136,M,,1848
233,A,,136,M,南福岡  ,門司港  ,南福岡車両区  ,41,2,813,9,,,1848,2057,,2355,M,,2120
234,A,,2355,M,門司港  ,久留米  ,南福岡車両区  ,41,3,813,6,,,2120,10,終,,,,
235,A,,2320,M,久留米  ,小倉    ,南福岡車両区  ,42,1,813,6,,,451,705,,135,M,,722
236,A,,135,M,小倉    ,鳥栖    ,南福岡車両区  ,42,2,813,6,,,722,947,,4126,M,,956
237,A,,4126,M,鳥栖    ,門司港  ,南福岡車両区  ,42,3,813,6,,,956,1210,,4149,M,,1642
238,A,,4149,M,門司港  ,羽犬塚  ,南福岡車両区  ,42,4,813,9,,,1642,1935,,2362,M,,1941
239,A,,2362,M,羽犬塚  ,博多    ,南福岡車両区  ,42,5,813,9,,,1941,2101,,1331,M,,2149
240,A,,1331,M,博多    ,鳥栖    ,南福岡車両区  ,42,6,813,9,,,2149,2220,,2881,M,,2336
241,A,,2881,M,鳥栖    ,江北    ,南福岡車両区  ,42,7,813,6,,,2336,17,終,,,,
242,A,,2830,M,江北    ,吉塚　鹿,南福岡車両区  ,43,1,813,6,,,708,900,回,2830,M,,906
243,A,回,2830,M,吉塚　鹿,吉塚（電,南福岡車両区  ,43,2,813,6,,,906,908,回,2142,M,,1047
244,A,回,2142,M,吉塚（電,博多    ,南福岡車両区  ,43,3,813,6,,,1047,1056,,2142,M,,1102
245,A,,2142,M,博多    ,福間    ,南福岡車両区  ,43,4,813,6,,,1102,1133,,2145,M,,1204
246,A,,2145,M,福間    ,二日市  ,南福岡車両区  ,43,5,813,6,,,1204,1309,,2152,M,,1319
247,A,,2152,M,二日市  ,福間    ,南福岡車両区  ,43,6,813,6,,,1319,1416,,2339,M,,1421
248,A,,2339,M,福間    ,久留米  ,南福岡車両区  ,43,7,813,6,,,1421,1551,,2354,M,,1604
249,A,,2354,M,久留米  ,南福岡  ,南福岡車両区  ,43,8,813,6,,,1604,1645,,2354,M,,1656
250,A,,2354,M,南福岡  ,福間    ,南福岡車両区  ,43,9,813,9,,,1656,1745,,2173,M,,1758
251,A,,2173,M,福間    ,鳥栖    ,南福岡車両区  ,43,10,813,9,,,1758,1929,,138,M,,1943
252,A,,138,M,鳥栖    ,小倉    ,南福岡車両区  ,43,11,813,9,,,1943,2220,,147,M,,2240
253,A,,147,M,小倉    ,南福岡  ,南福岡車両区  ,43,12,813,9,,,2240,25,終,,,,
254,A,,124,M,南福岡  ,小倉    ,南福岡車両区  ,44,1,813,6,,,540,727,,137,M,,733
255,A,,137,M,小倉    ,南福岡  ,南福岡車両区  ,44,2,813,6,,,733,938,回,1329,M,,1630
256,A,回,1329,M,南福岡  ,博多    ,南福岡車両区  ,44,3,813,9,,,1630,1639,,1329,M,,1645
257,A,,1329,M,博多    ,鳥栖    ,南福岡車両区  ,44,4,813,9,,,1645,1716,,2172,M,,1729
258,A,,2172,M,鳥栖    ,海老津  ,南福岡車両区  ,44,5,813,9,,,1729,1922,,2181,M,,1934
259,A,,2181,M,海老津  ,二日市  ,南福岡車両区  ,44,6,813,9,,,1934,2057,回,2181,M,,2119
260,A,回,2181,M,二日市  ,南福岡  ,南福岡車両区  ,44,7,813,9,,,2119,2127,,2182,M,,2318
261,A,,2182,M,南福岡  ,折尾　鹿,南福岡車両区  ,44,8,813,9,,,2318,31,終,,,,
262,A,,2327,M,折尾　鹿,久留米  ,南福岡車両区  ,45,1,813,9,,,636,853,,4124,M,,908
263,A,,4124,M,久留米  ,門司港  ,南福岡車両区  ,45,2,813,9,,,908,1146,,4135,M,,1223
264,A,,4135,M,門司港  ,羽犬塚  ,南福岡車両区  ,45,3,813,9,,,1223,1449,,4146,M,,1540
265,A,,4146,M,羽犬塚  ,小倉    ,南福岡車両区  ,45,4,813,9,,,1540,1750,回,4146,M,,1757
266,A,回,4146,M,小倉    ,門司港  ,南福岡車両区  ,45,5,813,9,,,1757,1812,,4231,M,,1842
267,A,,4231,M,門司港  ,羽犬塚  ,南福岡車両区  ,45,6,813,9,,,1842,2114,回,4231,M,,2127
268,A,回,4231,M,羽犬塚  ,久留米  ,南福岡車両区  ,45,7,813,9,,,2127,2138,終,,,,
269,A,,2328,M,久留米  ,博多    ,南福岡車両区  ,46,1,813,9,,,615,711,,2123,M,,720
270,A,,2123,M,博多    ,二日市  ,南福岡車両区  ,46,2,813,9,,,720,742,,2126,M,,749
271,A,,2126,M,二日市  ,福間    ,南福岡車両区  ,46,3,813,9,,,749,849,,2329,M,,920
272,A,,2329,M,福間    ,南福岡  ,南福岡車両区  ,46,4,813,9,,,920,1004,,2329,M,,1011
273,A,,2329,M,南福岡  ,久留米  ,南福岡車両区  ,46,5,813,6,,,1011,1058,,2344,M,,1105
274,A,,2344,M,久留米  ,福間    ,南福岡車両区  ,46,6,813,6,,,1105,1232,,2149,M,,1303
275,A,,2149,M,福間    ,二日市  ,南福岡車両区  ,46,7,813,6,,,1303,1409,,2156,M,,1419
276,A,,2156,M,二日市  ,福間    ,南福岡車両区  ,46,8,813,6,,,1419,1516,,2159,M,,1525
277,A,,2159,M,福間    ,鳥栖    ,南福岡車両区  ,46,9,813,6,,,1525,1646,,4150,M,,1654
278,A,,4150,M,鳥栖    ,門司港  ,南福岡車両区  ,46,10,813,6,,,1654,1930,,4233,M,,1948
279,A,,4233,M,門司港  ,荒木    ,南福岡車両区  ,46,11,813,6,,,1948,2157,終,,,,
280,A,,2330,M,荒木    ,門司港  ,南福岡車両区  ,47,1,813,6,,,623,931,,4143,M,,1448
281,A,,4143,M,門司港  ,久留米  ,南福岡車両区  ,47,2,813,6,,,1448,1718,,4152,M,,1728
282,A,,4152,M,久留米  ,鳥栖    ,南福岡車両区  ,47,3,813,6,,,1728,1740,,4152,M,,1747
283,A,,4152,M,鳥栖    ,門司港  ,南福岡車両区  ,47,4,813,9,,,1747,2010,,2235,M,,2045
284,A,,2235,M,門司港  ,小倉    ,南福岡車両区  ,47,5,813,6,,,2045,2059,,4159,M,,2123
285,A,,4159,M,小倉    ,荒尾    ,南福岡車両区  ,47,6,813,6,,,2123,21,終,,,,
286,A,,1220,M,荒尾    ,博多    ,南福岡車両区  ,48,1,813,6,,,543,715,,2127,M,,733
287,A,,2127,M,博多    ,鳥栖    ,南福岡車両区  ,48,2,813,6,,,733,823,,4122,M,,850
288,A,,4122,M,鳥栖    ,門司港  ,南福岡車両区  ,48,3,813,6,,,850,1113,,4131,M,,1123
289,A,,4131,M,門司港  ,羽犬塚  ,南福岡車両区  ,48,4,813,6,,,1123,1345,,4142,M,,1439
290,A,,4142,M,羽犬塚  ,門司港  ,南福岡車両区  ,48,5,813,6,,,1439,1711,,2229,M,,1726
291,A,,2229,M,門司港  ,遠賀川  ,南福岡車両区  ,48,6,813,6,,,1726,1812,,2232,M,,1818
292,A,,2232,M,遠賀川  ,門司港  ,南福岡車両区  ,48,7,813,6,,,1818,1911,回,2233,M,,1935
293,A,回,2233,M,門司港  ,小倉    ,南福岡車両区  ,48,8,813,6,,,1935,1948,,2233,M,,1953
294,A,,2233,M,小倉    ,遠賀川  ,南福岡車両区  ,48,9,813,6,,,1953,2035,,2236,M,,2043
295,A,,2236,M,遠賀川  ,門司港  ,南福岡車両区  ,48,10,813,6,,,2043,2135,終,,,,
296,A,,129,M,門司港  ,南福岡  ,南福岡車両区  ,51,1,813,9,,,557,813,,136,M,,1848
297,A,,136,M,南福岡  ,門司港  ,南福岡車両区  ,51,2,813,9,,,1848,2057,,2355,M,,2120
298,A,,2355,M,門司港  ,久留米  ,南福岡車両区  ,51,3,813,6,,,2120,10,終,,,,
299,A,,2320,M,久留米  ,小倉    ,南福岡車両区  ,52,1,813,6,,,451,705,,135,M,,722
300,A,,135,M,小倉    ,鳥栖    ,南福岡車両区  ,52,2,813,6,,,722,947,,4126,M,,956
301,A,,4126,M,鳥栖    ,門司港  ,南福岡車両区  ,52,3,813,6,,,956,1210,,4149,M,,1642
302,A,,4149,M,門司港  ,羽犬塚  ,南福岡車両区  ,52,4,813,9,,,1642,1935,,2362,M,,1941
303,A,,2362,M,羽犬塚  ,博多    ,南福岡車両区  ,52,5,813,9,,,1941,2101,,1331,M,,2149
304,A,,1331,M,博多    ,鳥栖    ,南福岡車両区  ,52,6,813,9,,,2149,2220,,2881,M,,2336
305,A,,2881,M,鳥栖    ,江北    ,南福岡車両区  ,52,7,813,6,,,2336,17,終,,,,
306,A,,2830,M,江北    ,吉塚　鹿,南福岡車両区  ,53,1,813,6,,,708,900,回,2830,M,,906
307,A,回,2830,M,吉塚　鹿,吉塚（電,南福岡車両区  ,53,2,813,6,,,906,908,回,2142,M,,1047
308,A,回,2142,M,吉塚（電,博多    ,南福岡車両区  ,53,3,813,6,,,1047,1056,,2142,M,,1102
309,A,,2142,M,博多    ,福間    ,南福岡車両区  ,53,4,813,6,,,1102,1133,,2145,M,,1204
310,A,,2145,M,福間    ,二日市  ,南福岡車両区  ,53,5,813,6,,,1204,1309,,2152,M,,1319
311,A,,2152,M,二日市  ,福間    ,南福岡車両区  ,53,6,813,6,,,1319,1416,,2339,M,,1421
312,A,,2339,M,福間    ,久留米  ,南福岡車両区  ,53,7,813,6,,,1421,1551,,2354,M,,1604
313,A,,2354,M,久留米  ,南福岡  ,南福岡車両区  ,53,8,813,6,,,1604,1645,,2354,M,,1656
314,A,,2354,M,南福岡  ,福間    ,南福岡車両区  ,53,9,813,9,,,1656,1745,,2173,M,,1758
315,A,,2173,M,福間    ,鳥栖    ,南福岡車両区  ,53,10,813,9,,,1758,1929,,138,M,,1943
316,A,,138,M,鳥栖    ,小倉    ,南福岡車両区  ,53,11,813,9,,,1943,2220,,147,M,,2240
317,A,,147,M,小倉    ,南福岡  ,南福岡車両区  ,53,12,813,9,,,2240,25,終,,,,
318,A,,124,M,南福岡  ,小倉    ,南福岡車両区  ,54,1,813,6,,,540,727,,137,M,,733
319,A,,137,M,小倉    ,南福岡  ,南福岡車両区  ,54,2,813,6,,,733,938,回,1329,M,,1630
320,A,回,1329,M,南福岡  ,博多    ,南福岡車両区  ,54,3,813,9,,,1630,1639,,1329,M,,1645
321,A,,1329,M,博多    ,鳥栖    ,南福岡車両区  ,54,4,813,9,,,1645,1716,,2172,M,,1729
322,A,,2172,M,鳥栖    ,海老津  ,南福岡車両区  ,54,5,813,9,,,1729,1922,,2181,M,,1934
323,A,,2181,M,海老津  ,二日市  ,南福岡車両区  ,54,6,813,9,,,1934,2057,回,2181,M,,2119
324,A,回,2181,M,二日市  ,南福岡  ,南福岡車両区  ,54,7,813,9,,,2119,2127,,2182,M,,2318
325,A,,2182,M,南福岡  ,折尾　鹿,南福岡車両区  ,54,8,813,9,,,2318,31,終,,,,
326,A,,2327,M,折尾　鹿,久留米  ,南福岡車両区  ,55,1,813,9,,,636,853,,4124,M,,908
327,A,,4124,M,久留米  ,門司港  ,南福岡車両区  ,55,2,813,9,,,908,1146,,4135,M,,1223
328,A,,4135,M,門司港  ,羽犬塚  ,南福岡車両区  ,55,3,813,9,,,1223,1449,,4146,M,,1540
329,A,,4146,M,羽犬塚  ,小倉    ,南福岡車両区  ,55,4,813,9,,,1540,1750,回,4146,M,,1757
330,A,回,4146,M,小倉    ,門司港  ,南福岡車両区  ,55,5,813,9,,,1757,1812,,4231,M,,1842
331,A,,4231,M,門司港  ,羽犬塚  ,南福岡車両区  ,55,6,813,9,,,1842,2114,回,4231,M,,2127
332,A,回,4231,M,羽犬塚  ,久留米  ,南福岡車両区  ,55,7,813,9,,,2127,2138,終,,,,
333,A,,2328,M,久留米  ,博多    ,南福岡車両区  ,56,1,813,9,,,615,711,,2123,M,,720
334,A,,2123,M,博多    ,二日市  ,南福岡車両区  ,56,2,813,9,,,720,742,,2126,M,,749
335,A,,2126,M,二日市  ,福間    ,南福岡車両区  ,56,3,813,9,,,749,849,,2329,M,,920
336,A,,2329,M,福間    ,南福岡  ,南福岡車両区  ,56,4,813,9,,,920,1004,,2329,M,,1011
337,A,,2329,M,南福岡  ,久留米  ,南福岡車両区  ,56,5,813,6,,,1011,1058,,2344,M,,1105
338,A,,2344,M,久留米  ,福間    ,南福岡車両区  ,56,6,813,6,,,1105,1232,,2149,M,,1303
339,A,,2149,M,福間    ,二日市  ,南福岡車両区  ,56,7,813,6,,,1303,1409,,2156,M,,1419
340,A,,2156,M,二日市  ,福間    ,南福岡車両区  ,56,8,813,6,,,1419,1516,,2159,M,,1525
341,A,,2159,M,福間    ,鳥栖    ,南福岡車両区  ,56,9,813,6,,,1525,1646,,4150,M,,1654
342,A,,4150,M,鳥栖    ,門司港  ,南福岡車両区  ,56,10,813,6,,,1654,1930,,4233,M,,1948
343,A,,4233,M,門司港  ,荒木    ,南福岡車両区  ,56,11,813,6,,,1948,2157,終,,,,
344,A,,2330,M,荒木    ,門司港  ,南福岡車両区  ,57,1,813,6,,,623,931,,4143,M,,1448
345,A,,4143,M,門司港  ,久留米  ,南福岡車両区  ,57,2,813,6,,,1448,1718,,4152,M,,1728
346,A,,4152,M,久留米  ,鳥栖    ,南福岡車両区  ,57,3,813,6,,,1728,1740,,4152,M,,1747
347,A,,4152,M,鳥栖    ,門司港  ,南福岡車両区  ,57,4,813,9,,,1747,2010,,2235,M,,2045
348,A,,2235,M,門司港  ,小倉    ,南福岡車両区  ,57,5,813,6,,,2045,2059,,4159,M,,2123
349,A,,4159,M,小倉    ,荒尾    ,南福岡車両区  ,57,6,813,6,,,2123,21,終,,,,
350,A,,1220,M,荒尾    ,博多    ,南福岡車両区  ,58,1,813,6,,,543,715,,2127,M,,733
351,A,,2127,M,博多    ,鳥栖    ,南福岡車両区  ,58,2,813,6,,,733,823,,4122,M,,850
352,A,,4122,M,鳥栖    ,門司港  ,南福岡車両区  ,58,3,813,6,,,850,1113,,4131,M,,1123
353,A,,4131,M,門司港  ,羽犬塚  ,南福岡車両区  ,58,4,813,6,,,1123,1345,,4142,M,,1439
354,A,,4142,M,羽犬塚  ,門司港  ,南福岡車両区  ,58,5,813,6,,,1439,1711,,2229,M,,1726
355,A,,2229,M,門司港  ,遠賀川  ,南福岡車両区  ,58,6,813,6,,,1726,1812,,2232,M,,1818
356,A,,2232,M,遠賀川  ,門司港  ,南福岡車両区  ,58,7,813,6,,,1818,1911,回,2233,M,,1935
357,A,回,2233,M,門司港  ,小倉    ,南福岡車両区  ,58,8,813,6,,,1935,1948,,2233,M,,1953
358,A,,2233,M,小倉    ,遠賀川  ,南福岡車両区  ,58,9,813,6,,,1953,2035,,2236,M,,2043
359,A,,2236,M,遠賀川  ,門司港  ,南福岡車両区  ,58,10,813,6,,,2043,2135,終,,,,
360,A,,520,M,行橋    ,門司港  ,南福岡車両区  ,61,1,813,3,,,510,609,,3225,M,,644
361,A,,3225,M,門司港  ,南福岡  ,南福岡車両区  ,61,2,813,9,,,644,826,終,,,,
362,A,回,122,M,南福岡  ,博多    ,南福岡車両区  ,62,1,813,6,,,506,512,,122,M,,522
363,A,,122,M,博多    ,小倉    ,南福岡車両区  ,62,2,813,6,,,522,650,,2223,M,,702
364,A,,2223,M,小倉    ,遠賀川  ,南福岡車両区  ,62,3,813,6,,,702,738,,2226,M,,744
365,A,,2226,M,遠賀川  ,門司港  ,南福岡車両区  ,62,4,813,6,,,744,834,,4125,M,,914
366,A,,4125,M,門司港  ,羽犬塚  ,南福岡車両区  ,62,5,813,6,,,914,1152,,4134,M,,1241
367,A,,4134,M,羽犬塚  ,門司港  ,南福岡車両区  ,62,6,813,6,,,1241,1512,回,2555,M,,1717
368,A,回,2555,M,門司港  ,小倉    ,南福岡車両区  ,62,7,813,6,,,1717,1731,,2555,M,,1736
369,A,,2555,M,小倉    ,中津    ,南福岡車両区  ,62,8,813,6,,,1736,1850,,2566,M,,1910
370,A,,2566,M,中津    ,小倉    ,南福岡車両区  ,62,9,813,6,,,1910,2016,,2569,M,,2032
371,A,,2569,M,小倉    ,柳ヶ浦  ,南福岡車両区  ,62,10,813,6,,,2032,2206,終,,,,
372,A,,2524,M,柳ヶ浦  ,小倉    ,南福岡車両区  ,63,1,813,6,,,604,725,,525,M,,732
373,A,,525,M,小倉    ,行橋    ,南福岡車両区  ,63,2,813,3,,,732,802,,526,M,,813
374,A,,526,M,行橋    ,門司港  ,南福岡車両区  ,63,3,813,3,,,813,914,回,2547,M,,1532
375,A,回,2547,M,門司港  ,小倉    ,南福岡車両区  ,63,4,813,3,,,1532,1543,,2547,M,,1554
376,A,,2547,M,小倉    ,中津    ,南福岡車両区  ,63,5,813,3,,,1554,1701,,2558,M,,1718
377,A,,2558,M,中津    ,門司港  ,南福岡車両区  ,63,6,813,3,,,1718,1844,,2567,M,,1931
378,A,,2567,M,門司港  ,宇佐    ,南福岡車両区  ,63,7,813,6,,,1931,2126,回,2567,M,,2140
379,A,回,2567,M,宇佐    ,柳ヶ浦  ,南福岡車両区  ,63,8,813,6,,,2140,2146,終,,,,
380,A,,2526,M,柳ヶ浦  ,小倉    ,南福岡車両区  ,64,1,813,6,,,615,739,,527,M,,746
381,A,,527,M,小倉    ,苅田    ,南福岡車両区  ,64,2,813,6,,,746,809,,524,M,,815
382,A,,524,M,苅田    ,小倉    ,南福岡車両区  ,64,3,813,6,,,815,839,回,524,M,,846
383,A,回,524,M,小倉    ,門司港  ,南福岡車両区  ,64,4,813,6,,,846,858,,2559,M,,1756
384,A,,2559,M,門司港  ,柳ヶ浦  ,南福岡車両区  ,64,5,813,6,,,1756,1944,終,,,,
385,A,,2528,M,柳ヶ浦  ,門司港  ,南福岡車両区  ,65,1,813,6,,,626,820,,2531,M,,835
386,A,,2531,M,門司港  ,中津    ,南福岡車両区  ,65,2,813,3,,,835,1003,,2542,M,,1011
387,A,,2542,M,中津    ,小倉    ,南福岡車両区  ,65,3,813,3,,,1011,1120,,543,M,,1136
388,A,,543,M,小倉    ,行橋    ,南福岡車両区  ,65,4,813,3,,,1136,1209,,542,M,,1226
389,A,,542,M,行橋    ,小倉    ,南福岡車両区  ,65,5,813,3,,,1226,1257,,549,M,,1315
390,A,,549,M,小倉    ,新田原  ,南福岡車両区  ,65,6,813,3,,,1315,1351,,548,M,,1403
391,A,,548,M,新田原  ,小倉    ,南福岡車両区  ,65,7,813,3,,,1403,1446,,2543,M,,1454
392,A,,2543,M,小倉    ,中津    ,南福岡車両区  ,65,8,813,3,,,1454,1602,,2554,M,,1616
393,A,,2554,M,中津    ,小倉    ,南福岡車両区  ,65,9,813,3,,,1616,1721,回,2554,M,,1725
394,A,回,2554,M,小倉    ,門司港  ,南福岡車両区  ,65,10,813,3,,,1725,1737,,567,M,,1825
395,A,,567,M,門司港  ,新田原  ,南福岡車両区  ,65,11,813,6,,,1825,1923,,566,M,,1947
396,A,,566,M,新田原  ,門司港  ,南福岡車両区  ,65,12,813,6,,,1947,2040,,2575,M,,2155
397,A,,2575,M,門司港  ,柳ヶ浦  ,南福岡車両区  ,65,13,813,6,,,2155,2336,終,,,,
398,A,,3534,M,柳ヶ浦  ,小倉    ,南福岡車両区  ,66,1,813,6,,,709,821,,2557,M,,1754
399,A,,2557,M,小倉    ,柳ヶ浦  ,南福岡車両区  ,66,2,813,6,,,1754,1918,終,,,,
400,A,,2530,M,柳ヶ浦  ,小倉    ,南福岡車両区  ,67,1,813,6,,,646,811,,2529,M,,818
401,A,,2529,M,小倉    ,中津    ,南福岡車両区  ,67,2,813,3,,,818,926,,2540,M,,932
402,A,,2540,M,中津    ,小倉    ,南福岡車両区  ,67,3,813,3,,,932,1043,,2535,M,,1055
403,A,,2535,M,小倉    ,中津    ,南福岡車両区  ,67,4,813,3,,,1055,1201,,2546,M,,1213
404,A,,2546,M,中津    ,小倉    ,南福岡車両区  ,67,5,813,3,,,1213,1321,,551,M,,1336
405,A,,551,M,小倉    ,行橋    ,南福岡車両区  ,67,6,813,3,,,1336,1409,,550,M,,1426
406,A,,550,M,行橋    ,小倉    ,南福岡車両区  ,67,7,813,3,,,1426,1458,,557,M,,1515
407,A,,557,M,小倉    ,新田原  ,南福岡車両区  ,67,8,813,3,,,1515,1551,,558,M,,1613
408,A,,558,M,新田原  ,小倉    ,南福岡車両区  ,67,9,813,3,,,1613,1654,,2553,M,,1724
409,A,,2553,M,小倉    ,中津    ,南福岡車両区  ,67,10,813,3,,,1724,1832,,2564,M,,1845
410,A,,2564,M,中津    ,小倉    ,南福岡車両区  ,67,11,813,3,,,1845,1957,,571,M,,2016
411,A,,571,M,小倉    ,新田原  ,南福岡車両区  ,67,12,813,3,,,2016,2055,,570,M,,2108
412,A,,570,M,新田原  ,門司港  ,南福岡車両区  ,67,13,813,3,,,2108,2220,,2577,M,,2224
413,A,,2577,M,門司港  ,柳ヶ浦  ,南福岡車両区  ,67,14,813,3,,,2224,11,終,,,,
414,A,回,670,M,柳ヶ浦  ,宇島    ,南福岡車両区  ,68,1,813,3,,,524,546,回,621,M,,550
415,A,回,621,M,宇島    ,中津    ,南福岡車両区  ,68,2,813,3,,,550,556,,621,M,,603
416,A,,621,M,中津    ,大分    ,南福岡車両区  ,68,3,813,3,,,603,736,回,4632,M,,744
417,A,回,4632,M,大分    ,大在    ,南福岡車両区  ,68,4,813,3,,,744,755,,4632,M,,801
418,A,,4632,M,大在    ,中山香  ,南福岡車両区  ,68,5,813,3,,,801,926,,4633,M,,934
419,A,,4633,M,中山香  ,幸崎    ,南福岡車両区  ,68,6,813,3,,,934,1102,,1624,M,,1109
420,A,,1624,M,幸崎    ,大分    ,南福岡車両区  ,68,7,813,3,,,1109,1135,回,1624,M,,1140
421,A,回,1624,M,大分    ,下郡信  ,南福岡車両区  ,68,8,813,3,,,1140,1144,回,1639,M,,1651
422,A,回,1639,M,下郡信  ,大分    ,南福岡車両区  ,68,9,813,3,,,1651,1655,,1639,M,,1704
423,A,,1639,M,大分    ,大在    ,南福岡車両区  ,68,10,813,3,,,1704,1718,,4662,M,,1725
424,A,,4662,M,大在    ,中津    ,南福岡車両区  ,68,11,813,3,,,1725,1927,,4673,M,,2028
425,A,,4673,M,中津    ,佐伯    ,南福岡車両区  ,68,12,813,3,,,2028,2343,終,,,,
426,A,,4628,M,佐伯    ,中津    ,南福岡車両区  ,69,1,813,3,,,625,950,,4635,M,,1019
427,A,,4635,M,中津    ,幸崎    ,南福岡車両区  ,69,2,813,3,,,1019,1215,,4644,M,,1220
428,A,,4644,M,幸崎    ,日出    ,南福岡車両区  ,69,3,813,3,,,1220,1342,,4645,M,,1353
429,A,,4645,M,日出    ,佐伯    ,南福岡車両区  ,69,4,813,3,,,1353,1600,,4660,M,,1605
430,A,,4660,M,佐伯    ,亀川    ,南福岡車両区  ,69,5,813,3,,,1605,1803,,4659,M,,1808
431,A,,4659,M,亀川    ,臼杵    ,南福岡車両区  ,69,6,813,3,,,1808,1928,,1636,M,,2032
432,A,,1636,M,臼杵    ,大分    ,南福岡車両区  ,69,7,813,3,,,2032,2119,回,1636,M,,2131
433,A,回,1636,M,大分    ,下郡信  ,南福岡車両区  ,69,8,813,3,,,2131,2135,終,,,,
434,A,回,1621,M,下郡信  ,大分    ,南福岡車両区  ,70,1,813,3,,,624,628,,1621,M,,635
435,A,,1621,M,大分    ,幸崎    ,南福岡車両区  ,70,2,813,3,,,635,656,,4626,M,,701
436,A,,4626,M,幸崎    ,亀川    ,南福岡車両区  ,70,3,813,3,,,701,756,,627,M,,808
437,A,,627,M,亀川    ,大分    ,南福岡車両区  ,70,4,813,3,,,808,829,,1627,M,,852
438,A,,1627,M,大分    ,臼杵    ,南福岡車両区  ,70,5,813,3,,,852,936,,4638,M,,945
439,A,,4638,M,臼杵    ,亀川    ,南福岡車両区  ,70,6,813,3,,,945,1054,,633,M,,1059
440,A,,633,M,亀川    ,大分    ,南福岡車両区  ,70,7,813,3,,,1059,1120,,626,M,,1152
441,A,,626,M,大分    ,杵築    ,南福岡車両区  ,70,8,813,3,,,1152,1230,,4643,M,,1256
442,A,,4643,M,杵築    ,臼杵    ,南福岡車両区  ,70,9,813,3,,,1256,1438,,4652,M,,1443
443,A,,4652,M,臼杵    ,亀川    ,南福岡車両区  ,70,10,813,3,,,1443,1549,,639,M,,1556
444,A,,639,M,亀川    ,大分    ,南福岡車両区  ,70,11,813,3,,,1556,1619,,638,M,,1632
445,A,,638,M,大分    ,亀川    ,南福岡車両区  ,70,12,813,3,,,1632,1652,,4653,M,,1657
446,A,,4653,M,亀川    ,佐伯    ,南福岡車両区  ,70,13,813,3,,,1657,1850,,1630,M,,1857
447,A,,1630,M,佐伯    ,大分    ,南福岡車両区  ,70,14,813,3,,,1857,2015,,1645,M,,2054
448,A,,1645,M,大分    ,佐伯    ,南福岡車両区  ,70,15,813,3,,,2054,2231,終,,,,
449,A,,4624,M,佐伯    ,亀川    ,南福岡車両区  ,71,1,813,3,,,551,735,,623,M,,740
450,A,,623,M,亀川    ,大分    ,南福岡車両区  ,71,2,813,3,,,740,804,,1625,M,,822
451,A,,1625,M,大分    ,幸崎    ,南福岡車両区  ,71,3,813,3,,,822,850,,4636,M,,906
452,A,,4636,M,幸崎    ,中津    ,南福岡車両区  ,71,4,813,3,,,906,1154,,4647,M,,1316
453,A,,4647,M,中津    ,幸崎    ,南福岡車両区  ,71,5,813,3,,,1316,1532,,4654,M,,1537
454,A,,4654,M,幸崎    ,杵築    ,南福岡車両区  ,71,6,813,3,,,1537,1652,,4655,M,,1657
455,A,,4655,M,杵築    ,佐伯    ,南福岡車両区  ,71,7,813,3,,,1657,1912,,1634,M,,1927
456,A,,1634,M,佐伯    ,大分    ,南福岡車両区  ,71,8,813,3,,,1927,2049,,646,M,,2105
457,A,,646,M,大分    ,中山香  ,南福岡車両区  ,71,9,813,3,,,2105,2203,,653,M,,2221
458,A,,653,M,中山香  ,大分    ,南福岡車両区  ,71,10,813,3,,,2221,2309,終,,,,
459,A,,620,M,大分    ,柳ヶ浦  ,南福岡車両区  ,72,1,813,3,,,532,644,,625,M,,659
460,A,,625,M,柳ヶ浦  ,大分    ,南福岡車両区  ,72,2,813,3,,,659,812,回,625,M,,831
461,A,回,625,M,大分    ,下郡信  ,南福岡車両区  ,72,3,813,3,,,831,835,回,630,M,,1406
462,A,回,630,M,下郡信  ,大分    ,南福岡車両区  ,72,4,813,3,,,1406,1410,,630,M,,1414
463,A,,630,M,大分    ,日出    ,南福岡車両区  ,72,5,813,3,,,1414,1443,,4649,M,,1452
464,A,,4649,M,日出    ,佐伯    ,南福岡車両区  ,72,6,813,3,,,1452,1651,,4666,M,,1658
465,A,,4666,M,佐伯    ,亀川    ,南福岡車両区  ,72,7,813,3,,,1658,1849,,645,M,,1918
466,A,,645,M,亀川    ,大分    ,南福岡車両区  ,72,8,813,3,,,1918,1946,,2574,M,,2020
467,A,,2574,M,大分    ,小倉    ,南福岡車両区  ,72,9,813,3,,,2020,2257,終,,,,
468,A,,2523,M,小倉    ,中津    ,南福岡車両区  ,73,1,813,3,,,610,710,,2532,M,,716
469,A,,2532,M,中津    ,門司港  ,南福岡車両区  ,73,2,813,3,,,716,845,回,559,M,,1509
470,A,回,559,M,門司港  ,小倉    ,南福岡車両区  ,73,3,813,3,,,1509,1521,,559,M,,1528
471,A,,559,M,小倉    ,行橋    ,南福岡車両区  ,73,4,813,3,,,1528,1603,,556,M,,1610
472,A,,556,M,行橋    ,小倉    ,南福岡車両区  ,73,5,813,3,,,1610,1646,,2551,M,,1655
473,A,,2551,M,小倉    ,中津    ,南福岡車両区  ,73,6,813,3,,,1655,1801,,2562,M,,1817
474,A,,2562,M,中津    ,小倉    ,南福岡車両区  ,73,7,813,3,,,1817,1926,,2565,M,,1932
475,A,,2565,M,小倉    ,中津    ,南福岡車両区  ,73,8,813,3,,,1932,2038,,2572,M,,2109
476,A,,2572,M,中津    ,小倉    ,南福岡車両区  ,73,9,813,3,,,2109,2211,,2579,M,,2328
477,A,,2579,M,小倉    ,柳ヶ浦  ,南福岡車両区  ,73,10,813,3,,,2328,46,終,,,,
478,A,,2520,M,柳ヶ浦  ,門司港  ,南福岡車両区  ,74,1,813,3,,,526,711,,523,M,,715
479,A,,523,M,門司港  ,小倉    ,南福岡車両区  ,74,2,813,3,,,715,728,,2527,M,,740
480,A,,2527,M,小倉    ,中津    ,南福岡車両区  ,74,3,813,3,,,740,845,,2538,M,,851
481,A,,2538,M,中津    ,小倉    ,南福岡車両区  ,74,4,813,3,,,851,958,回,2538,M,,1007
482,A,回,2538,M,小倉    ,門司港  ,南福岡車両区  ,74,5,813,3,,,1007,1019,回,2555,M,,1717
483,A,回,2555,M,門司港  ,小倉    ,南福岡車両区  ,74,6,813,6,,,1717,1731,,2555,M,,1736
484,A,,2555,M,小倉    ,中津    ,南福岡車両区  ,74,7,813,6,,,1736,1850,,2566,M,,1910
485,A,,2566,M,中津    ,小倉    ,南福岡車両区  ,74,8,813,6,,,1910,2016,,2569,M,,2032
486,A,,2569,M,小倉    ,柳ヶ浦  ,南福岡車両区  ,74,9,813,6,,,2032,2206,終,,,,
487,A,,2524,M,柳ヶ浦  ,小倉    ,南福岡車両区  ,75,1,813,6,,,604,725,,2524,M,,730
488,A,,2524,M,小倉    ,門司港  ,南福岡車両区  ,75,2,813,3,,,730,744,,529,M,,750
489,A,,529,M,門司港  ,行橋    ,南福岡車両区  ,75,3,813,3,,,750,834,,528,M,,839
490,A,,528,M,行橋    ,小倉    ,南福岡車両区  ,75,4,813,3,,,839,910,,535,M,,937
491,A,,535,M,小倉    ,新田原  ,南福岡車両区  ,75,5,813,3,,,937,1019,,534,M,,1024
492,A,,534,M,新田原  ,小倉    ,南福岡車両区  ,75,6,813,3,,,1024,1100,,541,M,,1115
493,A,,541,M,小倉    ,新田原  ,南福岡車両区  ,75,7,813,3,,,1115,1151,,540,M,,1203
494,A,,540,M,新田原  ,小倉    ,南福岡車両区  ,75,8,813,3,,,1203,1246,,2539,M,,1254
495,A,,2539,M,小倉    ,中津    ,南福岡車両区  ,75,9,813,3,,,1254,1401,,2550,M,,1415
496,A,,2550,M,中津    ,小倉    ,南福岡車両区  ,75,10,813,3,,,1415,1521,,2545,M,,1536
497,A,,2545,M,小倉    ,中津    ,南福岡車両区  ,75,11,813,3,,,1536,1640,,2556,M,,1649
498,A,,2556,M,中津    ,小倉    ,南福岡車両区  ,75,12,813,3,,,1649,1757,回,2556,M,,1804
499,A,回,2556,M,小倉    ,門司港  ,南福岡車両区  ,75,13,813,3,,,1804,1817,,567,M,,1825
500,A,,567,M,門司港  ,新田原  ,南福岡車両区  ,75,14,813,6,,,1825,1923,,566,M,,1947
501,A,,566,M,新田原  ,門司港  ,南福岡車両区  ,75,15,813,6,,,1947,2040,,2575,M,,2155
502,A,,2575,M,門司港  ,柳ヶ浦  ,南福岡車両区  ,75,16,813,6,,,2155,2336,終,,,,
503,A,,3534,M,柳ヶ浦  ,小倉    ,南福岡車両区  ,76,1,813,6,,,709,821,,2557,M,,1754
504,A,,2557,M,小倉    ,柳ヶ浦  ,南福岡車両区  ,76,2,813,6,,,1754,1918,終,,,,
505,A,,2530,M,柳ヶ浦  ,小倉    ,南福岡車両区  ,77,1,813,6,,,646,811,,531,M,,828
506,A,,531,M,小倉    ,行橋    ,南福岡車両区  ,77,2,813,3,,,828,903,,530,M,,908
507,A,,530,M,行橋    ,小倉    ,南福岡車両区  ,77,3,813,3,,,908,942,,2533,M,,954
508,A,,2533,M,小倉    ,中津    ,南福岡車両区  ,77,4,813,3,,,954,1102,,2544,M,,1115
509,A,,2544,M,中津    ,小倉    ,南福岡車両区  ,77,5,813,3,,,1115,1221,,547,M,,1236
510,A,,547,M,小倉    ,行橋    ,南福岡車両区  ,77,6,813,3,,,1236,1309,,546,M,,1326
511,A,,546,M,行橋    ,小倉    ,南福岡車両区  ,77,7,813,3,,,1326,1359,,553,M,,1415
512,A,,553,M,小倉    ,新田原  ,南福岡車両区  ,77,8,813,3,,,1415,1451,,552,M,,1503
513,A,,552,M,新田原  ,小倉    ,南福岡車両区  ,77,9,813,3,,,1503,1547,,561,M,,1616
514,A,,561,M,小倉    ,行橋    ,南福岡車両区  ,77,10,813,3,,,1616,1645,,560,M,,1709
515,A,,560,M,行橋    ,門司港  ,南福岡車両区  ,77,11,813,3,,,1709,1808,,2567,M,,1931
516,A,,2567,M,門司港  ,宇佐    ,南福岡車両区  ,77,12,813,6,,,1931,2126,回,2567,M,,2140
517,A,回,2567,M,宇佐    ,柳ヶ浦  ,南福岡車両区  ,77,13,813,6,,,2140,2146,終,,,,
518,A,,2526,M,柳ヶ浦  ,小倉    ,南福岡車両区  ,78,1,813,6,,,615,739,,527,M,,746
519,A,,527,M,小倉    ,苅田    ,南福岡車両区  ,78,2,813,6,,,746,809,,524,M,,815
520,A,,524,M,苅田    ,小倉    ,南福岡車両区  ,78,3,813,6,,,815,839,回,524,M,,846
521,A,回,524,M,小倉    ,門司港  ,南福岡車両区  ,78,4,813,6,,,846,858,,2559,M,,1756
522,A,,2559,M,門司港  ,柳ヶ浦  ,南福岡車両区  ,78,5,813,6,,,1756,1944,終,,,,
523,A,,2528,M,柳ヶ浦  ,門司港  ,南福岡車両区  ,79,1,813,6,,,626,820,,533,M,,851
524,A,,533,M,門司港  ,行橋    ,南福岡車両区  ,79,2,813,3,,,851,944,,532,M,,953
525,A,,532,M,行橋    ,小倉    ,南福岡車両区  ,79,3,813,3,,,953,1029,,539,M,,1036
526,A,,539,M,小倉    ,行橋    ,南福岡車両区  ,79,4,813,3,,,1036,1111,,538,M,,1126
527,A,,538,M,行橋    ,小倉    ,南福岡車両区  ,79,5,813,3,,,1126,1159,,545,M,,1215
528,A,,545,M,小倉    ,新田原  ,南福岡車両区  ,79,6,813,3,,,1215,1251,,544,M,,1303
529,A,,544,M,新田原  ,小倉    ,南福岡車両区  ,79,7,813,3,,,1303,1347,,2541,M,,1354
530,A,,2541,M,小倉    ,中津    ,南福岡車両区  ,79,8,813,3,,,1354,1501,,2552,M,,1515
531,A,,2552,M,中津    ,小倉    ,南福岡車両区  ,79,9,813,3,,,1515,1621,,563,M,,1645
532,A,,563,M,小倉    ,新田原  ,南福岡車両区  ,79,10,813,3,,,1645,1721,,562,M,,1726
533,A,,562,M,新田原  ,小倉    ,南福岡車両区  ,79,11,813,3,,,1726,1809,,2561,M,,1830
534,A,,2561,M,小倉    ,中津    ,南福岡車両区  ,79,12,813,3,,,1830,1938,,2568,M,,1948
535,A,,2568,M,中津    ,小倉    ,南福岡車両区  ,79,13,813,3,,,1948,2057,,2571,M,,2119
536,A,,2571,M,小倉    ,中津    ,南福岡車両区  ,79,14,813,3,,,2119,2220,,2576,M,,2233
537,A,,2576,M,中津    ,小倉    ,南福岡車両区  ,79,15,813,3,,,2233,2334,終,,,,
538,A,,2521,M,小倉    ,宇佐    ,南福岡車両区  ,80,1,813,3,,,533,658,,2534,M,,722
539,A,,2534,M,宇佐    ,門司港  ,南福岡車両区  ,80,2,813,3,,,722,920,,537,M,,1000
540,A,,537,M,門司港  ,新田原  ,南福岡車両区  ,80,3,813,3,,,1000,1054,,536,M,,1103
541,A,,536,M,新田原  ,小倉    ,南福岡車両区  ,80,4,813,3,,,1103,1147,,2537,M,,1154
542,A,,2537,M,小倉    ,中津    ,南福岡車両区  ,80,5,813,3,,,1154,1301,,2548,M,,1315
543,A,,2548,M,中津    ,小倉    ,南福岡車両区  ,80,6,813,3,,,1315,1421,,555,M,,1436
544,A,,555,M,小倉    ,行橋    ,南福岡車両区  ,80,7,813,3,,,1436,1511,,554,M,,1526
545,A,,554,M,行橋    ,小倉    ,南福岡車両区  ,80,8,813,3,,,1526,1558,,2549,M,,1625
546,A,,2549,M,小倉    ,中津    ,南福岡車両区  ,80,9,813,3,,,1625,1736,,2560,M,,1747
547,A,,2560,M,中津    ,小倉    ,南福岡車両区  ,80,10,813,3,,,1747,1857,,569,M,,1917
548,A,,569,M,小倉    ,新田原  ,南福岡車両区  ,80,11,813,3,,,1917,1955,,568,M,,2002
549,A,,568,M,新田原  ,小倉    ,南福岡車両区  ,80,12,813,3,,,2002,2044,,573,M,,2054
550,A,,573,M,小倉    ,新田原  ,南福岡車両区  ,80,13,813,3,,,2054,2130,回,573,M,,2141
551,A,回,573,M,新田原  ,行橋    ,南福岡車両区  ,80,14,813,3,,,2141,2146,終,,,,
552,A,,2522,M,柳ヶ浦  ,門司港  ,南福岡車両区  ,91,1,813,6,,,540,728,,4121,M,,734
553,A,,4121,M,門司港  ,鳥栖    ,南福岡車両区  ,91,2,813,6,,,734,1003,,2140,M,,1013
554,A,,2140,M,鳥栖    ,博多    ,南福岡車両区  ,91,3,813,6,,,1013,1101,回,2140,M,,1106
555,A,回,2140,M,博多    ,吉塚（電,南福岡車両区  ,91,4,813,6,,,1106,1111,回,1137,M,,1134
556,A,回,1137,M,吉塚（電,南福岡  ,南福岡車両区  ,91,5,813,6,,,1134,1153,回,2180,M,,2227
557,A,回,2180,M,南福岡  ,博多    ,南福岡車両区  ,91,6,813,9,,,2227,2240,,2180,M,,2244
558,A,,2180,M,博多    ,赤間    ,南福岡車両区  ,91,7,813,9,,,2244,2329,終,,,,
559,A,,2220,M,赤間    ,門司港  ,南福岡車両区  ,92,1,813,9,,,529,625,,133,M,,631
560,A,,133,M,門司港  ,南福岡  ,南福岡車両区  ,92,2,813,9,,,631,843,回,1128,M,,1138
561,A,回,1128,M,南福岡  ,吉塚　鹿,南福岡車両区  ,92,3,813,6,,,1138,1148,回,1325,M,,1153
562,A,回,1325,M,吉塚　鹿,博多    ,南福岡車両区  ,92,4,813,6,,,1153,1156,,1325,M,,1202
563,A,,1325,M,博多    ,羽犬塚  ,南福岡車両区  ,92,5,813,6,,,1202,1253,,4138,M,,1340
564,A,,4138,M,羽犬塚  ,門司港  ,南福岡車両区  ,92,6,813,6,,,1340,1610,回,565,M,,1654
565,A,回,565,M,門司港  ,小倉    ,南福岡車両区  ,92,7,813,6,,,1654,1707,,565,M,,1712
566,A,,565,M,小倉    ,行橋    ,南福岡車両区  ,92,8,813,6,,,1712,1742,,564,M,,1809
567,A,,564,M,行橋    ,小倉    ,南福岡車両区  ,92,9,813,6,,,1809,1845,,2563,M,,1858
568,A,,2563,M,小倉    ,中津    ,南福岡車両区  ,92,10,813,6,,,1858,2004,,2570,M,,2014
569,A,,2570,M,中津    ,小倉    ,南福岡車両区  ,92,11,813,6,,,2014,2124,,2573,M,,2145
570,A,,2573,M,小倉    ,柳ヶ浦  ,南福岡車両区  ,92,12,813,6,,,2145,2312,終,,,,
571,A,,2522,M,柳ヶ浦  ,門司港  ,南福岡車両区  ,96,1,813,6,,,540,728,,4121,M,,734
572,A,,4121,M,門司港  ,鳥栖    ,南福岡車両区  ,96,2,813,6,,,734,1003,,2140,M,,1013
573,A,,2140,M,鳥栖    ,博多    ,南福岡車両区  ,96,3,813,6,,,1013,1101,回,2140,M,,1106
574,A,回,2140,M,博多    ,吉塚（電,南福岡車両区  ,96,4,813,6,,,1106,1111,回,1137,M,,1134
575,A,回,1137,M,吉塚（電,南福岡  ,南福岡車両区  ,96,5,813,6,,,1134,1153,回,2180,M,,2227
576,A,回,2180,M,南福岡  ,博多    ,南福岡車両区  ,96,6,813,9,,,2227,2240,,2180,M,,2244
577,A,,2180,M,博多    ,赤間    ,南福岡車両区  ,96,7,813,9,,,2244,2329,終,,,,
578,A,,2220,M,赤間    ,門司港  ,南福岡車両区  ,97,1,813,9,,,529,625,,133,M,,631
579,A,,133,M,門司港  ,南福岡  ,南福岡車両区  ,97,2,813,9,,,631,843,回,1128,M,,1138
580,A,回,1128,M,南福岡  ,吉塚　鹿,南福岡車両区  ,97,3,813,6,,,1138,1148,回,1325,M,,1153
581,A,回,1325,M,吉塚　鹿,博多    ,南福岡車両区  ,97,4,813,6,,,1153,1156,,1325,M,,1202
582,A,,1325,M,博多    ,羽犬塚  ,南福岡車両区  ,97,5,813,6,,,1202,1253,,4138,M,,1340
583,A,,4138,M,羽犬塚  ,門司港  ,南福岡車両区  ,97,6,813,6,,,1340,1610,回,565,M,,1654
584,A,回,565,M,門司港  ,小倉    ,南福岡車両区  ,97,7,813,6,,,1654,1707,,565,M,,1712
585,A,,565,M,小倉    ,行橋    ,南福岡車両区  ,97,8,813,6,,,1712,1742,,564,M,,1809
586,A,,564,M,行橋    ,小倉    ,南福岡車両区  ,97,9,813,6,,,1809,1845,,2563,M,,1858
587,A,,2563,M,小倉    ,中津    ,南福岡車両区  ,97,10,813,6,,,1858,2004,,2570,M,,2014
588,A,,2570,M,中津    ,小倉    ,南福岡車両区  ,97,11,813,6,,,2014,2124,,2573,M,,2145
589,A,,2573,M,小倉    ,柳ヶ浦  ,南福岡車両区  ,97,12,813,6,,,2145,2312,終,,,,
590,A,,126,M,南福岡  ,小倉    ,南福岡車両区  ,101,1,811,8,,,552,738,,3227,M,,749
591,A,,3227,M,小倉    ,南福岡  ,南福岡車両区  ,101,2,811,8,,,749,911,終,,,,
592,A,回,2321,M,南福岡  ,博多    ,南福岡車両区  ,102,1,811,4,,,500,508,,2321,M,,513
593,A,,2321,M,博多    ,大牟田  ,南福岡車両区  ,102,2,811,4,,,513,646,回,4222,M,,709
594,A,回,4222,M,大牟田  ,荒尾    ,南福岡車両区  ,102,3,811,4,,,709,713,,4222,M,,722
595,A,,4222,M,荒尾    ,鳥栖    ,南福岡車両区  ,102,4,811,4,,,722,809,,4222,M,,815
596,A,,4222,M,鳥栖    ,門司港  ,南福岡車両区  ,102,5,811,8,,,815,1015,,4129,M,,1048
597,A,,4129,M,門司港  ,鳥栖    ,南福岡車両区  ,102,6,811,8,,,1048,1305,,4136,M,,1333
598,A,,4136,M,鳥栖    ,門司港  ,南福岡車両区  ,102,7,811,8,,,1333,1547,回,4147,M,,1609
599,A,回,4147,M,門司港  ,小倉    ,南福岡車両区  ,102,8,811,8,,,1609,1622,,4147,M,,1627
600,A,,4147,M,小倉    ,久留米  ,南福岡車両区  ,102,9,811,8,,,1627,1842,,2360,M,,1849
601,A,,2360,M,久留米  ,門司港  ,南福岡車両区  ,102,10,811,8,,,1849,2201,回,2237,M,,2208
602,A,回,2237,M,門司港  ,小倉    ,南福岡車両区  ,102,11,811,8,,,2208,2219,,2237,M,,2224
603,A,,2237,M,小倉    ,福間    ,南福岡車両区  ,102,12,811,8,,,2224,2321,終,,,,
604,A,,2125,M,福間    ,南福岡  ,南福岡車両区  ,103,1,811,8,,,648,734,,132,M,,745
605,A,,132,M,南福岡  ,門司港  ,南福岡車両区  ,103,2,811,8,,,745,959,,4139,M,,1323
606,A,,4139,M,門司港  ,羽犬塚  ,南福岡車両区  ,103,3,811,8,,,1323,1546,,4148,M,,1609
607,A,,4148,M,羽犬塚  ,門司港  ,南福岡車両区  ,103,4,811,8,,,1609,1855,,2879,M,,2000
608,A,,2879,M,門司港  ,江北    ,南福岡車両区  ,103,5,811,8,,,2000,2343,終,,,,
609,A,,1820,M,江北    ,博多    ,南福岡車両区  ,104,1,811,8,,,613,729,,3220,M,,746
610,A,,3220,M,博多    ,小倉    ,南福岡車両区  ,104,2,811,8,,,746,853,,4123,M,,901
611,A,,4123,M,小倉    ,羽犬塚  ,南福岡車両区  ,104,3,811,8,,,901,1122,,4130,M,,1139
612,A,,4130,M,羽犬塚  ,小倉    ,南福岡車両区  ,104,4,811,8,,,1139,1350,回,4130,M,,1401
613,A,回,4130,M,小倉    ,門司港  ,南福岡車両区  ,104,5,811,8,,,1401,1413,,4145,M,,1524
614,A,,4145,M,門司港  ,羽犬塚  ,南福岡車両区  ,104,6,811,8,,,1524,1753,,2358,M,,1800
615,A,,2358,M,羽犬塚  ,海老津  ,南福岡車両区  ,104,7,811,8,,,1800,2023,,2185,M,,2036
616,A,,2185,M,海老津  ,二日市  ,南福岡車両区  ,104,8,811,8,,,2036,2155,,144,M,,2227
617,A,,144,M,二日市  ,門司港  ,南福岡車両区  ,104,9,811,8,,,2227,45,終,,,,
618,A,回,3221,M,門司港  ,小倉    ,南福岡車両区  ,105,1,811,8,,,454,504,,3221,M,,510
619,A,,3221,M,小倉    ,博多    ,南福岡車両区  ,105,2,811,8,,,510,618,,3120,M,,636
620,A,,3120,M,博多    ,小倉    ,南福岡車両区  ,105,3,811,8,,,636,805,,139,M,,812
621,A,,139,M,小倉    ,鳥栖    ,南福岡車両区  ,105,4,811,8,,,812,1020,,2144,M,,1033
622,A,,2144,M,鳥栖    ,折尾　鹿,南福岡車両区  ,105,5,811,8,,,1033,1235,,2151,M,,1258
623,A,,2151,M,折尾　鹿,二日市  ,南福岡車両区  ,105,6,811,8,,,1258,1439,,2158,M,,1455
624,A,,2158,M,二日市  ,折尾　鹿,南福岡車両区  ,105,7,811,8,,,1455,1633,,2345,M,,1639
625,A,,2345,M,折尾　鹿,大牟田  ,南福岡車両区  ,105,8,811,8,,,1639,1919,,2364,M,,1939
626,A,,2364,M,大牟田  ,門司港  ,南福岡車両区  ,105,9,811,8,,,1939,2258,終,,,,
627,A,,125,M,門司港  ,博多    ,南福岡車両区  ,106,1,811,8,,,525,709,,128,M,,714
628,A,,128,M,博多    ,門司港  ,南福岡車両区  ,106,2,811,8,,,714,903,回,4153,M,,1733
629,A,回,4153,M,門司港  ,小倉    ,南福岡車両区  ,106,3,811,7,,,1733,1747,,4153,M,,1757
630,A,,4153,M,小倉    ,久留米  ,南福岡車両区  ,106,4,811,7,,,1757,2019,,2366,M,,2035
631,A,,2366,M,久留米  ,小倉    ,南福岡車両区  ,106,5,811,7,,,2035,2308,,2241,M,,2322
632,A,,2241,M,小倉    ,赤間    ,南福岡車両区  ,106,6,811,7,,,2322,8,終,,,,
633,A,回,2325,M,赤間    ,福間    ,南福岡車両区  ,107,1,811,7,,,608,617,,2325,M,,627
634,A,,2325,M,福間    ,鳥栖    ,南福岡車両区  ,107,2,811,7,,,627,753,,2325,M,,759
635,A,,2325,M,鳥栖    ,荒尾    ,南福岡車両区  ,107,3,811,4,,,759,854,回,1124,M,,859
636,A,回,1124,M,荒尾    ,久留米  ,南福岡車両区  ,107,4,811,4,,,859,938,回,1126,M,,1024
637,A,回,1126,M,久留米  ,鳥栖    ,南福岡車両区  ,107,5,811,4,,,1024,1032,,4128,M,,1103
638,A,,4128,M,鳥栖    ,門司港  ,南福岡車両区  ,107,6,811,8,,,1103,1314,,3125,M,,1423
639,A,,3125,M,門司港  ,二日市  ,南福岡車両区  ,107,7,811,8,,,1423,1618,,2164,M,,1625
640,A,,2164,M,二日市  ,福間    ,南福岡車両区  ,107,8,811,8,,,1625,1730,,2171,M,,1737
641,A,,2171,M,福間    ,鳥栖    ,南福岡車両区  ,107,9,811,8,,,1737,1908,,2178,M,,1924
642,A,,2178,M,鳥栖    ,福間    ,南福岡車両区  ,107,10,811,8,,,1924,2051,,2351,M,,2108
643,A,,2351,M,福間    ,羽犬塚  ,南福岡車両区  ,107,11,811,8,,,2108,2258,終,,,,
644,A,,2332,M,羽犬塚  ,福間    ,南福岡車両区  ,108,1,811,8,,,632,828,,2135,M,,836
645,A,,2135,M,福間    ,二日市  ,南福岡車両区  ,108,2,811,8,,,836,937,回,2135,M,,953
646,A,回,2135,M,二日市  ,南福岡  ,南福岡車両区  ,108,3,811,8,,,953,1007,回,2341,M,,1558
647,A,回,2341,M,南福岡  ,博多    ,南福岡車両区  ,108,4,811,8,,,1558,1604,,2341,M,,1610
648,A,,2341,M,博多    ,久留米  ,南福岡車両区  ,108,5,811,8,,,1610,1702,,4228,M,,1709
649,A,,4228,M,久留米  ,小倉    ,南福岡車両区  ,108,6,811,8,,,1709,1900,,4157,M,,1914
650,A,,4157,M,小倉    ,荒木    ,南福岡車両区  ,108,7,811,8,,,1914,2126,,2368,M,,2153
651,A,,2368,M,荒木    ,博多    ,南福岡車両区  ,108,8,811,8,,,2153,2314,回,2368,M,,2320
652,A,回,2368,M,博多    ,南福岡  ,南福岡車両区  ,108,9,811,8,,,2320,2333,終,,,,
653,A,回,120,M,南福岡  ,博多    ,南福岡車両区  ,109,1,811,8,,,451,458,,120,M,,501
654,A,,120,M,博多    ,門司港  ,南福岡車両区  ,109,2,811,8,,,501,651,,4223,M,,702
655,A,,4223,M,門司港  ,鳥栖    ,南福岡車両区  ,109,3,811,8,,,702,918,,2138,M,,926
656,A,,2138,M,鳥栖    ,折尾　鹿,南福岡車両区  ,109,4,811,8,,,926,1135,,2147,M,,1158
657,A,,2147,M,折尾　鹿,二日市  ,南福岡車両区  ,109,5,811,8,,,1158,1339,,2154,M,,1355
658,A,,2154,M,二日市  ,折尾　鹿,南福岡車両区  ,109,6,811,8,,,1355,1535,,2343,M,,1558
659,A,,2343,M,折尾　鹿,荒木    ,南福岡車両区  ,109,7,811,8,,,1558,1822,,4232,M,,1905
660,A,,4232,M,荒木    ,門司港  ,南福岡車両区  ,109,8,811,8,,,1905,2115,,2239,M,,2241
661,A,,2239,M,門司港  ,福間    ,南福岡車両区  ,109,9,811,8,,,2241,2355,回,2239,M,,5
662,A,回,2239,M,福間    ,南福岡  ,南福岡車両区  ,109,10,811,8,,,5,30,終,,,,
663,A,,126,M,南福岡  ,小倉    ,南福岡車両区  ,131,1,811,8,,,552,738,,3227,M,,749
664,A,,3227,M,小倉    ,南福岡  ,南福岡車両区  ,131,2,811,8,,,749,911,,2866,M,,1935
665,A,,2866,M,南福岡  ,福間    ,南福岡車両区  ,131,3,811,8,,,1935,2023,,2931,M,,2030
666,A,,2931,M,福間    ,鳥栖    ,南福岡車両区  ,131,4,811,8,,,2030,2158,回,1145,M,,2212
667,A,回,1145,M,鳥栖    ,羽犬塚  ,南福岡車両区  ,131,5,811,4,,,2212,2228,回,1134,M,,2232
668,A,回,1134,M,羽犬塚  ,荒木    ,南福岡車両区  ,131,6,811,4,,,2232,2238,終,,,,
669,A,回,2322,M,荒木    ,久留米  ,南福岡車両区  ,132,1,811,4,,,511,516,,2322,M,,523
670,A,,2322,M,久留米  ,博多    ,南福岡車両区  ,132,2,811,4,,,523,614,,1321,M,,620
671,A,,1321,M,博多    ,荒尾    ,南福岡車両区  ,132,3,811,4,,,620,743,,2338,M,,751
672,A,,2338,M,荒尾    ,博多    ,南福岡車両区  ,132,4,811,4,,,751,935,回,2338,M,,941
673,A,回,2338,M,博多    ,吉塚（電,南福岡車両区  ,132,5,811,4,,,941,946,回,1133,M,,1056
674,A,回,1133,M,吉塚（電,南福岡  ,南福岡車両区  ,132,6,811,4,,,1056,1110,回,2341,M,,1558
675,A,回,2341,M,南福岡  ,博多    ,南福岡車両区  ,132,7,811,8,,,1558,1604,,2341,M,,1610
676,A,,2341,M,博多    ,久留米  ,南福岡車両区  ,132,8,811,8,,,1610,1702,,4228,M,,1709
677,A,,4228,M,久留米  ,小倉    ,南福岡車両区  ,132,9,811,8,,,1709,1900,,4157,M,,1914
678,A,,4157,M,小倉    ,荒木    ,南福岡車両区  ,132,10,811,8,,,1914,2126,,2368,M,,2153
679,A,,2368,M,荒木    ,博多    ,南福岡車両区  ,132,11,811,8,,,2153,2314,回,2368,M,,2320
680,A,回,2368,M,博多    ,南福岡  ,南福岡車両区  ,132,12,811,8,,,2320,2333,終,,,,
681,A,回,120,M,南福岡  ,博多    ,南福岡車両区  ,133,1,811,8,,,451,458,,120,M,,501
682,A,,120,M,博多    ,門司港  ,南福岡車両区  ,133,2,811,8,,,501,651,,4223,M,,702
683,A,,4223,M,門司港  ,鳥栖    ,南福岡車両区  ,133,3,811,8,,,702,918,,2138,M,,926
684,A,,2138,M,鳥栖    ,折尾　鹿,南福岡車両区  ,133,4,811,8,,,926,1135,,2147,M,,1158
685,A,,2147,M,折尾　鹿,二日市  ,南福岡車両区  ,133,5,811,8,,,1158,1339,,2154,M,,1355
686,A,,2154,M,二日市  ,折尾　鹿,南福岡車両区  ,133,6,811,8,,,1355,1535,,2343,M,,1558
687,A,,2343,M,折尾　鹿,荒木    ,南福岡車両区  ,133,7,811,8,,,1558,1822,,4232,M,,1905
688,A,,4232,M,荒木    ,門司港  ,南福岡車両区  ,133,8,811,8,,,1905,2115,終,,,,
689,A,回,121,M,門司港  ,小倉    ,南福岡車両区  ,134,1,811,4,,,437,447,,121,M,,451
690,A,,121,M,小倉    ,博多    ,南福岡車両区  ,134,2,811,4,,,451,615,,2829,M,,635
691,A,,2829,M,博多    ,江北    ,南福岡車両区  ,134,3,811,4,,,635,805,,2832,M,,811
692,A,,2832,M,江北    ,鳥栖    ,南福岡車両区  ,134,4,811,4,,,811,853,,333,M,,905
693,A,,333,M,鳥栖    ,荒尾    ,南福岡車両区  ,134,5,811,4,,,905,953,,4128,M,,1002
694,A,,4128,M,荒尾    ,鳥栖    ,南福岡車両区  ,134,6,811,4,,,1002,1050,,4128,M,,1103
695,A,,4128,M,鳥栖    ,門司港  ,南福岡車両区  ,134,7,811,8,,,1103,1314,,4141,M,,1348
696,A,,4141,M,門司港  ,鳥栖    ,南福岡車両区  ,134,8,811,8,,,1348,1605,回,4230,M,,1619
697,A,回,4230,M,鳥栖    ,荒尾    ,南福岡車両区  ,134,9,811,8,,,1619,1700,,4230,M,,1732
698,A,,4230,M,荒尾    ,門司港  ,南福岡車両区  ,134,10,811,8,,,1732,2024,,575,M,,2304
699,A,,575,M,門司港  ,小倉    ,南福岡車両区  ,134,11,811,4,,,2304,2318,終,,,,
700,A,,521,M,小倉    ,新田原  ,南福岡車両区  ,135,1,811,4,,,551,628,,522,M,,635
701,A,,522,M,新田原  ,小倉    ,南福岡車両区  ,135,2,811,4,,,635,711,,2525,M,,719
702,A,,2525,M,小倉    ,中津    ,南福岡車両区  ,135,3,811,4,,,719,819,,2536,M,,825
703,A,,2536,M,中津    ,門司港  ,南福岡車両区  ,135,4,811,4,,,825,952,,4141,M,,1348
704,A,,4141,M,門司港  ,鳥栖    ,南福岡車両区  ,135,5,811,8,,,1348,1605,回,4230,M,,1619
705,A,回,4230,M,鳥栖    ,荒尾    ,南福岡車両区  ,135,6,811,8,,,1619,1700,,4230,M,,1732
706,A,,4230,M,荒尾    ,門司港  ,南福岡車両区  ,135,7,811,8,,,1732,2024,,2239,M,,2241
707,A,,2239,M,門司港  ,福間    ,南福岡車両区  ,135,8,811,8,,,2241,2355,回,2239,M,,5
708,A,回,2239,M,福間    ,南福岡  ,南福岡車両区  ,135,9,811,8,,,5,30,終,,,,
709,A,,2332,M,羽犬塚  ,福間    ,南福岡車両区  ,141,1,811,8,,,632,828,,2135,M,,836
710,A,,2135,M,福間    ,二日市  ,南福岡車両区  ,141,2,811,8,,,836,937,回,2135,M,,953
711,A,回,2135,M,二日市  ,南福岡  ,南福岡車両区  ,141,3,811,8,,,953,1007,回,1132,M,,1713
712,A,回,1132,M,南福岡  ,吉塚（電,南福岡車両区  ,141,4,811,8,,,1713,1729,回,2925,M,,1741
713,A,回,2925,M,吉塚（電,吉塚　鹿,南福岡車両区  ,141,5,811,8,,,1741,1743,,2925,M,,1749
714,A,,2925,M,吉塚　鹿,江北    ,南福岡車両区  ,141,6,811,8,,,1749,1956,,2925,M,,2014
715,A,,2925,M,江北    ,早岐    ,南福岡車両区  ,141,7,811,4,,,2014,2122,終,,,,
716,A,,921,M,早岐    ,佐世保  ,南福岡車両区  ,142,1,811,4,,,600,617,,2920,M,,635
717,A,,2920,M,佐世保  ,鳥栖    ,南福岡車両区  ,142,2,811,4,,,635,828,,2835,M,,849
718,A,,2835,M,鳥栖    ,肥前浜  ,南福岡車両区  ,142,3,811,4,,,849,1005,,2838,M,,1010
719,A,,2838,M,肥前浜  ,鳥栖    ,南福岡車両区  ,142,4,811,4,,,1010,1112,,2851,M,,1348
720,A,,2851,M,鳥栖    ,江北    ,南福岡車両区  ,142,5,811,4,,,1348,1438,,2856,M,,1602
721,A,,2856,M,江北    ,鳥栖    ,南福岡車両区  ,142,6,811,4,,,1602,1646,,2863,M,,1652
722,A,,2863,M,鳥栖    ,江北    ,南福岡車両区  ,142,7,811,4,,,1652,1739,,2866,M,,1752
723,A,,2866,M,江北    ,南福岡  ,南福岡車両区  ,142,8,811,4,,,1752,1929,,2866,M,,1935
724,A,,2866,M,南福岡  ,福間    ,南福岡車両区  ,142,9,811,8,,,1935,2023,,2931,M,,2030
725,A,,2931,M,福間    ,鳥栖    ,南福岡車両区  ,142,10,811,8,,,2030,2158,,2931,M,,2210
726,A,,2931,M,鳥栖    ,早岐    ,南福岡車両区  ,142,11,811,4,,,2210,2340,終,,,,
727,A,,4920,M,早岐    ,江北    ,南福岡車両区  ,143,1,811,4,,,533,621,,2824,M,,632
728,A,,2824,M,江北    ,門司港  ,南福岡車両区  ,143,2,811,8,,,632,1035,,4133,M,,1148
729,A,,4133,M,門司港  ,鳥栖    ,南福岡車両区  ,143,3,811,8,,,1148,1405,,4140,M,,1433
730,A,,4140,M,鳥栖    ,門司港  ,南福岡車両区  ,143,4,811,8,,,1433,1647,,4151,M,,1713
731,A,,4151,M,門司港  ,久留米  ,南福岡車両区  ,143,5,811,8,,,1713,1944,回,4151,M,,1950
732,A,回,4151,M,久留米  ,鳥栖    ,南福岡車両区  ,143,6,811,8,,,1950,1958,,2927,M,,2005
733,A,,2927,M,鳥栖    ,江北    ,南福岡車両区  ,143,7,811,8,,,2005,2046,終,,,,
734,A,回,2890,M,江北    ,神埼    ,南福岡車両区  ,144,1,811,4,,,455,510,回,2821,M,,514
735,A,回,2821,M,神埼    ,佐賀    ,南福岡車両区  ,144,2,811,4,,,514,521,,2821,M,,524
736,A,,2821,M,佐賀    ,肥前浜  ,南福岡車両区  ,144,3,811,4,,,524,558,,2824,M,,602
737,A,,2824,M,肥前浜  ,江北    ,南福岡車両区  ,144,4,811,4,,,602,625,,2824,M,,632
738,A,,2824,M,江北    ,門司港  ,南福岡車両区  ,144,5,811,8,,,632,1035,,4133,M,,1148
739,A,,4133,M,門司港  ,鳥栖    ,南福岡車両区  ,144,6,811,8,,,1148,1405,,4140,M,,1433
740,A,,4140,M,鳥栖    ,門司港  ,南福岡車両区  ,144,7,811,8,,,1433,1647,,4151,M,,1713
741,A,,4151,M,門司港  ,久留米  ,南福岡車両区  ,144,8,811,8,,,1713,1944,回,4151,M,,1950
742,A,回,4151,M,久留米  ,鳥栖    ,南福岡車両区  ,144,9,811,8,,,1950,1958,,2927,M,,2005
743,A,,2927,M,鳥栖    ,江北    ,南福岡車両区  ,144,10,811,8,,,2005,2046,,2927,M,,2055
744,A,,2927,M,江北    ,早岐    ,南福岡車両区  ,144,11,811,4,,,2055,2152,,922,M,,2156
745,A,,922,M,早岐    ,江北    ,南福岡車両区  ,144,12,811,4,,,2156,2243,終,,,,
746,A,,2822,M,江北    ,鳥栖    ,南福岡車両区  ,145,1,811,4,,,542,622,,2825,M,,642
747,A,,2825,M,鳥栖    ,佐賀    ,南福岡車両区  ,145,2,811,4,,,642,709,,2828,M,,713
748,A,,2828,M,佐賀    ,鳥栖    ,南福岡車両区  ,145,3,811,4,,,713,743,,2831,M,,751
749,A,,2831,M,鳥栖    ,江北    ,南福岡車両区  ,145,4,811,4,,,751,837,回,2831,M,,842
750,A,回,2831,M,江北    ,肥前浜  ,南福岡車両区  ,145,5,811,4,,,842,856,,2836,M,,905
751,A,,2836,M,肥前浜  ,鳥栖    ,南福岡車両区  ,145,6,811,4,,,905,1017,回,1222,M,,1021
752,A,回,1222,M,鳥栖    ,荒木    ,南福岡車両区  ,145,7,811,4,,,1021,1033,,1222,M,,1121
753,A,,1222,M,荒木    ,博多    ,南福岡車両区  ,145,8,811,4,,,1121,1209,回,1130,M,,1215
754,A,回,1130,M,博多    ,吉塚　鹿,南福岡車両区  ,145,9,811,4,,,1215,1219,回,1141,M,,1239
755,A,回,1141,M,吉塚　鹿,南福岡  ,南福岡車両区  ,145,10,811,4,,,1239,1255,回,1132,M,,1713
756,A,回,1132,M,南福岡  ,吉塚（電,南福岡車両区  ,145,11,811,8,,,1713,1729,回,2925,M,,1741
757,A,回,2925,M,吉塚（電,吉塚　鹿,南福岡車両区  ,145,12,811,8,,,1741,1743,,2925,M,,1749
758,A,,2925,M,吉塚　鹿,江北    ,南福岡車両区  ,145,13,811,8,,,1749,1956,終,,,,
759,A,,4820,M,江北    ,鳥栖    ,南福岡車両区  ,146,1,811,4,,,720,806,,4222,M,,815
760,A,,4222,M,鳥栖    ,門司港  ,南福岡車両区  ,146,2,811,8,,,815,1015,,4129,M,,1048
761,A,,4129,M,門司港  ,鳥栖    ,南福岡車両区  ,146,3,811,8,,,1048,1305,,4136,M,,1333
762,A,,4136,M,鳥栖    ,門司港  ,南福岡車両区  ,146,4,811,8,,,1333,1547,回,4147,M,,1609
763,A,回,4147,M,門司港  ,小倉    ,南福岡車両区  ,146,5,811,8,,,1609,1622,,4147,M,,1627
764,A,,4147,M,小倉    ,久留米  ,南福岡車両区  ,146,6,811,8,,,1627,1842,,2360,M,,1849
765,A,,2360,M,久留米  ,門司港  ,南福岡車両区  ,146,7,811,8,,,1849,2201,回,2237,M,,2208
766,A,回,2237,M,門司港  ,小倉    ,南福岡車両区  ,146,8,811,8,,,2208,2219,,2237,M,,2224
767,A,,2237,M,小倉    ,福間    ,南福岡車両区  ,146,9,811,8,,,2224,2321,終,,,,
768,A,,2125,M,福間    ,南福岡  ,南福岡車両区  ,147,1,811,8,,,648,734,,132,M,,745
769,A,,132,M,南福岡  ,門司港  ,南福岡車両区  ,147,2,811,8,,,745,959,,4137,M,,1248
770,A,,4137,M,門司港  ,鳥栖    ,南福岡車両区  ,147,3,811,7,,,1248,1507,,4144,M,,1533
771,A,,4144,M,鳥栖    ,門司港  ,南福岡車両区  ,147,4,811,7,,,1533,1746,,4155,M,,1813
772,A,,4155,M,門司港  ,荒尾    ,南福岡車両区  ,147,5,811,7,,,1813,2128,終,,,,
773,A,,4120,M,荒尾    ,門司港  ,南福岡車両区  ,148,1,811,7,,,654,1010,,4139,M,,1323
774,A,,4139,M,門司港  ,羽犬塚  ,南福岡車両区  ,148,2,811,8,,,1323,1546,,4148,M,,1609
775,A,,4148,M,羽犬塚  ,門司港  ,南福岡車両区  ,148,3,811,8,,,1609,1855,,2879,M,,2000
776,A,,2879,M,門司港  ,江北    ,南福岡車両区  ,148,4,811,8,,,2000,2343,終,,,,
777,A,,1820,M,江北    ,博多    ,南福岡車両区  ,149,1,811,8,,,613,729,,3220,M,,746
778,A,,3220,M,博多    ,小倉    ,南福岡車両区  ,149,2,811,8,,,746,853,,4123,M,,901
779,A,,4123,M,小倉    ,羽犬塚  ,南福岡車両区  ,149,3,811,8,,,901,1122,,4130,M,,1139
780,A,,4130,M,羽犬塚  ,小倉    ,南福岡車両区  ,149,4,811,8,,,1139,1350,回,4130,M,,1401
781,A,回,4130,M,小倉    ,門司港  ,南福岡車両区  ,149,5,811,8,,,1401,1413,,4145,M,,1524
782,A,,4145,M,門司港  ,羽犬塚  ,南福岡車両区  ,149,6,811,8,,,1524,1753,,2358,M,,1800
783,A,,2358,M,羽犬塚  ,海老津  ,南福岡車両区  ,149,7,811,8,,,1800,2023,,2185,M,,2036
784,A,,2185,M,海老津  ,二日市  ,南福岡車両区  ,149,8,811,8,,,2036,2155,,144,M,,2227
785,A,,144,M,二日市  ,門司港  ,南福岡車両区  ,149,9,811,8,,,2227,45,終,,,,
786,A,回,3221,M,門司港  ,小倉    ,南福岡車両区  ,150,1,811,8,,,454,504,,3221,M,,510
787,A,,3221,M,小倉    ,博多    ,南福岡車両区  ,150,2,811,8,,,510,618,,3120,M,,636
788,A,,3120,M,博多    ,小倉    ,南福岡車両区  ,150,3,811,8,,,636,805,,139,M,,812
789,A,,139,M,小倉    ,鳥栖    ,南福岡車両区  ,150,4,811,8,,,812,1020,,2144,M,,1033
790,A,,2144,M,鳥栖    ,折尾　鹿,南福岡車両区  ,150,5,811,8,,,1033,1235,,2151,M,,1258
791,A,,2151,M,折尾　鹿,二日市  ,南福岡車両区  ,150,6,811,8,,,1258,1439,,2158,M,,1455
792,A,,2158,M,二日市  ,折尾　鹿,南福岡車両区  ,150,7,811,8,,,1455,1633,,2345,M,,1639
793,A,,2345,M,折尾　鹿,大牟田  ,南福岡車両区  ,150,8,811,8,,,1639,1919,,2364,M,,1939
794,A,,2364,M,大牟田  ,門司港  ,南福岡車両区  ,150,9,811,8,,,1939,2258,終,,,,
795,A,,125,M,門司港  ,博多    ,南福岡車両区  ,151,1,811,8,,,525,709,,128,M,,714
796,A,,128,M,博多    ,門司港  ,南福岡車両区  ,151,2,811,8,,,714,903,,3125,M,,1423
797,A,,3125,M,門司港  ,二日市  ,南福岡車両区  ,151,3,811,8,,,1423,1618,,2164,M,,1625
798,A,,2164,M,二日市  ,福間    ,南福岡車両区  ,151,4,811,8,,,1625,1730,,2171,M,,1737
799,A,,2171,M,福間    ,鳥栖    ,南福岡車両区  ,151,5,811,8,,,1737,1908,,2178,M,,1924
800,A,,2178,M,鳥栖    ,福間    ,南福岡車両区  ,151,6,811,8,,,1924,2051,,2351,M,,2108
801,A,,2351,M,福間    ,羽犬塚  ,南福岡車両区  ,151,7,811,8,,,2108,2258,終,,,,
802,A,回,2120,M,南福岡  ,博多    ,南福岡車両区  ,161,1,817m,6,,,612,619,,2120,M,,623
803,A,,2120,M,博多    ,海老津  ,南福岡車両区  ,161,2,817m,6,,,623,716,,2131,M,,730
804,A,,2131,M,海老津  ,南福岡  ,南福岡車両区  ,161,3,817m,6,,,730,837,,4236,M,,2204
805,A,,4236,M,南福岡  ,門司港  ,南福岡車両区  ,161,4,817m,9,,,2204,2338,終,,,,
806,A,,131,M,門司港  ,南福岡  ,南福岡車両区  ,162,1,817m,9,,,621,833,回,1143,M,,1616
807,A,回,1143,M,南福岡  ,原田    ,南福岡車両区  ,162,2,817m,6,,,1616,1636,回,2166,M,,1655
808,A,回,2166,M,原田    ,二日市  ,南福岡車両区  ,162,3,817m,6,,,1655,1700,,2166,M,,1704
809,A,,2166,M,二日市  ,海老津  ,南福岡車両区  ,162,4,817m,6,,,1704,1838,回,2349,M,,1853
810,A,回,2349,M,海老津  ,福間    ,南福岡車両区  ,162,5,817m,6,,,1853,1910,,2349,M,,1916
811,A,,2349,M,福間    ,久留米  ,南福岡車両区  ,162,6,817m,6,,,1916,2053,,4236,M,,2121
812,A,,4236,M,久留米  ,南福岡  ,南福岡車両区  ,162,7,817m,6,,,2121,2156,,4236,M,,2204
813,A,,4236,M,南福岡  ,門司港  ,南福岡車両区  ,162,8,817m,9,,,2204,2338,終,,,,
814,A,,131,M,門司港  ,南福岡  ,南福岡車両区  ,163,1,817m,9,,,621,833,,131,M,,838
815,A,,131,M,南福岡  ,久留米  ,南福岡車両区  ,163,2,817m,6,,,838,928,,2340,M,,934
816,A,,2340,M,久留米  ,福間    ,南福岡車両区  ,163,3,817m,6,,,934,1110,,2333,M,,1115
817,A,,2333,M,福間    ,久留米  ,南福岡車両区  ,163,4,817m,6,,,1115,1251,,2348,M,,1306
818,A,,2348,M,久留米  ,福間    ,南福岡車両区  ,163,5,817m,6,,,1306,1432,,2157,M,,1503
819,A,,2157,M,福間    ,鳥栖    ,南福岡車両区  ,163,6,817m,6,,,1503,1620,,4226,M,,1625
820,A,,4226,M,鳥栖    ,小倉    ,南福岡車両区  ,163,7,817m,6,,,1625,1803,回,4226,M,,1810
821,A,回,4226,M,小倉    ,門司港  ,南福岡車両区  ,163,8,817m,6,,,1810,1821,終,,,,
822,A,,2221,M,門司港  ,遠賀川  ,南福岡車両区  ,164,1,817m,6,,,610,701,,2224,M,,715
823,A,,2224,M,遠賀川  ,門司港  ,南福岡車両区  ,164,2,817m,6,,,715,810,,4227,M,,1659
824,A,,4227,M,門司港  ,大牟田  ,南福岡車両区  ,164,3,817m,9,,,1659,1929,回,4227,M,,1934
825,A,回,4227,M,大牟田  ,荒尾    ,南福岡車両区  ,164,4,817m,9,,,1934,1939,終,,,,
826,A,回,4220,M,荒尾    ,大牟田  ,南福岡車両区  ,165,1,817m,9,,,634,639,,4220,M,,649
827,A,,4220,M,大牟田  ,門司港  ,南福岡車両区  ,165,2,817m,9,,,649,940,,3123,M,,1023
828,A,,3123,M,門司港  ,博多    ,南福岡車両区  ,165,3,817m,9,,,1023,1159,回,3123,M,,1216
829,A,回,3123,M,博多    ,南福岡  ,南福岡車両区  ,165,4,817m,9,,,1216,1223,回,1327,M,,1537
830,A,回,1327,M,南福岡  ,博多    ,南福岡車両区  ,165,5,817m,9,,,1537,1543,,1327,M,,1549
831,A,,1327,M,博多    ,羽犬塚  ,南福岡車両区  ,165,6,817m,9,,,1549,1640,,2356,M,,1646
832,A,,2356,M,羽犬塚  ,門司港  ,南福岡車両区  ,165,7,817m,9,,,1646,1946,,3229,M,,2019
833,A,,3229,M,門司港  ,博多    ,南福岡車両区  ,165,8,817m,6,,,2019,2148,回,3229,M,,2155
834,A,回,3229,M,博多    ,南福岡  ,南福岡車両区  ,165,9,817m,6,,,2155,2203,終,,,,
835,A,回,2120,M,南福岡  ,博多    ,南福岡車両区  ,166,1,817m,6,,,612,619,,2120,M,,623
836,A,,2120,M,博多    ,海老津  ,南福岡車両区  ,166,2,817m,6,,,623,716,,2131,M,,730
837,A,,2131,M,海老津  ,南福岡  ,南福岡車両区  ,166,3,817m,6,,,730,837,回,1143,M,,1616
838,A,回,1143,M,南福岡  ,原田    ,南福岡車両区  ,166,4,817m,6,,,1616,1636,回,2166,M,,1655
839,A,回,2166,M,原田    ,二日市  ,南福岡車両区  ,166,5,817m,6,,,1655,1700,,2166,M,,1704
840,A,,2166,M,二日市  ,海老津  ,南福岡車両区  ,166,6,817m,6,,,1704,1838,回,2349,M,,1853
841,A,回,2349,M,海老津  ,福間    ,南福岡車両区  ,166,7,817m,6,,,1853,1910,,2349,M,,1916
842,A,,2349,M,福間    ,久留米  ,南福岡車両区  ,166,8,817m,6,,,1916,2053,,4236,M,,2121
843,A,,4236,M,久留米  ,南福岡  ,南福岡車両区  ,166,9,817m,6,,,2121,2156,,4236,M,,2204
844,A,,4236,M,南福岡  ,門司港  ,南福岡車両区  ,166,10,817m,9,,,2204,2338,終,,,,
845,A,,131,M,門司港  ,南福岡  ,南福岡車両区  ,167,1,817m,9,,,621,833,,131,M,,838
846,A,,131,M,南福岡  ,久留米  ,南福岡車両区  ,167,2,817m,6,,,838,928,,2340,M,,934
847,A,,2340,M,久留米  ,福間    ,南福岡車両区  ,167,3,817m,6,,,934,1110,,2333,M,,1115
848,A,,2333,M,福間    ,久留米  ,南福岡車両区  ,167,4,817m,6,,,1115,1251,,2348,M,,1306
849,A,,2348,M,久留米  ,福間    ,南福岡車両区  ,167,5,817m,6,,,1306,1432,,2157,M,,1503
850,A,,2157,M,福間    ,鳥栖    ,南福岡車両区  ,167,6,817m,6,,,1503,1620,,4226,M,,1625
851,A,,4226,M,鳥栖    ,小倉    ,南福岡車両区  ,167,7,817m,6,,,1625,1803,回,4226,M,,1810
852,A,回,4226,M,小倉    ,門司港  ,南福岡車両区  ,167,8,817m,6,,,1810,1821,終,,,,
853,A,,2221,M,門司港  ,遠賀川  ,南福岡車両区  ,168,1,817m,6,,,610,701,,2224,M,,715
854,A,,2224,M,遠賀川  ,門司港  ,南福岡車両区  ,168,2,817m,6,,,715,810,,4227,M,,1659
855,A,,4227,M,門司港  ,大牟田  ,南福岡車両区  ,168,3,817m,9,,,1659,1929,回,4227,M,,1934
856,A,回,4227,M,大牟田  ,荒尾    ,南福岡車両区  ,168,4,817m,9,,,1934,1939,終,,,,
857,A,回,4220,M,荒尾    ,大牟田  ,南福岡車両区  ,169,1,817m,9,,,634,639,,4220,M,,649
858,A,,4220,M,大牟田  ,門司港  ,南福岡車両区  ,169,2,817m,9,,,649,940,,4227,M,,1659
859,A,,4227,M,門司港  ,大牟田  ,南福岡車両区  ,169,3,817m,9,,,1659,1929,回,4227,M,,1934
860,A,回,4227,M,大牟田  ,荒尾    ,南福岡車両区  ,169,4,817m,9,,,1934,1939,終,,,,
861,A,回,4220,M,荒尾    ,大牟田  ,南福岡車両区  ,170,1,817m,9,,,634,639,,4220,M,,649
862,A,,4220,M,大牟田  ,門司港  ,南福岡車両区  ,170,2,817m,9,,,649,940,,3123,M,,1023
863,A,,3123,M,門司港  ,博多    ,南福岡車両区  ,170,3,817m,9,,,1023,1159,回,3123,M,,1216
864,A,回,3123,M,博多    ,南福岡  ,南福岡車両区  ,170,4,817m,9,,,1216,1223,回,1327,M,,1537
865,A,回,1327,M,南福岡  ,博多    ,南福岡車両区  ,170,5,817m,9,,,1537,1543,,1327,M,,1549
866,A,,1327,M,博多    ,羽犬塚  ,南福岡車両区  ,170,6,817m,9,,,1549,1640,,2356,M,,1646
867,A,,2356,M,羽犬塚  ,門司港  ,南福岡車両区  ,170,7,817m,9,,,1646,1946,,3229,M,,2019
868,A,,3229,M,門司港  ,博多    ,南福岡車両区  ,170,8,817m,6,,,2019,2148,回,3229,M,,2155
869,A,回,3229,M,博多    ,南福岡  ,南福岡車両区  ,170,9,817m,6,,,2155,2203,終,,,,
870,A,回,1009,M,南福岡  ,博多    ,南福岡車両区  ,201,1,885,6,,,1923,1930,,1009,M,,1935
871,A,,1009,M,博多    ,肥前鹿島,南福岡車両区  ,201,2,885,6,,,1935,2043,回,2894,M,,2116
872,A,回,2894,M,肥前鹿島,博多    ,南福岡車両区  ,201,3,885,6,,,2116,2304,,62,M,,2310
873,A,,62,M,博多    ,門司港  ,南福岡車両区  ,201,4,885,6,,,2310,20,終,,,,
874,A,,53,M,門司港  ,博多    ,南福岡車両区  ,202,1,885,6,,,722,844,,3011,M,,921
875,A,,3011,M,博多    ,大分    ,南福岡車両区  ,202,2,885,6,,,921,1144,,3028,M,,1210
876,A,,3028,M,大分    ,博多    ,南福岡車両区  ,202,3,885,6,,,1210,1428,回,3028,M,,1436
877,A,回,3028,M,博多    ,竹下小  ,南福岡車両区  ,202,4,885,6,,,1436,1440,回,3033,M,,1447
878,A,回,3033,M,竹下小  ,博多    ,南福岡車両区  ,202,5,885,6,,,1447,1450,,3033,M,,1500
879,A,,3033,M,博多    ,大分    ,南福岡車両区  ,202,6,885,6,,,1500,1701,,3050,M,,1744
880,A,,3050,M,大分    ,博多    ,南福岡車両区  ,202,7,885,6,,,1744,1950,回,3050,M,,1957
881,A,回,3050,M,博多    ,竹下小  ,南福岡車両区  ,202,8,885,6,,,1957,2001,回,3055,M,,2011
882,A,回,3055,M,竹下小  ,博多    ,南福岡車両区  ,202,9,885,6,,,2011,2014,,3055,M,,2020
883,A,,3055,M,博多    ,大分    ,南福岡車両区  ,202,10,885,6,,,2020,2239,回,6155,M,,2253
884,A,回,6155,M,大分    ,下郡信  ,南福岡車両区  ,202,11,885,6,,,2253,2257,終,,,,
885,A,回,6110,M,下郡信  ,大分    ,南福岡車両区  ,203,1,885,6,,,726,730,,3010,M,,746
886,A,,3010,M,大分    ,博多    ,南福岡車両区  ,203,2,885,6,,,746,1004,,3015,M,,1020
887,A,,3015,M,博多    ,大分    ,南福岡車両区  ,203,3,885,6,,,1020,1236,,3032,M,,1312
888,A,,3032,M,大分    ,博多    ,南福岡車両区  ,203,4,885,6,,,1312,1528,回,3032,M,,1537
889,A,回,3032,M,博多    ,竹下小  ,南福岡車両区  ,203,5,885,6,,,1537,1541,回,3037,M,,1547
890,A,回,3037,M,竹下小  ,博多    ,南福岡車両区  ,203,6,885,6,,,1547,1550,,3037,M,,1600
891,A,,3037,M,博多    ,大分    ,南福岡車両区  ,203,7,885,6,,,1600,1805,,3054,M,,1843
892,A,,3054,M,大分    ,博多    ,南福岡車両区  ,203,8,885,6,,,1843,2050,,4065,M,,2132
893,A,,4065,M,博多    ,佐世保  ,南福岡車両区  ,203,9,885,6,,,2132,2318,終,,,,
894,A,,4016,M,佐世保  ,博多    ,南福岡車両区  ,204,1,885,6,,,905,1049,回,4016,M,,1057
895,A,回,4016,M,博多    ,吉塚　鹿,南福岡車両区  ,204,2,885,6,,,1057,1100,回,4023,M,,1122
896,A,回,4023,M,吉塚　鹿,博多    ,南福岡車両区  ,204,3,885,6,,,1122,1126,,4023,M,,1137
897,A,,4023,M,博多    ,佐世保  ,南福岡車両区  ,204,4,885,6,,,1137,1326,,4036,M,,1345
898,A,,4036,M,佐世保  ,博多    ,南福岡車両区  ,204,5,885,6,,,1345,1528,回,4036,M,,1537
899,A,回,4036,M,博多    ,吉塚（電,南福岡車両区  ,204,6,885,6,,,1537,1542,回,2043,M,,1600
900,A,回,2043,M,吉塚（電,博多    ,南福岡車両区  ,204,7,885,6,,,1600,1604,,2043,H,,1616
901,A,,2043,H,博多    ,武雄温泉,南福岡車両区  ,204,8,885,6,,,1616,1719,,4094,M,,1736
902,A,,4094,M,武雄温泉,博多    ,南福岡車両区  ,204,9,885,6,,,1736,1833,,2055,H,,1900
903,A,,2055,H,博多    ,武雄温泉,南福岡車両区  ,204,10,885,6,,,1900,2002,,2058,H,,2020
904,A,,2058,H,武雄温泉,博多    ,南福岡車両区  ,204,11,885,6,,,2020,2115,,4069,M,,2235
905,A,,4069,M,博多    ,佐世保  ,南福岡車両区  ,204,12,885,6,,,2235,9,終,,,,
906,A,,4010,M,佐世保  ,博多    ,南福岡車両区  ,205,1,885,6,,,806,950,回,4010,M,,957
907,A,回,4010,M,博多    ,南福岡  ,南福岡車両区  ,205,2,885,6,,,957,1016,回,54,M,,1721
908,A,回,54,M,南福岡  ,博多    ,南福岡車両区  ,205,3,885,6,,,1721,1733,,54,M,,1740
909,A,,54,M,博多    ,小倉    ,南福岡車両区  ,205,4,885,6,,,1740,1831,回,1254,M,,1849
910,A,回,1254,M,小倉    ,門司港  ,南福岡車両区  ,205,5,885,6,,,1849,1900,回,1255,M,,1906
911,A,回,1255,M,門司港  ,小倉    ,南福岡車両区  ,205,6,885,6,,,1906,1916,,55,M,,1921
912,A,,55,M,小倉    ,博多    ,南福岡車両区  ,205,7,885,6,,,1921,2013,,4061,M,,2032
913,A,,4061,M,博多    ,佐世保  ,南福岡車両区  ,205,8,885,6,,,2032,2219,回,4961,M,,2231
914,A,回,4961,M,佐世保  ,早岐    ,南福岡車両区  ,205,9,885,6,,,2231,2243,終,,,,
915,A,回,4956,M,早岐    ,佐世保  ,南福岡車両区  ,206,1,885,6,,,639,651,,4006,M,,718
916,A,,4006,M,佐世保  ,博多    ,南福岡車両区  ,206,2,885,6,,,718,902,回,4006,M,,911
917,A,回,4006,M,博多    ,吉塚（電,南福岡車両区  ,206,3,885,6,,,911,917,回,3017,M,,1041
918,A,回,3017,M,吉塚（電,博多    ,南福岡車両区  ,206,4,885,6,,,1041,1046,,3017,M,,1100
919,A,,3017,M,博多    ,大分    ,南福岡車両区  ,206,5,885,6,,,1100,1301,,3034,M,,1344
920,A,,3034,M,大分    ,博多    ,南福岡車両区  ,206,6,885,6,,,1344,1552,,3039,M,,1620
921,A,,3039,M,博多    ,大分    ,南福岡車両区  ,206,7,885,6,,,1620,1839,,3056,M,,1910
922,A,,3056,M,大分    ,博多    ,南福岡車両区  ,206,8,885,6,,,1910,2129,,3059,M,,2206
923,A,,3059,M,博多    ,大分    ,南福岡車両区  ,206,9,885,6,,,2206,35,回,6159,M,,47
924,A,回,6159,M,大分    ,下郡信  ,南福岡車両区  ,206,10,885,6,,,47,51,終,,,,
925,A,回,6106,M,下郡信  ,大分    ,南福岡車両区  ,207,1,885,6,,,612,616,,3006,M,,637
926,A,,3006,M,大分    ,博多    ,南福岡車両区  ,207,2,885,6,,,637,902,回,3006,M,,944
927,A,回,3006,M,博多    ,竹下小  ,南福岡車両区  ,207,3,885,6,,,944,948,回,1003,M,,1304
928,A,回,1003,M,竹下小  ,博多    ,南福岡車両区  ,207,4,885,6,,,1304,1308,,1003,M,,1316
929,A,,1003,M,博多    ,肥前鹿島,南福岡車両区  ,207,5,885,6,,,1316,1417,,1008,M,,1450
930,A,,1008,M,肥前鹿島,博多    ,南福岡車両区  ,207,6,885,6,,,1450,1553,,4045,M,,1634
931,A,,4045,M,博多    ,佐世保  ,南福岡車両区  ,207,7,885,6,,,1634,1821,,4056,H,,1910
932,A,,4056,H,佐世保  ,博多    ,南福岡車両区  ,207,8,885,6,,,1910,2055,回,4056,M,,2104
933,A,回,4056,M,博多    ,竹下小  ,南福岡車両区  ,207,9,885,6,,,2104,2108,回,3081,M,,2218
934,A,回,3081,M,竹下    ,博多    ,南福岡車両区  ,207,10,885,6,,,2218,2222,,3081,M,,2234
935,A,,3081,M,博多    ,中津    ,南福岡車両区  ,207,11,885,6,,,2234,2359,終,,,,
936,A,,3091,M,中津    ,大分    ,南福岡車両区  ,208,1,885,6,,,646,750,,3016,M,,910
937,A,,3016,M,大分    ,博多    ,南福岡車両区  ,208,2,885,6,,,910,1129,,3021,M,,1200
938,A,,3021,M,博多    ,大分    ,南福岡車両区  ,208,3,885,6,,,1200,1402,,3038,M,,1444
939,A,,3038,M,大分    ,博多    ,南福岡車両区  ,208,4,885,6,,,1444,1651,,3043,M,,1720
940,A,,3043,M,博多    ,大分    ,南福岡車両区  ,208,5,885,6,,,1720,1938,回,6143,M,,1945
941,A,回,6143,M,大分    ,下郡信  ,南福岡車両区  ,208,6,885,6,,,1945,1949,終,,,,
942,A,回,6114,M,下郡信  ,大分    ,南福岡車両区  ,209,1,885,6,,,826,830,,3014,M,,842
943,A,,3014,M,大分    ,博多    ,南福岡車両区  ,209,2,885,6,,,842,1049,回,3014,M,,1056
944,A,回,3014,M,博多    ,竹下小  ,南福岡車両区  ,209,3,885,6,,,1056,1100,回,3019,M,,1111
945,A,回,3019,M,竹下小  ,博多    ,南福岡車両区  ,209,4,885,6,,,1111,1115,,3019,M,,1120
946,A,,3019,M,博多    ,大分    ,南福岡車両区  ,209,5,885,6,,,1120,1337,,3036,M,,1411
947,A,,3036,M,大分    ,博多    ,南福岡車両区  ,209,6,885,6,,,1411,1628,,3041,M,,1700
948,A,,3041,M,博多    ,佐伯    ,南福岡車両区  ,209,7,885,6,,,1700,2010,終,,,,
949,A,,3012,M,佐伯    ,博多    ,南福岡車両区  ,210,1,885,6,,,658,1027,回,3012,M,,1034
950,A,回,3012,M,博多    ,南福岡  ,南福岡車両区  ,210,2,885,6,,,1034,1041,終,,,,
951,A,,1072,M,佐賀    ,博多    ,南福岡車両区  ,301,1,787,6,,,624,707,回,1072,M,,712
952,A,回,1072,M,博多    ,竹下小  ,南福岡車両区  ,301,2,787,6,,,712,716,回,5005,M,,723
953,A,回,5005,M,竹下小  ,博多    ,南福岡車両区  ,301,3,787,6,,,723,726,,5005,M,,731
954,A,,5005,M,博多    ,宮崎空港,南福岡車両区  ,301,4,787,6,,,731,1351,,5012,M,,1415
955,A,,5012,M,宮崎空港,大分    ,南福岡車両区  ,301,5,787,6,,,1415,1743,,5015,M,,1807
956,A,,5015,M,大分    ,南宮崎  ,南福岡車両区  ,301,6,787,6,,,1807,2125,終,,,,
957,A,回,6519,M,南宮崎  ,宮崎空港,南福岡車両区  ,302,1,787,6,,,627,632,,5004,M,,638
958,A,,5004,M,宮崎空港,大分    ,南福岡車両区  ,302,2,787,6,,,638,1006,回,5004,M,,1021
959,A,回,5004,M,大分    ,下郡信  ,南福岡車両区  ,302,3,787,6,,,1021,1025,回,5011,M,,1605
960,A,回,5011,M,下郡信  ,大分    ,南福岡車両区  ,302,4,787,6,,,1605,1609,,5011,M,,1614
961,A,,5011,M,大分    ,宮崎空港,南福岡車両区  ,302,5,787,6,,,1614,1951,,5082,M,,2015
962,A,,5082,M,宮崎空港,延岡    ,南福岡車両区  ,302,6,787,6,,,2015,2151,終,,,,
963,A,,5075,M,延岡    ,宮崎空港,南福岡車両区  ,303,1,787,6,,,652,809,回,6522,M,,846
964,A,回,6522,M,宮崎空港,宮崎神宮,南福岡車両区  ,303,2,787,6,,,846,920,回,6521,M,,1541
965,A,回,6521,M,宮崎神宮,宮崎空港,南福岡車両区  ,303,3,787,6,,,1541,1557,,5014,M,,1615
966,A,,5014,M,宮崎空港,博多    ,南福岡車両区  ,303,4,787,6,,,1615,2204,回,5014,M,,2214
967,A,回,5014,M,博多    ,南福岡  ,南福岡車両区  ,303,5,787,6,,,2214,2222,終,,,,
968,A,回,52,M,南福岡  ,博多    ,南福岡車両区  ,304,1,787,6,,,657,704,,52,M,,711
969,A,,52,M,博多    ,小倉    ,南福岡車両区  ,304,2,787,6,,,711,812,回,1252,M,,828
970,A,回,1252,M,小倉    ,門司港  ,南福岡車両区  ,304,3,787,6,,,828,840,回,591,M,,908
971,A,回,591,M,門司港  ,行橋    ,南福岡車両区  ,304,4,787,6,,,908,952,,91,M,,1003
972,A,,91,M,行橋    ,博多    ,南福岡車両区  ,304,5,787,6,,,1003,1119,回,91,M,,1150
973,A,回,91,M,博多    ,南福岡  ,南福岡車両区  ,304,6,787,6,,,1150,1202,回,1092,H,,2117
974,A,回,1092,H,南福岡  ,博多    ,南福岡車両区  ,304,7,787,6,,,2117,2124,,1092,H,,2137
975,A,,1092,H,博多    ,直方    ,南福岡車両区  ,304,8,787,6,,,2137,2229,終,,,,
976,A,,1091,H,直方    ,博多    ,南福岡車両区  ,305,1,787,6,,,705,802,回,1091,H,,807
977,A,回,1091,H,博多    ,竹下小  ,南福岡車両区  ,305,2,787,6,,,807,811,回,1131,M,,1049
978,A,回,1131,M,竹下小  ,南福岡  ,南福岡車両区  ,305,3,787,6,,,1049,1055,回,1005,M,,1654
979,A,回,1005,M,南福岡  ,博多    ,南福岡車両区  ,305,4,787,6,,,1654,1706,,1005,M,,1716
980,A,,1005,M,博多    ,肥前鹿島,南福岡車両区  ,305,5,787,6,,,1716,1818,,1010,M,,1832
981,A,,1010,M,肥前鹿島,門司港  ,南福岡車両区  ,305,6,787,6,,,1832,2051,回,1071,M,,2214
982,A,回,1071,M,門司港  ,小倉    ,南福岡車両区  ,305,7,787,6,,,2214,2225,,1071,M,,2231
983,A,,1071,M,小倉    ,佐賀    ,南福岡車両区  ,305,8,787,6,,,2231,5,終,,,,
984,A,回,2992,M,武雄温泉,江北    ,南福岡車両区  ,311,1,787,8,,,620,630,回,2893,M,,638
985,A,回,2893,M,江北    ,肥前鹿島,南福岡車両区  ,311,2,787,8,,,638,702,,1004,M,,713
986,A,,1004,M,肥前鹿島,吉塚　鹿,南福岡車両区  ,311,3,787,8,,,713,829,回,1004,M,,834
987,A,回,1004,M,吉塚　鹿,吉塚（電,南福岡車両区  ,311,4,787,8,,,834,836,回,4091,M,,901
988,A,回,4091,M,吉塚（電,博多    ,南福岡車両区  ,311,5,787,8,,,901,905,,4091,M,,910
989,A,,4091,M,博多    ,武雄温泉,南福岡車両区  ,311,6,787,8,,,910,1022,,4092,M,,1040
990,A,,4092,M,武雄温泉,博多    ,南福岡車両区  ,311,7,787,8,,,1040,1142,回,4092,M,,1151
991,A,回,4092,M,博多    ,吉塚（電,南福岡車両区  ,311,8,787,8,,,1151,1156,回,1139,M,,1212
992,A,回,1139,M,吉塚（電,南福岡  ,南福岡車両区  ,311,9,787,8,,,1212,1230,回,56,M,,1823
993,A,回,56,M,南福岡  ,博多    ,南福岡車両区  ,311,10,787,8,,,1823,1830,,56,M,,1839
994,A,,56,M,博多    ,門司港  ,南福岡車両区  ,311,11,787,8,,,1839,1950,終,,,,
995,A,,1001,M,門司港  ,肥前鹿島,南福岡車両区  ,312,1,787,8,,,640,858,,1006,M,,926
996,A,,1006,M,肥前鹿島,博多    ,南福岡車両区  ,312,2,787,8,,,926,1026,,2021,H,,1053
997,A,,2021,H,博多    ,武雄温泉,南福岡車両区  ,312,3,787,8,,,1053,1155,,2026,H,,1216
998,A,,2026,H,武雄温泉,博多    ,南福岡車両区  ,312,4,787,8,,,1216,1314,,2033,H,,1354
999,A,,2033,H,博多    ,武雄温泉,南福岡車両区  ,312,5,787,8,,,1354,1454,,2038,H,,1516
1000,A,,2038,H,武雄温泉,博多    ,南福岡車両区  ,312,6,787,8,,,1516,1614,,2047,H,,1700
1001,A,,2047,H,博多    ,武雄温泉,南福岡車両区  ,312,7,787,8,,,1700,1758,,2050,H,,1815
1002,A,,2050,H,武雄温泉,博多    ,南福岡車両区  ,312,8,787,8,,,1815,1915,,2059,H,,2000
1003,A,,2059,H,博多    ,武雄温泉,南福岡車両区  ,312,9,787,8,,,2000,2103,,2064,H,,2148
1004,A,,2064,H,武雄温泉,博多    ,南福岡車両区  ,312,10,787,8,,,2148,2247,回,2064,M,,2255
1005,A,回,2064,M,博多    ,竹下小  ,南福岡車両区  ,312,11,787,8,,,2255,2300,終,,,,
1006,A,回,2003,M,竹下小  ,博多    ,南福岡車両区  ,313,1,787,8,,,622,625,,2003,H,,632
1007,A,,2003,H,博多    ,武雄温泉,南福岡車両区  ,313,2,787,8,,,632,739,,2008,H,,819
1008,A,,2008,H,武雄温泉,博多    ,南福岡車両区  ,313,3,787,8,,,819,925,,2017,H,,1003
1009,A,,2017,H,博多    ,武雄温泉,南福岡車両区  ,313,4,787,8,,,1003,1100,,2022,H,,1118
1010,A,,2022,H,武雄温泉,博多    ,南福岡車両区  ,313,5,787,8,,,1118,1214,回,2022,M,,1225
1011,A,回,2022,M,博多    ,吉塚（電,南福岡車両区  ,313,6,787,8,,,1225,1230,回,2029,M,,1240
1012,A,回,2029,M,吉塚（電,博多    ,南福岡車両区  ,313,7,787,8,,,1240,1245,,2029,H,,1254
1013,A,,2029,H,博多    ,武雄温泉,南福岡車両区  ,313,8,787,8,,,1254,1355,,2034,H,,1416
1014,A,,2034,H,武雄温泉,博多    ,南福岡車両区  ,313,9,787,8,,,1416,1514,回,2034,M,,1527
1015,A,回,2034,M,博多    ,吉塚　鹿,南福岡車両区  ,313,10,787,8,,,1527,1530,回,2041,M,,1541
1016,A,回,2041,M,吉塚　鹿,博多    ,南福岡車両区  ,313,11,787,8,,,1541,1544,,2041,H,,1555
1017,A,,2041,H,博多    ,武雄温泉,南福岡車両区  ,313,12,787,8,,,1555,1655,,2046,H,,1713
1018,A,,2046,H,武雄温泉,博多    ,南福岡車両区  ,313,13,787,8,,,1713,1813,,1007,M,,1838
1019,A,,1007,M,博多    ,肥前鹿島,南福岡車両区  ,313,14,787,8,,,1838,1942,回,2892,M,,1959
1020,A,回,2892,M,肥前鹿島,南福岡  ,南福岡車両区  ,313,15,787,8,,,1959,2121,終,,,,
1021,A,回,1120,M,南福岡  ,吉塚　鹿,南福岡車両区  ,314,1,787,8,,,527,540,回,2001,M,,552
1022,A,回,2001,M,吉塚　鹿,博多    ,南福岡車両区  ,314,2,787,8,,,552,556,,2001,H,,600
1023,A,,2001,H,博多    ,武雄温泉,南福岡車両区  ,314,3,787,8,,,600,700,,2004,H,,731
1024,A,,2004,H,武雄温泉,博多    ,南福岡車両区  ,314,4,787,8,,,731,836,,2013,H,,854
1025,A,,2013,H,博多    ,武雄温泉,南福岡車両区  ,314,5,787,8,,,854,958,,2018,H,,1016
1026,A,,2018,H,武雄温泉,博多    ,南福岡車両区  ,314,6,787,8,,,1016,1110,回,2018,M,,1116
1027,A,回,2018,M,博多    ,吉塚（電,南福岡車両区  ,314,7,787,8,,,1116,1121,回,2025,M,,1137
1028,A,回,2025,M,吉塚（電,博多    ,南福岡車両区  ,314,8,787,8,,,1137,1142,,2025,H,,1153
1029,A,,2025,H,博多    ,武雄温泉,南福岡車両区  ,314,9,787,8,,,1153,1253,,2030,H,,1315
1030,A,,2030,H,武雄温泉,博多    ,南福岡車両区  ,314,10,787,8,,,1315,1414,回,2030,M,,1427
1031,A,回,2030,M,博多    ,吉塚　鹿,南福岡車両区  ,314,11,787,8,,,1427,1430,回,2037,M,,1442
1032,A,回,2037,M,吉塚　鹿,博多    ,南福岡車両区  ,314,12,787,8,,,1442,1445,,2037,H,,1454
1033,A,,2037,H,博多    ,武雄温泉,南福岡車両区  ,314,13,787,8,,,1454,1554,,2042,H,,1615
1034,A,,2042,H,武雄温泉,博多    ,南福岡車両区  ,314,14,787,8,,,1615,1714,,2051,H,,1800
1035,A,,2051,H,博多    ,武雄温泉,南福岡車両区  ,314,15,787,8,,,1800,1901,,2054,H,,1918
1036,A,,2054,H,武雄温泉,博多    ,南福岡車両区  ,314,16,787,8,,,1918,2017,,2063,H,,2102
1037,A,,2063,H,博多    ,武雄温泉,南福岡車両区  ,314,17,787,8,,,2102,2201,,2066,H,,2243
1038,A,,2066,H,武雄温泉,門司港  ,南福岡車両区  ,314,18,787,8,,,2243,52,終,,,,
1039,A,,2009,H,門司港  ,武雄温泉,南福岡車両区  ,315,1,787,8,,,652,920,,2014,H,,942
1040,A,,2014,H,武雄温泉,博多    ,南福岡車両区  ,315,2,787,8,,,942,1043,回,2014,M,,1050
1041,A,回,2014,M,博多    ,吉塚（電,南福岡車両区  ,315,3,787,8,,,1050,1055,回,1135,M,,1104
1042,A,回,1135,M,吉塚（電,南福岡  ,南福岡車両区  ,315,4,787,8,,,1104,1129,回,2067,M,,2157
1043,A,回,2067,M,南福岡  ,博多    ,南福岡車両区  ,315,5,787,8,,,2157,2204,,2067,H,,2211
1044,A,,2067,H,博多    ,武雄温泉,南福岡車両区  ,315,6,787,8,,,2211,2312,終,,,,
1045,A,回,2005,M,南福岡  ,博多    ,南福岡車両区  ,401,1,783,8,,,652,700,,2005,H,,716
1046,A,,2005,H,博多    ,武雄温泉,南福岡車両区  ,401,2,783,8,,,716,825,,2012,H,,911
1047,A,,2012,H,武雄温泉,博多    ,南福岡車両区  ,401,3,783,8,,,911,1007,,4019,M,,1031
1048,A,,4019,M,博多    ,早岐    ,南福岡車両区  ,401,4,783,8,,,1031,1209,,4019,M,,1215
1049,A,,4019,M,早岐    ,佐世保  ,南福岡車両区  ,401,5,783,4,,,1215,1225,,4032,M,,1239
1050,A,,4032,M,佐世保  ,早岐    ,南福岡車両区  ,401,6,783,4,,,1239,1251,,4032,M,,1259
1051,A,,4032,M,早岐    ,博多    ,南福岡車両区  ,401,7,783,8,,,1259,1428,回,4032,M,,1438
1052,A,回,4032,M,博多    ,吉塚（電,南福岡車両区  ,401,8,783,8,,,1438,1443,回,4039,M,,1515
1053,A,回,4039,M,吉塚（電,博多    ,南福岡車両区  ,401,9,783,8,,,1515,1520,,4039,M,,1533
1054,A,,4039,M,博多    ,早岐    ,南福岡車両区  ,401,10,783,8,,,1533,1710,,4039,M,,1716
1055,A,,4039,M,早岐    ,佐世保  ,南福岡車両区  ,401,11,783,8,,,1716,1726,,4052,H,,1800
1056,A,,4052,H,佐世保  ,早岐    ,南福岡車両区  ,401,12,783,8,,,1800,1810,,4052,H,,1819
1057,A,,4052,H,早岐    ,博多    ,南福岡車両区  ,401,13,783,8,,,1819,1953,,58,M,,2041
1058,A,,58,M,博多    ,門司港  ,南福岡車両区  ,401,14,783,4,,,2041,2150,終,,,,
1059,A,,51,M,門司港  ,博多    ,南福岡車両区  ,402,1,783,8,,,544,653,,4007,M,,728
1060,A,,4007,M,博多    ,早岐    ,南福岡車両区  ,402,2,783,8,,,728,908,,4007,M,,916
1061,A,,4007,M,早岐    ,佐世保  ,南福岡車両区  ,402,3,783,8,,,916,927,,4020,M,,1000
1062,A,,4020,M,佐世保  ,早岐    ,南福岡車両区  ,402,4,783,8,,,1000,1010,,4020,M,,1016
1063,A,,4020,M,早岐    ,博多    ,南福岡車両区  ,402,5,783,8,,,1016,1154,回,4020,M,,1201
1064,A,回,4020,M,博多    ,竹下小  ,南福岡車両区  ,402,6,783,8,,,1201,1205,回,4027,M,,1222
1065,A,回,4027,M,竹下小  ,博多    ,南福岡車両区  ,402,7,783,8,,,1222,1225,,4027,M,,1237
1066,A,,4027,M,博多    ,早岐    ,南福岡車両区  ,402,8,783,8,,,1237,1410,,4027,M,,1416
1067,A,,4027,M,早岐    ,佐世保  ,南福岡車両区  ,402,9,783,4,,,1416,1427,,4040,M,,1441
1068,A,,4040,M,佐世保  ,早岐    ,南福岡車両区  ,402,10,783,4,,,1441,1453,,4040,M,,1500
1069,A,,4040,M,早岐    ,博多    ,南福岡車両区  ,402,11,783,8,,,1500,1635,回,4040,M,,1641
1070,A,回,4040,M,博多    ,竹下小  ,南福岡車両区  ,402,12,783,8,,,1641,1645,回,4049,M,,1721
1071,A,回,4049,M,竹下小  ,博多    ,南福岡車両区  ,402,13,783,8,,,1721,1725,,4049,H,,1732
1072,A,,4049,H,博多    ,早岐    ,南福岡車両区  ,402,14,783,8,,,1732,1902,,4049,H,,1907
1073,A,,4049,H,早岐    ,佐世保  ,南福岡車両区  ,402,15,783,8,,,1907,1919,,4060,H,,2015
1074,A,,4060,H,佐世保  ,早岐    ,南福岡車両区  ,402,16,783,8,,,2015,2025,,4060,H,,2031
1075,A,,4060,H,早岐    ,博多    ,南福岡車両区  ,402,17,783,8,,,2031,2156,回,4060,M,,2204
1076,A,回,4060,M,博多    ,南福岡  ,南福岡車両区  ,402,18,783,8,,,2204,2213,終,,,,
1077,A,回,2891,M,南福岡  ,肥前鹿島,南福岡車両区  ,403,1,783,8,,,517,626,,1002,M,,638
1078,A,,1002,M,肥前鹿島,博多    ,南福岡車両区  ,403,2,783,8,,,638,743,回,1002,M,,750
1079,A,回,1002,M,博多    ,竹下小  ,南福岡車両区  ,403,3,783,8,,,750,755,回,4015,M,,918
1080,A,回,4015,M,竹下小  ,博多    ,南福岡車両区  ,403,4,783,8,,,918,922,,4015,M,,932
1081,A,,4015,M,博多    ,早岐    ,南福岡車両区  ,403,5,783,8,,,932,1105,,4015,M,,1110
1082,A,,4015,M,早岐    ,佐世保  ,南福岡車両区  ,403,6,783,4,,,1110,1122,,4028,M,,1141
1083,A,,4028,M,佐世保  ,早岐    ,南福岡車両区  ,403,7,783,4,,,1141,1153,,4028,M,,1159
1084,A,,4028,M,早岐    ,博多    ,南福岡車両区  ,403,8,783,8,,,1159,1328,回,4028,M,,1338
1085,A,回,4028,M,博多    ,吉塚（電,南福岡車両区  ,403,9,783,8,,,1338,1343,回,4035,M,,1421
1086,A,回,4035,M,吉塚（電,博多    ,南福岡車両区  ,403,10,783,8,,,1421,1425,,4035,M,,1433
1087,A,,4035,M,博多    ,早岐    ,南福岡車両区  ,403,11,783,8,,,1433,1610,,4035,M,,1618
1088,A,,4035,M,早岐    ,佐世保  ,南福岡車両区  ,403,12,783,8,,,1618,1630,,4048,H,,1654
1089,A,,4048,H,佐世保  ,早岐    ,南福岡車両区  ,403,13,783,8,,,1654,1704,,4048,H,,1715
1090,A,,4048,H,早岐    ,博多    ,南福岡車両区  ,403,14,783,8,,,1715,1851,,4057,H,,1912
1091,A,,4057,H,博多    ,早岐    ,南福岡車両区  ,403,15,783,8,,,1912,2055,,4057,H,,2100
1092,A,,4057,H,早岐    ,佐世保  ,南福岡車両区  ,403,16,783,8,,,2100,2112,回,4957,M,,2204
1093,A,回,4957,M,佐世保  ,早岐    ,南福岡車両区  ,403,17,783,8,,,2204,2218,終,,,,
1094,A,回,4952,M,早岐    ,佐世保  ,南福岡車両区  ,404,1,783,8,,,543,554,,4002,H,,608
1095,A,,4002,H,佐世保  ,早岐    ,南福岡車両区  ,404,2,783,8,,,608,617,,4002,H,,623
1096,A,,4002,H,早岐    ,博多    ,南福岡車両区  ,404,3,783,8,,,623,755,,4011,M,,839
1097,A,,4011,M,博多    ,早岐    ,南福岡車両区  ,404,4,783,8,,,839,1007,,4011,M,,1012
1098,A,,4011,M,早岐    ,佐世保  ,南福岡車両区  ,404,5,783,4,,,1012,1022,,4024,M,,1047
1099,A,,4024,M,佐世保  ,早岐    ,南福岡車両区  ,404,6,783,4,,,1047,1059,,4024,M,,1106
1100,A,,4024,M,早岐    ,博多    ,南福岡車両区  ,404,7,783,8,,,1106,1236,回,4024,M,,1246
1101,A,回,4024,M,博多    ,吉塚（電,南福岡車両区  ,404,8,783,8,,,1246,1251,回,4031,M,,1316
1102,A,回,4031,M,吉塚（電,博多    ,南福岡車両区  ,404,9,783,8,,,1316,1321,,4031,M,,1337
1103,A,,4031,M,博多    ,早岐    ,南福岡車両区  ,404,10,783,8,,,1337,1510,,4031,M,,1516
1104,A,,4031,M,早岐    ,佐世保  ,南福岡車両区  ,404,11,783,4,,,1516,1527,,4044,M,,1550
1105,A,,4044,M,佐世保  ,早岐    ,南福岡車両区  ,404,12,783,4,,,1550,1602,,4044,M,,1610
1106,A,,4044,M,早岐    ,博多    ,南福岡車両区  ,404,13,783,8,,,1610,1746,,4053,H,,1811
1107,A,,4053,H,博多    ,早岐    ,南福岡車両区  ,404,14,783,8,,,1811,1950,,4053,H,,1955
1108,A,,4053,H,早岐    ,佐世保  ,南福岡車両区  ,404,15,783,8,,,1955,2005,,4062,M,,2048
1109,A,,4062,M,佐世保  ,早岐    ,南福岡車両区  ,404,16,783,8,,,2048,2058,,4062,M,,2103
1110,A,,4062,M,早岐    ,博多    ,南福岡車両区  ,404,17,783,8,,,2103,2229,回,4062,M,,2238
1111,A,回,4062,M,博多    ,南福岡  ,南福岡車両区  ,404,18,783,8,,,2238,2247,終,,,,
1112,A,回,2005,M,南福岡  ,博多    ,南福岡車両区  ,411,1,783,8,,,652,700,,2005,H,,716
1113,A,,2005,H,博多    ,武雄温泉,南福岡車両区  ,411,2,783,8,,,716,825,,2012,H,,911
1114,A,,2012,H,武雄温泉,博多    ,南福岡車両区  ,411,3,783,8,,,911,1007,,4019,M,,1031
1115,A,,4019,M,博多    ,早岐    ,南福岡車両区  ,411,4,783,8,,,1031,1209,,6019,H,,1216
1116,A,,6019,H,早岐    ,テンボス,南福岡車両区  ,411,5,783,4,,,1216,1222,,6032,H,,1242
1117,A,,6032,H,テンボス,早岐    ,南福岡車両区  ,411,6,783,4,,,1242,1247,,4032,M,,1259
1118,A,,4032,M,早岐    ,博多    ,南福岡車両区  ,411,7,783,8,,,1259,1428,回,4032,M,,1438
1119,A,回,4032,M,博多    ,吉塚（電,南福岡車両区  ,411,8,783,8,,,1438,1443,回,4039,M,,1515
1120,A,回,4039,M,吉塚（電,博多    ,南福岡車両区  ,411,9,783,8,,,1515,1520,,4039,M,,1533
1121,A,,4039,M,博多    ,早岐    ,南福岡車両区  ,411,10,783,8,,,1533,1710,,4039,M,,1716
1122,A,,4039,M,早岐    ,佐世保  ,南福岡車両区  ,411,11,783,8,,,1716,1726,,4052,H,,1800
1123,A,,4052,H,佐世保  ,早岐    ,南福岡車両区  ,411,12,783,8,,,1800,1810,,4052,H,,1819
1124,A,,4052,H,早岐    ,博多    ,南福岡車両区  ,411,13,783,8,,,1819,1953,回,4052,M,,2005
1125,A,回,4052,M,博多    ,竹下小  ,南福岡車両区  ,411,14,783,4,,,2005,2009,回,60,M,,2116
1126,A,回,60,M,竹下小  ,博多    ,南福岡車両区  ,411,15,783,4,,,2116,2119,,60,M,,2130
1127,A,,60,M,博多    ,門司港  ,南福岡車両区  ,411,16,783,4,,,2130,2239,終,,,,
1128,A,,51,M,門司港  ,博多    ,南福岡車両区  ,412,1,783,8,,,544,653,,4007,M,,728
1129,A,,4007,M,博多    ,早岐    ,南福岡車両区  ,412,2,783,8,,,728,908,,4007,M,,916
1130,A,,4007,M,早岐    ,佐世保  ,南福岡車両区  ,412,3,783,8,,,916,927,,4020,M,,1000
1131,A,,4020,M,佐世保  ,早岐    ,南福岡車両区  ,412,4,783,8,,,1000,1010,,4020,M,,1016
1132,A,,4020,M,早岐    ,博多    ,南福岡車両区  ,412,5,783,8,,,1016,1154,回,4020,M,,1201
1133,A,回,4020,M,博多    ,竹下小  ,南福岡車両区  ,412,6,783,8,,,1201,1205,回,4027,M,,1222
1134,A,回,4027,M,竹下小  ,博多    ,南福岡車両区  ,412,7,783,8,,,1222,1225,,4027,M,,1237
1135,A,,4027,M,博多    ,早岐    ,南福岡車両区  ,412,8,783,8,,,1237,1410,,6027,H,,1417
1136,A,,6027,H,早岐    ,テンボス,南福岡車両区  ,412,9,783,4,,,1417,1423,,6040,H,,1443
1137,A,,6040,H,テンボス,早岐    ,南福岡車両区  ,412,10,783,4,,,1443,1449,,4040,M,,1500
1138,A,,4040,M,早岐    ,博多    ,南福岡車両区  ,412,11,783,8,,,1500,1635,回,4040,M,,1641
1139,A,回,4040,M,博多    ,竹下小  ,南福岡車両区  ,412,12,783,8,,,1641,1645,回,4049,M,,1721
1140,A,回,4049,M,竹下小  ,博多    ,南福岡車両区  ,412,13,783,8,,,1721,1725,,4049,H,,1732
1141,A,,4049,H,博多    ,早岐    ,南福岡車両区  ,412,14,783,8,,,1732,1902,,4049,H,,1907
1142,A,,4049,H,早岐    ,佐世保  ,南福岡車両区  ,412,15,783,8,,,1907,1919,,4060,H,,2015
1143,A,,4060,H,佐世保  ,早岐    ,南福岡車両区  ,412,16,783,8,,,2015,2025,,4060,H,,2031
1144,A,,4060,H,早岐    ,博多    ,南福岡車両区  ,412,17,783,8,,,2031,2156,回,4060,M,,2204
1145,A,回,4060,M,博多    ,南福岡  ,南福岡車両区  ,412,18,783,8,,,2204,2213,終,,,,
1146,A,回,2891,M,南福岡  ,肥前鹿島,南福岡車両区  ,413,1,783,8,,,517,626,,1002,M,,638
1147,A,,1002,M,肥前鹿島,博多    ,南福岡車両区  ,413,2,783,8,,,638,743,回,1002,M,,750
1148,A,回,1002,M,博多    ,竹下小  ,南福岡車両区  ,413,3,783,8,,,750,755,回,4015,M,,918
1149,A,回,4015,M,竹下小  ,博多    ,南福岡車両区  ,413,4,783,8,,,918,922,,4015,M,,932
1150,A,,4015,M,博多    ,早岐    ,南福岡車両区  ,413,5,783,8,,,932,1105,,6015,H,,1111
1151,A,,6015,H,早岐    ,テンボス,南福岡車両区  ,413,6,783,4,,,1111,1117,,6028,H,,1144
1152,A,,6028,H,テンボス,早岐    ,南福岡車両区  ,413,7,783,4,,,1144,1150,,4028,M,,1159
1153,A,,4028,M,早岐    ,博多    ,南福岡車両区  ,413,8,783,8,,,1159,1328,回,4028,M,,1338
1154,A,回,4028,M,博多    ,吉塚（電,南福岡車両区  ,413,9,783,8,,,1338,1343,回,4035,M,,1421
1155,A,回,4035,M,吉塚（電,博多    ,南福岡車両区  ,413,10,783,8,,,1421,1425,,4035,M,,1433
1156,A,,4035,M,博多    ,早岐    ,南福岡車両区  ,413,11,783,8,,,1433,1610,,4035,M,,1618
1157,A,,4035,M,早岐    ,佐世保  ,南福岡車両区  ,413,12,783,8,,,1618,1630,,4048,H,,1654
1158,A,,4048,H,佐世保  ,早岐    ,南福岡車両区  ,413,13,783,8,,,1654,1704,,4048,H,,1715
1159,A,,4048,H,早岐    ,博多    ,南福岡車両区  ,413,14,783,8,,,1715,1851,,4057,H,,1912
1160,A,,4057,H,博多    ,早岐    ,南福岡車両区  ,413,15,783,8,,,1912,2055,,4057,H,,2100
1161,A,,4057,H,早岐    ,佐世保  ,南福岡車両区  ,413,16,783,8,,,2100,2112,回,4957,M,,2204
1162,A,回,4957,M,佐世保  ,早岐    ,南福岡車両区  ,413,17,783,8,,,2204,2218,終,,,,
1163,A,回,4952,M,早岐    ,佐世保  ,南福岡車両区  ,414,1,783,8,,,543,554,,4002,H,,608
1164,A,,4002,H,佐世保  ,早岐    ,南福岡車両区  ,414,2,783,8,,,608,617,,4002,H,,623
1165,A,,4002,H,早岐    ,博多    ,南福岡車両区  ,414,3,783,8,,,623,755,,4011,M,,839
1166,A,,4011,M,博多    ,早岐    ,南福岡車両区  ,414,4,783,8,,,839,1007,,6011,H,,1016
1167,A,,6011,H,早岐    ,テンボス,南福岡車両区  ,414,5,783,4,,,1016,1022,,6024,H,,1050
1168,A,,6024,H,テンボス,早岐    ,南福岡車両区  ,414,6,783,4,,,1050,1055,,4024,M,,1106
1169,A,,4024,M,早岐    ,博多    ,南福岡車両区  ,414,7,783,8,,,1106,1236,回,4024,M,,1246
1170,A,回,4024,M,博多    ,吉塚（電,南福岡車両区  ,414,8,783,8,,,1246,1251,回,4031,M,,1316
1171,A,回,4031,M,吉塚（電,博多    ,南福岡車両区  ,414,9,783,8,,,1316,1321,,4031,M,,1337
1172,A,,4031,M,博多    ,早岐    ,南福岡車両区  ,414,10,783,8,,,1337,1510,,6031,H,,1518
1173,A,,6031,H,早岐    ,テンボス,南福岡車両区  ,414,11,783,4,,,1518,1524,,6044,H,,1553
1174,A,,6044,H,テンボス,早岐    ,南福岡車両区  ,414,12,783,4,,,1553,1559,,4044,M,,1610
1175,A,,4044,M,早岐    ,博多    ,南福岡車両区  ,414,13,783,8,,,1610,1746,,4053,H,,1811
1176,A,,4053,H,博多    ,早岐    ,南福岡車両区  ,414,14,783,8,,,1811,1950,,4053,H,,1955
1177,A,,4053,H,早岐    ,佐世保  ,南福岡車両区  ,414,15,783,8,,,1955,2005,,4062,M,,2048
1178,A,,4062,M,佐世保  ,早岐    ,南福岡車両区  ,414,16,783,8,,,2048,2058,,4062,M,,2103
1179,A,,4062,M,早岐    ,博多    ,南福岡車両区  ,414,17,783,8,,,2103,2229,回,4062,M,,2238
1180,A,回,4062,M,博多    ,南福岡  ,南福岡車両区  ,414,18,783,8,,,2238,2247,終,,,,
1181,A,,5822,D,西唐津  ,佐賀    ,唐津車両セ    ,1,1,D125,3,,,605,732,,5825,D,,753
1182,A,,5825,D,佐賀    ,西唐津  ,唐津車両セ    ,1,2,D125,3,,,753,909,回,2531,D,,1606
1183,A,回,2531,D,西唐津  ,唐津    ,唐津車両セ    ,1,3,D125,1,,,1606,1610,,2531,D,,1612
1184,A,,2531,D,唐津    ,伊万里  ,唐津車両セ    ,1,4,D125,1,,,1612,1702,,2532,D,,1742
1185,A,,2532,D,伊万里  ,唐津    ,唐津車両セ    ,1,5,D125,1,,,1742,1835,,2535,D,,1847
1186,A,,2535,D,唐津    ,伊万里  ,唐津車両セ    ,1,6,D125,1,,,1847,1937,,2536,D,,2033
1187,A,,2536,D,伊万里  ,唐津    ,唐津車両セ    ,1,7,D125,1,,,2033,2124,回,2536,D,,2135
1188,A,回,2536,D,唐津    ,西唐津  ,唐津車両セ    ,1,8,D125,1,,,2135,2139,終,,,,
1189,A,,2521,D,西唐津  ,伊万里  ,唐津車両セ    ,2,1,D125,1,,,524,621,,2522,D,,649
1190,A,,2522,D,伊万里  ,唐津    ,唐津車両セ    ,2,2,D125,1,,,649,745,回,2522,D,,748
1191,A,回,2522,D,唐津    ,西唐津  ,唐津車両セ    ,2,3,D125,1,,,748,752,,2525,D,,819
1192,A,,2525,D,西唐津  ,伊万里  ,唐津車両セ    ,2,4,D125,1,,,819,933,,2526,D,,1103
1193,A,,2526,D,伊万里  ,唐津    ,唐津車両セ    ,2,5,D125,1,,,1103,1154,,2527,D,,1209
1194,A,,2527,D,唐津    ,伊万里  ,唐津車両セ    ,2,6,D125,1,,,1209,1259,,2528,D,,1335
1195,A,,2528,D,伊万里  ,唐津    ,唐津車両セ    ,2,7,D125,1,,,1335,1425,回,2528,D,,1435
1196,A,回,2528,D,唐津    ,西唐津  ,唐津車両セ    ,2,8,D125,1,,,1435,1439,,5844,D,,1639
1197,A,,5844,D,西唐津  ,佐賀    ,唐津車両セ    ,2,9,D125,2,,,1639,1803,,5847,D,,1824
1198,A,,5847,D,佐賀    ,西唐津  ,唐津車両セ    ,2,10,D125,2,,,1824,1952,,2537,D,,2001
1199,A,,2537,D,西唐津  ,伊万里  ,唐津車両セ    ,2,11,D125,2,,,2001,2115,終,,,,
1200,A,,2520,D,伊万里  ,唐津    ,唐津車両セ    ,3,1,D125,2,,,538,636,,2523,D,,641
1201,A,,2523,D,唐津    ,伊万里  ,唐津車両セ    ,3,2,D125,2,,,641,733,,2524,D,,740
1202,A,,2524,D,伊万里  ,西唐津  ,唐津車両セ    ,3,3,D125,2,,,740,842,,5828,D,,847
1203,A,,5828,D,西唐津  ,佐賀    ,唐津車両セ    ,3,4,D125,2,,,847,957,,5831,D,,1100
1204,A,,5831,D,佐賀    ,西唐津  ,唐津車両セ    ,3,5,D125,2,,,1100,1231,,5844,D,,1639
1205,A,,5844,D,西唐津  ,佐賀    ,唐津車両セ    ,3,6,D125,2,,,1639,1803,,5847,D,,1824
1206,A,,5847,D,佐賀    ,西唐津  ,唐津車両セ    ,3,7,D125,2,,,1824,1952,,2537,D,,2001
1207,A,,2537,D,西唐津  ,伊万里  ,唐津車両セ    ,3,8,D125,2,,,2001,2115,終,,,,
1208,A,,2520,D,伊万里  ,唐津    ,唐津車両セ    ,4,1,D125,2,,,538,636,,2523,D,,641
1209,A,,2523,D,唐津    ,伊万里  ,唐津車両セ    ,4,2,D125,2,,,641,733,,2524,D,,740
1210,A,,2524,D,伊万里  ,西唐津  ,唐津車両セ    ,4,3,D125,2,,,740,842,,5828,D,,847
1211,A,,5828,D,西唐津  ,佐賀    ,唐津車両セ    ,4,4,D125,2,,,847,957,,5831,D,,1100
1212,A,,5831,D,佐賀    ,西唐津  ,唐津車両セ    ,4,5,D125,2,,,1100,1231,回,2529,D,,1413
1213,A,回,2529,D,西唐津  ,唐津    ,唐津車両セ    ,4,6,D125,1,,,1413,1416,,2529,D,,1426
1214,A,,2529,D,唐津    ,伊万里  ,唐津車両セ    ,4,7,D125,1,,,1426,1518,,2530,D,,1619
1215,A,,2530,D,伊万里  ,唐津    ,唐津車両セ    ,4,8,D125,1,,,1619,1713,,2533,D,,1732
1216,A,,2533,D,唐津    ,伊万里  ,唐津車両セ    ,4,9,D125,1,,,1732,1824,,2534,D,,1855
1217,A,,2534,D,伊万里  ,唐津    ,唐津車両セ    ,4,10,D125,1,,,1855,1947,回,2534,D,,1954
1218,A,回,2534,D,唐津    ,西唐津  ,唐津車両セ    ,4,11,D125,1,,,1954,1958,終,,,,
1219,A,,5824,D,西唐津  ,佐賀    ,唐津車両セ    ,11,1,D47 ,4,,,648,808,,5827,D,,838
1220,A,,5827,D,佐賀    ,西唐津  ,唐津車両セ    ,11,2,D47 ,4,,,838,950,,5832,D,,1138
1221,A,,5832,D,西唐津  ,佐賀    ,唐津車両セ    ,11,3,D47 ,2,,,1138,1304,,5835,D,,1336
1222,A,,5835,D,佐賀    ,西唐津  ,唐津車両セ    ,11,4,D47 ,2,,,1336,1450,,5856,D,,2038
1223,A,,5856,D,西唐津  ,佐賀    ,唐津車両セ    ,11,5,D47 ,2,,,2038,2158,,5859,D,,2240
1224,A,,5859,D,佐賀    ,西唐津  ,唐津車両セ    ,11,6,D47 ,2,,,2240,2353,終,,,,
1225,A,,5820,D,西唐津  ,佐賀    ,唐津車両セ    ,12,1,D47 ,2,,,511,621,,5823,D,,641
1226,A,,5823,D,佐賀    ,西唐津  ,唐津車両セ    ,12,2,D47 ,2,,,641,805,,5838,D,,1420
1227,A,,5838,D,西唐津  ,佐賀    ,唐津車両セ    ,12,3,D47 ,2,,,1420,1558,,5841,D,,1645
1228,A,,5841,D,佐賀    ,西唐津  ,唐津車両セ    ,12,4,D47 ,2,,,1645,1802,,5850,D,,1811
1229,A,,5850,D,西唐津  ,佐賀    ,唐津車両セ    ,12,5,D47 ,2,,,1811,1929,,5853,D,,1946
1230,A,,5853,D,佐賀    ,西唐津  ,唐津車両セ    ,12,6,D47 ,2,,,1946,2106,,5858,D,,2124
1231,A,,5858,D,西唐津  ,佐賀    ,唐津車両セ    ,12,7,D47 ,2,,,2124,2246,終,,,,
1232,A,,5821,D,佐賀    ,西唐津  ,唐津車両セ    ,13,1,D47 ,2,,,547,706,,5826,D,,725
1233,A,,5826,D,西唐津  ,佐賀    ,唐津車両セ    ,13,2,D47 ,2,,,725,854,,5829,D,,938
1234,A,,5829,D,佐賀    ,西唐津  ,唐津車両セ    ,13,3,D47 ,2,,,938,1054,,5834,D,,1223
1235,A,,5834,D,西唐津  ,佐賀    ,唐津車両セ    ,13,4,D47 ,2,,,1223,1356,,5837,D,,1438
1236,A,,5837,D,佐賀    ,西唐津  ,唐津車両セ    ,13,5,D47 ,2,,,1438,1551,,5842,D,,1602
1237,A,,5842,D,西唐津  ,佐賀    ,唐津車両セ    ,13,6,D47 ,2,,,1602,1731,,5845,D,,1749
1238,A,,5845,D,佐賀    ,西唐津  ,唐津車両セ    ,13,7,D47 ,2,,,1749,1901,,5852,D,,1912
1239,A,,5852,D,西唐津  ,佐賀    ,唐津車両セ    ,13,8,D47 ,2,,,1912,2034,,5855,D,,2046
1240,A,,5855,D,佐賀    ,西唐津  ,唐津車両セ    ,13,9,D47 ,2,,,2046,2204,終,,,,
1241,A,,5822,D,西唐津  ,佐賀    ,唐津車両セ    ,14,1,D47 ,3,,,605,732,,5825,D,,753
1242,A,,5825,D,佐賀    ,西唐津  ,唐津車両セ    ,14,2,D47 ,3,,,753,909,,5830,D,,1002
1243,A,,5830,D,西唐津  ,佐賀    ,唐津車両セ    ,14,3,D47 ,2,,,1002,1134,,5833,D,,1220
1244,A,,5833,D,佐賀    ,西唐津  ,唐津車両セ    ,14,4,D47 ,2,,,1220,1341,,5840,D,,1541
1245,A,,5840,D,西唐津  ,佐賀    ,唐津車両セ    ,14,5,D47 ,2,,,1541,1656,,5843,D,,1726
1246,A,,5843,D,佐賀    ,多久    ,唐津車両セ    ,14,6,D47 ,2,,,1726,1802,,5846,D,,1806
1247,A,,5846,D,多久    ,佐賀    ,唐津車両セ    ,14,7,D47 ,2,,,1806,1835,,5849,D,,1848
1248,A,,5849,D,佐賀    ,西唐津  ,唐津車両セ    ,14,8,D47 ,2,,,1848,2011,終,,,,
1249,A,,5824,D,西唐津  ,佐賀    ,唐津車両セ    ,15,1,D47 ,4,,,648,808,,5827,D,,838
1250,A,,5827,D,佐賀    ,西唐津  ,唐津車両セ    ,15,2,D47 ,4,,,838,950,,5836,D,,1333
1251,A,,5836,D,西唐津  ,佐賀    ,唐津車両セ    ,15,3,D47 ,2,,,1333,1457,,5839,D,,1538
1252,A,,5839,D,佐賀    ,西唐津  ,唐津車両セ    ,15,4,D47 ,2,,,1538,1650,,5848,D,,1733
1253,A,,5848,D,西唐津  ,佐賀    ,唐津車両セ    ,15,5,D47 ,2,,,1733,1903,,5851,D,,1924
1254,A,,5851,D,佐賀    ,多久    ,唐津車両セ    ,15,6,D47 ,2,,,1924,1955,,5854,D,,2023
1255,A,,5854,D,多久    ,佐賀    ,唐津車両セ    ,15,7,D47 ,2,,,2023,2054,,5857,D,,2146
1256,A,,5857,D,佐賀    ,西唐津  ,唐津車両セ    ,15,8,D47 ,2,,,2146,2258,終,,,,
1257,A,,1624,C,西唐津  ,姪浜    ,唐津車両セ    ,101,1,303,6,,,659,810,,1624,C,,811
1258,A,,1624,C,姪浜    ,福岡空港,唐津車両セ    ,101,2,303,6,,,811,838,,623,C,,841
1259,A,,623,C,福岡空港,姪浜    ,唐津車両セ    ,101,3,303,6,,,841,908,,623,C,,910
1260,A,,623,C,姪浜    ,西唐津  ,唐津車両セ    ,101,4,303,6,,,910,1022,終,,,,
1261,A,,622,C,西唐津  ,姪浜    ,唐津車両セ    ,102,1,303,6,,,558,705,,622,C,,707
1262,A,,622,C,姪浜    ,福岡空港,唐津車両セ    ,102,2,303,6,,,707,734,,441,C,,737
1263,A,,441,C,福岡空港,姪浜    ,唐津車両セ    ,102,3,303,6,,,737,802,,441,C,,804
1264,A,,441,C,姪浜    ,筑前前原,唐津車両セ    ,102,4,303,6,,,804,825,,446,C,,832
1265,A,,446,C,筑前前原,姪浜    ,唐津車両セ    ,102,5,303,6,,,832,854,,446,C,,856
1266,A,,446,C,姪浜    ,福岡空港,唐津車両セ    ,102,6,303,6,,,856,921,,459,C,,925
1267,A,,459,C,福岡空港,姪浜    ,唐津車両セ    ,102,7,303,6,,,925,950,,459,C,,952
1268,A,,459,C,姪浜    ,筑前前原,唐津車両セ    ,102,8,303,6,,,952,1012,,466,C,,1059
1269,A,,466,C,筑前前原,姪浜    ,唐津車両セ    ,102,9,303,6,,,1059,1120,,466,C,,1121
1270,A,,466,C,姪浜    ,福岡空港,唐津車両セ    ,102,10,303,6,,,1121,1146,,479,C,,1152
1271,A,,479,C,福岡空港,姪浜    ,唐津車両セ    ,102,11,303,6,,,1152,1217,,479,C,,1219
1272,A,,479,C,姪浜    ,筑前前原,唐津車両セ    ,102,12,303,6,,,1219,1239,,486,C,,1328
1273,A,,486,C,筑前前原,姪浜    ,唐津車両セ    ,102,13,303,6,,,1328,1350,,486,C,,1352
1274,A,,486,C,姪浜    ,福岡空港,唐津車両セ    ,102,14,303,6,,,1352,1417,,499,C,,1422
1275,A,,499,C,福岡空港,姪浜    ,唐津車両セ    ,102,15,303,6,,,1422,1447,,499,C,,1449
1276,A,,499,C,姪浜    ,筑前前原,唐津車両セ    ,102,16,303,6,,,1449,1509,,524,C,,1544
1277,A,,524,C,筑前前原,姪浜    ,唐津車両セ    ,102,17,303,6,,,1544,1606,,524,C,,1607
1278,A,,524,C,姪浜    ,福岡空港,唐津車両セ    ,102,18,303,6,,,1607,1632,,825,C,,1637
1279,A,,825,C,福岡空港,姪浜    ,唐津車両セ    ,102,19,303,6,,,1637,1702,,825,C,,1704
1280,A,,825,C,姪浜    ,筑前深江,唐津車両セ    ,102,20,303,6,,,1704,1736,,826,C,,1747
1281,A,,826,C,筑前深江,筑前前原,唐津車両セ    ,102,21,303,6,,,1747,1758,,542,C,,1822
1282,A,,542,C,筑前前原,姪浜    ,唐津車両セ    ,102,22,303,6,,,1822,1844,,542,C,,1846
1283,A,,542,C,姪浜    ,福岡空港,唐津車両セ    ,102,23,303,6,,,1846,1913,,551,C,,1919
1284,A,,551,C,福岡空港,姪浜    ,唐津車両セ    ,102,24,303,6,,,1919,1946,,551,C,,1948
1285,A,,551,C,姪浜    ,筑前前原,唐津車両セ    ,102,25,303,6,,,1948,2009,,556,C,,2025
1286,A,,556,C,筑前前原,姪浜    ,唐津車両セ    ,102,26,303,6,,,2025,2047,,556,C,,2049
1287,A,,556,C,姪浜    ,福岡空港,唐津車両セ    ,102,27,303,6,,,2049,2114,,633,C,,2118
1288,A,,633,C,福岡空港,姪浜    ,唐津車両セ    ,102,28,303,6,,,2118,2145,,633,C,,2147
1289,A,,633,C,姪浜    ,唐津    ,唐津車両セ    ,102,29,303,6,,,2147,2250,回,633,S,,2258
1290,A,回,633,S,唐津    ,西唐津  ,唐津車両セ    ,102,30,303,6,,,2258,2302,終,,,,
1291,A,回,620,S,西唐津  ,唐津    ,唐津車両セ    ,103,1,303,6,,,505,508,,620,C,,518
1292,A,,620,C,唐津    ,姪浜    ,唐津車両セ    ,103,2,303,6,,,518,620,,620,C,,622
1293,A,,620,C,姪浜    ,福岡空港,唐津車両セ    ,103,3,303,6,,,622,647,,621,C,,655
1294,A,,621,C,福岡空港,姪浜    ,唐津車両セ    ,103,4,303,6,,,655,720,,621,C,,722
1295,A,,621,C,姪浜    ,西唐津  ,唐津車両セ    ,103,5,303,6,,,722,829,回,628,S,,835
1296,A,回,628,S,西唐津  ,唐津    ,唐津車両セ    ,103,6,303,6,,,835,838,,628,C,,841
1297,A,,628,C,唐津    ,姪浜    ,唐津車両セ    ,103,7,303,6,,,841,950,,628,C,,952
1298,A,,628,C,姪浜    ,福岡空港,唐津車両セ    ,103,8,303,6,,,952,1017,,625,C,,1023
1299,A,,625,C,福岡空港,姪浜    ,唐津車両セ    ,103,9,303,6,,,1023,1048,,625,C,,1050
1300,A,,625,C,姪浜    ,西唐津  ,唐津車両セ    ,103,10,303,6,,,1050,1205,,632,C,,1210
1301,A,,632,C,西唐津  ,姪浜    ,唐津車両セ    ,103,11,303,6,,,1210,1320,,632,C,,1322
1302,A,,632,C,姪浜    ,福岡空港,唐津車両セ    ,103,12,303,6,,,1322,1347,,495,C,,1352
1303,A,,495,C,福岡空港,姪浜    ,唐津車両セ    ,103,13,303,6,,,1352,1417,,495,C,,1419
1304,A,,495,C,姪浜    ,筑前前原,唐津車両セ    ,103,14,303,6,,,1419,1439,,498,C,,1457
1305,A,,498,C,筑前前原,姪浜    ,唐津車両セ    ,103,15,303,6,,,1457,1520,,498,C,,1522
1306,A,,498,C,姪浜    ,福岡空港,唐津車両セ    ,103,16,303,6,,,1522,1547,,531,C,,1551
1307,A,,531,C,福岡空港,姪浜    ,唐津車両セ    ,103,17,303,6,,,1551,1616,,531,C,,1618
1308,A,,531,C,姪浜    ,筑前前原,唐津車両セ    ,103,18,303,6,,,1618,1638,,534,C,,1714
1309,A,,534,C,筑前前原,姪浜    ,唐津車両セ    ,103,19,303,6,,,1714,1736,,534,C,,1737
1310,A,,534,C,姪浜    ,福岡空港,唐津車両セ    ,103,20,303,6,,,1737,1802,,543,C,,1807
1311,A,,543,C,福岡空港,姪浜    ,唐津車両セ    ,103,21,303,6,,,1807,1833,,543,C,,1835
1312,A,,543,C,姪浜    ,筑前前原,唐津車両セ    ,103,22,303,6,,,1835,1855,,550,C,,1948
1313,A,,550,C,筑前前原,姪浜    ,唐津車両セ    ,103,23,303,6,,,1948,2011,,550,C,,2012
1314,A,,550,C,姪浜    ,福岡空港,唐津車両セ    ,103,24,303,6,,,2012,2037,,559,C,,2041
1315,A,,559,C,福岡空港,姪浜    ,唐津車両セ    ,103,25,303,6,,,2041,2107,,559,C,,2109
1316,A,,559,C,姪浜    ,筑前前原,唐津車両セ    ,103,26,303,6,,,2109,2129,,568,C,,2218
1317,A,,568,C,筑前前原,姪浜    ,唐津車両セ    ,103,27,303,6,,,2218,2239,,568,C,,2240
1318,A,,568,C,姪浜    ,福岡空港,唐津車両セ    ,103,28,303,6,,,2240,2305,,635,C,,2310
1319,A,,635,C,福岡空港,姪浜    ,唐津車両セ    ,103,29,303,6,,,2310,2335,,635,C,,2337
1320,A,,635,C,姪浜    ,西唐津  ,唐津車両セ    ,103,30,303,6,,,2337,42,終,,,,
1321,A,,624,C,西唐津  ,姪浜    ,唐津車両セ    ,104,1,303,6,,,635,748,,624,C,,749
1322,A,,624,C,姪浜    ,福岡空港,唐津車両セ    ,104,2,303,6,,,749,817,,449,C,,822
1323,A,,449,C,福岡空港,姪浜    ,唐津車両セ    ,104,3,303,6,,,822,847,,449,C,,849
1324,A,,449,C,姪浜    ,筑前前原,唐津車両セ    ,104,4,303,6,,,849,908,,452,C,,913
1325,A,,452,C,筑前前原,姪浜    ,唐津車両セ    ,104,5,303,6,,,913,935,,452,C,,936
1326,A,,452,C,姪浜    ,福岡空港,唐津車両セ    ,104,6,303,6,,,936,1001,,1623,C,,1008
1327,A,,1623,C,福岡空港,姪浜    ,唐津車両セ    ,104,7,303,6,,,1008,1033,,1623,C,,1035
1328,A,,1623,C,姪浜    ,西唐津  ,唐津車両セ    ,104,8,303,6,,,1035,1145,,634,C,,1702
1329,A,,634,C,西唐津  ,姪浜    ,唐津車両セ    ,104,9,303,6,,,1702,1816,,634,C,,1817
1330,A,,634,C,姪浜    ,福岡空港,唐津車両セ    ,104,10,303,6,,,1817,1844,,1627,C,,1850
1331,A,,1627,C,福岡空港,姪浜    ,唐津車両セ    ,104,11,303,6,,,1850,1915,,1627,C,,1917
1332,A,,1627,C,姪浜    ,西唐津  ,唐津車両セ    ,104,12,303,6,,,1917,2018,終,,,,
1333,A,,1620,C,西唐津  ,姪浜    ,唐津車両セ    ,105,1,303,6,,,548,646,,1620,C,,647
1334,A,,1620,C,姪浜    ,福岡空港,唐津車両セ    ,105,2,303,6,,,647,712,,437,C,,716
1335,A,,437,C,福岡空港,姪浜    ,唐津車両セ    ,105,3,303,6,,,716,741,,437,C,,743
1336,A,,437,C,姪浜    ,筑前前原,唐津車両セ    ,105,4,303,6,,,743,805,,442,C,,810
1337,A,,442,C,筑前前原,姪浜    ,唐津車両セ    ,105,5,303,6,,,810,832,,442,C,,834
1338,A,,442,C,姪浜    ,福岡空港,唐津車両セ    ,105,6,303,6,,,834,901,,1621,C,,904
1339,A,,1621,C,福岡空港,姪浜    ,唐津車両セ    ,105,7,303,6,,,904,930,,1621,C,,932
1340,A,,1621,C,姪浜    ,西唐津  ,唐津車両セ    ,105,8,303,6,,,932,1033,終,,,,
1341,A,回,626,S,西唐津  ,唐津    ,唐津車両セ    ,106,1,303,6,,,707,710,,626,C,,713
1342,A,,626,C,唐津    ,姪浜    ,唐津車両セ    ,106,2,303,6,,,713,818,,626,C,,820
1343,A,,626,C,姪浜    ,福岡空港,唐津車両セ    ,106,3,303,6,,,820,847,,455,C,,851
1344,A,,455,C,福岡空港,姪浜    ,唐津車両セ    ,106,4,303,6,,,851,916,,455,C,,918
1345,A,,455,C,姪浜    ,筑前前原,唐津車両セ    ,106,5,303,6,,,918,938,,458,C,,953
1346,A,,458,C,筑前前原,姪浜    ,唐津車両セ    ,106,6,303,6,,,953,1014,,458,C,,1015
1347,A,,458,C,姪浜    ,福岡空港,唐津車両セ    ,106,7,303,6,,,1015,1040,,471,C,,1049
1348,A,,471,C,福岡空港,姪浜    ,唐津車両セ    ,106,8,303,6,,,1049,1115,,471,C,,1117
1349,A,,471,C,姪浜    ,筑前前原,唐津車両セ    ,106,9,303,6,,,1117,1137,,474,C,,1157
1350,A,,474,C,筑前前原,姪浜    ,唐津車両セ    ,106,10,303,6,,,1157,1220,,474,C,,1222
1351,A,,474,C,姪浜    ,福岡空港,唐津車両セ    ,106,11,303,6,,,1222,1247,,487,C,,1252
1352,A,,487,C,福岡空港,姪浜    ,唐津車両セ    ,106,12,303,6,,,1252,1317,,487,C,,1319
1353,A,,487,C,姪浜    ,筑前前原,唐津車両セ    ,106,13,303,6,,,1319,1339,,490,C,,1357
1354,A,,490,C,筑前前原,姪浜    ,唐津車両セ    ,106,14,303,6,,,1357,1420,,490,C,,1422
1355,A,,490,C,姪浜    ,福岡空港,唐津車両セ    ,106,15,303,6,,,1422,1447,,523,C,,1451
1356,A,,523,C,福岡空港,姪浜    ,唐津車両セ    ,106,16,303,6,,,1451,1516,,523,C,,1518
1357,A,,523,C,姪浜    ,筑前前原,唐津車両セ    ,106,17,303,6,,,1518,1537,,526,C,,1601
1358,A,,526,C,筑前前原,姪浜    ,唐津車両セ    ,106,18,303,6,,,1601,1622,,526,C,,1624
1359,A,,526,C,姪浜    ,福岡空港,唐津車両セ    ,106,19,303,6,,,1624,1649,,629,C,,1655
1360,A,,629,C,福岡空港,姪浜    ,唐津車両セ    ,106,20,303,6,,,1655,1720,,629,C,,1722
1361,A,,629,C,姪浜    ,西唐津  ,唐津車両セ    ,106,21,303,6,,,1722,1833,,636,C,,1841
1362,A,,636,C,西唐津  ,姪浜    ,唐津車両セ    ,106,22,303,6,,,1841,1956,,636,C,,1957
1363,A,,636,C,姪浜    ,福岡空港,唐津車両セ    ,106,23,303,6,,,1957,2023,,631,C,,2027
1364,A,,631,C,福岡空港,姪浜    ,唐津車両セ    ,106,24,303,6,,,2027,2053,,631,C,,2055
1365,A,,631,C,姪浜    ,唐津    ,唐津車両セ    ,106,25,303,6,,,2055,2155,回,631,S,,2205
1366,A,回,631,S,唐津    ,西唐津  ,唐津車両セ    ,106,26,303,6,,,2205,2208,終,,,,
1367,A,回,1622,S,西唐津  ,唐津    ,唐津車両セ    ,107,1,303,6,,,628,631,,1622,C,,634
1368,A,,1622,C,唐津    ,姪浜    ,唐津車両セ    ,107,2,303,6,,,634,731,,1622,C,,732
1369,A,,1622,C,姪浜    ,福岡空港,唐津車両セ    ,107,3,303,6,,,732,759,,445,C,,803
1370,A,,445,C,福岡空港,姪浜    ,唐津車両セ    ,107,4,303,6,,,803,829,,445,C,,831
1371,A,,445,C,姪浜    ,筑前前原,唐津車両セ    ,107,5,303,6,,,831,852,,450,C,,857
1372,A,,450,C,筑前前原,姪浜    ,唐津車両セ    ,107,6,303,6,,,857,919,,450,C,,920
1373,A,,450,C,姪浜    ,福岡空港,唐津車両セ    ,107,7,303,6,,,920,946,,463,C,,950
1374,A,,463,C,福岡空港,姪浜    ,唐津車両セ    ,107,8,303,6,,,950,1015,,463,C,,1017
1375,A,,463,C,姪浜    ,筑前前原,唐津車両セ    ,107,9,303,6,,,1017,1037,,464,C,,1045
1376,A,,464,C,筑前前原,姪浜    ,唐津車両セ    ,107,10,303,6,,,1045,1106,,464,C,,1107
1377,A,,464,C,姪浜    ,福岡空港,唐津車両セ    ,107,11,303,6,,,1107,1132,,477,C,,1137
1378,A,,477,C,福岡空港,姪浜    ,唐津車両セ    ,107,12,303,6,,,1137,1202,,477,C,,1204
1379,A,,477,C,姪浜    ,筑前前原,唐津車両セ    ,107,13,303,6,,,1204,1224,,478,C,,1229
1380,A,,478,C,筑前前原,姪浜    ,唐津車両セ    ,107,14,303,6,,,1229,1250,,478,C,,1252
1381,A,,478,C,姪浜    ,福岡空港,唐津車両セ    ,107,15,303,6,,,1252,1317,,491,C,,1321
1382,A,,491,C,福岡空港,姪浜    ,唐津車両セ    ,107,16,303,6,,,1321,1346,,491,C,,1348
1383,A,,491,C,姪浜    ,筑前前原,唐津車両セ    ,107,17,303,6,,,1348,1408,,492,C,,1413
1384,A,,492,C,筑前前原,姪浜    ,唐津車両セ    ,107,18,303,6,,,1413,1435,,492,C,,1437
1385,A,,492,C,姪浜    ,福岡空港,唐津車両セ    ,107,19,303,6,,,1437,1502,,525,C,,1506
1386,A,,525,C,福岡空港,姪浜    ,唐津車両セ    ,107,20,303,6,,,1506,1531,,525,C,,1533
1387,A,,525,C,姪浜    ,筑前前原,唐津車両セ    ,107,21,303,6,,,1533,1553,,530,C,,1631
1388,A,,530,C,筑前前原,姪浜    ,唐津車両セ    ,107,22,303,6,,,1631,1652,,530,C,,1654
1389,A,,530,C,姪浜    ,福岡空港,唐津車両セ    ,107,23,303,6,,,1654,1719,,539,C,,1723
1390,A,,539,C,福岡空港,姪浜    ,唐津車両セ    ,107,24,303,6,,,1723,1750,,539,C,,1752
1391,A,,539,C,姪浜    ,筑前前原,唐津車両セ    ,107,25,303,6,,,1752,1814,,546,C,,1858
1392,A,,546,C,筑前前原,姪浜    ,唐津車両セ    ,107,26,303,6,,,1858,1920,,546,C,,1921
1393,A,,546,C,姪浜    ,福岡空港,唐津車両セ    ,107,27,303,6,,,1921,1947,,555,C,,1953
1394,A,,555,C,福岡空港,姪浜    ,唐津車両セ    ,107,28,303,6,,,1953,2019,,555,C,,2021
1395,A,,555,C,姪浜    ,筑前前原,唐津車両セ    ,107,29,303,6,,,2021,2041,,560,C,,2103
1396,A,,560,C,筑前前原,姪浜    ,唐津車両セ    ,107,30,303,6,,,2103,2125,,560,C,,2126
1397,A,,560,C,姪浜    ,福岡空港,唐津車両セ    ,107,31,303,6,,,2126,2151,,567,C,,2157
1398,A,,567,C,福岡空港,姪浜    ,唐津車両セ    ,107,32,303,6,,,2157,2223,,567,C,,2225
1399,A,,567,C,姪浜    ,筑前前原,唐津車両セ    ,107,33,303,6,,,2225,2246,,572,C,,2310
1400,A,,572,C,筑前前原,姪浜    ,唐津車両セ    ,107,34,303,6,,,2310,2330,,572,C,,2332
1401,A,,572,C,姪浜    ,福岡空港,唐津車両セ    ,107,35,303,6,,,2332,2357,,573,C,,0
1402,A,,573,C,福岡空港,姪浜    ,唐津車両セ    ,107,36,303,6,,,0,25,,573,C,,27
1403,A,,573,C,姪浜    ,筑前前原,唐津車両セ    ,107,37,303,6,,,27,49,終,,,,
1404,A,,821,C,筑前前原,筑前深江,唐津車両セ    ,108,1,303,6,,,615,628,,820,C,,643
1405,A,,820,C,筑前深江,筑前前原,唐津車両セ    ,108,2,303,6,,,643,653,回,1331,S,,702
1406,A,回,1331,S,筑前前原,筑前深江,唐津車両セ    ,108,3,303,6,,,702,710,,822,C,,717
1407,A,,822,C,筑前深江,筑前前原,唐津車両セ    ,108,4,303,6,,,717,728,,436,C,,736
1408,A,,436,C,筑前前原,姪浜    ,唐津車両セ    ,108,5,303,6,,,736,759,,436,C,,800
1409,A,,436,C,姪浜    ,福岡空港,唐津車両セ    ,108,6,303,6,,,800,827,,451,C,,831
1410,A,,451,C,福岡空港,姪浜    ,唐津車両セ    ,108,7,303,6,,,831,856,,451,C,,858
1411,A,,451,C,姪浜    ,筑前前原,唐津車両セ    ,108,8,303,6,,,858,917,回,1333,S,,944
1412,A,回,1333,S,筑前前原,西唐津  ,唐津車両セ    ,108,9,303,6,,,944,1042,,630,C,,1047
1413,A,,630,C,西唐津  ,姪浜    ,唐津車両セ    ,108,10,303,6,,,1047,1152,,630,C,,1153
1414,A,,630,C,姪浜    ,福岡空港,唐津車両セ    ,108,11,303,6,,,1153,1218,,627,C,,1222
1415,A,,627,C,福岡空港,姪浜    ,唐津車両セ    ,108,12,303,6,,,1222,1247,,627,C,,1249
1416,A,,627,C,姪浜    ,西唐津  ,唐津車両セ    ,108,13,303,6,,,1249,1401,,1626,C,,1619
1417,A,,1626,C,西唐津  ,姪浜    ,唐津車両セ    ,108,14,303,6,,,1619,1723,,1626,C,,1725
1418,A,,1626,C,姪浜    ,福岡空港,唐津車両セ    ,108,15,303,6,,,1725,1750,,1625,C,,1754
1419,A,,1625,C,福岡空港,姪浜    ,唐津車両セ    ,108,16,303,6,,,1754,1820,,1625,C,,1822
1420,A,,1625,C,姪浜    ,西唐津  ,唐津車両セ    ,108,17,303,6,,,1822,1922,終,,,,
1421,A,,310,C,西唐津  ,筑前前原,唐津車両セ    ,211,1,103,3,,,441,523,,311,C,,528
1422,A,,311,C,筑前前原,西唐津  ,唐津車両セ    ,211,2,103,3,,,528,622,,316,C,,653
1423,A,,316,C,西唐津  ,筑前前原,唐津車両セ    ,211,3,103,3,,,653,739,,1321,C,,800
1424,A,,1321,C,筑前前原,唐津    ,唐津車両セ    ,211,4,103,3,,,800,835,回,1321,S,,842
1425,A,回,1321,S,唐津    ,西唐津  ,唐津車両セ    ,211,5,103,3,,,842,846,,346,C,,1355
1426,A,,346,C,西唐津  ,筑前前原,唐津車両セ    ,211,6,103,3,,,1355,1450,,345,C,,1519
1427,A,,345,C,筑前前原,唐津    ,唐津車両セ    ,211,7,103,3,,,1519,1601,,354,C,,1608
1428,A,,354,C,唐津    ,筑前前原,唐津車両セ    ,211,8,103,3,,,1608,1648,,353,C,,1712
1429,A,,353,C,筑前前原,唐津    ,唐津車両セ    ,211,9,103,3,,,1712,1751,,362,C,,1820
1430,A,,362,C,唐津    ,筑前前原,唐津車両セ    ,211,10,103,3,,,1820,1908,,359,C,,1923
1431,A,,359,C,筑前前原,唐津    ,唐津車両セ    ,211,11,103,3,,,1923,2002,,368,C,,2019
1432,A,,368,C,唐津    ,筑前前原,唐津車両セ    ,211,12,103,3,,,2019,2102,,367,C,,2138
1433,A,,367,C,筑前前原,西唐津  ,唐津車両セ    ,211,13,103,3,,,2138,2225,終,,,,
1434,A,,314,C,西唐津  ,筑前前原,唐津車両セ    ,212,1,103,3,,,616,702,,315,C,,712
1435,A,,315,C,筑前前原,唐津    ,唐津車両セ    ,212,2,103,3,,,712,800,,322,C,,804
1436,A,,322,C,唐津    ,筑前前原,唐津車両セ    ,212,3,103,3,,,804,844,,319,C,,849
1437,A,,319,C,筑前前原,西唐津  ,唐津車両セ    ,212,4,103,3,,,849,932,,328,C,,943
1438,A,,328,C,西唐津  ,筑前前原,唐津車両セ    ,212,5,103,3,,,943,1029,,327,C,,1038
1439,A,,327,C,筑前前原,西唐津  ,唐津車両セ    ,212,6,103,3,,,1038,1126,,336,C,,1133
1440,A,,336,C,西唐津  ,筑前前原,唐津車両セ    ,212,7,103,3,,,1133,1221,,335,C,,1244
1441,A,,335,C,筑前前原,唐津    ,唐津車両セ    ,212,8,103,3,,,1244,1332,,344,C,,1345
1442,A,,344,C,唐津    ,筑前前原,唐津車両セ    ,212,9,103,3,,,1345,1425,,343,C,,1440
1443,A,,343,C,筑前前原,西唐津  ,唐津車両セ    ,212,10,103,3,,,1440,1530,,352,C,,1537
1444,A,,352,C,西唐津  ,筑前前原,唐津車両セ    ,212,11,103,3,,,1537,1630,,351,C,,1639
1445,A,,351,C,筑前前原,西唐津  ,唐津車両セ    ,212,12,103,3,,,1639,1740,,360,C,,1753
1446,A,,360,C,西唐津  ,筑前前原,唐津車両セ    ,212,13,103,3,,,1753,1837,,357,C,,1858
1447,A,,357,C,筑前前原,唐津    ,唐津車両セ    ,212,14,103,3,,,1858,1941,,366,C,,1952
1448,A,,366,C,唐津    ,筑前前原,唐津車両セ    ,212,15,103,3,,,1952,2033,,365,C,,2042
1449,A,,365,C,筑前前原,西唐津  ,唐津車両セ    ,212,16,103,3,,,2042,2131,,374,C,,2157
1450,A,,374,C,西唐津  ,筑前前原,唐津車両セ    ,212,17,103,3,,,2157,2241,,371,C,,2248
1451,A,,371,C,筑前前原,西唐津  ,唐津車両セ    ,212,18,103,3,,,2248,2331,終,,,,
1452,A,,312,C,西唐津  ,筑前前原,唐津車両セ    ,213,1,103,3,,,531,614,,313,C,,631
1453,A,,313,C,筑前前原,西唐津  ,唐津車両セ    ,213,2,103,3,,,631,731,,320,C,,735
1454,A,,320,C,西唐津  ,筑前前原,唐津車両セ    ,213,3,103,3,,,735,827,,823,C,,834
1455,A,,823,C,筑前前原,筑前深江,唐津車両セ    ,213,4,103,3,,,834,845,,824,C,,900
1456,A,,824,C,筑前深江,筑前前原,唐津車両セ    ,213,5,103,3,,,900,911,,321,C,,919
1457,A,,321,C,筑前前原,唐津    ,唐津車両セ    ,213,6,103,3,,,919,959,,330,C,,1008
1458,A,,330,C,唐津    ,筑前前原,唐津車両セ    ,213,7,103,3,,,1008,1058,,331,C,,1144
1459,A,,331,C,筑前前原,唐津    ,唐津車両セ    ,213,8,103,3,,,1144,1223,,340,C,,1245
1460,A,,340,C,唐津    ,筑前前原,唐津車両セ    ,213,9,103,3,,,1245,1325,,339,C,,1343
1461,A,,339,C,筑前前原,西唐津  ,唐津車両セ    ,213,10,103,3,,,1343,1434,,348,C,,1442
1462,A,,348,C,西唐津  ,筑前前原,唐津車両セ    ,213,11,103,3,,,1442,1528,,347,C,,1538
1463,A,,347,C,筑前前原,西唐津  ,唐津車両セ    ,213,12,103,3,,,1538,1625,回,356,S,,1635
1464,A,回,356,S,西唐津  ,唐津    ,唐津車両セ    ,213,13,103,3,,,1635,1638,,356,C,,1654
1465,A,,356,C,唐津    ,筑前前原,唐津車両セ    ,213,14,103,3,,,1654,1735,,827,C,,1828
1466,A,,827,C,筑前前原,筑前深江,唐津車両セ    ,213,15,103,3,,,1828,1839,,828,C,,1844
1467,A,,828,C,筑前深江,筑前前原,唐津車両セ    ,213,16,103,3,,,1844,1854,,829,C,,1909
1468,A,,829,C,筑前前原,筑前深江,唐津車両セ    ,213,17,103,3,,,1909,1920,,830,C,,1933
1469,A,,830,C,筑前深江,筑前前原,唐津車両セ    ,213,18,103,3,,,1933,1946,,361,C,,1955
1470,A,,361,C,筑前前原,西唐津  ,唐津車両セ    ,213,19,103,3,,,1955,2045,,370,C,,2056
1471,A,,370,C,西唐津  ,筑前前原,唐津車両セ    ,213,20,103,3,,,2056,2147,,369,C,,2230
1472,A,,369,C,筑前前原,西唐津  ,唐津車両セ    ,213,21,103,3,,,2230,2314,終,,,,
1473,A,,318,C,西唐津  ,筑前前原,唐津車両セ    ,214,1,103,3,,,718,808,,317,C,,818
1474,A,,317,C,筑前前原,唐津    ,唐津車両セ    ,214,2,103,3,,,818,903,,326,C,,908
1475,A,,326,C,唐津    ,筑前前原,唐津車両セ    ,214,3,103,3,,,908,952,,325,C,,1007
1476,A,,325,C,筑前前原,唐津    ,唐津車両セ    ,214,4,103,3,,,1007,1047,回,325,S,,1100
1477,A,回,325,S,唐津    ,西唐津  ,唐津車両セ    ,214,5,103,3,,,1100,1103,,334,C,,1108
1478,A,,334,C,西唐津  ,筑前前原,唐津車両セ    ,214,6,103,3,,,1108,1152,,333,C,,1211
1479,A,,333,C,筑前前原,西唐津  ,唐津車両セ    ,214,7,103,3,,,1211,1259,,342,C,,1307
1480,A,,342,C,西唐津  ,筑前前原,唐津車両セ    ,214,8,103,3,,,1307,1352,,341,C,,1415
1481,A,,341,C,筑前前原,西唐津  ,唐津車両セ    ,214,9,103,3,,,1415,1502,,350,C,,1512
1482,A,,350,C,西唐津  ,筑前前原,唐津車両セ    ,214,10,103,3,,,1512,1600,,349,C,,1610
1483,A,,349,C,筑前前原,西唐津  ,唐津車両セ    ,214,11,103,3,,,1610,1708,,358,C,,1723
1484,A,,358,C,西唐津  ,筑前前原,唐津車両セ    ,214,12,103,3,,,1723,1809,,355,C,,1816
1485,A,,355,C,筑前前原,唐津    ,唐津車両セ    ,214,13,103,3,,,1816,1855,,364,C,,1920
1486,A,,364,C,唐津    ,筑前前原,唐津車両セ    ,214,14,103,3,,,1920,2005,,363,C,,2011
1487,A,,363,C,筑前前原,唐津    ,唐津車両セ    ,214,15,103,3,,,2011,2051,,372,C,,2135
1488,A,,372,C,唐津    ,筑前前原,唐津車両セ    ,214,16,103,3,,,2135,2217,,373,C,,2325
1489,A,,373,C,筑前前原,西唐津  ,唐津車両セ    ,214,17,103,3,,,2325,9,終,,,,
1490,A,回,1533,D,直方    ,後藤寺  ,直方車両セ    ,11,1,D147,5,,,526,611,,924,D,,638
1491,A,,924,D,後藤寺  ,田川伊田,直方車両セ    ,11,2,D147,2,,,638,642,,925,D,,703
1492,A,,925,D,田川伊田,後藤寺  ,直方車両セ    ,11,3,D147,2,,,703,707,,932,D,,718
1493,A,,932,D,後藤寺  ,小倉    ,直方車両セ    ,11,4,D147,2,,,718,817,回,621,D,,908
1494,A,回,621,D,小倉    ,直方    ,直方車両セ    ,11,5,D147,4,,,908,949,回,1557,D,,1508
1495,A,回,1557,D,直方    ,後藤寺  ,直方車両セ    ,11,6,D147,4,,,1508,1545,,966,D,,1558
1496,A,,966,D,後藤寺  ,小倉    ,直方車両セ    ,11,7,D147,2,,,1558,1700,,961,D,,1716
1497,A,,961,D,小倉    ,添田    ,直方車両セ    ,11,8,D147,2,,,1716,1833,,978,D,,1859
1498,A,,978,D,添田    ,小倉    ,直方車両セ    ,11,9,D147,2,,,1859,2021,,973,D,,2027
1499,A,,973,D,小倉    ,後藤寺  ,直方車両セ    ,11,10,D147,2,,,2027,2121,終,,,,
1500,A,,920,D,後藤寺  ,小倉    ,直方車両セ    ,12,1,D147,2,,,550,647,,929,D,,700
1501,A,,929,D,小倉    ,後藤寺  ,直方車両セ    ,12,2,D147,2,,,700,758,,938,D,,834
1502,A,,938,D,後藤寺  ,小倉    ,直方車両セ    ,12,3,D147,2,,,834,927,,939,D,,959
1503,A,,939,D,小倉    ,後藤寺  ,直方車両セ    ,12,4,D147,2,,,959,1058,,950,D,,1138
1504,A,,950,D,後藤寺  ,小倉    ,直方車両セ    ,12,5,D147,2,,,1138,1234,,949,D,,1247
1505,A,,949,D,小倉    ,後藤寺  ,直方車両セ    ,12,6,D147,2,,,1247,1349,,960,D,,1454
1506,A,,960,D,後藤寺  ,小倉    ,直方車両セ    ,12,7,D147,2,,,1454,1552,,957,D,,1602
1507,A,,957,D,小倉    ,添田    ,直方車両セ    ,12,8,D147,2,,,1602,1737,,974,D,,1758
1508,A,,974,D,添田    ,小倉    ,直方車両セ    ,12,9,D147,2,,,1758,1916,,969,D,,1926
1509,A,,969,D,小倉    ,後藤寺  ,直方車両セ    ,12,10,D147,2,,,1926,2025,回,1578,D,,2334
1510,A,回,1578,D,後藤寺  ,直方    ,直方車両セ    ,12,11,D147,5,,,2334,4,終,,,,
1511,A,回,1533,D,直方    ,後藤寺  ,直方車両セ    ,13,1,D147,5,,,526,611,回,934,D,,721
1512,A,回,934,D,後藤寺  ,添田    ,直方車両セ    ,13,2,D147,2,,,721,736,,934,D,,742
1513,A,,934,D,添田    ,小倉    ,直方車両セ    ,13,3,D147,2,,,742,905,,937,D,,922
1514,A,,937,D,小倉    ,後藤寺  ,直方車両セ    ,13,4,D147,2,,,922,1017,,946,D,,1023
1515,A,,946,D,後藤寺  ,小倉    ,直方車両セ    ,13,5,D147,2,,,1023,1115,,947,D,,1159
1516,A,,947,D,小倉    ,後藤寺  ,直方車両セ    ,13,6,D147,2,,,1159,1256,,951,D,,1414
1517,A,,951,D,後藤寺  ,添田    ,直方車両セ    ,13,7,D147,2,,,1414,1428,,958,D,,1436
1518,A,,958,D,添田    ,後藤寺  ,直方車両セ    ,13,8,D147,2,,,1436,1450,,962,D,,1523
1519,A,,962,D,後藤寺  ,小倉    ,直方車両セ    ,13,9,D147,2,,,1523,1617,,959,D,,1649
1520,A,,959,D,小倉    ,後藤寺  ,直方車両セ    ,13,10,D147,2,,,1649,1747,,976,D,,1847
1521,A,,976,D,後藤寺  ,小倉    ,直方車両セ    ,13,11,D147,2,,,1847,1945,,971,D,,1959
1522,A,,971,D,小倉    ,添田    ,直方車両セ    ,13,12,D147,2,,,1959,2130,,986,D,,2136
1523,A,,986,D,添田    ,小倉    ,直方車両セ    ,13,13,D147,2,,,2136,2253,,981,D,,2258
1524,A,,981,D,小倉    ,後藤寺  ,直方車両セ    ,13,14,D147,2,,,2258,2352,終,,,,
1525,A,回,926,D,後藤寺  ,添田    ,直方車両セ    ,14,1,D147,2,,,610,625,,926,D,,629
1526,A,,926,D,添田    ,後藤寺  ,直方車両セ    ,14,2,D147,2,,,629,644,回,3920,D,,657
1527,A,回,3920,D,後藤寺  ,添田    ,直方車両セ    ,14,3,D147,2,,,657,713,,3920,D,,717
1528,A,,3920,D,添田    ,小倉    ,直方車両セ    ,14,4,D147,2,,,717,834,回,621,D,,908
1529,A,回,621,D,小倉    ,直方    ,直方車両セ    ,14,5,D147,4,,,908,949,回,1557,D,,1508
1530,A,回,1557,D,直方    ,後藤寺  ,直方車両セ    ,14,6,D147,4,,,1508,1545,,968,D,,1633
1531,A,,968,D,後藤寺  ,小倉    ,直方車両セ    ,14,7,D147,2,,,1633,1734,,963,D,,1748
1532,A,,963,D,小倉    ,添田    ,直方車両セ    ,14,8,D147,2,,,1748,1921,,980,D,,1930
1533,A,,980,D,添田    ,小倉    ,直方車両セ    ,14,9,D147,2,,,1930,2049,,975,D,,2058
1534,A,,975,D,小倉    ,後藤寺  ,直方車両セ    ,14,10,D147,2,,,2058,2156,,1576,D,,2202
1535,A,,1576,D,後藤寺  ,新飯塚  ,直方車両セ    ,14,11,D147,2,,,2202,2223,,1579,D,,2244
1536,A,,1579,D,新飯塚  ,後藤寺  ,直方車両セ    ,14,12,D147,2,,,2244,2305,終,,,,
1537,A,,1530,D,後藤寺  ,新飯塚  ,直方車両セ    ,15,1,D147,2,,,541,601,,1535,D,,614
1538,A,,1535,D,新飯塚  ,後藤寺  ,直方車両セ    ,15,2,D147,2,,,614,635,,1532,D,,641
1539,A,,1532,D,後藤寺  ,新飯塚  ,直方車両セ    ,15,3,D147,2,,,641,702,,1541,D,,828
1540,A,,1541,D,新飯塚  ,後藤寺  ,直方車両セ    ,15,4,D147,2,,,828,849,,935,D,,920
1541,A,,935,D,後藤寺  ,添田    ,直方車両セ    ,15,5,D147,2,,,920,935,,944,D,,1002
1542,A,,944,D,添田    ,後藤寺  ,直方車両セ    ,15,6,D147,2,,,1002,1016,,941,D,,1100
1543,A,,941,D,後藤寺  ,添田    ,直方車両セ    ,15,7,D147,2,,,1100,1114,,948,D,,1122
1544,A,,948,D,添田    ,後藤寺  ,直方車両セ    ,15,8,D147,2,,,1122,1137,,945,D,,1228
1545,A,,945,D,後藤寺  ,添田    ,直方車両セ    ,15,9,D147,2,,,1228,1242,,952,D,,1252
1546,A,,952,D,添田    ,後藤寺  ,直方車両セ    ,15,10,D147,2,,,1252,1306,,956,D,,1412
1547,A,,956,D,後藤寺  ,小倉    ,直方車両セ    ,15,11,D147,2,,,1412,1514,,955,D,,1522
1548,A,,955,D,小倉    ,添田    ,直方車両セ    ,15,12,D147,2,,,1522,1639,,972,D,,1712
1549,A,,972,D,添田    ,小倉    ,直方車両セ    ,15,13,D147,2,,,1712,1835,,967,D,,1852
1550,A,,967,D,小倉    ,添田    ,直方車両セ    ,15,14,D147,2,,,1852,2009,,984,D,,2042
1551,A,,984,D,添田    ,小倉    ,直方車両セ    ,15,15,D147,2,,,2042,2202,,979,D,,2212
1552,A,,979,D,小倉    ,後藤寺  ,直方車両セ    ,15,16,D147,2,,,2212,2317,回,1578,D,,2334
1553,A,回,1578,D,後藤寺  ,直方    ,直方車両セ    ,15,17,D147,5,,,2334,4,終,,,,
1554,A,回,1531,D,直方    ,後藤寺  ,直方車両セ    ,16,1,D147,3,,,507,538,回,923,D,,603
1555,A,回,923,D,後藤寺  ,採銅所  ,直方車両セ    ,16,2,D147,3,,,603,619,,923,D,,630
1556,A,,923,D,採銅所  ,後藤寺  ,直方車両セ    ,16,3,D147,3,,,630,651,,928,D,,658
1557,A,,928,D,後藤寺  ,小倉    ,直方車両セ    ,16,4,D147,3,,,658,757,,933,D,,811
1558,A,,933,D,小倉    ,後藤寺  ,直方車両セ    ,16,5,D147,3,,,811,910,,942,D,,919
1559,A,,942,D,後藤寺  ,小倉    ,直方車両セ    ,16,6,D147,2,,,919,1017,,943,D,,1046
1560,A,,943,D,小倉    ,後藤寺  ,直方車両セ    ,16,7,D147,2,,,1046,1202,,954,D,,1312
1561,A,,954,D,後藤寺  ,小倉    ,直方車両セ    ,16,8,D147,2,,,1312,1414,,953,D,,1422
1562,A,,953,D,小倉    ,添田    ,直方車両セ    ,16,9,D147,2,,,1422,1533,,964,D,,1540
1563,A,,964,D,添田    ,後藤寺  ,直方車両セ    ,16,10,D147,2,,,1540,1554,,970,D,,1711
1564,A,,970,D,後藤寺  ,小倉    ,直方車両セ    ,16,11,D147,2,,,1711,1818,,965,D,,1823
1565,A,,965,D,小倉    ,後藤寺  ,直方車両セ    ,16,12,D147,2,,,1823,1921,,982,D,,2017
1566,A,,982,D,後藤寺  ,小倉    ,直方車両セ    ,16,13,D147,2,,,2017,2119,,977,D,,2138
1567,A,,977,D,小倉    ,添田    ,直方車両セ    ,16,14,D147,2,,,2138,2250,回,977,D,,2320
1568,A,回,977,D,添田    ,後藤寺  ,直方車両セ    ,16,15,D147,2,,,2320,2331,終,,,,
1569,A,回,921,D,後藤寺  ,田川伊田,直方車両セ    ,17,1,D147,2,,,525,529,,921,D,,534
1570,A,,921,D,田川伊田,添田    ,直方車両セ    ,17,2,D147,2,,,534,559,,922,D,,606
1571,A,,922,D,添田    ,小倉    ,直方車両セ    ,17,3,D147,2,,,606,721,,931,D,,726
1572,A,,931,D,小倉    ,添田    ,直方車両セ    ,17,4,D147,2,,,726,848,,940,D,,902
1573,A,,940,D,添田    ,後藤寺  ,直方車両セ    ,17,5,D147,2,,,902,916,回,1546,D,,1042
1574,A,回,1546,D,後藤寺  ,直方    ,直方車両セ    ,17,6,D147,3,,,1042,1134,終,,,,
1575,A,回,1533,D,直方    ,後藤寺  ,直方車両セ    ,21,1,D40 ,5,,,526,611,,1534,D,,711
1576,A,,1534,D,後藤寺  ,新飯塚  ,直方車両セ    ,21,2,D40 ,1,,,711,732,,1539,D,,736
1577,A,,1539,D,新飯塚  ,後藤寺  ,直方車両セ    ,21,3,D40 ,1,,,736,800,,1540,D,,850
1578,A,,1540,D,後藤寺  ,新飯塚  ,直方車両セ    ,21,4,D40 ,1,,,850,911,,1545,D,,951
1579,A,,1545,D,新飯塚  ,後藤寺  ,直方車両セ    ,21,5,D40 ,1,,,951,1013,,1544,D,,1020
1580,A,,1544,D,後藤寺  ,新飯塚  ,直方車両セ    ,21,6,D40 ,1,,,1020,1041,,1547,D,,1050
1581,A,,1547,D,新飯塚  ,後藤寺  ,直方車両セ    ,21,7,D40 ,1,,,1050,1111,,1548,D,,1114
1582,A,,1548,D,後藤寺  ,新飯塚  ,直方車両セ    ,21,8,D40 ,1,,,1114,1135,,1549,D,,1146
1583,A,,1549,D,新飯塚  ,後藤寺  ,直方車両セ    ,21,9,D40 ,1,,,1146,1207,,1550,D,,1214
1584,A,,1550,D,後藤寺  ,新飯塚  ,直方車両セ    ,21,10,D40 ,1,,,1214,1235,,1551,D,,1246
1585,A,,1551,D,新飯塚  ,後藤寺  ,直方車両セ    ,21,11,D40 ,1,,,1246,1307,,1552,D,,1314
1586,A,,1552,D,後藤寺  ,新飯塚  ,直方車両セ    ,21,12,D40 ,1,,,1314,1335,,1553,D,,1346
1587,A,,1553,D,新飯塚  ,後藤寺  ,直方車両セ    ,21,13,D40 ,1,,,1346,1407,,1554,D,,1414
1588,A,,1554,D,後藤寺  ,新飯塚  ,直方車両セ    ,21,14,D40 ,1,,,1414,1435,,1555,D,,1446
1589,A,,1555,D,新飯塚  ,後藤寺  ,直方車両セ    ,21,15,D40 ,1,,,1446,1507,,1556,D,,1520
1590,A,,1556,D,後藤寺  ,新飯塚  ,直方車両セ    ,21,16,D40 ,1,,,1520,1540,,1559,D,,1546
1591,A,,1559,D,新飯塚  ,後藤寺  ,直方車両セ    ,21,17,D40 ,1,,,1546,1607,,1558,D,,1616
1592,A,,1558,D,後藤寺  ,新飯塚  ,直方車両セ    ,21,18,D40 ,1,,,1616,1637,,1561,D,,1647
1593,A,,1561,D,新飯塚  ,後藤寺  ,直方車両セ    ,21,19,D40 ,1,,,1647,1708,,1562,D,,1716
1594,A,,1562,D,後藤寺  ,新飯塚  ,直方車両セ    ,21,20,D40 ,1,,,1716,1736,,1565,D,,1750
1595,A,,1565,D,新飯塚  ,後藤寺  ,直方車両セ    ,21,21,D40 ,1,,,1750,1814,,1566,D,,1816
1596,A,,1566,D,後藤寺  ,新飯塚  ,直方車両セ    ,21,22,D40 ,1,,,1816,1837,,1569,D,,1851
1597,A,,1569,D,新飯塚  ,後藤寺  ,直方車両セ    ,21,23,D40 ,1,,,1851,1914,,1570,D,,1917
1598,A,,1570,D,後藤寺  ,新飯塚  ,直方車両セ    ,21,24,D40 ,1,,,1917,1938,,1573,D,,1950
1599,A,,1573,D,新飯塚  ,後藤寺  ,直方車両セ    ,21,25,D40 ,1,,,1950,2011,終,,,,
1600,A,回,930,D,後藤寺  ,添田    ,直方車両セ    ,22,1,D40 ,1,,,633,649,,930,D,,653
1601,A,,930,D,添田    ,香春    ,直方車両セ    ,22,2,D40 ,1,,,653,722,,927,D,,732
1602,A,,927,D,香春    ,添田    ,直方車両セ    ,22,3,D40 ,1,,,732,804,,936,D,,813
1603,A,,936,D,添田    ,後藤寺  ,直方車両セ    ,22,4,D40 ,1,,,813,828,,1560,D,,1639
1604,A,,1560,D,後藤寺  ,新飯塚  ,直方車両セ    ,22,5,D40 ,1,,,1639,1703,,1563,D,,1718
1605,A,,1563,D,新飯塚  ,後藤寺  ,直方車両セ    ,22,6,D40 ,1,,,1718,1742,,1564,D,,1748
1606,A,,1564,D,後藤寺  ,新飯塚  ,直方車両セ    ,22,7,D40 ,1,,,1748,1809,,1567,D,,1819
1607,A,,1567,D,新飯塚  ,後藤寺  ,直方車両セ    ,22,8,D40 ,1,,,1819,1843,,1568,D,,1848
1608,A,,1568,D,後藤寺  ,新飯塚  ,直方車両セ    ,22,9,D40 ,1,,,1848,1909,,1571,D,,1919
1609,A,,1571,D,新飯塚  ,後藤寺  ,直方車両セ    ,22,10,D40 ,1,,,1919,1943,,1572,D,,2019
1610,A,,1572,D,後藤寺  ,新飯塚  ,直方車両セ    ,22,11,D40 ,1,,,2019,2040,,1575,D,,2051
1611,A,,1575,D,新飯塚  ,後藤寺  ,直方車両セ    ,22,12,D40 ,1,,,2051,2112,,1574,D,,2127
1612,A,,1574,D,後藤寺  ,新飯塚  ,直方車両セ    ,22,13,D40 ,1,,,2127,2148,,1577,D,,2203
1613,A,,1577,D,新飯塚  ,後藤寺  ,直方車両セ    ,22,14,D40 ,1,,,2203,2229,,988,D,,2241
1614,A,,988,D,後藤寺  ,田川伊田,直方車両セ    ,22,15,D40 ,1,,,2241,2245,回,988,D,,2251
1615,A,回,988,D,田川伊田,後藤寺  ,直方車両セ    ,22,16,D40 ,1,,,2251,2255,回,1578,D,,2334
1616,A,回,1578,D,後藤寺  ,直方    ,直方車両セ    ,22,17,D40 ,5,,,2334,4,終,,,,
1617,A,回,6621,D,直方    ,桂川    ,直方車両セ    ,23,1,D40 ,1,,,541,606,,6621,D,,620
1618,A,,6621,D,桂川    ,原田    ,直方車両セ    ,23,2,D40 ,1,,,620,648,,6620,D,,659
1619,A,,6620,D,原田    ,桂川    ,直方車両セ    ,23,3,D40 ,1,,,659,727,,6623,D,,734
1620,A,,6623,D,桂川    ,原田    ,直方車両セ    ,23,4,D40 ,1,,,734,802,,6622,D,,928
1621,A,,6622,D,原田    ,桂川    ,直方車両セ    ,23,5,D40 ,1,,,928,957,,6625,D,,1021
1622,A,,6625,D,桂川    ,原田    ,直方車両セ    ,23,6,D40 ,1,,,1021,1049,,6624,D,,1104
1623,A,,6624,D,原田    ,桂川    ,直方車両セ    ,23,7,D40 ,1,,,1104,1133,回,6624,D,,1143
1624,A,回,6624,D,桂川    ,直方    ,直方車両セ    ,23,8,D40 ,1,,,1143,1211,回,6627,D,,1358
1625,A,回,6627,D,直方    ,桂川    ,直方車両セ    ,23,9,D40 ,1,,,1358,1424,,6627,D,,1430
1626,A,,6627,D,桂川    ,原田    ,直方車両セ    ,23,10,D40 ,1,,,1430,1458,,6626,D,,1558
1627,A,,6626,D,原田    ,桂川    ,直方車両セ    ,23,11,D40 ,1,,,1558,1626,,6629,D,,1646
1628,A,,6629,D,桂川    ,原田    ,直方車両セ    ,23,12,D40 ,1,,,1646,1714,,6628,D,,1719
1629,A,,6628,D,原田    ,桂川    ,直方車両セ    ,23,13,D40 ,1,,,1719,1748,,6631,D,,1753
1630,A,,6631,D,桂川    ,原田    ,直方車両セ    ,23,14,D40 ,1,,,1753,1821,,6630,D,,1827
1631,A,,6630,D,原田    ,桂川    ,直方車両セ    ,23,15,D40 ,1,,,1827,1855,,6633,D,,1900
1632,A,,6633,D,桂川    ,原田    ,直方車両セ    ,23,16,D40 ,1,,,1900,1929,,6632,D,,2018
1633,A,,6632,D,原田    ,桂川    ,直方車両セ    ,23,17,D40 ,1,,,2018,2048,,6635,D,,2104
1634,A,,6635,D,桂川    ,原田    ,直方車両セ    ,23,18,D40 ,1,,,2104,2133,,6634,D,,2141
1635,A,,6634,D,原田    ,桂川    ,直方車両セ    ,23,19,D40 ,1,,,2141,2211,回,6634,D,,2215
1636,A,回,6634,D,桂川    ,直方    ,直方車両セ    ,23,20,D40 ,1,,,2215,2236,終,,,,
1637,A,回,1537,D,直方    ,新飯塚  ,直方車両セ    ,31,1,D147,2,,,609,623,,1537,D,,644
1638,A,,1537,D,新飯塚  ,後藤寺  ,直方車両セ    ,31,2,D147,2,,,644,708,,1536,D,,733
1639,A,,1536,D,後藤寺  ,新飯塚  ,直方車両セ    ,31,3,D147,2,,,733,754,,3531,D,,802
1640,A,,3531,D,新飯塚  ,後藤寺  ,直方車両セ    ,31,4,D147,2,,,802,818,,1538,D,,820
1641,A,,1538,D,後藤寺  ,新飯塚  ,直方車両セ    ,31,5,D147,2,,,820,844,,1543,D,,853
1642,A,,1543,D,新飯塚  ,後藤寺  ,直方車両セ    ,31,6,D147,2,,,853,916,,1542,D,,942
1643,A,,1542,D,後藤寺  ,新飯塚  ,直方車両セ    ,31,7,D147,2,,,942,1007,回,1542,D,,1019
1644,A,回,1542,D,新飯塚  ,直方    ,直方車両セ    ,31,8,D147,2,,,1019,1034,終,,,,
1645,A,回,1531,D,直方    ,後藤寺  ,直方車両セ    ,41,1,D40 ,3,,,507,538,回,923,D,,603
1646,A,回,923,D,後藤寺  ,採銅所  ,直方車両セ    ,41,2,D40 ,3,,,603,619,,923,D,,630
1647,A,,923,D,採銅所  ,後藤寺  ,直方車両セ    ,41,3,D40 ,3,,,630,651,,928,D,,658
1648,A,,928,D,後藤寺  ,小倉    ,直方車両セ    ,41,4,D40 ,3,,,658,757,,933,D,,811
1649,A,,933,D,小倉    ,後藤寺  ,直方車両セ    ,41,5,D40 ,3,,,811,910,回,1546,D,,1042
1650,A,回,1546,D,後藤寺  ,直方    ,直方車両セ    ,41,6,D40 ,3,,,1042,1134,終,,,,
1651,A,,6526,H,直方    ,折尾　筑,直方車両セ    ,201,1,817,2,,,641,702,,6527,H,,716
1652,A,,6527,H,折尾　筑,直方    ,直方車両セ    ,201,2,817,2,,,716,737,,6532,H,,747
1653,A,,6532,H,直方    ,折尾　筑,直方車両セ    ,201,3,817,2,,,747,808,,4625,H,,831
1654,A,,4625,H,折尾　筑,博多    ,直方車両セ    ,201,4,817,2,,,831,1006,,2636,H,,1011
1655,A,,2636,H,博多    ,直方    ,直方車両セ    ,201,5,817,2,,,1011,1119,,6540,H,,1705
1656,A,,6540,H,直方    ,折尾　筑,直方車両セ    ,201,6,817,2,,,1705,1726,,6541,H,,1736
1657,A,,6541,H,折尾　筑,直方    ,直方車両セ    ,201,7,817,2,,,1736,1757,,6542,H,,1804
1658,A,,6542,H,直方    ,折尾　筑,直方車両セ    ,201,8,817,2,,,1804,1824,,6543,H,,1837
1659,A,,6543,H,折尾　筑,直方    ,直方車両セ    ,201,9,817,2,,,1837,1858,,6548,H,,1906
1660,A,,6548,H,直方    ,折尾　筑,直方車両セ    ,201,10,817,2,,,1906,1927,,6549,H,,1936
1661,A,,6549,H,折尾　筑,直方    ,直方車両セ    ,201,11,817,2,,,1936,1956,,6558,H,,2108
1662,A,,6558,H,直方    ,折尾　筑,直方車両セ    ,201,12,817,2,,,2108,2128,,6559,H,,2141
1663,A,,6559,H,折尾　筑,直方    ,直方車両セ    ,201,13,817,2,,,2141,2201,,6562,H,,2233
1664,A,,6562,H,直方    ,折尾　筑,直方車両セ    ,201,14,817,2,,,2233,2254,,6565,H,,2258
1665,A,,6565,H,折尾　筑,新飯塚  ,直方車両セ    ,201,15,817,2,,,2258,2336,終,,,,
1666,A,回,6528,H,新飯塚  ,飯塚    ,直方車両セ    ,202,1,817,2,,,620,623,,6528,H,,627
1667,A,,6528,H,飯塚    ,折尾　筑,直方車両セ    ,202,2,817,2,,,627,723,,6529,H,,730
1668,A,,6529,H,折尾　筑,直方    ,直方車両セ    ,202,3,817,2,,,730,753,,624,H,,802
1669,A,,624,H,直方    ,小倉    ,直方車両セ    ,202,4,817,2,,,802,902,回,624,H,,910
1670,A,回,624,H,小倉    ,門司港  ,直方車両セ    ,202,5,817,2,,,910,924,,629,H,,1105
1671,A,,629,H,門司港  ,直方    ,直方車両セ    ,202,6,817,2,,,1105,1211,,4637,H,,1414
1672,A,,4637,H,直方    ,博多    ,直方車両セ    ,202,7,817,4,,,1414,1517,,4636,H,,1528
1673,A,,4636,H,博多    ,直方    ,直方車両セ    ,202,8,817,4,,,1528,1632,,2669,H,,1644
1674,A,,2669,H,直方    ,博多    ,直方車両セ    ,202,9,817,4,,,1644,1749,,4644,H,,1754
1675,A,,4644,H,博多    ,直方    ,直方車両セ    ,202,10,817,4,,,1754,1900,,2687,H,,2054
1676,A,,2687,H,直方    ,博多    ,直方車両セ    ,202,11,817,4,,,2054,2207,,2682,H,,2210
1677,A,,2682,H,博多    ,直方    ,直方車両セ    ,202,12,817,4,,,2210,2313,終,,,,
1678,A,,2627,H,直方    ,博多    ,直方車両セ    ,203,1,817,6,,,613,717,,2626,H,,726
1679,A,,2626,H,博多    ,折尾　筑,直方車両セ    ,203,2,817,2,,,726,914,,6535,H,,943
1680,A,,6535,H,折尾　筑,直方    ,直方車両セ    ,203,3,817,2,,,943,1003,,6538,H,,1009
1681,A,,6538,H,直方    ,折尾　筑,直方車両セ    ,203,4,817,2,,,1009,1029,,6539,H,,1036
1682,A,,6539,H,折尾　筑,直方    ,直方車両セ    ,203,5,817,2,,,1036,1057,,4637,H,,1414
1683,A,,4637,H,直方    ,博多    ,直方車両セ    ,203,6,817,4,,,1414,1517,,4636,H,,1528
1684,A,,4636,H,博多    ,直方    ,直方車両セ    ,203,7,817,4,,,1528,1632,,2669,H,,1644
1685,A,,2669,H,直方    ,博多    ,直方車両セ    ,203,8,817,4,,,1644,1749,,4644,H,,1754
1686,A,,4644,H,博多    ,直方    ,直方車両セ    ,203,9,817,4,,,1754,1900,,2687,H,,2054
1687,A,,2687,H,直方    ,博多    ,直方車両セ    ,203,10,817,4,,,2054,2207,,2682,H,,2210
1688,A,,2682,H,博多    ,直方    ,直方車両セ    ,203,11,817,4,,,2210,2313,終,,,,
1689,A,,6524,H,直方    ,折尾　筑,直方車両セ    ,204,1,817,2,,,616,636,,6525,H,,649
1690,A,,6525,H,折尾　筑,直方    ,直方車両セ    ,204,2,817,2,,,649,710,,4623,H,,739
1691,A,,4623,H,直方    ,博多    ,直方車両セ    ,204,3,817,6,,,739,841,,2632,H,,845
1692,A,,2632,H,博多    ,直方    ,直方車両セ    ,204,4,817,6,,,845,953,,6550,H,,1925
1693,A,,6550,H,直方    ,折尾　筑,直方車両セ    ,204,5,817,2,,,1925,1949,,6551,H,,1954
1694,A,,6551,H,折尾　筑,直方    ,直方車両セ    ,204,6,817,2,,,1954,2014,,6556,H,,2035
1695,A,,6556,H,直方    ,折尾　筑,直方車両セ    ,204,7,817,2,,,2035,2055,,6557,H,,2100
1696,A,,6557,H,折尾　筑,直方    ,直方車両セ    ,204,8,817,2,,,2100,2121,終,,,,
1697,A,,2627,H,直方    ,博多    ,直方車両セ    ,211,1,817,6,,,613,717,,5624,H,,742
1698,A,,5624,H,博多    ,長者原篠,直方車両セ    ,211,2,817,4,,,742,754,,5627,H,,804
1699,A,,5627,H,長者原篠,博多    ,直方車両セ    ,211,3,817,4,,,804,816,,5634,H,,912
1700,A,,5634,H,博多    ,篠栗    ,直方車両セ    ,211,4,817,4,,,912,933,,5639,H,,958
1701,A,,5639,H,篠栗    ,博多    ,直方車両セ    ,211,5,817,4,,,958,1018,,2640,H,,1108
1702,A,,2640,H,博多    ,直方    ,直方車両セ    ,211,6,817,4,,,1108,1220,,4635,H,,1313
1703,A,,4635,H,直方    ,博多    ,直方車両セ    ,211,7,817,4,,,1313,1417,,2654,H,,1428
1704,A,,2654,H,博多    ,新飯塚  ,直方車両セ    ,211,8,817,4,,,1428,1520,,2663,H,,1544
1705,A,,2663,H,新飯塚  ,博多    ,直方車両セ    ,211,9,817,4,,,1544,1636,,5638,H,,1640
1706,A,,5638,H,博多    ,篠栗    ,直方車両セ    ,211,10,817,4,,,1640,1659,,5643,H,,1704
1707,A,,5643,H,篠栗    ,博多    ,直方車両セ    ,211,11,817,4,,,1704,1728,,2664,H,,1733
1708,A,,2664,H,博多    ,直方    ,直方車両セ    ,211,12,817,4,,,1733,1843,,4653,H,,1924
1709,A,,4653,H,直方    ,博多    ,直方車両セ    ,211,13,817,4,,,1924,2025,,4654,H,,2028
1710,A,,4654,H,博多    ,直方    ,直方車両セ    ,211,14,817,4,,,2028,2126,,2689,H,,2135
1711,A,,2689,H,直方    ,博多    ,直方車両セ    ,211,15,817,4,,,2135,2248,,5652,H,,2256
1712,A,,5652,H,博多    ,篠栗    ,直方車両セ    ,211,16,817,4,,,2256,2315,終,,,,
1713,A,,5621,H,篠栗    ,博多    ,直方車両セ    ,212,1,817,4,,,528,545,,2620,H,,610
1714,A,,2620,H,博多    ,直方    ,直方車両セ    ,212,2,817,4,,,610,714,,4623,H,,739
1715,A,,4623,H,直方    ,博多    ,直方車両セ    ,212,3,817,6,,,739,841,,2632,H,,845
1716,A,,2632,H,博多    ,直方    ,直方車両セ    ,212,4,817,6,,,845,953,,4639,H,,1515
1717,A,,4639,H,直方    ,博多    ,直方車両セ    ,212,5,817,4,,,1515,1616,,4638,H,,1622
1718,A,,4638,H,博多    ,直方    ,直方車両セ    ,212,6,817,4,,,1622,1721,,2673,H,,1739
1719,A,,2673,H,直方    ,博多    ,直方車両セ    ,212,7,817,4,,,1739,1849,,4648,H,,1857
1720,A,,4648,H,博多    ,直方    ,直方車両セ    ,212,8,817,4,,,1857,2001,,2685,H,,2033
1721,A,,2685,H,直方    ,博多    ,直方車両セ    ,212,9,817,4,,,2033,2136,,2680,H,,2144
1722,A,,2680,H,博多    ,直方    ,直方車両セ    ,212,10,817,4,,,2144,2249,終,,,,
1723,A,,4621,H,直方    ,博多    ,直方車両セ    ,213,1,817,6,,,639,749,,5626,H,,752
1724,A,,5626,H,博多    ,篠栗    ,直方車両セ    ,213,2,817,6,,,752,816,,5631,H,,829
1725,A,,5631,H,篠栗    ,博多    ,直方車両セ    ,213,3,817,6,,,829,851,,5632,H,,854
1726,A,,5632,H,博多    ,篠栗    ,直方車両セ    ,213,4,817,6,,,854,912,,5637,H,,917
1727,A,,5637,H,篠栗    ,博多    ,直方車両セ    ,213,5,817,6,,,917,936,,2634,H,,939
1728,A,,2634,H,博多    ,直方    ,直方車両セ    ,213,6,817,6,,,939,1043,,4633,H,,1213
1729,A,,4633,H,直方    ,博多    ,直方車両セ    ,213,7,817,4,,,1213,1317,,2650,H,,1328
1730,A,,2650,H,博多    ,新飯塚  ,直方車両セ    ,213,8,817,4,,,1328,1420,,2659,H,,1442
1731,A,,2659,H,新飯塚  ,博多    ,直方車両セ    ,213,9,817,4,,,1442,1534,,2658,H,,1545
1732,A,,2658,H,博多    ,直方    ,直方車両セ    ,213,10,817,4,,,1545,1650,,4645,H,,1723
1733,A,,4645,H,直方    ,博多    ,直方車両セ    ,213,11,817,4,,,1723,1829,,2668,H,,1833
1734,A,,2668,H,博多    ,直方    ,直方車両セ    ,213,12,817,4,,,1833,1941,,2683,H,,2001
1735,A,,2683,H,直方    ,博多    ,直方車両セ    ,213,13,817,4,,,2001,2107,,2678,H,,2111
1736,A,,2678,H,博多    ,直方    ,直方車両セ    ,213,14,817,4,,,2111,2215,終,,,,
1737,A,,2631,H,直方    ,博多    ,直方車両セ    ,214,1,817,6,,,652,758,,2628,H,,803
1738,A,,2628,H,博多    ,直方    ,直方車両セ    ,214,2,817,6,,,803,913,,4627,H,,927
1739,A,,4627,H,直方    ,博多    ,直方車両セ    ,214,3,817,4,,,927,1027,,2638,H,,1036
1740,A,,2638,H,博多    ,新飯塚  ,直方車両セ    ,214,4,817,4,,,1036,1128,,2647,H,,1143
1741,A,,2647,H,新飯塚  ,博多    ,直方車両セ    ,214,5,817,4,,,1143,1234,,4630,H,,1251
1742,A,,4630,H,博多    ,直方    ,直方車両セ    ,214,6,817,4,,,1251,1354,,2665,H,,1545
1743,A,,2665,H,直方    ,博多    ,直方車両セ    ,214,7,817,4,,,1545,1653,,4640,H,,1656
1744,A,,4640,H,博多    ,直方    ,直方車両セ    ,214,8,817,4,,,1656,1800,回,2675,H,,1806
1745,A,回,2675,H,直方    ,新飯塚  ,直方車両セ    ,214,9,817,4,,,1806,1817,,2675,H,,1821
1746,A,,2675,H,新飯塚  ,博多    ,直方車両セ    ,214,10,817,4,,,1821,1915,,4650,H,,1919
1747,A,,4650,H,博多    ,直方    ,直方車両セ    ,214,11,817,4,,,1919,2028,,2691,H,,2203
1748,A,,2691,H,直方    ,博多    ,直方車両セ    ,214,12,817,4,,,2203,2310,,2688,H,,2320
1749,A,,2688,H,博多    ,直方    ,直方車両セ    ,214,13,817,4,,,2320,25,終,,,,
1750,A,,2627,H,直方    ,博多    ,直方車両セ    ,221,1,817,6,,,613,717,,5624,H,,742
1751,A,,5624,H,博多    ,長者原篠,直方車両セ    ,221,2,817,4,,,742,754,,5627,H,,804
1752,A,,5627,H,長者原篠,博多    ,直方車両セ    ,221,3,817,4,,,804,816,,5634,H,,912
1753,A,,5634,H,博多    ,篠栗    ,直方車両セ    ,221,4,817,4,,,912,933,,5639,H,,958
1754,A,,5639,H,篠栗    ,博多    ,直方車両セ    ,221,5,817,4,,,958,1018,,2640,H,,1108
1755,A,,2640,H,博多    ,直方    ,直方車両セ    ,221,6,817,4,,,1108,1220,,4635,H,,1313
1756,A,,4635,H,直方    ,博多    ,直方車両セ    ,221,7,817,4,,,1313,1417,,2654,H,,1428
1757,A,,2654,H,博多    ,新飯塚  ,直方車両セ    ,221,8,817,4,,,1428,1520,,2663,H,,1544
1758,A,,2663,H,新飯塚  ,博多    ,直方車両セ    ,221,9,817,4,,,1544,1636,,5638,H,,1640
1759,A,,5638,H,博多    ,篠栗    ,直方車両セ    ,221,10,817,4,,,1640,1659,,5643,H,,1704
1760,A,,5643,H,篠栗    ,博多    ,直方車両セ    ,221,11,817,4,,,1704,1728,,2664,H,,1733
1761,A,,2664,H,博多    ,直方    ,直方車両セ    ,221,12,817,4,,,1733,1843,,4653,H,,1924
1762,A,,4653,H,直方    ,博多    ,直方車両セ    ,221,13,817,4,,,1924,2025,,4654,H,,2028
1763,A,,4654,H,博多    ,直方    ,直方車両セ    ,221,14,817,4,,,2028,2126,,2689,H,,2135
1764,A,,2689,H,直方    ,博多    ,直方車両セ    ,221,15,817,4,,,2135,2248,,5652,H,,2256
1765,A,,5652,H,博多    ,篠栗    ,直方車両セ    ,221,16,817,4,,,2256,2315,終,,,,
1766,A,,5621,H,篠栗    ,博多    ,直方車両セ    ,222,1,817,4,,,528,545,,2620,H,,610
1767,A,,2620,H,博多    ,直方    ,直方車両セ    ,222,2,817,4,,,610,714,,4623,H,,739
1768,A,,4623,H,直方    ,博多    ,直方車両セ    ,222,3,817,6,,,739,841,,2632,H,,845
1769,A,,2632,H,博多    ,直方    ,直方車両セ    ,222,4,817,6,,,845,953,,4639,H,,1515
1770,A,,4639,H,直方    ,博多    ,直方車両セ    ,222,5,817,4,,,1515,1616,,4638,H,,1622
1771,A,,4638,H,博多    ,直方    ,直方車両セ    ,222,6,817,4,,,1622,1721,,2673,H,,1739
1772,A,,2673,H,直方    ,博多    ,直方車両セ    ,222,7,817,4,,,1739,1849,,4648,H,,1857
1773,A,,4648,H,博多    ,直方    ,直方車両セ    ,222,8,817,4,,,1857,2001,,2685,H,,2033
1774,A,,2685,H,直方    ,博多    ,直方車両セ    ,222,9,817,4,,,2033,2136,,2680,H,,2144
1775,A,,2680,H,博多    ,直方    ,直方車両セ    ,222,10,817,4,,,2144,2249,終,,,,
1776,A,,4621,H,直方    ,博多    ,直方車両セ    ,223,1,817,6,,,639,749,,5626,H,,752
1777,A,,5626,H,博多    ,篠栗    ,直方車両セ    ,223,2,817,6,,,752,816,,5631,H,,829
1778,A,,5631,H,篠栗    ,博多    ,直方車両セ    ,223,3,817,6,,,829,851,,5632,H,,854
1779,A,,5632,H,博多    ,篠栗    ,直方車両セ    ,223,4,817,6,,,854,912,,5637,H,,917
1780,A,,5637,H,篠栗    ,博多    ,直方車両セ    ,223,5,817,6,,,917,936,,2634,H,,939
1781,A,,2634,H,博多    ,直方    ,直方車両セ    ,223,6,817,6,,,939,1043,,4633,H,,1213
1782,A,,4633,H,直方    ,博多    ,直方車両セ    ,223,7,817,4,,,1213,1317,,2650,H,,1328
1783,A,,2650,H,博多    ,新飯塚  ,直方車両セ    ,223,8,817,4,,,1328,1420,,2659,H,,1442
1784,A,,2659,H,新飯塚  ,博多    ,直方車両セ    ,223,9,817,4,,,1442,1534,,2658,H,,1545
1785,A,,2658,H,博多    ,直方    ,直方車両セ    ,223,10,817,4,,,1545,1650,,4645,H,,1723
1786,A,,4645,H,直方    ,博多    ,直方車両セ    ,223,11,817,4,,,1723,1829,,2668,H,,1833
1787,A,,2668,H,博多    ,直方    ,直方車両セ    ,223,12,817,4,,,1833,1941,,2683,H,,2001
1788,A,,2683,H,直方    ,博多    ,直方車両セ    ,223,13,817,4,,,2001,2107,,2678,H,,2111
1789,A,,2678,H,博多    ,直方    ,直方車両セ    ,223,14,817,4,,,2111,2215,終,,,,
1790,A,,2631,H,直方    ,博多    ,直方車両セ    ,224,1,817,6,,,652,758,,2628,H,,803
1791,A,,2628,H,博多    ,直方    ,直方車両セ    ,224,2,817,6,,,803,913,,4627,H,,927
1792,A,,4627,H,直方    ,博多    ,直方車両セ    ,224,3,817,4,,,927,1027,,2638,H,,1036
1793,A,,2638,H,博多    ,新飯塚  ,直方車両セ    ,224,4,817,4,,,1036,1128,,2647,H,,1143
1794,A,,2647,H,新飯塚  ,博多    ,直方車両セ    ,224,5,817,4,,,1143,1234,,4630,H,,1251
1795,A,,4630,H,博多    ,直方    ,直方車両セ    ,224,6,817,4,,,1251,1354,,2665,H,,1545
1796,A,,2665,H,直方    ,博多    ,直方車両セ    ,224,7,817,4,,,1545,1653,,4640,H,,1656
1797,A,,4640,H,博多    ,直方    ,直方車両セ    ,224,8,817,4,,,1656,1800,回,2675,H,,1806
1798,A,回,2675,H,直方    ,新飯塚  ,直方車両セ    ,224,9,817,4,,,1806,1817,,2675,H,,1821
1799,A,,2675,H,新飯塚  ,博多    ,直方車両セ    ,224,10,817,4,,,1821,1915,,4650,H,,1919
1800,A,,4650,H,博多    ,直方    ,直方車両セ    ,224,11,817,4,,,1919,2028,,2691,H,,2203
1801,A,,2691,H,直方    ,博多    ,直方車両セ    ,224,12,817,4,,,2203,2310,,2688,H,,2320
1802,A,,2688,H,博多    ,直方    ,直方車両セ    ,224,13,817,4,,,2320,25,終,,,,
1803,A,,2631,H,直方    ,博多    ,直方車両セ    ,231,1,B819,6,,,652,758,,2628,H,,803
1804,A,,2628,H,博多    ,直方    ,直方車両セ    ,231,2,B819,6,,,803,913,,6536,H,,934
1805,A,,6536,H,直方    ,折尾　筑,直方車両セ    ,231,3,B819,2,,,934,954,,6537,H,,1006
1806,A,,6537,H,折尾　筑,直方    ,直方車両セ    ,231,4,B819,2,,,1006,1026,,6646,M,,1104
1807,A,,6646,M,直方    ,若松    ,直方車両セ    ,231,5,B819,2,,,1104,1147,,6649,M,,1159
1808,A,,6649,M,若松    ,直方    ,直方車両セ    ,231,6,B819,2,,,1159,1236,,6654,M,,1304
1809,A,,6654,M,直方    ,若松    ,直方車両セ    ,231,7,B819,2,,,1304,1347,,6657,M,,1359
1810,A,,6657,M,若松    ,直方    ,直方車両セ    ,231,8,B819,2,,,1359,1436,,6662,M,,1503
1811,A,,6662,M,直方    ,若松    ,直方車両セ    ,231,9,B819,2,,,1503,1547,,6665,M,,1557
1812,A,,6665,M,若松    ,直方    ,直方車両セ    ,231,10,B819,2,,,1557,1638,,6670,M,,1653
1813,A,,6670,M,直方    ,若松    ,直方車両セ    ,231,11,B819,2,,,1653,1732,,6673,M,,1753
1814,A,,6673,M,若松    ,直方    ,直方車両セ    ,231,12,B819,2,,,1753,1832,,6546,H,,1849
1815,A,,6546,H,直方    ,折尾　筑,直方車両セ    ,231,13,B819,2,,,1849,1910,,6547,H,,1920
1816,A,,6547,H,折尾　筑,直方    ,直方車両セ    ,231,14,B819,2,,,1920,1941,,6554,H,,2004
1817,A,,6554,H,直方    ,折尾　筑,直方車両セ    ,231,15,B819,2,,,2004,2024,,6555,H,,2031
1818,A,,6555,H,折尾　筑,直方    ,直方車両セ    ,231,16,B819,2,,,2031,2052,終,,,,
1819,A,,6620,M,直方    ,若松    ,直方車両セ    ,232,1,B819,2,,,533,611,,6623,M,,616
1820,A,,6623,M,若松    ,折尾　筑,直方車両セ    ,232,2,B819,2,,,616,632,,6624,M,,640
1821,A,,6624,M,折尾　筑,若松    ,直方車両セ    ,232,3,B819,2,,,640,655,,6627,M,,659
1822,A,,6627,M,若松    ,折尾　筑,直方車両セ    ,232,4,B819,2,,,659,715,,6628,M,,725
1823,A,,6628,M,折尾　筑,若松    ,直方車両セ    ,232,5,B819,2,,,725,740,,6631,M,,745
1824,A,,6631,M,若松    ,折尾　筑,直方車両セ    ,232,6,B819,2,,,745,800,,6632,M,,811
1825,A,,6632,M,折尾　筑,若松    ,直方車両セ    ,232,7,B819,2,,,811,827,,6635,M,,831
1826,A,,6635,M,若松    ,折尾　筑,直方車両セ    ,232,8,B819,2,,,831,846,,6636,M,,856
1827,A,,6636,M,折尾　筑,若松    ,直方車両セ    ,232,9,B819,2,,,856,911,,6639,M,,920
1828,A,,6639,M,若松    ,折尾　筑,直方車両セ    ,232,10,B819,2,,,920,935,,6640,M,,958
1829,A,,6640,M,折尾　筑,若松    ,直方車両セ    ,232,11,B819,2,,,958,1014,,6643,M,,1024
1830,A,,6643,M,若松    ,折尾　筑,直方車両セ    ,232,12,B819,2,,,1024,1039,,6644,M,,1102
1831,A,,6644,M,折尾　筑,若松    ,直方車両セ    ,232,13,B819,2,,,1102,1118,,6647,M,,1128
1832,A,,6647,M,若松    ,折尾　筑,直方車両セ    ,232,14,B819,2,,,1128,1144,,6648,M,,1202
1833,A,,6648,M,折尾　筑,若松    ,直方車両セ    ,232,15,B819,2,,,1202,1218,,6651,M,,1228
1834,A,,6651,M,若松    ,折尾　筑,直方車両セ    ,232,16,B819,2,,,1228,1244,,6652,M,,1302
1835,A,,6652,M,折尾　筑,若松    ,直方車両セ    ,232,17,B819,2,,,1302,1318,,6655,M,,1328
1836,A,,6655,M,若松    ,折尾　筑,直方車両セ    ,232,18,B819,2,,,1328,1344,,6656,M,,1402
1837,A,,6656,M,折尾　筑,若松    ,直方車両セ    ,232,19,B819,2,,,1402,1418,,6659,M,,1428
1838,A,,6659,M,若松    ,折尾　筑,直方車両セ    ,232,20,B819,2,,,1428,1444,,6660,M,,1502
1839,A,,6660,M,折尾　筑,若松    ,直方車両セ    ,232,21,B819,2,,,1502,1518,,6663,M,,1526
1840,A,,6663,M,若松    ,折尾　筑,直方車両セ    ,232,22,B819,2,,,1526,1542,,6664,M,,1602
1841,A,,6664,M,折尾　筑,若松    ,直方車両セ    ,232,23,B819,2,,,1602,1618,,6667,M,,1629
1842,A,,6667,M,若松    ,直方    ,直方車両セ    ,232,24,B819,2,,,1629,1711,,6672,M,,1725
1843,A,,6672,M,直方    ,若松    ,直方車両セ    ,232,25,B819,2,,,1725,1806,,6675,M,,1813
1844,A,,6675,M,若松    ,折尾　筑,直方車両セ    ,232,26,B819,2,,,1813,1829,,6676,M,,1841
1845,A,,6676,M,折尾　筑,若松    ,直方車両セ    ,232,27,B819,2,,,1841,1857,,6679,M,,1904
1846,A,,6679,M,若松    ,折尾　筑,直方車両セ    ,232,28,B819,2,,,1904,1919,,6680,M,,1946
1847,A,,6680,M,折尾　筑,若松    ,直方車両セ    ,232,29,B819,2,,,1946,2002,,6683,M,,2013
1848,A,,6683,M,若松    ,折尾　筑,直方車両セ    ,232,30,B819,2,,,2013,2028,,6684,M,,2036
1849,A,,6684,M,折尾　筑,若松    ,直方車両セ    ,232,31,B819,2,,,2036,2051,,6687,M,,2058
1850,A,,6687,M,若松    ,折尾　筑,直方車両セ    ,232,32,B819,2,,,2058,2114,,6688,M,,2135
1851,A,,6688,M,折尾　筑,若松    ,直方車両セ    ,232,33,B819,2,,,2135,2151,,6691,M,,2202
1852,A,,6691,M,若松    ,折尾　筑,直方車両セ    ,232,34,B819,2,,,2202,2218,,6692,M,,2233
1853,A,,6692,M,折尾　筑,若松    ,直方車両セ    ,232,35,B819,2,,,2233,2249,,6695,M,,2302
1854,A,,6695,M,若松    ,折尾　筑,直方車両セ    ,232,36,B819,2,,,2302,2317,終,,,,
1855,A,回,6621,M,折尾　筑,若松    ,直方車両セ    ,233,1,B819,2,,,535,545,,6621,M,,550
1856,A,,6621,M,若松    ,折尾　筑,直方車両セ    ,233,2,B819,2,,,550,605,,6622,M,,613
1857,A,,6622,M,折尾　筑,若松    ,直方車両セ    ,233,3,B819,2,,,613,628,,6625,M,,632
1858,A,,6625,M,若松    ,折尾　筑,直方車両セ    ,233,4,B819,2,,,632,647,,6626,M,,705
1859,A,,6626,M,折尾　筑,若松    ,直方車両セ    ,233,5,B819,2,,,705,721,,6629,M,,725
1860,A,,6629,M,若松    ,折尾　筑,直方車両セ    ,233,6,B819,2,,,725,740,,6630,M,,751
1861,A,,6630,M,折尾　筑,若松    ,直方車両セ    ,233,7,B819,2,,,751,807,,6633,M,,811
1862,A,,6633,M,若松    ,折尾　筑,直方車両セ    ,233,8,B819,2,,,811,826,,6634,M,,836
1863,A,,6634,M,折尾　筑,若松    ,直方車両セ    ,233,9,B819,2,,,836,851,,6637,M,,857
1864,A,,6637,M,若松    ,折尾　筑,直方車両セ    ,233,10,B819,2,,,857,912,,6638,M,,920
1865,A,,6638,M,折尾　筑,若松    ,直方車両セ    ,233,11,B819,2,,,920,935,,6641,M,,947
1866,A,,6641,M,若松    ,折尾　筑,直方車両セ    ,233,12,B819,2,,,947,1003,,6642,M,,1031
1867,A,,6642,M,折尾　筑,若松    ,直方車両セ    ,233,13,B819,2,,,1031,1046,,6645,M,,1059
1868,A,,6645,M,若松    ,直方    ,直方車両セ    ,233,14,B819,2,,,1059,1136,,6650,M,,1204
1869,A,,6650,M,直方    ,若松    ,直方車両セ    ,233,15,B819,2,,,1204,1247,,6653,M,,1259
1870,A,,6653,M,若松    ,直方    ,直方車両セ    ,233,16,B819,2,,,1259,1336,,6658,M,,1404
1871,A,,6658,M,直方    ,若松    ,直方車両セ    ,233,17,B819,2,,,1404,1447,,6661,M,,1459
1872,A,,6661,M,若松    ,直方    ,直方車両セ    ,233,18,B819,2,,,1459,1536,,6666,M,,1603
1873,A,,6666,M,直方    ,若松    ,直方車両セ    ,233,19,B819,2,,,1603,1647,,6669,M,,1655
1874,A,,6669,M,若松    ,直方    ,直方車両セ    ,233,20,B819,2,,,1655,1735,,6674,M,,1743
1875,A,,6674,M,直方    ,若松    ,直方車両セ    ,233,21,B819,2,,,1743,1827,,6677,M,,1835
1876,A,,6677,M,若松    ,折尾　筑,直方車両セ    ,233,22,B819,2,,,1835,1850,,6678,M,,1914
1877,A,,6678,M,折尾　筑,若松    ,直方車両セ    ,233,23,B819,2,,,1914,1930,,6681,M,,1937
1878,A,,6681,M,若松    ,折尾　筑,直方車両セ    ,233,24,B819,2,,,1937,1953,,6682,M,,2012
1879,A,,6682,M,折尾　筑,若松    ,直方車両セ    ,233,25,B819,2,,,2012,2027,,6685,M,,2033
1880,A,,6685,M,若松    ,折尾　筑,直方車両セ    ,233,26,B819,2,,,2033,2049,,6686,M,,2107
1881,A,,6686,M,折尾　筑,若松    ,直方車両セ    ,233,27,B819,2,,,2107,2122,,6689,M,,2128
1882,A,,6689,M,若松    ,折尾　筑,直方車両セ    ,233,28,B819,2,,,2128,2143,,6690,M,,2209
1883,A,,6690,M,折尾　筑,若松    ,直方車両セ    ,233,29,B819,2,,,2209,2224,,6693,M,,2233
1884,A,,6693,M,若松    ,折尾　筑,直方車両セ    ,233,30,B819,2,,,2233,2249,,6694,M,,2311
1885,A,,6694,M,折尾　筑,若松    ,直方車両セ    ,233,31,B819,2,,,2311,2327,,6697,M,,2331
1886,A,,6697,M,若松    ,直方    ,直方車両セ    ,233,32,B819,2,,,2331,14,終,,,,
1887,A,,4621,H,直方    ,博多    ,直方車両セ    ,234,1,B819,6,,,639,749,,5626,H,,752
1888,A,,5626,H,博多    ,篠栗    ,直方車両セ    ,234,2,B819,6,,,752,816,,5631,H,,829
1889,A,,5631,H,篠栗    ,博多    ,直方車両セ    ,234,3,B819,6,,,829,851,,5632,H,,854
1890,A,,5632,H,博多    ,篠栗    ,直方車両セ    ,234,4,B819,6,,,854,912,,5637,H,,917
1891,A,,5637,H,篠栗    ,博多    ,直方車両セ    ,234,5,B819,6,,,917,936,,2634,H,,939
1892,A,,2634,H,博多    ,直方    ,直方車両セ    ,234,6,B819,6,,,939,1043,終,,,,
1893,A,,6522,H,直方    ,折尾　筑,直方車両セ    ,241,1,B819,2,,,549,610,,6523,H,,624
1894,A,,6523,H,折尾　筑,直方    ,直方車両セ    ,241,2,B819,2,,,624,645,,6530,H,,716
1895,A,,6530,H,直方    ,折尾　筑,直方車両セ    ,241,3,B819,2,,,716,738,,6531,H,,744
1896,A,,6531,H,折尾　筑,直方    ,直方車両セ    ,241,4,B819,2,,,744,805,,6534,H,,823
1897,A,,6534,H,直方    ,折尾　筑,直方車両セ    ,241,5,B819,2,,,823,844,,6533,H,,901
1898,A,,6533,H,折尾　筑,直方    ,直方車両セ    ,241,6,B819,2,,,901,922,,6668,M,,1635
1899,A,,6668,M,直方    ,若松    ,直方車両セ    ,241,7,B819,2,,,1635,1715,,6671,M,,1728
1900,A,,6671,M,若松    ,直方    ,直方車両セ    ,241,8,B819,2,,,1728,1812,,6544,H,,1830
1901,A,,6544,H,直方    ,折尾　筑,直方車両セ    ,241,9,B819,2,,,1830,1850,,6545,H,,1900
1902,A,,6545,H,折尾　筑,直方    ,直方車両セ    ,241,10,B819,2,,,1900,1921,,6552,H,,1944
1903,A,,6552,H,直方    ,折尾　筑,直方車両セ    ,241,11,B819,2,,,1944,2004,,6553,H,,2011
1904,A,,6553,H,折尾　筑,直方    ,直方車両セ    ,241,12,B819,2,,,2011,2031,終,,,,
1905,A,,2623,H,直方    ,博多    ,直方車両セ    ,251,1,B819,2,,,530,631,,2622,H,,637
1906,A,,2622,H,博多    ,直方    ,直方車両セ    ,251,2,B819,2,,,637,757,,2637,H,,811
1907,A,,2637,H,直方    ,博多    ,直方車両セ    ,251,3,B819,2,,,811,918,回,2637,H,,1023
1908,A,回,2637,H,博多    ,竹下小  ,直方車両セ    ,251,4,B819,2,,,1023,1027,回,2676,H,,2025
1909,A,回,2676,H,竹下小  ,博多    ,直方車両セ    ,251,5,B819,2,,,2025,2029,,2676,H,,2034
1910,A,,2676,H,博多    ,折尾　筑,直方車両セ    ,251,6,B819,2,,,2034,2212,,6563,H,,2220
1911,A,,6563,H,折尾　筑,直方    ,直方車両セ    ,251,7,B819,2,,,2220,2240,,6564,H,,2302
1912,A,,6564,H,直方    ,折尾　筑,直方車両セ    ,251,8,B819,2,,,2302,2322,,6567,H,,2332
1913,A,,6567,H,折尾　筑,直方    ,直方車両セ    ,251,9,B819,2,,,2332,2352,終,,,,
1914,A,回,1722,C,竹下小  ,香椎    ,直方車両セ    ,271,1,B819,4,,,523,538,,5725,C,,556
1915,A,,5725,C,香椎    ,宇美    ,直方車両セ    ,271,2,B819,4,,,556,625,,722,C,,639
1916,A,,722,C,宇美    ,西戸崎  ,直方車両セ    ,271,3,B819,4,,,639,738,,2727,C,,746
1917,A,,2727,C,西戸崎  ,香椎    ,直方車両セ    ,271,4,B819,4,,,746,812,,1727,C,,816
1918,A,,1727,C,香椎    ,博多    ,直方車両セ    ,271,5,B819,4,,,816,829,回,1727,C,,837
1919,A,回,1727,C,博多    ,竹下小  ,直方車両セ    ,271,6,B819,4,,,837,841,回,2134,M,,929
1920,A,回,2134,M,竹下小  ,博多    ,直方車両セ    ,271,7,B819,4,,,929,932,,2134,M,,937
1921,A,,2134,M,博多    ,折尾　鹿,直方車両セ    ,271,8,B819,4,,,937,1050,,2143,M,,1058
1922,A,,2143,M,折尾　鹿,二日市  ,直方車両セ    ,271,9,B819,4,,,1058,1233,,2150,M,,1256
1923,A,,2150,M,二日市  ,折尾　鹿,直方車両セ    ,271,10,B819,4,,,1256,1435,,2161,M,,1457
1924,A,,2161,M,折尾　鹿,博多    ,直方車両セ    ,271,11,B819,4,,,1457,1608,回,2161,M,,1613
1925,A,回,2161,M,博多    ,竹下小  ,直方車両セ    ,271,12,B819,4,,,1613,1617,終,,,,
1926,A,回,1722,C,竹下小  ,香椎    ,直方車両セ    ,281,1,B819,4,,,523,538,,5725,C,,556
1927,A,,5725,C,香椎    ,宇美    ,直方車両セ    ,281,2,B819,4,,,556,625,,722,C,,639
1928,A,,722,C,宇美    ,西戸崎  ,直方車両セ    ,281,3,B819,4,,,639,738,,2727,C,,746
1929,A,,2727,C,西戸崎  ,香椎    ,直方車両セ    ,281,4,B819,4,,,746,812,,1727,C,,816
1930,A,,1727,C,香椎    ,博多    ,直方車両セ    ,281,5,B819,4,,,816,829,回,1727,C,,837
1931,A,回,1727,C,博多    ,竹下小  ,直方車両セ    ,281,6,B819,4,,,837,841,回,2134,M,,929
1932,A,回,2134,M,竹下小  ,博多    ,直方車両セ    ,281,7,B819,4,,,929,932,,2134,M,,937
1933,A,,2134,M,博多    ,折尾　鹿,直方車両セ    ,281,8,B819,4,,,937,1050,,2143,M,,1058
1934,A,,2143,M,折尾　鹿,二日市  ,直方車両セ    ,281,9,B819,4,,,1058,1233,,2150,M,,1256
1935,A,,2150,M,二日市  ,折尾　鹿,直方車両セ    ,281,10,B819,4,,,1256,1435,,2161,M,,1457
1936,A,,2161,M,折尾　鹿,博多    ,直方車両セ    ,281,11,B819,4,,,1457,1608,回,2161,M,,1613
1937,A,回,2161,M,博多    ,竹下小  ,直方車両セ    ,281,12,B819,4,,,1613,1617,終,,,,
1938,A,回,1720,C,竹下小  ,香椎    ,直方車両セ    ,291,1,B819,6,,,451,507,回,6780,C,,527
1939,A,回,6780,C,香椎    ,西戸崎  ,直方車両セ    ,291,2,B819,2,,,527,547,,2723,C,,607
1940,A,,2723,C,西戸崎  ,香椎    ,直方車両セ    ,291,3,B819,2,,,607,626,,2722,C,,635
1941,A,,2722,C,香椎    ,西戸崎  ,直方車両セ    ,291,4,B819,2,,,635,655,,2725,C,,703
1942,A,,2725,C,西戸崎  ,香椎    ,直方車両セ    ,291,5,B819,2,,,703,728,,2724,C,,736
1943,A,,2724,C,香椎    ,西戸崎  ,直方車両セ    ,291,6,B819,2,,,736,800,,725,C,,813
1944,A,,725,C,西戸崎  ,宇美    ,直方車両セ    ,291,7,B819,2,,,813,927,,5730,C,,933
1945,A,,5730,C,宇美    ,香椎    ,直方車両セ    ,291,8,B819,2,,,933,1007,回,1731,C,,1015
1946,A,回,1731,C,香椎    ,竹下小  ,直方車両セ    ,291,9,B819,2,,,1015,1043,終,,,,
1947,A,回,1720,C,竹下小  ,香椎    ,直方車両セ    ,292,1,B819,6,,,451,507,,5723,C,,537
1948,A,,5723,C,香椎    ,宇美    ,直方車両セ    ,292,2,B819,4,,,537,606,,720,C,,620
1949,A,,720,C,宇美    ,西戸崎  ,直方車両セ    ,292,3,B819,4,,,620,721,,723,C,,726
1950,A,,723,C,西戸崎  ,宇美    ,直方車両セ    ,292,4,B819,4,,,726,836,,5726,C,,841
1951,A,,5726,C,宇美    ,香椎    ,直方車両セ    ,292,5,B819,4,,,841,908,,5735,C,,923
1952,A,,5735,C,香椎    ,宇美    ,直方車両セ    ,292,6,B819,2,,,923,954,,5732,C,,1002
1953,A,,5732,C,宇美    ,香椎    ,直方車両セ    ,292,7,B819,2,,,1002,1031,,5741,C,,1048
1954,A,,5741,C,香椎    ,宇美    ,直方車両セ    ,292,8,B819,2,,,1048,1122,,5738,C,,1135
1955,A,,5738,C,宇美    ,香椎    ,直方車両セ    ,292,9,B819,2,,,1135,1205,,5747,C,,1217
1956,A,,5747,C,香椎    ,宇美    ,直方車両セ    ,292,10,B819,2,,,1217,1243,,5744,C,,1301
1957,A,,5744,C,宇美    ,香椎    ,直方車両セ    ,292,11,B819,2,,,1301,1332,,5753,C,,1350
1958,A,,5753,C,香椎    ,宇美    ,直方車両セ    ,292,12,B819,2,,,1350,1422,,5750,C,,1435
1959,A,,5750,C,宇美    ,香椎    ,直方車両セ    ,292,13,B819,2,,,1435,1504,,5759,C,,1517
1960,A,,5759,C,香椎    ,宇美    ,直方車両セ    ,292,14,B819,2,,,1517,1543,,5756,C,,1554
1961,A,,5756,C,宇美    ,香椎    ,直方車両セ    ,292,15,B819,2,,,1554,1631,,5769,C,,1654
1962,A,,5769,C,香椎    ,宇美    ,直方車両セ    ,292,16,B819,2,,,1654,1724,,5766,C,,1741
1963,A,,5766,C,宇美    ,香椎    ,直方車両セ    ,292,17,B819,2,,,1741,1811,,5779,C,,1836
1964,A,,5779,C,香椎    ,宇美    ,直方車両セ    ,292,18,B819,2,,,1836,1905,,5776,C,,1923
1965,A,,5776,C,宇美    ,香椎    ,直方車両セ    ,292,19,B819,2,,,1923,1952,,5787,C,,1959
1966,A,,5787,C,香椎    ,宇美    ,直方車両セ    ,292,20,B819,2,,,1959,2027,,5784,C,,2040
1967,A,,5784,C,宇美    ,香椎    ,直方車両セ    ,292,21,B819,2,,,2040,2115,,5797,C,,2155
1968,A,,5797,C,香椎    ,宇美    ,直方車両セ    ,292,22,B819,2,,,2155,2222,,5794,C,,2232
1969,A,,5794,C,宇美    ,香椎    ,直方車両セ    ,292,23,B819,2,,,2232,2300,,5821,C,,2306
1970,A,,5821,C,香椎    ,宇美    ,直方車両セ    ,292,24,B819,2,,,2306,2332,回,5798,C,,2338
1971,A,回,5798,C,宇美    ,香椎    ,直方車両セ    ,292,25,B819,2,,,2338,5,終,,,,
1972,A,,5721,C,香椎    ,宇美    ,直方車両セ    ,293,1,B819,4,,,518,545,,5722,C,,601
1973,A,,5722,C,宇美    ,香椎    ,直方車両セ    ,293,2,B819,4,,,601,627,,5729,C,,633
1974,A,,5729,C,香椎    ,宇美    ,直方車両セ    ,293,3,B819,4,,,633,705,,724,C,,721
1975,A,,724,C,宇美    ,西戸崎  ,直方車両セ    ,293,4,B819,4,,,721,832,,2729,C,,837
1976,A,,2729,C,西戸崎  ,香椎    ,直方車両セ    ,293,5,B819,4,,,837,857,,5761,C,,1535
1977,A,,5761,C,香椎    ,宇美    ,直方車両セ    ,293,6,B819,2,,,1535,1603,,5758,C,,1618
1978,A,,5758,C,宇美    ,香椎    ,直方車両セ    ,293,7,B819,2,,,1618,1649,,5771,C,,1718
1979,A,,5771,C,香椎    ,宇美    ,直方車両セ    ,293,8,B819,2,,,1718,1747,,5768,C,,1800
1980,A,,5768,C,宇美    ,香椎    ,直方車両セ    ,293,9,B819,2,,,1800,1834,,5783,C,,1917
1981,A,,5783,C,香椎    ,宇美    ,直方車両セ    ,293,10,B819,2,,,1917,1946,,5780,C,,2000
1982,A,,5780,C,宇美    ,香椎    ,直方車両セ    ,293,11,B819,2,,,2000,2032,,5793,C,,2100
1983,A,,5793,C,香椎    ,宇美    ,直方車両セ    ,293,12,B819,2,,,2100,2129,,5790,C,,2142
1984,A,,5790,C,宇美    ,香椎    ,直方車両セ    ,293,13,B819,2,,,2142,2210,終,,,,
1985,A,,5727,C,香椎    ,宇美    ,直方車両セ    ,294,1,B819,4,,,612,644,,5724,C,,700
1986,A,,5724,C,宇美    ,香椎    ,直方車両セ    ,294,2,B819,4,,,700,732,,5731,C,,741
1987,A,,5731,C,香椎    ,宇美    ,直方車両セ    ,294,3,B819,4,,,741,809,,728,C,,815
1988,A,,728,C,宇美    ,香椎    ,直方車両セ    ,294,4,B819,4,,,815,843,,5767,C,,1634
1989,A,,5767,C,香椎    ,宇美    ,直方車両セ    ,294,5,B819,2,,,1634,1705,,5764,C,,1719
1990,A,,5764,C,宇美    ,香椎    ,直方車両セ    ,294,6,B819,2,,,1719,1751,,5777,C,,1819
1991,A,,5777,C,香椎    ,宇美    ,直方車両セ    ,294,7,B819,2,,,1819,1845,,5774,C,,1900
1992,A,,5774,C,宇美    ,香椎    ,直方車両セ    ,294,8,B819,2,,,1900,1932,,5789,C,,2017
1993,A,,5789,C,香椎    ,宇美    ,直方車両セ    ,294,9,B819,2,,,2017,2046,,5786,C,,2103
1994,A,,5786,C,宇美    ,香椎    ,直方車両セ    ,294,10,B819,2,,,2103,2133,終,,,,
1995,A,,5727,C,香椎    ,宇美    ,直方車両セ    ,295,1,B819,4,,,612,644,,5724,C,,700
1996,A,,5724,C,宇美    ,香椎    ,直方車両セ    ,295,2,B819,4,,,700,732,,5731,C,,741
1997,A,,5731,C,香椎    ,宇美    ,直方車両セ    ,295,3,B819,4,,,741,809,,728,C,,815
1998,A,,728,C,宇美    ,香椎    ,直方車両セ    ,295,4,B819,4,,,815,843,,728,C,,858
1999,A,,728,C,香椎    ,西戸崎  ,直方車両セ    ,295,5,B819,2,,,858,919,,2733,C,,930
2000,A,,2733,C,西戸崎  ,香椎    ,直方車両セ    ,295,6,B819,2,,,930,949,,5739,C,,1017
2001,A,,5739,C,香椎    ,宇美    ,直方車両セ    ,295,7,B819,2,,,1017,1044,,5736,C,,1101
2002,A,,5736,C,宇美    ,香椎    ,直方車両セ    ,295,8,B819,2,,,1101,1132,,5745,C,,1150
2003,A,,5745,C,香椎    ,宇美    ,直方車両セ    ,295,9,B819,2,,,1150,1222,,5742,C,,1235
2004,A,,5742,C,宇美    ,香椎    ,直方車両セ    ,295,10,B819,2,,,1235,1305,,5751,C,,1317
2005,A,,5751,C,香椎    ,宇美    ,直方車両セ    ,295,11,B819,2,,,1317,1343,,5748,C,,1401
2006,A,,5748,C,宇美    ,香椎    ,直方車両セ    ,295,12,B819,2,,,1401,1432,,5757,C,,1450
2007,A,,5757,C,香椎    ,宇美    ,直方車両セ    ,295,13,B819,2,,,1450,1522,,5754,C,,1535
2008,A,,5754,C,宇美    ,香椎    ,直方車両セ    ,295,14,B819,2,,,1535,1610,,5765,C,,1617
2009,A,,5765,C,香椎    ,宇美    ,直方車両セ    ,295,15,B819,2,,,1617,1646,,5762,C,,1700
2010,A,,5762,C,宇美    ,香椎    ,直方車両セ    ,295,16,B819,2,,,1700,1733,,5775,C,,1756
2011,A,,5775,C,香椎    ,宇美    ,直方車両セ    ,295,17,B819,2,,,1756,1825,,5772,C,,1837
2012,A,,5772,C,宇美    ,香椎    ,直方車両セ    ,295,18,B819,2,,,1837,1913,,5785,C,,1938
2013,A,,5785,C,香椎    ,宇美    ,直方車両セ    ,295,19,B819,2,,,1938,2007,,5782,C,,2022
2014,A,,5782,C,宇美    ,香椎    ,直方車両セ    ,295,20,B819,2,,,2022,2054,,5795,C,,2118
2015,A,,5795,C,香椎    ,宇美    ,直方車両セ    ,295,21,B819,2,,,2118,2147,,5792,C,,2200
2016,A,,5792,C,宇美    ,香椎    ,直方車両セ    ,295,22,B819,2,,,2200,2228,回,1733,C,,2248
2017,A,回,1733,C,香椎    ,竹下小  ,直方車両セ    ,295,23,B819,4,,,2248,2309,終,,,,
2018,A,回,1720,C,竹下小  ,香椎    ,直方車両セ    ,296,1,B819,6,,,451,507,,5723,C,,537
2019,A,,5723,C,香椎    ,宇美    ,直方車両セ    ,296,2,B819,4,,,537,606,,720,C,,620
2020,A,,720,C,宇美    ,西戸崎  ,直方車両セ    ,296,3,B819,4,,,620,721,,723,C,,726
2021,A,,723,C,西戸崎  ,宇美    ,直方車両セ    ,296,4,B819,4,,,726,836,,5726,C,,841
2022,A,,5726,C,宇美    ,香椎    ,直方車両セ    ,296,5,B819,4,,,841,908,,2726,C,,929
2023,A,,2726,C,香椎    ,西戸崎  ,直方車両セ    ,296,6,B819,2,,,929,949,,2735,C,,1009
2024,A,,2735,C,西戸崎  ,香椎    ,直方車両セ    ,296,7,B819,2,,,1009,1030,,2730,C,,1040
2025,A,,2730,C,香椎    ,西戸崎  ,直方車両セ    ,296,8,B819,2,,,1040,1059,,2739,C,,1109
2026,A,,2739,C,西戸崎  ,香椎    ,直方車両セ    ,296,9,B819,2,,,1109,1129,,2734,C,,1139
2027,A,,2734,C,香椎    ,西戸崎  ,直方車両セ    ,296,10,B819,2,,,1139,1158,,2743,C,,1209
2028,A,,2743,C,西戸崎  ,香椎    ,直方車両セ    ,296,11,B819,2,,,1209,1229,,2738,C,,1238
2029,A,,2738,C,香椎    ,西戸崎  ,直方車両セ    ,296,12,B819,2,,,1238,1258,,2747,C,,1309
2030,A,,2747,C,西戸崎  ,香椎    ,直方車両セ    ,296,13,B819,2,,,1309,1329,,2742,C,,1338
2031,A,,2742,C,香椎    ,西戸崎  ,直方車両セ    ,296,14,B819,2,,,1338,1358,,2751,C,,1409
2032,A,,2751,C,西戸崎  ,香椎    ,直方車両セ    ,296,15,B819,2,,,1409,1429,,2746,C,,1438
2033,A,,2746,C,香椎    ,西戸崎  ,直方車両セ    ,296,16,B819,2,,,1438,1458,,2755,C,,1509
2034,A,,2755,C,西戸崎  ,香椎    ,直方車両セ    ,296,17,B819,2,,,1509,1529,,2750,C,,1539
2035,A,,2750,C,香椎    ,西戸崎  ,直方車両セ    ,296,18,B819,2,,,1539,1601,,2759,C,,1605
2036,A,,2759,C,西戸崎  ,香椎    ,直方車両セ    ,296,19,B819,2,,,1605,1628,,2756,C,,1637
2037,A,,2756,C,香椎    ,西戸崎  ,直方車両セ    ,296,20,B819,2,,,1637,1702,,2765,C,,1706
2038,A,,2765,C,西戸崎  ,香椎    ,直方車両セ    ,296,21,B819,2,,,1706,1732,,2762,C,,1743
2039,A,,2762,C,香椎    ,西戸崎  ,直方車両セ    ,296,22,B819,2,,,1743,1802,,2771,C,,1807
2040,A,,2771,C,西戸崎  ,香椎    ,直方車両セ    ,296,23,B819,2,,,1807,1832,,2768,C,,1844
2041,A,,2768,C,香椎    ,西戸崎  ,直方車両セ    ,296,24,B819,2,,,1844,1904,,2777,C,,1910
2042,A,,2777,C,西戸崎  ,香椎    ,直方車両セ    ,296,25,B819,2,,,1910,1934,,2774,C,,1945
2043,A,,2774,C,香椎    ,西戸崎  ,直方車両セ    ,296,26,B819,2,,,1945,2006,,2783,C,,2010
2044,A,,2783,C,西戸崎  ,香椎    ,直方車両セ    ,296,27,B819,2,,,2010,2035,,2780,C,,2046
2045,A,,2780,C,香椎    ,西戸崎  ,直方車両セ    ,296,28,B819,2,,,2046,2107,,2789,C,,2112
2046,A,,2789,C,西戸崎  ,香椎    ,直方車両セ    ,296,29,B819,2,,,2112,2131,,2784,C,,2146
2047,A,,2784,C,香椎    ,西戸崎  ,直方車両セ    ,296,30,B819,2,,,2146,2206,,2793,C,,2215
2048,A,,2793,C,西戸崎  ,香椎    ,直方車両セ    ,296,31,B819,2,,,2215,2234,,2788,C,,2249
2049,A,,2788,C,香椎    ,西戸崎  ,直方車両セ    ,296,32,B819,2,,,2249,2311,,2797,C,,2318
2050,A,,2797,C,西戸崎  ,香椎    ,直方車両セ    ,296,33,B819,2,,,2318,2337,,6720,C,,2345
2051,A,,6720,C,香椎    ,雁ノ巣  ,直方車両セ    ,296,34,B819,2,,,2345,2355,回,6789,C,,2359
2052,A,回,6789,C,雁ノ巣  ,香椎    ,直方車両セ    ,296,35,B819,2,,,2359,9,終,,,,
2053,A,,5721,C,香椎    ,宇美    ,直方車両セ    ,297,1,B819,4,,,518,545,,5722,C,,601
2054,A,,5722,C,宇美    ,香椎    ,直方車両セ    ,297,2,B819,4,,,601,627,,5729,C,,633
2055,A,,5729,C,香椎    ,宇美    ,直方車両セ    ,297,3,B819,4,,,633,705,,724,C,,721
2056,A,,724,C,宇美    ,西戸崎  ,直方車両セ    ,297,4,B819,4,,,721,832,,2729,C,,837
2057,A,,2729,C,西戸崎  ,香椎    ,直方車両セ    ,297,5,B819,4,,,837,857,,2754,C,,1617
2058,A,,2754,C,香椎    ,西戸崎  ,直方車両セ    ,297,6,B819,2,,,1617,1640,,2763,C,,1651
2059,A,,2763,C,西戸崎  ,香椎    ,直方車両セ    ,297,7,B819,2,,,1651,1713,,2760,C,,1721
2060,A,,2760,C,香椎    ,西戸崎  ,直方車両セ    ,297,8,B819,2,,,1721,1740,,2769,C,,1750
2061,A,,2769,C,西戸崎  ,香椎    ,直方車両セ    ,297,9,B819,2,,,1750,1813,,2766,C,,1822
2062,A,,2766,C,香椎    ,西戸崎  ,直方車両セ    ,297,10,B819,2,,,1822,1842,,2775,C,,1847
2063,A,,2775,C,西戸崎  ,香椎    ,直方車両セ    ,297,11,B819,2,,,1847,1913,,2772,C,,1922
2064,A,,2772,C,香椎    ,西戸崎  ,直方車両セ    ,297,12,B819,2,,,1922,1944,,2781,C,,1948
2065,A,,2781,C,西戸崎  ,香椎    ,直方車両セ    ,297,13,B819,2,,,1948,2013,,2778,C,,2022
2066,A,,2778,C,香椎    ,西戸崎  ,直方車両セ    ,297,14,B819,2,,,2022,2044,,2787,C,,2049
2067,A,,2787,C,西戸崎  ,香椎    ,直方車両セ    ,297,15,B819,2,,,2049,2110,,2782,C,,2119
2068,A,,2782,C,香椎    ,西戸崎  ,直方車両セ    ,297,16,B819,2,,,2119,2141,,2791,C,,2148
2069,A,,2791,C,西戸崎  ,香椎    ,直方車両セ    ,297,17,B819,2,,,2148,2207,,2786,C,,2213
2070,A,,2786,C,香椎    ,西戸崎  ,直方車両セ    ,297,18,B819,2,,,2213,2233,,2795,C,,2242
2071,A,,2795,C,西戸崎  ,香椎    ,直方車両セ    ,297,19,B819,2,,,2242,2301,,2790,C,,2316
2072,A,,2790,C,香椎    ,西戸崎  ,直方車両セ    ,297,20,B819,2,,,2316,2336,終,,,,
2073,A,,2721,C,西戸崎  ,香椎    ,直方車両セ    ,298,1,B819,2,,,529,550,,2720,C,,614
2074,A,,2720,C,香椎    ,西戸崎  ,直方車両セ    ,298,2,B819,4,,,614,636,,721,C,,642
2075,A,,721,C,西戸崎  ,宇美    ,直方車両セ    ,298,3,B819,4,,,642,742,,726,C,,748
2076,A,,726,C,宇美    ,香椎    ,直方車両セ    ,298,4,B819,4,,,748,820,,5733,C,,828
2077,A,,5733,C,香椎    ,宇美    ,直方車両セ    ,298,5,B819,2,,,828,901,,5728,C,,906
2078,A,,5728,C,宇美    ,香椎    ,直方車両セ    ,298,6,B819,2,,,906,938,,5737,C,,952
2079,A,,5737,C,香椎    ,宇美    ,直方車両セ    ,298,7,B819,2,,,952,1023,,5734,C,,1035
2080,A,,5734,C,宇美    ,香椎    ,直方車両セ    ,298,8,B819,2,,,1035,1105,,5743,C,,1118
2081,A,,5743,C,香椎    ,宇美    ,直方車両セ    ,298,9,B819,2,,,1118,1144,,5740,C,,1201
2082,A,,5740,C,宇美    ,香椎    ,直方車両セ    ,298,10,B819,2,,,1201,1231,,5749,C,,1250
2083,A,,5749,C,香椎    ,宇美    ,直方車両セ    ,298,11,B819,2,,,1250,1322,,5746,C,,1335
2084,A,,5746,C,宇美    ,香椎    ,直方車両セ    ,298,12,B819,2,,,1335,1405,,5755,C,,1417
2085,A,,5755,C,香椎    ,宇美    ,直方車両セ    ,298,13,B819,2,,,1417,1443,,5752,C,,1501
2086,A,,5752,C,宇美    ,香椎    ,直方車両セ    ,298,14,B819,2,,,1501,1532,,5763,C,,1555
2087,A,,5763,C,香椎    ,宇美    ,直方車両セ    ,298,15,B819,2,,,1555,1624,,5760,C,,1640
2088,A,,5760,C,宇美    ,香椎    ,直方車両セ    ,298,16,B819,2,,,1640,1709,,5773,C,,1735
2089,A,,5773,C,香椎    ,宇美    ,直方車両セ    ,298,17,B819,2,,,1735,1805,,5770,C,,1819
2090,A,,5770,C,宇美    ,香椎    ,直方車両セ    ,298,18,B819,2,,,1819,1851,,5781,C,,1858
2091,A,,5781,C,香椎    ,宇美    ,直方車両セ    ,298,19,B819,2,,,1858,1928,,5778,C,,1940
2092,A,,5778,C,宇美    ,香椎    ,直方車両セ    ,298,20,B819,2,,,1940,2013,,5791,C,,2039
2093,A,,5791,C,香椎    ,宇美    ,直方車両セ    ,298,21,B819,2,,,2039,2108,,5788,C,,2124
2094,A,,5788,C,宇美    ,香椎    ,直方車両セ    ,298,22,B819,2,,,2124,2152,,5799,C,,2228
2095,A,,5799,C,香椎    ,宇美    ,直方車両セ    ,298,23,B819,2,,,2228,2255,,5796,C,,2309
2096,A,,5796,C,宇美    ,香椎    ,直方車両セ    ,298,24,B819,2,,,2309,2338,,5823,C,,2350
2097,A,,5823,C,香椎    ,宇美    ,直方車両セ    ,298,25,B819,2,,,2350,16,終,,,,
2098,A,,5720,C,宇美    ,香椎    ,直方車両セ    ,299,1,B819,2,,,524,551,,2720,C,,614
2099,A,,2720,C,香椎    ,西戸崎  ,直方車両セ    ,299,2,B819,4,,,614,636,,721,C,,642
2100,A,,721,C,西戸崎  ,宇美    ,直方車両セ    ,299,3,B819,4,,,642,742,,726,C,,748
2101,A,,726,C,宇美    ,香椎    ,直方車両セ    ,299,4,B819,4,,,748,820,,726,C,,837
2102,A,,726,C,香椎    ,西戸崎  ,直方車両セ    ,299,5,B819,2,,,837,856,,2731,C,,901
2103,A,,2731,C,西戸崎  ,香椎    ,直方車両セ    ,299,6,B819,2,,,901,920,,2728,C,,1010
2104,A,,2728,C,香椎    ,西戸崎  ,直方車両セ    ,299,7,B819,2,,,1010,1029,,2737,C,,1041
2105,A,,2737,C,西戸崎  ,香椎    ,直方車両セ    ,299,8,B819,2,,,1041,1100,,2732,C,,1109
2106,A,,2732,C,香椎    ,西戸崎  ,直方車両セ    ,299,9,B819,2,,,1109,1129,,2741,C,,1139
2107,A,,2741,C,西戸崎  ,香椎    ,直方車両セ    ,299,10,B819,2,,,1139,1159,,2736,C,,1209
2108,A,,2736,C,香椎    ,西戸崎  ,直方車両セ    ,299,11,B819,2,,,1209,1229,,2745,C,,1239
2109,A,,2745,C,西戸崎  ,香椎    ,直方車両セ    ,299,12,B819,2,,,1239,1259,,2740,C,,1309
2110,A,,2740,C,香椎    ,西戸崎  ,直方車両セ    ,299,13,B819,2,,,1309,1329,,2749,C,,1339
2111,A,,2749,C,西戸崎  ,香椎    ,直方車両セ    ,299,14,B819,2,,,1339,1359,,2744,C,,1409
2112,A,,2744,C,香椎    ,西戸崎  ,直方車両セ    ,299,15,B819,2,,,1409,1429,,2753,C,,1439
2113,A,,2753,C,西戸崎  ,香椎    ,直方車両セ    ,299,16,B819,2,,,1439,1459,,2748,C,,1508
2114,A,,2748,C,香椎    ,西戸崎  ,直方車両セ    ,299,17,B819,2,,,1508,1528,,2757,C,,1533
2115,A,,2757,C,西戸崎  ,香椎    ,直方車両セ    ,299,18,B819,2,,,1533,1551,,2752,C,,1600
2116,A,,2752,C,香椎    ,西戸崎  ,直方車両セ    ,299,19,B819,2,,,1600,1623,,2761,C,,1629
2117,A,,2761,C,西戸崎  ,香椎    ,直方車両セ    ,299,20,B819,2,,,1629,1649,,2758,C,,1704
2118,A,,2758,C,香椎    ,西戸崎  ,直方車両セ    ,299,21,B819,2,,,1704,1723,,2767,C,,1728
2119,A,,2767,C,西戸崎  ,香椎    ,直方車両セ    ,299,22,B819,2,,,1728,1752,,2764,C,,1801
2120,A,,2764,C,香椎    ,西戸崎  ,直方車両セ    ,299,23,B819,2,,,1801,1824,,2773,C,,1829
2121,A,,2773,C,西戸崎  ,香椎    ,直方車両セ    ,299,24,B819,2,,,1829,1854,,2770,C,,1903
2122,A,,2770,C,香椎    ,西戸崎  ,直方車両セ    ,299,25,B819,2,,,1903,1923,,2779,C,,1930
2123,A,,2779,C,西戸崎  ,香椎    ,直方車両セ    ,299,26,B819,2,,,1930,1955,,2776,C,,2003
2124,A,,2776,C,香椎    ,西戸崎  ,直方車両セ    ,299,27,B819,2,,,2003,2023,,2785,C,,2031
2125,A,,2785,C,西戸崎  ,香椎    ,直方車両セ    ,299,28,B819,2,,,2031,2056,回,1733,C,,2248
2126,A,回,1733,C,香椎    ,竹下小  ,直方車両セ    ,299,29,B819,4,,,2248,2309,終,,,,
2127,A,,2629,H,直方    ,博多    ,直方車両セ    ,301,1,813,6,,,627,731,,5622,H,,735
2128,A,,5622,H,博多    ,篠栗    ,直方車両セ    ,301,2,813,6,,,735,758,,5629,H,,809
2129,A,,5629,H,篠栗    ,博多    ,直方車両セ    ,301,3,813,6,,,809,832,,5630,H,,835
2130,A,,5630,H,博多    ,篠栗    ,直方車両セ    ,301,4,813,6,,,835,854,,5635,H,,906
2131,A,,5635,H,篠栗    ,博多    ,直方車両セ    ,301,5,813,6,,,906,927,,4622,H,,930
2132,A,,4622,H,博多    ,直方    ,直方車両セ    ,301,6,813,6,,,930,1027,,4631,H,,1115
2133,A,,4631,H,直方    ,博多    ,直方車両セ    ,301,7,813,3,,,1115,1217,,2646,H,,1228
2134,A,,2646,H,博多    ,新飯塚  ,直方車両セ    ,301,8,813,3,,,1228,1320,,2655,H,,1343
2135,A,,2655,H,新飯塚  ,博多    ,直方車両セ    ,301,9,813,3,,,1343,1434,,4634,H,,1451
2136,A,,4634,H,博多    ,直方    ,直方車両セ    ,301,10,813,3,,,1451,1552,,4647,H,,1758
2137,A,,4647,H,直方    ,博多    ,直方車両セ    ,301,11,813,3,,,1758,1903,,2670,H,,1909
2138,A,,2670,H,博多    ,直方    ,直方車両セ    ,301,12,813,3,,,1909,2018,,2693,H,,2225
2139,A,,2693,H,直方    ,博多    ,直方車両セ    ,301,13,813,6,,,2225,2335,終,,,,
2140,A,回,5623,H,博多    ,篠栗    ,直方車両セ    ,302,1,813,6,,,601,624,,5623,H,,644
2141,A,,5623,H,篠栗    ,博多    ,直方車両セ    ,302,2,813,6,,,644,703,,5620,H,,710
2142,A,,5620,H,博多    ,篠栗    ,直方車両セ    ,302,3,813,6,,,710,730,,5625,H,,750
2143,A,,5625,H,篠栗    ,博多    ,直方車両セ    ,302,4,813,6,,,750,811,,5628,H,,817
2144,A,,5628,H,博多    ,篠栗    ,直方車両セ    ,302,5,813,6,,,817,836,,5633,H,,841
2145,A,,5633,H,篠栗    ,博多    ,直方車両セ    ,302,6,813,6,,,841,859,,4620,H,,902
2146,A,,4620,H,博多    ,直方    ,直方車両セ    ,302,7,813,6,,,902,1003,,2645,H,,1050
2147,A,,2645,H,直方    ,博多    ,直方車両セ    ,302,8,813,3,,,1050,1203,,2644,H,,1208
2148,A,,2644,H,博多    ,直方    ,直方車両セ    ,302,9,813,3,,,1208,1320,,2661,H,,1449
2149,A,,2661,H,直方    ,博多    ,直方車両セ    ,302,10,813,3,,,1449,1600,,5636,H,,1603
2150,A,,5636,H,博多    ,篠栗    ,直方車両セ    ,302,11,813,3,,,1603,1623,,5641,H,,1644
2151,A,,5641,H,篠栗    ,博多    ,直方車両セ    ,302,12,813,3,,,1644,1704,,2662,H,,1708
2152,A,,2662,H,博多    ,新飯塚  ,直方車両セ    ,302,13,813,3,,,1708,1800,回,2662,H,,1805
2153,A,回,2662,H,新飯塚  ,直方    ,直方車両セ    ,302,14,813,3,,,1805,1817,,4649,H,,1822
2154,A,,4649,H,直方    ,博多    ,直方車両セ    ,302,15,813,3,,,1822,1926,,2672,H,,1933
2155,A,,2672,H,博多    ,直方    ,直方車両セ    ,302,16,813,3,,,1933,2043,,2693,H,,2225
2156,A,,2693,H,直方    ,博多    ,直方車両セ    ,302,17,813,6,,,2225,2335,終,,,,
2157,A,回,5623,H,博多    ,篠栗    ,直方車両セ    ,303,1,813,6,,,601,624,,5623,H,,644
2158,A,,5623,H,篠栗    ,博多    ,直方車両セ    ,303,2,813,6,,,644,703,,5620,H,,710
2159,A,,5620,H,博多    ,篠栗    ,直方車両セ    ,303,3,813,6,,,710,730,,5625,H,,750
2160,A,,5625,H,篠栗    ,博多    ,直方車両セ    ,303,4,813,6,,,750,811,,5628,H,,817
2161,A,,5628,H,博多    ,篠栗    ,直方車両セ    ,303,5,813,6,,,817,836,,5633,H,,841
2162,A,,5633,H,篠栗    ,博多    ,直方車両セ    ,303,6,813,6,,,841,859,,4620,H,,902
2163,A,,4620,H,博多    ,直方    ,直方車両セ    ,303,7,813,6,,,902,1003,,2643,H,,1029
2164,A,,2643,H,直方    ,博多    ,直方車両セ    ,303,8,813,3,,,1029,1141,,4628,H,,1151
2165,A,,4628,H,博多    ,直方    ,直方車両セ    ,303,9,813,3,,,1151,1256,,2657,H,,1349
2166,A,,2657,H,直方    ,博多    ,直方車両セ    ,303,10,813,3,,,1349,1459,,2656,H,,1508
2167,A,,2656,H,博多    ,直方    ,直方車両セ    ,303,11,813,3,,,1508,1616,,4643,H,,1657
2168,A,,4643,H,直方    ,博多    ,直方車両セ    ,303,12,813,3,,,1657,1801,,2666,H,,1810
2169,A,,2666,H,博多    ,新飯塚  ,直方車両セ    ,303,13,813,3,,,1810,1900,,2679,H,,1910
2170,A,,2679,H,新飯塚  ,博多    ,直方車両セ    ,303,14,813,3,,,1910,2015,,5646,H,,2019
2171,A,,5646,H,博多    ,篠栗    ,直方車両セ    ,303,15,813,3,,,2019,2039,,5651,H,,2057
2172,A,,5651,H,篠栗    ,博多    ,直方車両セ    ,303,16,813,3,,,2057,2120,,5650,H,,2123
2173,A,,5650,H,博多    ,篠栗    ,直方車両セ    ,303,17,813,3,,,2123,2143,,5655,H,,2205
2174,A,,5655,H,篠栗    ,博多    ,直方車両セ    ,303,18,813,3,,,2205,2223,,2684,H,,2228
2175,A,,2684,H,博多    ,直方    ,直方車両セ    ,303,19,813,3,,,2228,2336,終,,,,
2176,A,,2629,H,直方    ,博多    ,直方車両セ    ,304,1,813,6,,,627,731,,5622,H,,735
2177,A,,5622,H,博多    ,篠栗    ,直方車両セ    ,304,2,813,6,,,735,758,,5629,H,,809
2178,A,,5629,H,篠栗    ,博多    ,直方車両セ    ,304,3,813,6,,,809,832,,5630,H,,835
2179,A,,5630,H,博多    ,篠栗    ,直方車両セ    ,304,4,813,6,,,835,854,,5635,H,,906
2180,A,,5635,H,篠栗    ,博多    ,直方車両セ    ,304,5,813,6,,,906,927,,4622,H,,930
2181,A,,4622,H,博多    ,直方    ,直方車両セ    ,304,6,813,6,,,930,1027,,2671,H,,1707
2182,A,,2671,H,直方    ,博多    ,直方車両セ    ,304,7,813,6,,,1707,1816,,4646,H,,1822
2183,A,,4646,H,博多    ,直方    ,直方車両セ    ,304,8,813,6,,,1822,1923,終,,,,
2184,A,,2633,H,直方    ,博多    ,直方車両セ    ,305,1,813,6,,,716,823,,2630,H,,827
2185,A,,2630,H,博多    ,直方    ,直方車両セ    ,305,2,813,6,,,827,930,,2641,H,,942
2186,A,,2641,H,直方    ,博多    ,直方車両セ    ,305,3,813,3,,,942,1049,,4626,H,,1053
2187,A,,4626,H,博多    ,直方    ,直方車両セ    ,305,4,813,3,,,1053,1155,,2653,H,,1250
2188,A,,2653,H,直方    ,博多    ,直方車両セ    ,305,5,813,3,,,1250,1359,,2652,H,,1408
2189,A,,2652,H,博多    ,直方    ,直方車両セ    ,305,6,813,3,,,1408,1520,,4641,H,,1605
2190,A,,4641,H,直方    ,博多    ,直方車両セ    ,305,7,813,3,,,1605,1715,,4642,H,,1722
2191,A,,4642,H,博多    ,直方    ,直方車両セ    ,305,8,813,3,,,1722,1827,,2677,H,,1844
2192,A,,2677,H,直方    ,博多    ,直方車両セ    ,305,9,813,3,,,1844,1950,,4652,H,,1957
2193,A,,4652,H,博多    ,直方    ,直方車両セ    ,305,10,813,3,,,1957,2104,終,,,,
2194,A,,2625,H,直方    ,博多    ,直方車両セ    ,311,1,813,3,,,545,652,,2624,H,,656
2195,A,,2624,H,博多    ,直方    ,直方車両セ    ,311,2,813,3,,,656,815,,2639,H,,841
2196,A,,2639,H,直方    ,博多    ,直方車両セ    ,311,3,813,3,,,841,953,,4624,H,,1000
2197,A,,4624,H,博多    ,直方    ,直方車両セ    ,311,4,813,3,,,1000,1101,,2649,H,,1146
2198,A,,2649,H,直方    ,博多    ,直方車両セ    ,311,5,813,3,,,1146,1303,,2648,H,,1308
2199,A,,2648,H,博多    ,直方    ,直方車両セ    ,311,6,813,3,,,1308,1420,,2671,H,,1707
2200,A,,2671,H,直方    ,博多    ,直方車両セ    ,311,7,813,6,,,1707,1816,,4646,H,,1822
2201,A,,4646,H,博多    ,直方    ,直方車両セ    ,311,8,813,6,,,1822,1923,終,,,,
2202,A,,2633,H,直方    ,博多    ,直方車両セ    ,312,1,813,6,,,716,823,,2630,H,,827
2203,A,,2630,H,博多    ,直方    ,直方車両セ    ,312,2,813,6,,,827,930,,4629,H,,1015
2204,A,,4629,H,直方    ,博多    ,直方車両セ    ,312,3,813,3,,,1015,1117,,2642,H,,1128
2205,A,,2642,H,博多    ,新飯塚  ,直方車両セ    ,312,4,813,3,,,1128,1218,,2651,H,,1243
2206,A,,2651,H,新飯塚  ,博多    ,直方車両セ    ,312,5,813,3,,,1243,1334,,4632,H,,1351
2207,A,,4632,H,博多    ,直方    ,直方車両セ    ,312,6,813,3,,,1351,1454,終,,,,
2208,A,,2635,H,直方    ,博多    ,直方車両セ    ,313,1,813,3,,,754,910,,2660,H,,1630
2209,A,,2660,H,博多    ,直方    ,直方車両セ    ,313,2,813,3,,,1630,1739,,2681,H,,1946
2210,A,,2681,H,直方    ,博多    ,直方車両セ    ,313,3,813,3,,,1946,2053,,4656,H,,2100
2211,A,,4656,H,博多    ,直方    ,直方車両セ    ,313,4,813,3,,,2100,2159,終,,,,
2212,A,,920,M,早岐    ,江北    ,佐世保車両セ  ,1,1,817,2,,,612,700,,925,M,,815
2213,A,,925,M,江北    ,早岐    ,佐世保車両セ  ,1,2,817,2,,,815,902,,2926,M,,1938
2214,A,,2926,M,早岐    ,鳥栖    ,佐世保車両セ  ,1,3,817,2,,,1938,2113,,2877,M,,2146
2215,A,,2877,M,鳥栖    ,江北    ,佐世保車両セ  ,1,4,817,4,,,2146,2236,終,,,,
2216,A,,2820,M,江北    ,鳥栖    ,佐世保車両セ  ,2,1,817,2,,,519,559,,2921,M,,606
2217,A,,2921,M,鳥栖    ,佐世保  ,佐世保車両セ  ,2,2,817,2,,,606,835,,2924,M,,851
2218,A,,2924,M,佐世保  ,鳥栖    ,佐世保車両セ  ,2,3,817,2,,,851,1046,,2843,M,,1122
2219,A,,2843,M,鳥栖    ,江北    ,佐世保車両セ  ,2,4,817,2,,,1122,1202,,2844,M,,1209
2220,A,,2844,M,江北    ,鳥栖    ,佐世保車両セ  ,2,5,817,2,,,1209,1256,,2849,M,,1307
2221,A,,2849,M,鳥栖    ,肥前鹿島,佐世保車両セ  ,2,6,817,2,,,1307,1427,,2852,M,,1433
2222,A,,2852,M,肥前鹿島,鳥栖    ,佐世保車両セ  ,2,7,817,2,,,1433,1538,,2859,M,,1549
2223,A,,2859,M,鳥栖    ,肥前浜  ,佐世保車両セ  ,2,8,817,2,,,1549,1708,,2864,M,,1720
2224,A,,2864,M,肥前浜  ,江北    ,佐世保車両セ  ,2,9,817,2,,,1720,1740,回,2870,M,,1817
2225,A,回,2870,M,江北    ,肥前浜  ,佐世保車両セ  ,2,10,817,2,,,1817,1831,,2870,M,,1838
2226,A,,2870,M,肥前浜  ,鳥栖    ,佐世保車両セ  ,2,11,817,2,,,1838,1947,,2877,M,,2146
2227,A,,2877,M,鳥栖    ,江北    ,佐世保車両セ  ,2,12,817,4,,,2146,2236,終,,,,
2228,A,,923,M,江北    ,佐世保  ,佐世保車両セ  ,3,1,817,2,,,610,726,,2922,M,,734
2229,A,,2922,M,佐世保  ,鳥栖    ,佐世保車両セ  ,3,2,817,2,,,734,935,,2841,M,,1053
2230,A,,2841,M,鳥栖    ,肥前浜  ,佐世保車両セ  ,3,3,817,2,,,1053,1205,,2846,M,,1216
2231,A,,2846,M,肥前浜  ,鳥栖    ,佐世保車両セ  ,3,4,817,2,,,1216,1323,,2855,M,,1449
2232,A,,2855,M,鳥栖    ,肥前浜  ,佐世保車両セ  ,3,5,817,2,,,1449,1605,,2860,M,,1616
2233,A,,2860,M,肥前浜  ,鳥栖    ,佐世保車両セ  ,3,6,817,2,,,1616,1736,,2867,M,,1810
2234,A,,2867,M,鳥栖    ,江北    ,佐世保車両セ  ,3,7,817,2,,,1810,1901,,2872,M,,1931
2235,A,,2872,M,江北    ,鳥栖    ,佐世保車両セ  ,3,8,817,2,,,1931,2012,,2873,M,,2028
2236,A,,2873,M,鳥栖    ,肥前浜  ,佐世保車両セ  ,3,9,817,2,,,2028,2132,回,2873,M,,2144
2237,A,回,2873,M,肥前浜  ,江北    ,佐世保車両セ  ,3,10,817,2,,,2144,2200,,2875,M,,2206
2238,A,,2875,M,江北    ,肥前鹿島,佐世保車両セ  ,3,11,817,2,,,2206,2220,回,2875,M,,2225
2239,A,回,2875,M,肥前鹿島,江北    ,佐世保車両セ  ,3,12,817,2,,,2225,2236,,4822,M,,2244
2240,A,,4822,M,江北    ,鳥栖    ,佐世保車両セ  ,3,13,817,2,,,2244,2328,,2186,M,,2338
2241,A,,2186,M,鳥栖    ,博多    ,佐世保車両セ  ,3,14,817,4,,,2338,22,回,2186,M,,27
2242,A,回,2186,M,博多    ,南福岡  ,佐世保車両セ  ,3,15,817,4,,,27,35,終,,,,
2243,A,回,2323,M,南福岡  ,博多    ,佐世保車両セ  ,4,1,817,4,,,641,650,,2323,M,,656
2244,A,,2323,M,博多    ,大牟田  ,佐世保車両セ  ,4,2,817,4,,,656,824,,330,M,,853
2245,A,,330,M,大牟田  ,鳥栖    ,佐世保車両セ  ,4,3,817,4,,,853,938,,2839,M,,1002
2246,A,,2839,M,鳥栖    ,肥前鹿島,佐世保車両セ  ,4,4,817,2,,,1002,1112,回,2842,M,,1120
2247,A,回,2842,M,肥前鹿島,江北    ,佐世保車両セ  ,4,5,817,2,,,1120,1132,,2842,M,,1134
2248,A,,2842,M,江北    ,鳥栖    ,佐世保車両セ  ,4,6,817,2,,,1134,1217,,2847,M,,1246
2249,A,,2847,M,鳥栖    ,肥前浜  ,佐世保車両セ  ,4,7,817,2,,,1246,1356,,2850,M,,1403
2250,A,,2850,M,肥前浜  ,鳥栖    ,佐世保車両セ  ,4,8,817,2,,,1403,1514,,2857,M,,1531
2251,A,,2857,M,鳥栖    ,江北    ,佐世保車両セ  ,4,9,817,2,,,1531,1613,,2858,M,,1630
2252,A,,2858,M,江北    ,鳥栖    ,佐世保車両セ  ,4,10,817,2,,,1630,1712,,2865,M,,1744
2253,A,,2865,M,鳥栖    ,江北    ,佐世保車両セ  ,4,11,817,2,,,1744,1831,,2868,M,,1836
2254,A,,2868,M,江北    ,鳥栖    ,佐世保車両セ  ,4,12,817,2,,,1836,1921,,2871,M,,1931
2255,A,,2871,M,鳥栖    ,肥前浜  ,佐世保車両セ  ,4,13,817,2,,,1931,2036,,2876,M,,2044
2256,A,,2876,M,肥前浜  ,鳥栖    ,佐世保車両セ  ,4,14,817,2,,,2044,2150,終,,,,
2257,A,,2827,M,鳥栖    ,佐賀    ,佐世保車両セ  ,5,1,817,2,,,700,728,回,2827,M,,732
2258,A,回,2827,M,佐賀    ,鳥栖    ,佐世保車両セ  ,5,2,817,2,,,732,759,,2833,M,,809
2259,A,,2833,M,鳥栖    ,佐賀    ,佐世保車両セ  ,5,3,817,2,,,809,841,,2834,M,,848
2260,A,,2834,M,佐賀    ,鳥栖    ,佐世保車両セ  ,5,4,817,2,,,848,915,,2837,M,,922
2261,A,,2837,M,鳥栖    ,肥前浜  ,佐世保車両セ  ,5,5,817,2,,,922,1030,,2840,M,,1036
2262,A,,2840,M,肥前浜  ,鳥栖    ,佐世保車両セ  ,5,6,817,2,,,1036,1149,,2845,M,,1203
2263,A,,2845,M,鳥栖    ,肥前鹿島,佐世保車両セ  ,5,7,817,2,,,1203,1304,,2848,M,,1309
2264,A,,2848,M,肥前鹿島,鳥栖    ,佐世保車両セ  ,5,8,817,2,,,1309,1414,,2853,M,,1420
2265,A,,2853,M,鳥栖    ,肥前鹿島,佐世保車両セ  ,5,9,817,2,,,1420,1514,,2854,M,,1519
2266,A,,2854,M,肥前鹿島,鳥栖    ,佐世保車両セ  ,5,10,817,2,,,1519,1619,,2861,M,,1626
2267,A,,2861,M,鳥栖    ,江北    ,佐世保車両セ  ,5,11,817,2,,,1626,1714,,2862,M,,1726
2268,A,,2862,M,江北    ,鳥栖    ,佐世保車両セ  ,5,12,817,2,,,1726,1808,,2869,M,,1832
2269,A,,2869,M,鳥栖    ,肥前浜  ,佐世保車両セ  ,5,13,817,2,,,1832,1939,,2874,M,,1944
2270,A,,2874,M,肥前浜  ,鳥栖    ,佐世保車両セ  ,5,14,817,2,,,1944,2051,,2929,M,,2109
2271,A,,2929,M,鳥栖    ,早岐    ,佐世保車両セ  ,5,15,817,2,,,2109,2258,終,,,,
2272,A,,124,D,長崎    ,諫早    ,佐世保車両セ  ,11,1,YC1 ,4,,,629,659,,5125,D,,721
2273,A,,5125,D,諫早    ,長崎    ,佐世保車両セ  ,11,2,YC1 ,4,,,721,810,,5122,D,,1040
2274,A,,5122,D,長崎    ,長与    ,佐世保車両セ  ,11,3,YC1 ,2,,,1040,1057,,5131,D,,1135
2275,A,,5131,D,長与    ,長崎    ,佐世保車両セ  ,11,4,YC1 ,2,,,1135,1152,,5124,D,,1212
2276,A,,5124,D,長崎    ,諫早    ,佐世保車両セ  ,11,5,YC1 ,2,,,1212,1305,,5133,D,,1310
2277,A,,5133,D,諫早    ,長崎    ,佐世保車両セ  ,11,6,YC1 ,2,,,1310,1355,,2222,D,,1430
2278,A,,2222,D,長崎    ,竹松    ,佐世保車両セ  ,11,7,YC1 ,2,,,1430,1526,,239,D,,1540
2279,A,,239,D,竹松    ,長崎    ,佐世保車両セ  ,11,8,YC1 ,2,,,1540,1704,,3232,D,,1814
2280,A,,3232,D,長崎    ,佐世保  ,佐世保車両セ  ,11,9,YC1 ,4,,,1814,2014,,6936,D,,2023
2281,A,,6936,D,佐世保  ,早岐    ,佐世保車両セ  ,11,10,YC1 ,4,,,2023,2036,終,,,,
2282,A,回,2221,D,早岐    ,佐世保  ,佐世保車両セ  ,12,1,YC1 ,4,,,529,539,,2221,D,,545
2283,A,,2221,D,佐世保  ,長崎    ,佐世保車両セ  ,12,2,YC1 ,4,,,545,747,,128,D,,832
2284,A,,128,D,長崎    ,湯江    ,佐世保車両セ  ,12,3,YC1 ,2,,,832,923,,131,D,,928
2285,A,,131,D,湯江    ,長崎    ,佐世保車両セ  ,12,4,YC1 ,2,,,928,1031,,4222,D,,1103
2286,A,,4222,D,長崎    ,佐世保  ,佐世保車両セ  ,12,5,YC1 ,2,,,1103,1304,,4229,D,,1310
2287,A,,4229,D,佐世保  ,長崎    ,佐世保車両セ  ,12,6,YC1 ,2,,,1310,1456,,134,D,,1753
2288,A,,134,D,長崎    ,諫早    ,佐世保車両セ  ,12,7,YC1 ,4,,,1753,1826,,143,D,,1945
2289,A,,143,D,諫早    ,長崎    ,佐世保車両セ  ,12,8,YC1 ,4,,,1945,2027,終,,,,
2290,A,,122,D,長崎    ,諫早    ,佐世保車両セ  ,13,1,YC1 ,4,,,600,630,,125,D,,652
2291,A,,125,D,諫早    ,長崎    ,佐世保車両セ  ,13,2,YC1 ,4,,,652,732,,3230,D,,1708
2292,A,,3230,D,長崎    ,佐世保  ,佐世保車両セ  ,13,3,YC1 ,4,,,1708,1902,,247,D,,1924
2293,A,,247,D,佐世保  ,長崎    ,佐世保車両セ  ,13,4,YC1 ,4,,,1924,2151,終,,,,
2294,A,,3220,D,長崎    ,竹松    ,佐世保車両セ  ,14,1,YC1 ,4,,,615,712,,3221,D,,727
2295,A,,3221,D,竹松    ,長崎    ,佐世保車両セ  ,14,2,YC1 ,4,,,727,829,,242,D,,1805
2296,A,,242,D,長崎    ,佐世保  ,佐世保車両セ  ,14,3,YC1 ,4,,,1805,2041,,6938,D,,2102
2297,A,,6938,D,佐世保  ,早岐    ,佐世保車両セ  ,14,4,YC1 ,4,,,2102,2114,終,,,,
2298,A,回,281,D,早岐    ,諫早    ,佐世保車両セ  ,15,1,YC1 ,4,,,502,605,,123,D,,621
2299,A,,123,D,諫早    ,長崎    ,佐世保車両セ  ,15,2,YC1 ,4,,,621,654,,126,D,,707
2300,A,,126,D,長崎    ,諫早    ,佐世保車両セ  ,15,3,YC1 ,4,,,707,743,,129,D,,803
2301,A,,129,D,諫早    ,長崎    ,佐世保車両セ  ,15,4,YC1 ,4,,,803,837,,132,D,,1647
2302,A,,132,D,長崎    ,諫早    ,佐世保車両セ  ,15,5,YC1 ,4,,,1647,1720,,139,D,,1829
2303,A,,139,D,諫早    ,長崎    ,佐世保車両セ  ,15,6,YC1 ,4,,,1829,1904,,144,D,,2035
2304,A,,144,D,長崎    ,諫早    ,佐世保車両セ  ,15,7,YC1 ,2,,,2035,2107,回,144,D,,2112
2305,A,回,144,D,諫早    ,長崎    ,佐世保車両セ  ,15,8,YC1 ,2,,,2112,2137,,5138,D,,2159
2306,A,,5138,D,長崎    ,長与    ,佐世保車両セ  ,15,9,YC1 ,2,,,2159,2215,,5143,D,,2223
2307,A,,5143,D,長与    ,長崎    ,佐世保車両セ  ,15,10,YC1 ,2,,,2223,2240,,5142,D,,2330
2308,A,,5142,D,長崎    ,長与    ,佐世保車両セ  ,15,11,YC1 ,2,,,2330,2346,回,5142,D,,2351
2309,A,回,5142,D,長与    ,長崎    ,佐世保車両セ  ,15,12,YC1 ,2,,,2351,2,終,,,,
2310,A,,222,D,長崎    ,佐世保  ,佐世保車両セ  ,16,1,YC1 ,2,,,545,801,,227,D,,826
2311,A,,227,D,佐世保  ,長崎    ,佐世保車両セ  ,16,2,YC1 ,2,,,826,1036,,230,D,,1119
2312,A,,230,D,長崎    ,竹松    ,佐世保車両セ  ,16,3,YC1 ,2,,,1119,1227,,233,D,,1242
2313,A,,233,D,竹松    ,諫早    ,佐世保車両セ  ,16,4,YC1 ,2,,,1242,1304,,232,D,,1312
2314,A,,232,D,諫早    ,竹松    ,佐世保車両セ  ,16,5,YC1 ,2,,,1312,1336,,235,D,,1342
2315,A,,235,D,竹松    ,長崎    ,佐世保車両セ  ,16,6,YC1 ,2,,,1342,1500,,4230,D,,1508
2316,A,,4230,D,長崎    ,佐世保  ,佐世保車両セ  ,16,7,YC1 ,2,,,1508,1703,,3227,D,,1715
2317,A,,3227,D,佐世保  ,長崎    ,佐世保車両セ  ,16,8,YC1 ,2,,,1715,1927,,5140,D,,2242
2318,A,,5140,D,長崎    ,諫早    ,佐世保車両セ  ,16,9,YC1 ,2,,,2242,2327,終,,,,
2319,A,,220,D,諫早    ,佐世保  ,佐世保車両セ  ,17,1,YC1 ,2,,,531,701,,6920,D,,709
2320,A,,6920,D,佐世保  ,早岐    ,佐世保車両セ  ,17,2,YC1 ,2,,,709,722,,6923,D,,730
2321,A,,6923,D,早岐    ,佐世保  ,佐世保車両セ  ,17,3,YC1 ,2,,,730,744,,3223,D,,751
2322,A,,3223,D,佐世保  ,長崎    ,佐世保車両セ  ,17,4,YC1 ,2,,,751,958,,2220,D,,1032
2323,A,,2220,D,長崎    ,竹松    ,佐世保車両セ  ,17,5,YC1 ,2,,,1032,1136,,231,D,,1142
2324,A,,231,D,竹松    ,長崎    ,佐世保車両セ  ,17,6,YC1 ,2,,,1142,1253,,5128,D,,1657
2325,A,,5128,D,長崎    ,長与    ,佐世保車両セ  ,17,7,YC1 ,2,,,1657,1713,,5137,D,,1729
2326,A,,5137,D,長与    ,長崎    ,佐世保車両セ  ,17,8,YC1 ,2,,,1729,1745,,5132,D,,1834
2327,A,,5132,D,長崎    ,長与    ,佐世保車両セ  ,17,9,YC1 ,2,,,1834,1850,,5141,D,,1922
2328,A,,5141,D,長与    ,長崎    ,佐世保車両セ  ,17,10,YC1 ,2,,,1922,1940,,246,D,,2015
2329,A,,246,D,長崎    ,佐世保  ,佐世保車両セ  ,17,11,YC1 ,2,,,2015,2240,,6940,D,,2255
2330,A,,6940,D,佐世保  ,早岐    ,佐世保車両セ  ,17,12,YC1 ,2,,,2255,2308,終,,,,
2331,A,,221,D,早岐    ,長崎    ,佐世保車両セ  ,18,1,YC1 ,2,,,510,713,,5120,D,,719
2332,A,,5120,D,長崎    ,諫早    ,佐世保車両セ  ,18,2,YC1 ,2,,,719,818,,5129,D,,902
2333,A,,5129,D,諫早    ,長崎    ,佐世保車両セ  ,18,3,YC1 ,2,,,902,949,,234,D,,1318
2334,A,,234,D,長崎    ,竹松    ,佐世保車両セ  ,18,4,YC1 ,2,,,1318,1435,,237,D,,1443
2335,A,,237,D,竹松    ,諫早    ,佐世保車両セ  ,18,5,YC1 ,2,,,1443,1504,,137,D,,1608
2336,A,,137,D,諫早    ,長崎    ,佐世保車両セ  ,18,6,YC1 ,2,,,1608,1642,,5130,D,,1737
2337,A,,5130,D,長崎    ,長与    ,佐世保車両セ  ,18,7,YC1 ,2,,,1737,1755,,5139,D,,1822
2338,A,,5139,D,長与    ,長崎    ,佐世保車両セ  ,18,8,YC1 ,2,,,1822,1838,,4132,D,,1900
2339,A,,4132,D,長崎    ,肥前浜  ,佐世保車両セ  ,18,9,YC1 ,2,,,1900,2039,,2129,D,,2044
2340,A,,2129,D,肥前浜  ,肥前大浦,佐世保車両セ  ,18,10,YC1 ,2,,,2044,2107,回,2129,D,,2113
2341,A,回,2129,D,肥前大浦,諫早    ,佐世保車両セ  ,18,11,YC1 ,2,,,2113,2138,終,,,,
2342,A,回,2122,D,諫早    ,肥前大浦,佐世保車両セ  ,19,1,YC1 ,2,,,528,555,,2122,D,,615
2343,A,,2122,D,肥前大浦,江北    ,佐世保車両セ  ,19,2,YC1 ,2,,,615,659,,4125,D,,727
2344,A,,4125,D,江北    ,長崎    ,佐世保車両セ  ,19,3,YC1 ,2,,,727,932,,4126,D,,1220
2345,A,,4126,D,長崎    ,肥前浜  ,佐世保車両セ  ,19,4,YC1 ,2,,,1220,1350,,4127,D,,1359
2346,A,,4127,D,肥前浜  ,長崎    ,佐世保車両セ  ,19,5,YC1 ,2,,,1359,1532,,4128,D,,1541
2347,A,,4128,D,長崎    ,肥前浜  ,佐世保車両セ  ,19,6,YC1 ,2,,,1541,1711,,4131,D,,1724
2348,A,,4131,D,肥前浜  ,諫早    ,佐世保車両セ  ,19,7,YC1 ,2,,,1724,1821,,136,D,,1851
2349,A,,136,D,諫早    ,小長井  ,佐世保車両セ  ,19,8,YC1 ,2,,,1851,1916,回,136,D,,1923
2350,A,回,136,D,小長井  ,土井崎信,佐世保車両セ  ,19,9,YC1 ,2,,,1923,1927,回,145,D,,1944
2351,A,回,145,D,土井崎信,小長井  ,佐世保車両セ  ,19,10,YC1 ,2,,,1944,1948,,145,D,,1951
2352,A,,145,D,小長井  ,諫早    ,佐世保車両セ  ,19,11,YC1 ,2,,,1951,2018,回,151,D,,2028
2353,A,回,151,D,諫早    ,長崎    ,佐世保車両セ  ,19,12,YC1 ,2,,,2028,2058,,4134,D,,2147
2354,A,,4134,D,長崎    ,江北    ,佐世保車両セ  ,19,13,YC1 ,2,,,2147,2350,終,,,,
2355,A,,4121,D,江北    ,諫早    ,佐世保車両セ  ,20,1,YC1 ,2,,,514,634,,4122,D,,704
2356,A,,4122,D,諫早    ,江北    ,佐世保車両セ  ,20,2,YC1 ,2,,,704,830,,6925,D,,933
2357,A,,6925,D,江北    ,早岐    ,佐世保車両セ  ,20,3,YC1 ,2,,,933,1026,,6926,D,,1425
2358,A,,6926,D,早岐    ,江北    ,佐世保車両セ  ,20,4,YC1 ,2,,,1425,1514,,4129,D,,1605
2359,A,,4129,D,江北    ,諫早    ,佐世保車両セ  ,20,5,YC1 ,2,,,1605,1722,,4130,D,,1733
2360,A,,4130,D,諫早    ,肥前浜  ,佐世保車両セ  ,20,6,YC1 ,2,,,1733,1836,回,4130,D,,1933
2361,A,回,4130,D,肥前浜  ,多良    ,佐世保車両セ  ,20,7,YC1 ,2,,,1933,1945,回,2131,D,,2033
2362,A,回,2131,D,多良    ,肥前浜  ,佐世保車両セ  ,20,8,YC1 ,2,,,2033,2052,,2131,D,,2135
2363,A,,2131,D,肥前浜  ,肥前大浦,佐世保車両セ  ,20,9,YC1 ,2,,,2135,2159,回,2150,D,,2205
2364,A,回,2150,D,肥前大浦,肥前浜  ,佐世保車両セ  ,20,10,YC1 ,2,,,2205,2225,終,,,,
2365,A,回,121,D,肥前浜  ,肥前大浦,佐世保車両セ  ,21,1,YC1 ,2,,,517,536,,121,D,,539
2366,A,,121,D,肥前大浦,諫早    ,佐世保車両セ  ,21,2,YC1 ,2,,,539,612,,4120,D,,635
2367,A,,4120,D,諫早    ,江北    ,佐世保車両セ  ,21,3,YC1 ,2,,,635,801,,2121,D,,817
2368,A,,2121,D,江北    ,肥前大浦,佐世保車両セ  ,21,4,YC1 ,2,,,817,901,,2124,D,,915
2369,A,,2124,D,肥前大浦,江北    ,佐世保車両セ  ,21,5,YC1 ,2,,,915,958,回,2128,D,,1018
2370,A,回,2128,D,江北    ,肥前浜  ,佐世保車両セ  ,21,6,YC1 ,2,,,1018,1045,,2128,D,,1136
2371,A,,2128,D,肥前浜  ,江北    ,佐世保車両セ  ,21,7,YC1 ,2,,,1136,1157,,6935,D,,1453
2372,A,,6935,D,江北    ,早岐    ,佐世保車両セ  ,21,8,YC1 ,2,,,1453,1546,,6932,D,,1731
2373,A,,6932,D,早岐    ,江北    ,佐世保車両セ  ,21,9,YC1 ,2,,,1731,1822,,2125,D,,1827
2374,A,,2125,D,江北    ,肥前大浦,佐世保車両セ  ,21,10,YC1 ,2,,,1827,1910,,2130,D,,1919
2375,A,,2130,D,肥前大浦,肥前浜  ,佐世保車両セ  ,21,11,YC1 ,2,,,1919,1942,,2127,D,,1948
2376,A,,2127,D,肥前浜  ,肥前大浦,佐世保車両セ  ,21,12,YC1 ,2,,,1948,2011,,2132,D,,2112
2377,A,,2132,D,肥前大浦,江北    ,佐世保車両セ  ,21,13,YC1 ,2,,,2112,2155,,2133,D,,2306
2378,A,,2133,D,江北    ,肥前浜  ,佐世保車両セ  ,21,14,YC1 ,2,,,2306,2325,終,,,,
2379,A,回,2120,D,肥前浜  ,肥前大浦,佐世保車両セ  ,22,1,YC1 ,2,,,508,527,,2120,D,,538
2380,A,,2120,D,肥前大浦,肥前浜  ,佐世保車両セ  ,22,2,YC1 ,2,,,538,600,,4123,D,,611
2381,A,,4123,D,肥前浜  ,諫早    ,佐世保車両セ  ,22,3,YC1 ,2,,,611,720,,4124,D,,756
2382,A,,4124,D,諫早    ,肥前浜  ,佐世保車両セ  ,22,4,YC1 ,2,,,756,854,,2123,D,,1007
2383,A,,2123,D,肥前浜  ,多良    ,佐世保車両セ  ,22,5,YC1 ,2,,,1007,1022,,2126,D,,1044
2384,A,,2126,D,多良    ,江北    ,佐世保車両セ  ,22,6,YC1 ,2,,,1044,1118,,6929,D,,1151
2385,A,,6929,D,江北    ,早岐    ,佐世保車両セ  ,22,7,YC1 ,2,,,1151,1242,,6930,D,,1645
2386,A,,6930,D,早岐    ,江北    ,佐世保車両セ  ,22,8,YC1 ,2,,,1645,1736,,4133,D,,1750
2387,A,,4133,D,江北    ,諫早    ,佐世保車両セ  ,22,9,YC1 ,2,,,1750,1907,,142,D,,2049
2388,A,,142,D,諫早    ,湯江    ,佐世保車両セ  ,22,10,YC1 ,2,,,2049,2107,,149,D,,2134
2389,A,,149,D,湯江    ,長崎    ,佐世保車両セ  ,22,11,YC1 ,2,,,2134,2230,終,,,,
2390,A,回,150,D,長崎    ,土井崎信,佐世保車両セ  ,23,1,YC1 ,4,,,542,647,回,127,D,,654
2391,A,回,127,D,土井崎信,小長井  ,佐世保車両セ  ,23,2,YC1 ,4,,,654,659,,127,D,,704
2392,A,,127,D,小長井  ,長崎    ,佐世保車両セ  ,23,3,YC1 ,4,,,704,806,,226,D,,818
2393,A,,226,D,長崎    ,早岐    ,佐世保車両セ  ,23,4,YC1 ,4,,,818,1010,,6924,D,,1219
2394,A,,6924,D,早岐    ,江北    ,佐世保車両セ  ,23,5,YC1 ,2,,,1219,1313,,6933,D,,1349
2395,A,,6933,D,江北    ,早岐    ,佐世保車両セ  ,23,6,YC1 ,2,,,1349,1445,,6928,D,,1526
2396,A,,6928,D,早岐    ,江北    ,佐世保車両セ  ,23,7,YC1 ,2,,,1526,1617,,6939,D,,1647
2397,A,,6939,D,江北    ,早岐    ,佐世保車両セ  ,23,8,YC1 ,2,,,1647,1741,,6934,D,,1827
2398,A,,6934,D,早岐    ,江北    ,佐世保車両セ  ,23,9,YC1 ,2,,,1827,1919,,6941,D,,1927
2399,A,,6941,D,江北    ,早岐    ,佐世保車両セ  ,23,10,YC1 ,2,,,1927,2015,,249,D,,2115
2400,A,,249,D,早岐    ,長崎    ,佐世保車両セ  ,23,11,YC1 ,2,,,2115,2316,終,,,,
2401,A,回,150,D,長崎    ,土井崎信,佐世保車両セ  ,24,1,YC1 ,4,,,542,647,回,127,D,,654
2402,A,回,127,D,土井崎信,小長井  ,佐世保車両セ  ,24,2,YC1 ,4,,,654,659,,127,D,,704
2403,A,,127,D,小長井  ,長崎    ,佐世保車両セ  ,24,3,YC1 ,4,,,704,806,,226,D,,818
2404,A,,226,D,長崎    ,早岐    ,佐世保車両セ  ,24,4,YC1 ,4,,,818,1010,,6927,D,,1047
2405,A,,6927,D,早岐    ,佐世保  ,佐世保車両セ  ,24,5,YC1 ,2,,,1047,1103,,4225,D,,1112
2406,A,,4225,D,佐世保  ,長崎    ,佐世保車両セ  ,24,6,YC1 ,2,,,1112,1257,,236,D,,1512
2407,A,,236,D,長崎    ,竹松    ,佐世保車両セ  ,24,7,YC1 ,2,,,1512,1624,,2225,D,,1638
2408,A,,2225,D,竹松    ,長崎    ,佐世保車両セ  ,24,8,YC1 ,2,,,1638,1735,,138,D,,1839
2409,A,,138,D,長崎    ,諫早    ,佐世保車両セ  ,24,9,YC1 ,4,,,1839,1911,,141,D,,1918
2410,A,,141,D,諫早    ,長崎    ,佐世保車両セ  ,24,10,YC1 ,4,,,1918,1953,,140,D,,2003
2411,A,,140,D,長崎    ,諫早    ,佐世保車両セ  ,24,11,YC1 ,4,,,2003,2034,,147,D,,2042
2412,A,,147,D,諫早    ,長崎    ,佐世保車両セ  ,24,12,YC1 ,4,,,2042,2116,終,,,,
2413,A,,124,D,長崎    ,諫早    ,佐世保車両セ  ,25,1,YC1 ,4,,,629,659,,5125,D,,721
2414,A,,5125,D,諫早    ,長崎    ,佐世保車両セ  ,25,2,YC1 ,4,,,721,810,,4226,D,,1303
2415,A,,4226,D,長崎    ,佐世保  ,佐世保車両セ  ,25,3,YC1 ,2,,,1303,1506,,4233,D,,1511
2416,A,,4233,D,佐世保  ,長崎    ,佐世保車両セ  ,25,4,YC1 ,2,,,1511,1654,,3232,D,,1814
2417,A,,3232,D,長崎    ,佐世保  ,佐世保車両セ  ,25,5,YC1 ,4,,,1814,2014,,6936,D,,2023
2418,A,,6936,D,佐世保  ,早岐    ,佐世保車両セ  ,25,6,YC1 ,4,,,2023,2036,終,,,,
2419,A,回,2221,D,早岐    ,佐世保  ,佐世保車両セ  ,26,1,YC1 ,4,,,529,539,,2221,D,,545
2420,A,,2221,D,佐世保  ,長崎    ,佐世保車両セ  ,26,2,YC1 ,4,,,545,747,,130,D,,934
2421,A,,130,D,長崎    ,諫早    ,佐世保車両セ  ,26,3,YC1 ,2,,,934,1005,,133,D,,1106
2422,A,,133,D,諫早    ,長崎    ,佐世保車両セ  ,26,4,YC1 ,2,,,1106,1139,,4224,D,,1200
2423,A,,4224,D,長崎    ,佐世保  ,佐世保車両セ  ,26,5,YC1 ,2,,,1200,1406,,4231,D,,1412
2424,A,,4231,D,佐世保  ,長崎    ,佐世保車両セ  ,26,6,YC1 ,2,,,1412,1605,,134,D,,1753
2425,A,,134,D,長崎    ,諫早    ,佐世保車両セ  ,26,7,YC1 ,4,,,1753,1826,,143,D,,1945
2426,A,,143,D,諫早    ,長崎    ,佐世保車両セ  ,26,8,YC1 ,4,,,1945,2027,終,,,,
2427,A,,122,D,長崎    ,諫早    ,佐世保車両セ  ,27,1,YC1 ,4,,,600,630,,125,D,,652
2428,A,,125,D,諫早    ,長崎    ,佐世保車両セ  ,27,2,YC1 ,4,,,652,732,,3230,D,,1708
2429,A,,3230,D,長崎    ,佐世保  ,佐世保車両セ  ,27,3,YC1 ,4,,,1708,1902,,247,D,,1924
2430,A,,247,D,佐世保  ,長崎    ,佐世保車両セ  ,27,4,YC1 ,4,,,1924,2151,終,,,,
2431,A,,3220,D,長崎    ,竹松    ,佐世保車両セ  ,28,1,YC1 ,4,,,615,712,,3221,D,,727
2432,A,,3221,D,竹松    ,長崎    ,佐世保車両セ  ,28,2,YC1 ,4,,,727,829,,242,D,,1805
2433,A,,242,D,長崎    ,佐世保  ,佐世保車両セ  ,28,3,YC1 ,4,,,1805,2041,,6938,D,,2102
2434,A,,6938,D,佐世保  ,早岐    ,佐世保車両セ  ,28,4,YC1 ,4,,,2102,2114,終,,,,
2435,A,回,281,D,早岐    ,諫早    ,佐世保車両セ  ,29,1,YC1 ,4,,,502,605,,123,D,,621
2436,A,,123,D,諫早    ,長崎    ,佐世保車両セ  ,29,2,YC1 ,4,,,621,654,,126,D,,707
2437,A,,126,D,長崎    ,諫早    ,佐世保車両セ  ,29,3,YC1 ,4,,,707,743,,129,D,,803
2438,A,,129,D,諫早    ,長崎    ,佐世保車両セ  ,29,4,YC1 ,4,,,803,837,,132,D,,1647
2439,A,,132,D,長崎    ,諫早    ,佐世保車両セ  ,29,5,YC1 ,4,,,1647,1720,,139,D,,1829
2440,A,,139,D,諫早    ,長崎    ,佐世保車両セ  ,29,6,YC1 ,4,,,1829,1904,,5134,D,,1936
2441,A,,5134,D,長崎    ,長与    ,佐世保車両セ  ,29,7,YC1 ,2,,,1936,1953,回,5134,D,,2001
2442,A,回,5134,D,長与    ,長崎    ,佐世保車両セ  ,29,8,YC1 ,2,,,2001,2014,,5136,D,,2055
2443,A,,5136,D,長崎    ,諫早    ,佐世保車両セ  ,29,9,YC1 ,2,,,2055,2142,回,5136,D,,2149
2444,A,回,5136,D,諫早    ,長崎    ,佐世保車両セ  ,29,10,YC1 ,2,,,2149,2213,終,,,,
2445,A,回,5121,D,長崎    ,諫早    ,佐世保車両セ  ,30,1,YC1 ,2,,,529,551,,5121,D,,556
2446,A,,5121,D,諫早    ,長崎    ,佐世保車両セ  ,30,2,YC1 ,2,,,556,642,,3222,D,,649
2447,A,,3222,D,長崎    ,佐世保  ,佐世保車両セ  ,30,3,YC1 ,2,,,649,845,,4221,D,,911
2448,A,,4221,D,佐世保  ,長崎    ,佐世保車両セ  ,30,4,YC1 ,2,,,911,1109,,5126,D,,1424
2449,A,,5126,D,長崎    ,長与    ,佐世保車両セ  ,30,5,YC1 ,2,,,1424,1440,,5135,D,,1528
2450,A,,5135,D,長与    ,長崎    ,佐世保車両セ  ,30,6,YC1 ,2,,,1528,1546,,238,D,,1609
2451,A,,238,D,長崎    ,佐世保  ,佐世保車両セ  ,30,7,YC1 ,2,,,1609,1844,,3229,D,,1853
2452,A,,3229,D,佐世保  ,長崎    ,佐世保車両セ  ,30,8,YC1 ,2,,,1853,2041,終,,,,
2453,A,,224,D,長崎    ,佐世保  ,佐世保車両セ  ,31,1,YC1 ,2,,,635,920,回,224,D,,942
2454,A,回,224,D,佐世保  ,早岐    ,佐世保車両セ  ,31,2,YC1 ,2,,,942,953,,6922,D,,1040
2455,A,,6922,D,早岐    ,江北    ,佐世保車両セ  ,31,3,YC1 ,2,,,1040,1138,,6931,D,,1255
2456,A,,6931,D,江北    ,早岐    ,佐世保車両セ  ,31,4,YC1 ,2,,,1255,1349,,6937,D,,1550
2457,A,,6937,D,早岐    ,佐世保  ,佐世保車両セ  ,31,5,YC1 ,2,,,1550,1606,,3225,D,,1613
2458,A,,3225,D,佐世保  ,長崎    ,佐世保車両セ  ,31,6,YC1 ,2,,,1613,1817,,138,D,,1839
2459,A,,138,D,長崎    ,諫早    ,佐世保車両セ  ,31,7,YC1 ,4,,,1839,1911,,141,D,,1918
2460,A,,141,D,諫早    ,長崎    ,佐世保車両セ  ,31,8,YC1 ,4,,,1918,1953,,140,D,,2003
2461,A,,140,D,長崎    ,諫早    ,佐世保車両セ  ,31,9,YC1 ,4,,,2003,2034,,147,D,,2042
2462,A,,147,D,諫早    ,長崎    ,佐世保車両セ  ,31,10,YC1 ,4,,,2042,2116,終,,,,
2463,A,,2223,D,早岐    ,長崎    ,佐世保車両セ  ,41,1,YC1 ,3,,,621,822,,3226,D,,908
2464,A,,3226,D,長崎    ,早岐    ,佐世保車両セ  ,41,2,YC1 ,3,,,908,1044,,241,D,,1602
2465,A,,241,D,早岐    ,長崎    ,佐世保車両セ  ,41,3,YC1 ,3,,,1602,1812,,244,D,,1906
2466,A,,244,D,長崎    ,佐世保  ,佐世保車両セ  ,41,4,YC1 ,3,,,1906,2144,,2227,D,,2155
2467,A,,2227,D,佐世保  ,長崎    ,佐世保車両セ  ,41,5,YC1 ,3,,,2155,2348,終,,,,
2468,A,,120,D,長崎    ,諫早    ,佐世保車両セ  ,42,1,YC1 ,3,,,548,619,,5123,D,,630
2469,A,,5123,D,諫早    ,長崎    ,佐世保車両セ  ,42,2,YC1 ,3,,,630,725,,3224,D,,740
2470,A,,3224,D,長崎    ,佐世保  ,佐世保車両セ  ,42,3,YC1 ,3,,,740,942,,4223,D,,1011
2471,A,,4223,D,佐世保  ,長崎    ,佐世保車両セ  ,42,4,YC1 ,3,,,1011,1206,,4228,D,,1403
2472,A,,4228,D,長崎    ,佐世保  ,佐世保車両セ  ,42,5,YC1 ,3,,,1403,1559,,243,D,,1631
2473,A,,243,D,佐世保  ,長崎    ,佐世保車両セ  ,42,6,YC1 ,3,,,1631,1908,,3234,D,,1928
2474,A,,3234,D,長崎    ,佐世保  ,佐世保車両セ  ,42,7,YC1 ,3,,,1928,2119,,3233,D,,2134
2475,A,,3233,D,佐世保  ,長崎    ,佐世保車両セ  ,42,8,YC1 ,3,,,2134,2320,,146,D,,2325
2476,A,,146,D,長崎    ,諫早    ,佐世保車両セ  ,42,9,YC1 ,3,,,2325,2355,終,,,,
2477,A,回,223,D,諫早    ,竹松    ,佐世保車両セ  ,43,1,YC1 ,3,,,549,606,,223,D,,618
2478,A,,223,D,竹松    ,長崎    ,佐世保車両セ  ,43,2,YC1 ,3,,,618,756,回,5127,D,,802
2479,A,回,5127,D,長崎    ,長与    ,佐世保車両セ  ,43,3,YC1 ,3,,,802,815,,5127,D,,834
2480,A,,5127,D,長与    ,長崎    ,佐世保車両セ  ,43,4,YC1 ,3,,,834,850,,228,D,,916
2481,A,,228,D,長崎    ,竹松    ,佐世保車両セ  ,43,5,YC1 ,3,,,916,1036,,229,D,,1042
2482,A,,229,D,竹松    ,諫早    ,佐世保車両セ  ,43,6,YC1 ,3,,,1042,1104,,135,D,,1305
2483,A,,135,D,諫早    ,長崎    ,佐世保車両セ  ,43,7,YC1 ,3,,,1305,1339,,240,D,,1713
2484,A,,240,D,長崎    ,佐世保  ,佐世保車両セ  ,43,8,YC1 ,3,,,1713,1941,,3231,D,,1954
2485,A,,3231,D,佐世保  ,長崎    ,佐世保車両セ  ,43,9,YC1 ,3,,,1954,2155,,2224,D,,2225
2486,A,,2224,D,長崎    ,早岐    ,佐世保車両セ  ,43,10,YC1 ,3,,,2225,2359,終,,,,
2487,A,,6921,D,早岐    ,佐世保  ,佐世保車両セ  ,44,1,YC1 ,3,,,618,631,,225,D,,652
2488,A,,225,D,佐世保  ,長崎    ,佐世保車両セ  ,44,2,YC1 ,3,,,652,913,,4220,D,,1007
2489,A,,4220,D,長崎    ,佐世保  ,佐世保車両セ  ,44,3,YC1 ,3,,,1007,1157,,4227,D,,1202
2490,A,,4227,D,佐世保  ,長崎    ,佐世保車両セ  ,44,4,YC1 ,3,,,1202,1402,,3228,D,,1602
2491,A,,3228,D,長崎    ,佐世保  ,佐世保車両セ  ,44,5,YC1 ,3,,,1602,1759,,245,D,,1810
2492,A,,245,D,佐世保  ,長崎    ,佐世保車両セ  ,44,6,YC1 ,3,,,1810,2048,,3236,D,,2112
2493,A,,3236,D,長崎    ,佐世保  ,佐世保車両セ  ,44,7,YC1 ,3,,,2112,2312,,6942,D,,2331
2494,A,,6942,D,佐世保  ,早岐    ,佐世保車両セ  ,44,8,YC1 ,3,,,2331,2343,終,,,,
2495,A,回,4420,D,大分    ,三重町  ,大分車両セ    ,1,1,D125,2,,,555,642,,4420,D,,646
2496,A,,4420,D,三重町  ,豊後竹田,大分車両セ    ,1,2,D125,2,,,646,717,,4431,D,,724
2497,A,,4431,D,豊後竹田,大分    ,大分車両セ    ,1,3,D125,2,,,724,905,回,4431,D,,917
2498,A,回,4431,D,大分    ,下郡信  ,大分車両セ    ,1,4,D125,2,,,917,921,回,4840,D,,1401
2499,A,回,4840,D,下郡信  ,大分    ,大分車両セ    ,1,5,D125,2,,,1401,1405,,4840,D,,1419
2500,A,,4840,D,大分    ,由布院  ,大分車両セ    ,1,6,D125,2,,,1419,1525,,1868,D,,1623
2501,A,,1868,D,由布院  ,日田    ,大分車両セ    ,1,7,D125,2,,,1623,1730,,1865,D,,1813
2502,A,,1865,D,日田    ,大分    ,大分車両セ    ,1,8,D125,2,,,1813,2035,,4866,D,,2127
2503,A,,4866,D,大分    ,向之原  ,大分車両セ    ,1,9,D125,2,,,2127,2147,,4861,D,,2152
2504,A,,4861,D,向之原  ,大分    ,大分車両セ    ,1,10,D125,2,,,2152,2212,,4872,D,,2330
2505,A,,4872,D,大分    ,庄内    ,大分車両セ    ,1,11,D125,2,,,2330,14,回,4872,D,,19
2506,A,回,4872,D,庄内    ,大分    ,大分車両セ    ,1,12,D125,2,,,19,47,終,,,,
2507,A,,4820,D,大分    ,庄内    ,大分車両セ    ,2,1,D125,2,,,637,718,,4827,D,,723
2508,A,,4827,D,庄内    ,大分    ,大分車両セ    ,2,2,D125,2,,,723,802,,4832,D,,1035
2509,A,,4832,D,大分    ,由布院  ,大分車両セ    ,2,3,D125,2,,,1035,1139,,4843,D,,1210
2510,A,,4843,D,由布院  ,大分    ,大分車両セ    ,2,4,D125,2,,,1210,1309,回,4843,D,,1314
2511,A,回,4843,D,大分    ,下郡信  ,大分車両セ    ,2,5,D125,2,,,1314,1318,回,4460,D,,2146
2512,A,回,4460,D,下郡信  ,大分    ,大分車両セ    ,2,6,D125,1,,,2146,2150,,4460,D,,2213
2513,A,,4460,D,大分    ,豊後竹田,大分車両セ    ,2,7,D125,1,,,2213,2333,終,,,,
2514,A,,2420,D,豊後竹田,宮地    ,大分車両セ    ,3,1,D125,1,,,643,732,,2423,D,,1122
2515,A,,2423,D,宮地    ,豊後竹田,大分車両セ    ,3,2,D125,1,,,1122,1209,,4445,D,,1310
2516,A,,4445,D,豊後竹田,大分    ,大分車両セ    ,3,3,D125,1,,,1310,1422,,4436,D,,1434
2517,A,,4436,D,大分    ,三重町  ,大分車両セ    ,3,4,D125,1,,,1434,1531,,2426,D,,1700
2518,A,,2426,D,三重町  ,宮地    ,大分車両セ    ,3,5,D125,1,,,1700,1830,,2429,D,,2001
2519,A,,2429,D,宮地    ,豊後竹田,大分車両セ    ,3,6,D125,1,,,2001,2045,,2428,D,,2059
2520,A,,2428,D,豊後竹田,宮地    ,大分車両セ    ,3,7,D125,1,,,2059,2147,終,,,,
2521,A,,2421,D,宮地    ,豊後竹田,大分車両セ    ,4,1,D125,1,,,704,749,,4439,D,,951
2522,A,,4439,D,豊後竹田,大分    ,大分車両セ    ,4,2,D125,1,,,951,1106,回,4439,D,,1117
2523,A,回,4439,D,大分    ,下郡信  ,大分車両セ    ,4,3,D125,1,,,1117,1121,終,,,,
2524,A,回,1838,D,下郡信  ,大分    ,大分車両セ    ,5,1,D125,2,,,607,611,,1838,D,,615
2525,A,,1838,D,大分    ,日田    ,大分車両セ    ,5,2,D125,2,,,615,842,,1857,D,,1655
2526,A,,1857,D,日田    ,大分    ,大分車両セ    ,5,3,D125,2,,,1655,1929,,4452,D,,1949
2527,A,,4452,D,大分    ,豊後竹田,大分車両セ    ,5,4,D125,2,,,1949,2116,終,,,,
2528,A,,4423,D,豊後竹田,大分    ,大分車両セ    ,6,1,D125,2,,,535,652,,4424,D,,701
2529,A,,4424,D,大分    ,豊後竹田,大分車両セ    ,6,2,D125,2,,,701,833,,4437,D,,846
2530,A,,4437,D,豊後竹田,大分    ,大分車両セ    ,6,3,D125,2,,,846,1008,回,4437,D,,1013
2531,A,回,4437,D,大分    ,下郡信  ,大分車両セ    ,6,4,D125,2,,,1013,1017,回,4440,D,,1514
2532,A,回,4440,D,下郡信  ,大分    ,大分車両セ    ,6,5,D125,2,,,1514,1518,,4440,D,,1550
2533,A,,4440,D,大分    ,三重町  ,大分車両セ    ,6,6,D125,2,,,1550,1639,,4453,D,,1727
2534,A,,4453,D,三重町  ,大分    ,大分車両セ    ,6,7,D125,2,,,1727,1815,,5440,D,,1844
2535,A,,5440,D,大分    ,中判田  ,大分車両セ    ,6,8,D125,2,,,1844,1901,回,5480,D,,1906
2536,A,回,5480,D,中判田  ,竹中    ,大分車両セ    ,6,9,D125,2,,,1906,1913,回,5481,D,,1930
2537,A,回,5481,D,竹中    ,中判田  ,大分車両セ    ,6,10,D125,2,,,1930,1936,,5441,D,,1945
2538,A,,5441,D,中判田  ,大分    ,大分車両セ    ,6,11,D125,2,,,1945,2002,,5442,D,,2010
2539,A,,5442,D,大分    ,中判田  ,大分車両セ    ,6,12,D125,2,,,2010,2028,,5443,D,,2033
2540,A,,5443,D,中判田  ,大分    ,大分車両セ    ,6,13,D125,2,,,2033,2050,,4456,D,,2113
2541,A,,4456,D,大分    ,三重町  ,大分車両セ    ,6,14,D125,2,,,2113,2207,終,,,,
2542,A,,4429,D,三重町  ,大分    ,大分車両セ    ,7,1,D125,2,,,731,822,,4430,D,,913
2543,A,,4430,D,大分    ,豊後竹田,大分車両セ    ,7,2,D125,2,,,913,1031,,2422,D,,1101
2544,A,,2422,D,豊後竹田,宮地    ,大分車両セ    ,7,3,D125,2,,,1101,1150,,2425,D,,1259
2545,A,,2425,D,宮地    ,豊後竹田,大分車両セ    ,7,4,D125,2,,,1259,1342,,4447,D,,1420
2546,A,,4447,D,豊後竹田,大分    ,大分車両セ    ,7,5,D125,2,,,1420,1531,回,4447,D,,1535
2547,A,回,4447,D,大分    ,下郡信  ,大分車両セ    ,7,6,D125,2,,,1535,1539,回,4448,D,,1847
2548,A,回,4448,D,下郡信  ,大分    ,大分車両セ    ,7,7,D125,2,,,1847,1851,,4448,D,,1903
2549,A,,4448,D,大分    ,豊後竹田,大分車両セ    ,7,8,D125,2,,,1903,2022,,4463,D,,2047
2550,A,,4463,D,豊後竹田,大分    ,大分車両セ    ,7,9,D125,2,,,2047,2212,,4462,D,,2250
2551,A,,4462,D,大分    ,豊後竹田,大分車両セ    ,7,10,D125,2,,,2250,6,終,,,,
2552,A,,4421,D,豊後竹田,大分    ,大分車両セ    ,8,1,D125,2,,,515,627,,4422,D,,639
2553,A,,4422,D,大分    ,豊後竹田,大分車両セ    ,8,2,D125,2,,,639,757,,4433,D,,802
2554,A,,4433,D,豊後竹田,大分    ,大分車両セ    ,8,3,D125,2,,,802,926,回,4433,D,,931
2555,A,回,4433,D,大分    ,下郡信  ,大分車両セ    ,8,4,D125,2,,,931,935,回,2424,D,,1329
2556,A,回,2424,D,下郡信  ,大分    ,大分車両セ    ,8,5,D125,2,,,1329,1333,,2424,D,,1346
2557,A,,2424,D,大分    ,宮地    ,大分車両セ    ,8,6,D125,2,,,1346,1546,,2427,D,,1731
2558,A,,2427,D,宮地    ,豊後竹田,大分車両セ    ,8,7,D125,2,,,1731,1815,,4459,D,,1855
2559,A,,4459,D,豊後竹田,大分    ,大分車両セ    ,8,8,D125,2,,,1855,2024,,4454,D,,2033
2560,A,,4454,D,大分    ,豊後竹田,大分車両セ    ,8,9,D125,2,,,2033,2152,,4467,D,,2200
2561,A,,4467,D,豊後竹田,大分    ,大分車両セ    ,8,10,D125,2,,,2200,2324,終,,,,
2562,A,回,4420,D,大分    ,三重町  ,大分車両セ    ,9,1,D125,2,,,555,642,,4420,D,,646
2563,A,,4420,D,三重町  ,豊後竹田,大分車両セ    ,9,2,D125,2,,,646,717,,4431,D,,724
2564,A,,4431,D,豊後竹田,大分    ,大分車両セ    ,9,3,D125,2,,,724,905,回,4431,D,,917
2565,A,回,4431,D,大分    ,下郡信  ,大分車両セ    ,9,4,D125,2,,,917,921,回,4840,D,,1401
2566,A,回,4840,D,下郡信  ,大分    ,大分車両セ    ,9,5,D125,2,,,1401,1405,,4840,D,,1419
2567,A,,4840,D,大分    ,由布院  ,大分車両セ    ,9,6,D125,2,,,1419,1525,,1868,D,,1623
2568,A,,1868,D,由布院  ,日田    ,大分車両セ    ,9,7,D125,2,,,1623,1730,,1865,D,,1813
2569,A,,1865,D,日田    ,大分    ,大分車両セ    ,9,8,D125,2,,,1813,2035,,4866,D,,2127
2570,A,,4866,D,大分    ,向之原  ,大分車両セ    ,9,9,D125,2,,,2127,2147,,4861,D,,2152
2571,A,,4861,D,向之原  ,大分    ,大分車両セ    ,9,10,D125,2,,,2152,2212,,4872,D,,2330
2572,A,,4872,D,大分    ,庄内    ,大分車両セ    ,9,11,D125,2,,,2330,14,回,4872,D,,19
2573,A,回,4872,D,庄内    ,大分    ,大分車両セ    ,9,12,D125,2,,,19,47,終,,,,
2574,A,,4820,D,大分    ,庄内    ,大分車両セ    ,10,1,D125,2,,,637,718,,4827,D,,723
2575,A,,4827,D,庄内    ,大分    ,大分車両セ    ,10,2,D125,2,,,723,802,,4832,D,,1035
2576,A,,4832,D,大分    ,由布院  ,大分車両セ    ,10,3,D125,2,,,1035,1139,,4843,D,,1210
2577,A,,4843,D,由布院  ,大分    ,大分車両セ    ,10,4,D125,2,,,1210,1309,回,4843,D,,1314
2578,A,回,4843,D,大分    ,下郡信  ,大分車両セ    ,10,5,D125,2,,,1314,1318,終,,,,
2579,A,回,1838,D,下郡信  ,大分    ,大分車両セ    ,11,1,D125,2,,,607,611,,1838,D,,615
2580,A,,1838,D,大分    ,日田    ,大分車両セ    ,11,2,D125,2,,,615,842,,1857,D,,1655
2581,A,,1857,D,日田    ,大分    ,大分車両セ    ,11,3,D125,2,,,1655,1929,,4452,D,,1949
2582,A,,4452,D,大分    ,豊後竹田,大分車両セ    ,11,4,D125,2,,,1949,2116,終,,,,
2583,A,,4423,D,豊後竹田,大分    ,大分車両セ    ,12,1,D125,2,,,535,652,,4424,D,,701
2584,A,,4424,D,大分    ,豊後竹田,大分車両セ    ,12,2,D125,2,,,701,833,,4437,D,,846
2585,A,,4437,D,豊後竹田,大分    ,大分車両セ    ,12,3,D125,2,,,846,1008,回,4437,D,,1013
2586,A,回,4437,D,大分    ,下郡信  ,大分車両セ    ,12,4,D125,2,,,1013,1017,回,4440,D,,1514
2587,A,回,4440,D,下郡信  ,大分    ,大分車両セ    ,12,5,D125,2,,,1514,1518,,4440,D,,1550
2588,A,,4440,D,大分    ,三重町  ,大分車両セ    ,12,6,D125,2,,,1550,1639,,4453,D,,1727
2589,A,,4453,D,三重町  ,大分    ,大分車両セ    ,12,7,D125,2,,,1727,1815,,5440,D,,1844
2590,A,,5440,D,大分    ,中判田  ,大分車両セ    ,12,8,D125,2,,,1844,1901,回,5480,D,,1906
2591,A,回,5480,D,中判田  ,竹中    ,大分車両セ    ,12,9,D125,2,,,1906,1913,回,5481,D,,1930
2592,A,回,5481,D,竹中    ,中判田  ,大分車両セ    ,12,10,D125,2,,,1930,1936,,5441,D,,1945
2593,A,,5441,D,中判田  ,大分    ,大分車両セ    ,12,11,D125,2,,,1945,2002,,5442,D,,2010
2594,A,,5442,D,大分    ,中判田  ,大分車両セ    ,12,12,D125,2,,,2010,2028,,5443,D,,2033
2595,A,,5443,D,中判田  ,大分    ,大分車両セ    ,12,13,D125,2,,,2033,2050,,4456,D,,2113
2596,A,,4456,D,大分    ,三重町  ,大分車両セ    ,12,14,D125,2,,,2113,2207,終,,,,
2597,A,,4429,D,三重町  ,大分    ,大分車両セ    ,13,1,D125,2,,,731,822,,4430,D,,913
2598,A,,4430,D,大分    ,豊後竹田,大分車両セ    ,13,2,D125,2,,,913,1031,,2422,D,,1101
2599,A,,2422,D,豊後竹田,宮地    ,大分車両セ    ,13,3,D125,2,,,1101,1150,,2425,D,,1259
2600,A,,2425,D,宮地    ,豊後竹田,大分車両セ    ,13,4,D125,2,,,1259,1342,,4447,D,,1420
2601,A,,4447,D,豊後竹田,大分    ,大分車両セ    ,13,5,D125,2,,,1420,1531,回,4447,D,,1535
2602,A,回,4447,D,大分    ,下郡信  ,大分車両セ    ,13,6,D125,2,,,1535,1539,回,4448,D,,1847
2603,A,回,4448,D,下郡信  ,大分    ,大分車両セ    ,13,7,D125,2,,,1847,1851,,4448,D,,1903
2604,A,,4448,D,大分    ,豊後竹田,大分車両セ    ,13,8,D125,2,,,1903,2022,,4463,D,,2047
2605,A,,4463,D,豊後竹田,大分    ,大分車両セ    ,13,9,D125,2,,,2047,2212,,4462,D,,2250
2606,A,,4462,D,大分    ,豊後竹田,大分車両セ    ,13,10,D125,2,,,2250,6,終,,,,
2607,A,,4421,D,豊後竹田,大分    ,大分車両セ    ,14,1,D125,2,,,515,627,,4422,D,,639
2608,A,,4422,D,大分    ,豊後竹田,大分車両セ    ,14,2,D125,2,,,639,757,,4433,D,,802
2609,A,,4433,D,豊後竹田,大分    ,大分車両セ    ,14,3,D125,2,,,802,926,回,4433,D,,931
2610,A,回,4433,D,大分    ,下郡信  ,大分車両セ    ,14,4,D125,2,,,931,935,回,2424,D,,1329
2611,A,回,2424,D,下郡信  ,大分    ,大分車両セ    ,14,5,D125,2,,,1329,1333,,2424,D,,1346
2612,A,,2424,D,大分    ,宮地    ,大分車両セ    ,14,6,D125,2,,,1346,1546,,2427,D,,1731
2613,A,,2427,D,宮地    ,豊後竹田,大分車両セ    ,14,7,D125,2,,,1731,1815,,4459,D,,1855
2614,A,,4459,D,豊後竹田,大分    ,大分車両セ    ,14,8,D125,2,,,1855,2024,,4454,D,,2033
2615,A,,4454,D,大分    ,豊後竹田,大分車両セ    ,14,9,D125,2,,,2033,2152,,4467,D,,2200
2616,A,,4467,D,豊後竹田,大分    ,大分車両セ    ,14,10,D125,2,,,2200,2324,終,,,,
2617,A,,4425,D,三重町  ,大分    ,大分車両セ    ,21,1,D220,3,,,629,715,回,4425,D,,731
2618,A,回,4425,D,大分    ,下郡信  ,大分車両セ    ,21,2,D220,1,,,731,735,回,4458,D,,2115
2619,A,回,4458,D,下郡信  ,大分    ,大分車両セ    ,21,3,D220,1,,,2115,2119,,4458,D,,2136
2620,A,,4458,D,大分    ,豊後竹田,大分車両セ    ,21,4,D220,3,,,2136,2253,終,,,,
2621,A,回,4480,D,豊後竹田,豊後荻  ,大分車両セ    ,22,1,D220,3,,,547,600,,4427,D,,628
2622,A,,4427,D,豊後荻  ,大分    ,大分車両セ    ,22,2,D220,3,,,628,800,回,4427,D,,816
2623,A,回,4427,D,大分    ,下郡信  ,大分車両セ    ,22,3,D220,3,,,816,820,回,4434,D,,1205
2624,A,回,4434,D,下郡信  ,大分    ,大分車両セ    ,22,4,D220,2,,,1205,1209,,4434,D,,1222
2625,A,,4434,D,大分    ,豊後竹田,大分車両セ    ,22,5,D220,2,,,1222,1350,,4449,D,,1508
2626,A,,4449,D,豊後竹田,大分    ,大分車両セ    ,22,6,D220,2,,,1508,1627,,4442,D,,1640
2627,A,,4442,D,大分    ,豊後竹田,大分車両セ    ,22,7,D220,2,,,1640,1758,,4455,D,,1808
2628,A,,4455,D,豊後竹田,大分    ,大分車両セ    ,22,8,D220,2,,,1808,1919,,4450,D,,1926
2629,A,,4450,D,大分    ,三重町  ,大分車両セ    ,22,9,D220,2,,,1926,2011,,4465,D,,2151
2630,A,,4465,D,三重町  ,大分    ,大分車両セ    ,22,10,D220,2,,,2151,2247,,4464,D,,2330
2631,A,,4464,D,大分    ,三重町  ,大分車両セ    ,22,11,D220,3,,,2330,15,終,,,,
2632,A,,4425,D,三重町  ,大分    ,大分車両セ    ,23,1,D220,3,,,629,715,,4824,D,,726
2633,A,,4824,D,大分    ,由布院  ,大分車両セ    ,23,2,D220,2,,,726,837,,1844,D,,924
2634,A,,1844,D,由布院  ,日田    ,大分車両セ    ,23,3,D220,1,,,924,1030,,1848,D,,1040
2635,A,,1848,D,日田    ,久留米  ,大分車両セ    ,23,4,D220,1,,,1040,1145,,1845,D,,1220
2636,A,,1845,D,久留米  ,日田    ,大分車両セ    ,23,5,D220,1,,,1220,1323,,1856,D,,1430
2637,A,,1856,D,日田    ,久留米  ,大分車両セ    ,23,6,D220,1,,,1430,1533,,1859,D,,1607
2638,A,,1859,D,久留米  ,うきは  ,大分車両セ    ,23,7,D220,1,,,1607,1657,,1864,D,,1702
2639,A,,1864,D,うきは  ,久留米  ,大分車両セ    ,23,8,D220,1,,,1702,1757,,1871,D,,1802
2640,A,,1871,D,久留米  ,日田    ,大分車両セ    ,23,9,D220,1,,,1802,1911,,1876,D,,1928
2641,A,,1876,D,日田    ,久留米  ,大分車両セ    ,23,10,D220,1,,,1928,2034,,1883,D,,2106
2642,A,,1883,D,久留米  ,日田    ,大分車両セ    ,23,11,D220,1,,,2106,2213,終,,,,
2643,A,,1828,D,日田    ,久留米  ,大分車両セ    ,24,1,D220,2,,,649,756,,1831,D,,807
2644,A,,1831,D,久留米  ,善導寺  ,大分車両セ    ,24,2,D220,2,,,807,824,,1834,D,,828
2645,A,,1834,D,善導寺  ,久留米  ,大分車両セ    ,24,3,D220,2,,,828,850,,1837,D,,934
2646,A,,1837,D,久留米  ,筑後吉井,大分車両セ    ,24,4,D220,2,,,934,1008,,1846,D,,1032
2647,A,,1846,D,筑後吉井,久留米  ,大分車両セ    ,24,5,D220,2,,,1032,1110,回,1846,D,,1131
2648,A,回,1846,D,久留米  ,鳥栖    ,大分車両セ    ,24,6,D220,2,,,1131,1139,回,1867,D,,1645
2649,A,回,1867,D,鳥栖    ,久留米  ,大分車両セ    ,24,7,D220,1,,,1645,1652,,1867,D,,1704
2650,A,,1867,D,久留米  ,日田    ,大分車両セ    ,24,8,D220,1,,,1704,1819,終,,,,
2651,A,,1828,D,日田    ,久留米  ,大分車両セ    ,25,1,D220,2,,,649,756,,1831,D,,807
2652,A,,1831,D,久留米  ,善導寺  ,大分車両セ    ,25,2,D220,2,,,807,824,,1834,D,,828
2653,A,,1834,D,善導寺  ,久留米  ,大分車両セ    ,25,3,D220,2,,,828,850,,1837,D,,934
2654,A,,1837,D,久留米  ,筑後吉井,大分車両セ    ,25,4,D220,2,,,934,1008,,1846,D,,1032
2655,A,,1846,D,筑後吉井,久留米  ,大分車両セ    ,25,5,D220,2,,,1032,1110,回,1846,D,,1131
2656,A,回,1846,D,久留米  ,鳥栖    ,大分車両セ    ,25,6,D220,2,,,1131,1139,回,1847,D,,1303
2657,A,回,1847,D,鳥栖    ,久留米  ,大分車両セ    ,25,7,D220,1,,,1303,1310,,1847,D,,1313
2658,A,,1847,D,久留米  ,日田    ,大分車両セ    ,25,8,D220,1,,,1313,1421,,1861,D,,1740
2659,A,,1861,D,日田    ,豊後森  ,大分車両セ    ,25,9,D220,1,,,1740,1815,,4865,D,,2145
2660,A,,4865,D,豊後森  ,大分    ,大分車両セ    ,25,10,D220,1,,,2145,2327,回,4865,D,,2333
2661,A,回,4865,D,大分    ,下郡信  ,大分車両セ    ,25,11,D220,1,,,2333,2337,終,,,,
2662,A,回,5420,D,下郡信  ,大分    ,大分車両セ    ,26,1,D220,3,,,559,603,,5420,D,,614
2663,A,,5420,D,大分    ,犬飼    ,大分車両セ    ,26,2,D220,3,,,614,656,,5421,D,,710
2664,A,,5421,D,犬飼    ,大分    ,大分車両セ    ,26,3,D220,3,,,710,739,回,5421,D,,751
2665,A,回,5421,D,大分    ,下郡信  ,大分車両セ    ,26,4,D220,1,,,751,755,回,4434,D,,1205
2666,A,回,4434,D,下郡信  ,大分    ,大分車両セ    ,26,5,D220,2,,,1205,1209,,4434,D,,1222
2667,A,,4434,D,大分    ,豊後竹田,大分車両セ    ,26,6,D220,2,,,1222,1350,,4449,D,,1508
2668,A,,4449,D,豊後竹田,大分    ,大分車両セ    ,26,7,D220,2,,,1508,1627,,4442,D,,1640
2669,A,,4442,D,大分    ,豊後竹田,大分車両セ    ,26,8,D220,2,,,1640,1758,,4455,D,,1808
2670,A,,4455,D,豊後竹田,大分    ,大分車両セ    ,26,9,D220,2,,,1808,1919,,4450,D,,1926
2671,A,,4450,D,大分    ,三重町  ,大分車両セ    ,26,10,D220,2,,,1926,2011,,4465,D,,2151
2672,A,,4465,D,三重町  ,大分    ,大分車両セ    ,26,11,D220,2,,,2151,2247,,4464,D,,2330
2673,A,,4464,D,大分    ,三重町  ,大分車両セ    ,26,12,D220,3,,,2330,15,終,,,,
2674,A,,4425,D,三重町  ,大分    ,大分車両セ    ,27,1,D220,3,,,629,715,,4824,D,,726
2675,A,,4824,D,大分    ,由布院  ,大分車両セ    ,27,2,D220,2,,,726,837,,4835,D,,932
2676,A,,4835,D,由布院  ,大分    ,大分車両セ    ,27,3,D220,1,,,932,1027,回,4835,D,,1038
2677,A,回,4835,D,大分    ,下郡信  ,大分車両セ    ,27,4,D220,1,,,1038,1042,回,4842,D,,1500
2678,A,回,4842,D,下郡信  ,大分    ,大分車両セ    ,27,5,D220,1,,,1500,1504,,4842,D,,1512
2679,A,,4842,D,大分    ,由布院  ,大分車両セ    ,27,6,D220,1,,,1512,1615,,1874,D,,1748
2680,A,,1874,D,由布院  ,日田    ,大分車両セ    ,27,7,D220,1,,,1748,1848,,1873,D,,1919
2681,A,,1873,D,日田    ,大分    ,大分車両セ    ,27,8,D220,1,,,1919,2125,,4464,D,,2330
2682,A,,4464,D,大分    ,三重町  ,大分車両セ    ,27,9,D220,3,,,2330,15,終,,,,
2683,A,,1832,D,由布院  ,日田    ,大分車両セ    ,31,1,D200,2,,,645,749,,1836,D,,757
2684,A,,1836,D,日田    ,久留米  ,大分車両セ    ,31,2,D200,2,,,757,903,,1835,D,,916
2685,A,,1835,D,久留米  ,日田    ,大分車両セ    ,31,3,D200,2,,,916,1019,,1843,D,,1229
2686,A,,1843,D,日田    ,大分    ,大分車両セ    ,31,4,D200,2,,,1229,1450,回,1843,D,,1509
2687,A,回,1843,D,大分    ,下郡信  ,大分車両セ    ,31,5,D200,2,,,1509,1513,終,,,,
2688,A,回,5420,D,下郡信  ,大分    ,大分車両セ    ,32,1,D200,3,,,559,603,,5420,D,,614
2689,A,,5420,D,大分    ,犬飼    ,大分車両セ    ,32,2,D200,3,,,614,656,,5421,D,,710
2690,A,,5421,D,犬飼    ,大分    ,大分車両セ    ,32,3,D200,3,,,710,739,,5422,D,,746
2691,A,,5422,D,大分    ,中判田  ,大分車両セ    ,32,4,D200,2,,,746,803,,5423,D,,823
2692,A,,5423,D,中判田  ,大分    ,大分車両セ    ,32,5,D200,2,,,823,839,,5424,D,,852
2693,A,,5424,D,大分    ,犬飼    ,大分車両セ    ,32,6,D200,2,,,852,927,,5425,D,,1000
2694,A,,5425,D,犬飼    ,大分    ,大分車両セ    ,32,7,D200,2,,,1000,1029,回,5425,D,,1033
2695,A,回,5425,D,大分    ,下郡信  ,大分車両セ    ,32,8,D200,2,,,1033,1037,回,4848,D,,1630
2696,A,回,4848,D,下郡信  ,大分    ,大分車両セ    ,32,9,D200,2,,,1630,1634,,4848,D,,1645
2697,A,,4848,D,大分    ,由布院  ,大分車両セ    ,32,10,D200,2,,,1645,1745,,4853,D,,1758
2698,A,,4853,D,由布院  ,大分    ,大分車両セ    ,32,11,D200,2,,,1758,1900,,4858,D,,1911
2699,A,,4858,D,大分    ,向之原  ,大分車両セ    ,32,12,D200,2,,,1911,1933,,4855,D,,1940
2700,A,,4855,D,向之原  ,大分    ,大分車両セ    ,32,13,D200,2,,,1940,2001,,1884,D,,2018
2701,A,,1884,D,大分    ,日田    ,大分車両セ    ,32,14,D200,2,,,2018,2227,終,,,,
2702,A,,1826,D,日田    ,鳥栖    ,大分車両セ    ,33,1,D200,2,,,612,724,,1829,D,,732
2703,A,,1829,D,鳥栖    ,日田    ,大分車両セ    ,33,2,D200,2,,,732,841,,1850,D,,1142
2704,A,,1850,D,日田    ,久留米  ,大分車両セ    ,33,3,D200,2,,,1142,1301,,1851,D,,1346
2705,A,,1851,D,久留米  ,うきは  ,大分車両セ    ,33,4,D200,2,,,1346,1427,,1854,D,,1432
2706,A,,1854,D,うきは  ,久留米  ,大分車両セ    ,33,5,D200,2,,,1432,1510,,1855,D,,1519
2707,A,,1855,D,久留米  ,日田    ,大分車両セ    ,33,6,D200,2,,,1519,1621,,1866,D,,1711
2708,A,,1866,D,日田    ,久留米  ,大分車両セ    ,33,7,D200,2,,,1711,1816,,1875,D,,1839
2709,A,,1875,D,久留米  ,日田    ,大分車両セ    ,33,8,D200,2,,,1839,1938,,1882,D,,2108
2710,A,,1882,D,日田    ,久留米  ,大分車両セ    ,33,9,D200,2,,,2108,2207,,1887,D,,2325
2711,A,,1887,D,久留米  ,筑後吉井,大分車両セ    ,33,10,D200,2,,,2325,2357,回,1887,D,,5
2712,A,回,1887,D,筑後吉井,久留米  ,大分車両セ    ,33,11,D200,2,,,5,28,終,,,,
2713,A,,1821,D,久留米  ,日田    ,大分車両セ    ,34,1,D200,2,,,611,714,,1823,D,,718
2714,A,,1823,D,日田    ,大分    ,大分車両セ    ,34,2,D200,2,,,718,940,,4830,D,,957
2715,A,,4830,D,大分    ,向之原  ,大分車両セ    ,34,3,D200,2,,,957,1017,,4837,D,,1046
2716,A,,4837,D,向之原  ,大分    ,大分車両セ    ,34,4,D200,2,,,1046,1106,回,4837,D,,1112
2717,A,回,4837,D,大分    ,下郡信  ,大分車両セ    ,34,5,D200,2,,,1112,1116,回,4836,D,,1228
2718,A,回,4836,D,下郡信  ,大分    ,大分車両セ    ,34,6,D200,2,,,1228,1232,,4836,D,,1239
2719,A,,4836,D,大分    ,豊後森  ,大分車両セ    ,34,7,D200,2,,,1239,1414,,1860,D,,1550
2720,A,,1860,D,豊後森  ,日田    ,大分車両セ    ,34,8,D200,2,,,1550,1624,,1862,D,,1627
2721,A,,1862,D,日田    ,久留米  ,大分車両セ    ,34,9,D200,2,,,1627,1726,,1869,D,,1743
2722,A,,1869,D,久留米  ,筑後吉井,大分車両セ    ,34,10,D200,2,,,1743,1819,,1870,D,,1842
2723,A,,1870,D,筑後吉井,久留米  ,大分車両セ    ,34,11,D200,2,,,1842,1920,,1877,D,,1925
2724,A,,1877,D,久留米  ,日田    ,大分車両セ    ,34,12,D200,2,,,1925,2027,,1878,D,,2032
2725,A,,1878,D,日田    ,久留米  ,大分車両セ    ,34,13,D200,2,,,2032,2132,,1885,D,,2214
2726,A,,1885,D,久留米  ,日田    ,大分車両セ    ,34,14,D200,2,,,2214,2313,終,,,,
2727,A,,1822,D,日田    ,久留米  ,大分車両セ    ,35,1,D200,2,,,526,625,,1825,D,,635
2728,A,,1825,D,久留米  ,日田    ,大分車両セ    ,35,2,D200,2,,,635,744,,1842,D,,918
2729,A,,1842,D,日田    ,久留米  ,大分車両セ    ,35,3,D200,2,,,918,1030,,1841,D,,1130
2730,A,,1841,D,久留米  ,日田    ,大分車両セ    ,35,4,D200,2,,,1130,1227,,1852,D,,1315
2731,A,,1852,D,日田    ,久留米  ,大分車両セ    ,35,5,D200,2,,,1315,1414,,1853,D,,1425
2732,A,,1853,D,久留米  ,日田    ,大分車両セ    ,35,6,D200,2,,,1425,1528,,1858,D,,1532
2733,A,,1858,D,日田    ,久留米  ,大分車両セ    ,35,7,D200,2,,,1532,1635,,1863,D,,1640
2734,A,,1863,D,久留米  ,日田    ,大分車両セ    ,35,8,D200,2,,,1640,1754,,1872,D,,1830
2735,A,,1872,D,日田    ,久留米  ,大分車両セ    ,35,9,D200,2,,,1830,1939,,1881,D,,2009
2736,A,,1881,D,久留米  ,日田    ,大分車両セ    ,35,10,D200,2,,,2009,2116,終,,,,
2737,A,,1824,D,日田    ,久留米  ,大分車両セ    ,36,1,D200,2,,,550,651,,1827,D,,700
2738,A,,1827,D,久留米  ,うきは  ,大分車両セ    ,36,2,D200,2,,,700,736,,1830,D,,743
2739,A,,1830,D,うきは  ,久留米  ,大分車両セ    ,36,3,D200,2,,,743,822,,1833,D,,835
2740,A,,1833,D,久留米  ,うきは  ,大分車両セ    ,36,4,D200,2,,,835,914,,1840,D,,921
2741,A,,1840,D,うきは  ,久留米  ,大分車両セ    ,36,5,D200,2,,,921,1003,,1839,D,,1015
2742,A,,1839,D,久留米  ,日田    ,大分車両セ    ,36,6,D200,2,,,1015,1121,,1849,D,,1439
2743,A,,1849,D,日田    ,大分    ,大分車両セ    ,36,7,D200,2,,,1439,1705,,4850,D,,1721
2744,A,,4850,D,大分    ,由布院  ,大分車両セ    ,36,8,D200,2,,,1721,1823,終,,,,
2745,A,,4821,D,由布院  ,大分    ,大分車両セ    ,37,1,D200,2,,,537,632,,4822,D,,701
2746,A,,4822,D,大分    ,由布院  ,大分車両セ    ,37,2,D200,2,,,701,759,,4833,D,,810
2747,A,,4833,D,由布院  ,大分    ,大分車両セ    ,37,3,D200,2,,,810,912,,4828,D,,922
2748,A,,4828,D,大分    ,由布院  ,大分車両セ    ,37,4,D200,2,,,922,1029,,4839,D,,1042
2749,A,,4839,D,由布院  ,大分    ,大分車両セ    ,37,5,D200,2,,,1042,1137,,4834,D,,1143
2750,A,,4834,D,大分    ,向之原  ,大分車両セ    ,37,6,D200,2,,,1143,1202,,4841,D,,1207
2751,A,,4841,D,向之原  ,大分    ,大分車両セ    ,37,7,D200,2,,,1207,1227,回,4841,D,,1232
2752,A,回,4841,D,大分    ,下郡信  ,大分車両セ    ,37,8,D200,2,,,1232,1236,回,4846,D,,1607
2753,A,回,4846,D,下郡信  ,大分    ,大分車両セ    ,37,9,D200,2,,,1607,1611,,4846,D,,1623
2754,A,,4846,D,大分    ,向之原  ,大分車両セ    ,37,10,D200,2,,,1623,1643,,4847,D,,1718
2755,A,,4847,D,向之原  ,大分    ,大分車両セ    ,37,11,D200,2,,,1718,1738,,4852,D,,1749
2756,A,,4852,D,大分    ,向之原  ,大分車両セ    ,37,12,D200,2,,,1749,1809,,4851,D,,1814
2757,A,,4851,D,向之原  ,大分    ,大分車両セ    ,37,13,D200,2,,,1814,1835,,4856,D,,1844
2758,A,,4856,D,大分    ,庄内    ,大分車両セ    ,37,14,D200,2,,,1844,1927,,4857,D,,1936
2759,A,,4857,D,庄内    ,大分    ,大分車両セ    ,37,15,D200,2,,,1936,2017,,4864,D,,2053
2760,A,,4864,D,大分    ,庄内    ,大分車両セ    ,37,16,D200,2,,,2053,2144,,4863,D,,2200
2761,A,,4863,D,庄内    ,大分    ,大分車両セ    ,37,17,D200,2,,,2200,2237,,4870,D,,2246
2762,A,,4870,D,大分    ,由布院  ,大分車両セ    ,37,18,D200,2,,,2246,2345,終,,,,
2763,A,,4825,D,豊後森  ,大分    ,大分車両セ    ,41,1,D200,2,,,612,743,,4826,D,,803
2764,A,,4826,D,大分    ,豊後国分,大分車両セ    ,41,2,D200,2,,,803,818,,4831,D,,831
2765,A,,4831,D,豊後国分,大分    ,大分車両セ    ,41,3,D200,2,,,831,846,回,4831,D,,856
2766,A,回,4831,D,大分    ,下郡信  ,大分車両セ    ,41,4,D200,2,,,856,900,回,4838,D,,1334
2767,A,回,4838,D,下郡信  ,大分    ,大分車両セ    ,41,5,D200,2,,,1334,1338,,4838,D,,1348
2768,A,,4838,D,大分    ,由布院  ,大分車両セ    ,41,6,D200,2,,,1348,1454,,4845,D,,1516
2769,A,,4845,D,由布院  ,大分    ,大分車両セ    ,41,7,D200,2,,,1516,1619,,5436,D,,1706
2770,A,,5436,D,大分    ,中判田  ,大分車両セ    ,41,8,D200,2,,,1706,1722,,5437,D,,1745
2771,A,,5437,D,中判田  ,大分    ,大分車両セ    ,41,9,D200,2,,,1745,1801,,4446,D,,1816
2772,A,,4446,D,大分    ,豊後竹田,大分車両セ    ,41,10,D200,2,,,1816,1935,,4461,D,,1951
2773,A,,4461,D,豊後竹田,大分    ,大分車両セ    ,41,11,D200,2,,,1951,2111,,4458,D,,2136
2774,A,,4458,D,大分    ,豊後竹田,大分車両セ    ,41,12,D200,3,,,2136,2253,終,,,,
2775,A,回,4480,D,豊後竹田,豊後荻  ,大分車両セ    ,42,1,D200,3,,,547,600,,4427,D,,628
2776,A,,4427,D,豊後荻  ,大分    ,大分車両セ    ,42,2,D200,3,,,628,800,回,4427,D,,816
2777,A,回,4427,D,大分    ,下郡信  ,大分車両セ    ,42,3,D200,3,,,816,820,回,5430,D,,1301
2778,A,回,5430,D,下郡信  ,大分    ,大分車両セ    ,42,4,D200,2,,,1301,1305,,5430,D,,1310
2779,A,,5430,D,大分    ,中判田  ,大分車両セ    ,42,5,D200,2,,,1310,1333,,5431,D,,1342
2780,A,,5431,D,中判田  ,大分    ,大分車両セ    ,42,6,D200,2,,,1342,1400,,5432,D,,1409
2781,A,,5432,D,大分    ,中判田  ,大分車両セ    ,42,7,D200,2,,,1409,1426,,5433,D,,1431
2782,A,,5433,D,中判田  ,大分    ,大分車両セ    ,42,8,D200,2,,,1431,1447,,4438,D,,1452
2783,A,,4438,D,大分    ,豊後竹田,大分車両セ    ,42,9,D200,2,,,1452,1613,,4451,D,,1632
2784,A,,4451,D,豊後竹田,大分    ,大分車両セ    ,42,10,D200,2,,,1632,1741,,5438,D,,1801
2785,A,,5438,D,大分    ,中判田  ,大分車両セ    ,42,11,D200,2,,,1801,1818,,5439,D,,1840
2786,A,,5439,D,中判田  ,大分    ,大分車両セ    ,42,12,D200,2,,,1840,1857,,4860,D,,1930
2787,A,,4860,D,大分    ,由布院  ,大分車両セ    ,42,13,D200,2,,,1930,2035,終,,,,
2788,A,,4829,D,由布院  ,大分    ,大分車両セ    ,43,1,D200,2,,,722,819,,4428,D,,824
2789,A,,4428,D,大分    ,三重町  ,大分車両セ    ,43,2,D200,2,,,824,910,,4441,D,,1053
2790,A,,4441,D,三重町  ,大分    ,大分車両セ    ,43,3,D200,2,,,1053,1141,,5428,D,,1150
2791,A,,5428,D,大分    ,中判田  ,大分車両セ    ,43,4,D200,2,,,1150,1207,,5429,D,,1221
2792,A,,5429,D,中判田  ,大分    ,大分車両セ    ,43,5,D200,2,,,1221,1238,回,5429,D,,1256
2793,A,回,5429,D,大分    ,下郡信  ,大分車両セ    ,43,6,D200,2,,,1256,1300,回,5434,D,,1558
2794,A,回,5434,D,下郡信  ,大分    ,大分車両セ    ,43,7,D200,2,,,1558,1602,,5434,D,,1614
2795,A,,5434,D,大分    ,中判田  ,大分車両セ    ,43,8,D200,2,,,1614,1631,,5435,D,,1659
2796,A,,5435,D,中判田  ,大分    ,大分車両セ    ,43,9,D200,2,,,1659,1718,,4444,D,,1728
2797,A,,4444,D,大分    ,三重町  ,大分車両セ    ,43,10,D200,2,,,1728,1823,,4457,D,,1855
2798,A,,4457,D,三重町  ,大分    ,大分車両セ    ,43,11,D200,2,,,1855,1939,,4862,D,,1945
2799,A,,4862,D,大分    ,向之原  ,大分車両セ    ,43,12,D200,2,,,1945,2005,,4859,D,,2044
2800,A,,4859,D,向之原  ,大分    ,大分車両セ    ,43,13,D200,2,,,2044,2110,,4868,D,,2155
2801,A,,4868,D,大分    ,由布院  ,大分車両セ    ,43,14,D200,2,,,2155,2255,終,,,,
2802,A,,4823,D,由布院  ,大分    ,大分車両セ    ,44,1,D200,2,,,623,718,,4426,D,,725
2803,A,,4426,D,大分    ,三重町  ,大分車両セ    ,44,2,D200,2,,,725,816,,4435,D,,855
2804,A,,4435,D,三重町  ,大分    ,大分車両セ    ,44,3,D200,2,,,855,947,,5426,D,,955
2805,A,,5426,D,大分    ,中判田  ,大分車両セ    ,44,4,D200,2,,,955,1012,,5427,D,,1029
2806,A,,5427,D,中判田  ,大分    ,大分車両セ    ,44,5,D200,2,,,1029,1046,,4432,D,,1054
2807,A,,4432,D,大分    ,豊後竹田,大分車両セ    ,44,6,D200,2,,,1054,1212,,4443,D,,1218
2808,A,,4443,D,豊後竹田,大分    ,大分車両セ    ,44,7,D200,2,,,1218,1329,回,4443,D,,1336
2809,A,回,4443,D,大分    ,下郡信  ,大分車両セ    ,44,8,D200,2,,,1336,1340,回,4844,D,,1553
2810,A,回,4844,D,下郡信  ,大分    ,大分車両セ    ,44,9,D200,2,,,1553,1557,,4844,D,,1602
2811,A,,4844,D,大分    ,由布院  ,大分車両セ    ,44,10,D200,2,,,1602,1700,,4849,D,,1706
2812,A,,4849,D,由布院  ,大分    ,大分車両セ    ,44,11,D200,2,,,1706,1808,,4854,D,,1818
2813,A,,4854,D,大分    ,由布院  ,大分車両セ    ,44,12,D200,2,,,1818,1916,,1880,D,,1947
2814,A,,1880,D,由布院  ,日田    ,大分車両セ    ,44,13,D200,2,,,1947,2051,,1879,D,,2056
2815,A,,1879,D,日田    ,豊後森  ,大分車両セ    ,44,14,D200,2,,,2056,2127,終,,,,
2816,A,回,4582,D,下郡信  ,大分    ,大分車両セ    ,201,1,D185,3,,,811,815,,82,D,,820
2817,A,,82,D,大分    ,博多    ,大分車両セ    ,201,2,D185,3,,,820,1120,回,82,D,,1126
2818,A,回,82,D,博多    ,竹下小  ,大分車両セ    ,201,3,D185,3,,,1126,1131,回,83,D,,1206
2819,A,回,83,D,竹下小  ,博多    ,大分車両セ    ,201,4,D185,3,,,1206,1209,,83,D,,1214
2820,A,,83,D,博多    ,別府    ,大分車両セ    ,201,5,D185,3,,,1214,1546,回,4583,D,,1611
2821,A,回,4583,D,別府    ,下郡信  ,大分車両セ    ,201,6,D185,3,,,1611,1630,回,4586,D,,1744
2822,A,回,4586,D,下郡信  ,別府    ,大分車両セ    ,201,7,D185,3,,,1744,1801,,86,D,,1809
2823,A,,86,D,別府    ,博多    ,大分車両セ    ,201,8,D185,3,,,1809,2134,回,86,D,,2144
2824,A,回,86,D,博多    ,竹下小  ,大分車両セ    ,201,9,D185,3,,,2144,2148,終,,,,
2825,A,回,81,D,竹下小  ,博多    ,大分車両セ    ,202,1,D185,3,,,734,738,,81,D,,743
2826,A,,81,D,博多    ,別府    ,大分車両セ    ,202,2,D185,3,,,743,1104,回,4581,D,,1110
2827,A,回,4581,D,別府    ,下郡信  ,大分車両セ    ,202,3,D185,3,,,1110,1131,回,4584,D,,1251
2828,A,回,4584,D,下郡信  ,別府    ,大分車両セ    ,202,4,D185,3,,,1251,1308,,84,D,,1313
2829,A,,84,D,別府    ,博多    ,大分車両セ    ,202,5,D185,3,,,1313,1631,回,84,D,,1640
2830,A,回,84,D,博多    ,竹下小  ,大分車両セ    ,202,6,D185,3,,,1640,1644,回,85,D,,1814
2831,A,回,85,D,竹下小  ,博多    ,大分車両セ    ,202,7,D185,3,,,1814,1817,,85,D,,1830
2832,A,,85,D,博多    ,大分    ,大分車両セ    ,202,8,D185,3,,,1830,2143,回,4585,D,,2152
2833,A,回,4585,D,大分    ,下郡信  ,大分車両セ    ,202,9,D185,3,,,2152,2156,終,,,,
2834,A,回,1071,D,熊本操  ,熊本    ,大分車両セ    ,211,1,D185,2,,,816,819,,1071,D,,825
2835,A,,1071,D,熊本    ,大分    ,大分車両セ    ,211,2,D185,2,,,825,1149,,1074,D,,1209
2836,A,,1074,D,大分    ,熊本    ,大分車両セ    ,211,3,D185,2,,,1209,1505,,1075,D,,1523
2837,A,,1075,D,熊本    ,別府    ,大分車両セ    ,211,4,D185,2,,,1523,1845,回,4575,D,,1905
2838,A,回,4575,D,別府    ,下郡信  ,大分車両セ    ,211,5,D185,2,,,1905,1925,終,,,,
2839,A,回,4572,D,下郡信  ,別府    ,大分車両セ    ,212,1,D185,2,,,716,733,,1072,D,,744
2840,A,,1072,D,別府    ,熊本    ,大分車両セ    ,212,2,D185,2,,,744,1121,,1073,D,,1151
2841,A,,1073,D,熊本    ,大分    ,大分車両セ    ,212,3,D185,2,,,1151,1507,,1076,D,,1532
2842,A,,1076,D,大分    ,熊本    ,大分車両セ    ,212,4,D185,2,,,1532,1848,回,1076,D,,1855
2843,A,回,1076,D,熊本    ,熊本操  ,大分車両セ    ,212,5,D185,2,,,1855,1858,終,,,,
2844,A,回,6158,M,下郡信  ,大分    ,大分車両セ    ,301,1,883,7,,,1955,1959,,3058,M,,2010
2845,A,,3058,M,大分    ,博多    ,大分車両セ    ,301,2,883,7,,,2010,2230,回,3058,M,,2242
2846,A,回,3058,M,博多    ,竹下小  ,大分車両セ    ,301,3,883,7,,,2242,2246,終,,,,
2847,A,回,3003,M,竹下小  ,博多    ,大分車両セ    ,302,1,883,7,,,649,653,,3003,M,,700
2848,A,,3003,M,博多    ,大分    ,大分車両セ    ,302,2,883,7,,,700,932,,3020,M,,1012
2849,A,,3020,M,大分    ,博多    ,大分車両セ    ,302,3,883,7,,,1012,1228,回,3020,M,,1234
2850,A,回,3020,M,博多    ,竹下小  ,大分車両セ    ,302,4,883,7,,,1234,1238,回,3025,M,,1247
2851,A,回,3025,M,竹下小  ,博多    ,大分車両セ    ,302,5,883,7,,,1247,1250,,3025,M,,1300
2852,A,,3025,M,博多    ,大分    ,大分車両セ    ,302,6,883,7,,,1300,1502,,3042,M,,1544
2853,A,,3042,M,大分    ,博多    ,大分車両セ    ,302,7,883,7,,,1544,1749,,3047,M,,1820
2854,A,,3047,M,博多    ,大分    ,大分車両セ    ,302,8,883,7,,,1820,2042,,3060,M,,2130
2855,A,,3060,M,大分    ,博多    ,大分車両セ    ,302,9,883,7,,,2130,2351,回,3060,M,,2358
2856,A,回,3060,M,博多    ,竹下小  ,大分車両セ    ,302,10,883,7,,,2358,2,終,,,,
2857,A,回,3001,M,竹下小  ,博多    ,大分車両セ    ,303,1,883,7,,,608,611,,3001,M,,621
2858,A,,3001,M,博多    ,大分    ,大分車両セ    ,303,2,883,7,,,621,844,,3018,M,,939
2859,A,,3018,M,大分    ,博多    ,大分車両セ    ,303,3,883,7,,,939,1150,,3023,M,,1220
2860,A,,3023,M,博多    ,大分    ,大分車両セ    ,303,4,883,7,,,1220,1438,,3040,M,,1511
2861,A,,3040,M,大分    ,博多    ,大分車両セ    ,303,5,883,7,,,1511,1728,,3045,M,,1800
2862,A,,3045,M,博多    ,大分    ,大分車両セ    ,303,6,883,7,,,1800,2010,回,6145,M,,2020
2863,A,回,6145,M,大分    ,下郡信  ,大分車両セ    ,303,7,883,7,,,2020,2024,終,,,,
2864,A,回,6108,M,下郡信  ,大分    ,大分車両セ    ,304,1,883,7,,,700,704,,3008,M,,713
2865,A,,3008,M,大分    ,博多    ,大分車両セ    ,304,2,883,7,,,713,939,,3013,M,,1000
2866,A,,3013,M,博多    ,大分    ,大分車両セ    ,304,3,883,7,,,1000,1204,,3030,M,,1244
2867,A,,3030,M,大分    ,博多    ,大分車両セ    ,304,4,883,7,,,1244,1449,,3035,M,,1520
2868,A,,3035,M,博多    ,大分    ,大分車両セ    ,304,5,883,7,,,1520,1737,,3052,M,,1812
2869,A,,3052,M,大分    ,博多    ,大分車両セ    ,304,6,883,7,,,1812,2028,回,3052,M,,2036
2870,A,回,3052,M,博多    ,竹下小  ,大分車両セ    ,304,7,883,7,,,2036,2039,回,3057,M,,2049
2871,A,回,3057,M,竹下小  ,博多    ,大分車両セ    ,304,8,883,7,,,2049,2052,,3057,M,,2106
2872,A,,3057,M,博多    ,大分    ,大分車両セ    ,304,9,883,7,,,2106,2325,終,,,,
2873,A,,3002,M,大分    ,博多    ,大分車両セ    ,305,1,883,7,,,512,737,,3007,M,,820
2874,A,,3007,M,博多    ,大分    ,大分車両セ    ,305,2,883,7,,,820,1044,,3024,M,,1111
2875,A,,3024,M,大分    ,博多    ,大分車両セ    ,305,3,883,7,,,1111,1328,回,3024,M,,1334
2876,A,回,3024,M,博多    ,竹下小  ,大分車両セ    ,305,4,883,7,,,1334,1338,回,3029,M,,1347
2877,A,回,3029,M,竹下小  ,博多    ,大分車両セ    ,305,5,883,7,,,1347,1350,,3029,M,,1400
2878,A,,3029,M,博多    ,大分    ,大分車両セ    ,305,6,883,7,,,1400,1604,,3046,M,,1644
2879,A,,3046,M,大分    ,博多    ,大分車両セ    ,305,7,883,7,,,1644,1852,,3051,M,,1920
2880,A,,3051,M,博多    ,大分    ,大分車両セ    ,305,8,883,7,,,1920,2147,回,6151,M,,2155
2881,A,回,6151,M,大分    ,下郡信  ,大分車両セ    ,305,9,883,7,,,2155,2159,終,,,,
2882,A,回,6104,M,下郡信  ,大分    ,大分車両セ    ,306,1,883,7,,,547,551,,3004,M,,556
2883,A,,3004,M,大分    ,博多    ,大分車両セ    ,306,2,883,7,,,556,836,,3009,M,,900
2884,A,,3009,M,博多    ,大分    ,大分車両セ    ,306,3,883,7,,,900,1105,,3026,M,,1144
2885,A,,3026,M,大分    ,博多    ,大分車両セ    ,306,4,883,7,,,1144,1349,,3031,M,,1420
2886,A,,3031,M,博多    ,大分    ,大分車両セ    ,306,5,883,7,,,1420,1637,,3048,M,,1710
2887,A,,3048,M,大分    ,博多    ,大分車両セ    ,306,6,883,7,,,1710,1929,,3053,M,,2000
2888,A,,3053,M,博多    ,大分    ,大分車両セ    ,306,7,883,7,,,2000,2219,,3092,M,,2256
2889,A,,3092,M,大分    ,中津    ,大分車両セ    ,306,8,883,7,,,2256,2353,終,,,,
2890,A,,3082,M,中津    ,博多    ,大分車両セ    ,307,1,883,7,,,534,713,,3005,M,,802
2891,A,,3005,M,博多    ,大分    ,大分車両セ    ,307,2,883,7,,,802,1026,,3022,M,,1044
2892,A,,3022,M,大分    ,博多    ,大分車両セ    ,307,3,883,7,,,1044,1249,,3027,M,,1320
2893,A,,3027,M,博多    ,大分    ,大分車両セ    ,307,4,883,7,,,1320,1536,,3044,M,,1610
2894,A,,3044,M,大分    ,博多    ,大分車両セ    ,307,5,883,7,,,1610,1831,回,3044,M,,1836
2895,A,回,3044,M,博多    ,竹下小  ,大分車両セ    ,307,6,883,7,,,1836,1840,回,3049,M,,1851
2896,A,回,3049,M,竹下小  ,博多    ,大分車両セ    ,307,7,883,7,,,1851,1855,,3049,M,,1900
2897,A,,3049,M,博多    ,大分    ,大分車両セ    ,307,8,883,7,,,1900,2110,回,6149,M,,2120
2898,A,回,6149,M,大分    ,下郡信  ,大分車両セ    ,307,9,883,7,,,2120,2124,終,,,,
2899,A,回,2790,M,南延岡  ,佐伯    ,大分車両セ    ,311,1,787,4,,,615,729,,5092,M,,733
2900,A,,5092,M,佐伯    ,大分    ,大分車両セ    ,311,2,787,4,,,733,839,回,5092,M,,849
2901,A,回,5092,M,大分    ,下郡信  ,大分車両セ    ,311,3,787,4,,,849,853,回,5017,M,,2003
2902,A,回,5017,M,下郡信  ,大分    ,大分車両セ    ,311,4,787,4,,,2003,2007,,5017,M,,2016
2903,A,,5017,M,大分    ,南宮崎  ,大分車両セ    ,311,5,787,4,,,2016,2335,終,,,,
2904,A,,5002,M,南宮崎  ,大分    ,大分車両セ    ,312,1,787,4,,,541,909,回,5002,M,,918
2905,A,回,5002,M,大分    ,下郡信  ,大分車両セ    ,312,2,787,4,,,918,922,回,5007,M,,1157
2906,A,回,5007,M,下郡信  ,大分    ,大分車両セ    ,312,3,787,4,,,1157,1201,,5007,M,,1209
2907,A,,5007,M,大分    ,宮崎空港,大分車両セ    ,312,4,787,4,,,1209,1551,回,6524,M,,1559
2908,A,回,6524,M,宮崎空港,宮崎    ,大分車両セ    ,312,5,787,4,,,1559,1608,,6013,M,,1620
2909,A,,6013,M,宮崎    ,鹿児島中,大分車両セ    ,312,6,787,4,,,1620,1831,,6082,M,,2217
2910,A,,6082,M,鹿児島中,国分    ,大分車両セ    ,312,7,787,4,,,2217,2258,回,6082,M,,2304
2911,A,回,6082,M,国分    ,隼人    ,大分車両セ    ,312,8,787,4,,,2304,2307,終,,,,
2912,A,回,6081,M,隼人    ,国分    ,大分車両セ    ,313,1,787,4,,,638,641,,6081,M,,647
2913,A,,6081,M,国分    ,鹿児島中,大分車両セ    ,313,2,787,4,,,647,727,,6004,M,,740
2914,A,,6004,M,鹿児島中,宮崎    ,大分車両セ    ,313,3,787,4,,,740,1000,,6007,M,,1020
2915,A,,6007,M,宮崎    ,鹿児島中,大分車両セ    ,313,4,787,4,,,1020,1227,,6012,M,,1355
2916,A,,6012,M,鹿児島中,宮崎    ,大分車両セ    ,313,5,787,4,,,1355,1604,回,6012,M,,1612
2917,A,回,6012,M,宮崎    ,宮崎神宮,大分車両セ    ,313,6,787,4,,,1612,1616,回,6015,M,,1650
2918,A,回,6015,M,宮崎神宮,宮崎    ,大分車両セ    ,313,7,787,4,,,1650,1653,,6015,M,,1720
2919,A,,6015,M,宮崎    ,鹿児島中,大分車両セ    ,313,8,787,4,,,1720,1935,,6018,M,,2020
2920,A,,6018,M,鹿児島中,宮崎    ,大分車両セ    ,313,9,787,4,,,2020,2239,終,,,,
2921,A,,6001,M,宮崎    ,鹿児島中,大分車両セ    ,314,1,787,4,,,546,810,,6006,M,,849
2922,A,,6006,M,鹿児島中,宮崎    ,大分車両セ    ,314,2,787,4,,,849,1058,,6009,M,,1220
2923,A,,6009,M,宮崎    ,鹿児島中,大分車両セ    ,314,3,787,4,,,1220,1432,,6014,M,,1618
2924,A,,6014,M,鹿児島中,宮崎    ,大分車両セ    ,314,4,787,4,,,1618,1842,,6017,M,,1900
2925,A,,6017,M,宮崎    ,鹿児島中,大分車両セ    ,314,5,787,4,,,1900,2118,終,,,,
2926,A,,6002,M,鹿児島中,宮崎    ,大分車両セ    ,315,1,787,4,,,549,809,回,6002,M,,816
2927,A,回,6002,M,宮崎    ,宮崎神宮,大分車両セ    ,315,2,787,4,,,816,819,回,6005,M,,859
2928,A,回,6005,M,宮崎神宮,宮崎    ,大分車両セ    ,315,3,787,4,,,859,902,,6005,M,,920
2929,A,,6005,M,宮崎    ,鹿児島中,大分車両セ    ,315,4,787,4,,,920,1128,,6010,M,,1150
2930,A,,6010,M,鹿児島中,宮崎    ,大分車両セ    ,315,5,787,4,,,1150,1358,,6011,M,,1420
2931,A,,6011,M,宮崎    ,鹿児島中,大分車両セ    ,315,6,787,4,,,1420,1624,,6016,M,,1839
2932,A,,6016,M,鹿児島中,宮崎    ,大分車両セ    ,315,7,787,4,,,1839,2057,回,6016,M,,2221
2933,A,回,6016,M,宮崎    ,南宮崎  ,大分車両セ    ,315,8,787,4,,,2221,2225,,5086,M,,2240
2934,A,,5086,M,南宮崎  ,延岡    ,大分車両セ    ,315,9,787,4,,,2240,2358,終,,,,
2935,A,,5071,M,延岡    ,宮崎空港,大分車両セ    ,316,1,787,4,,,523,647,,5006,M,,745
2936,A,,5006,M,宮崎空港,大分    ,大分車両セ    ,316,2,787,4,,,745,1110,回,5006,M,,1118
2937,A,回,5006,M,大分    ,下郡信  ,大分車両セ    ,316,3,787,4,,,1118,1122,回,5009,M,,1353
2938,A,回,5009,M,下郡信  ,大分    ,大分車両セ    ,316,4,787,4,,,1353,1357,,5009,M,,1411
2939,A,,5009,M,大分    ,宮崎空港,大分車両セ    ,316,5,787,4,,,1411,1752,,5078,M,,1815
2940,A,,5078,M,宮崎空港,延岡    ,大分車両セ    ,316,6,787,4,,,1815,1947,,2760,M,,2007
2941,A,,2760,M,延岡    ,佐伯    ,大分車両セ    ,316,7,787,4,,,2007,2111,終,,,,
2942,A,,2761,M,佐伯    ,延岡    ,大分車両セ    ,317,1,787,4,,,617,726,,5077,M,,803
2943,A,,5077,M,延岡    ,宮崎空港,大分車両セ    ,317,2,787,4,,,803,928,,5008,M,,1015
2944,A,,5008,M,宮崎空港,大分    ,大分車両セ    ,317,3,787,4,,,1015,1341,回,5008,M,,1346
2945,A,回,5008,M,大分    ,下郡信  ,大分車両セ    ,317,4,787,4,,,1346,1350,回,5013,M,,1656
2946,A,回,5013,M,下郡信  ,大分    ,大分車両セ    ,317,5,787,4,,,1656,1700,,5013,M,,1712
2947,A,,5013,M,大分    ,宮崎空港,大分車両セ    ,317,6,787,4,,,1712,2051,,5084,M,,2130
2948,A,,5084,M,宮崎空港,延岡    ,大分車両セ    ,317,7,787,4,,,2130,2304,終,,,,
2949,A,,5073,M,延岡    ,宮崎    ,大分車両セ    ,318,1,787,4,,,548,701,,6003,M,,707
2950,A,,6003,M,宮崎    ,鹿児島中,大分車両セ    ,318,2,787,4,,,707,927,,6008,M,,959
2951,A,,6008,M,鹿児島中,宮崎    ,大分車両セ    ,318,3,787,4,,,959,1212,,6571,M,,1240
2952,A,,6571,M,宮崎    ,宮崎空港,大分車両セ    ,318,4,787,4,,,1240,1251,,5074,M,,1315
2953,A,,5074,M,宮崎空港,延岡    ,大分車両セ    ,318,5,787,4,,,1315,1444,,5081,M,,1520
2954,A,,5081,M,延岡    ,宮崎空港,大分車両セ    ,318,6,787,4,,,1520,1651,,5016,M,,1715
2955,A,,5016,M,宮崎空港,小倉    ,大分車両セ    ,318,7,787,4,,,1715,2227,回,5016,M,,2238
2956,A,回,5016,M,小倉    ,門司港  ,大分車両セ    ,318,8,787,4,,,2238,2251,終,,,,
2957,A,回,5003,M,門司港  ,小倉    ,大分車両セ    ,319,1,787,4,,,616,628,,5003,M,,639
2958,A,,5003,M,小倉    ,宮崎空港,大分車両セ    ,319,2,787,4,,,639,1152,,5010,M,,1215
2959,A,,5010,M,宮崎空港,大分    ,大分車両セ    ,319,3,787,4,,,1215,1541,回,5010,M,,1547
2960,A,回,5010,M,大分    ,下郡信  ,大分車両セ    ,319,4,787,4,,,1547,1551,終,,,,
2961,A,回,5001,M,下郡信  ,大分    ,大分車両セ    ,320,1,787,4,,,648,652,,5001,M,,701
2962,A,,5001,M,大分    ,宮崎空港,大分車両セ    ,320,2,787,4,,,701,1052,,5072,M,,1115
2963,A,,5072,M,宮崎空港,延岡    ,大分車両セ    ,320,3,787,4,,,1115,1242,,5079,M,,1320
2964,A,,5079,M,延岡    ,宮崎空港,大分車両セ    ,320,4,787,4,,,1320,1452,,5076,M,,1515
2965,A,,5076,M,宮崎空港,延岡    ,大分車両セ    ,320,5,787,4,,,1515,1645,,5083,M,,1735
2966,A,,5083,M,延岡    ,宮崎空港,大分車両セ    ,320,6,787,4,,,1735,1859,,5080,M,,1915
2967,A,,5080,M,宮崎空港,延岡    ,大分車両セ    ,320,7,787,4,,,1915,2045,回,5080,M,,2052
2968,A,回,5080,M,延岡    ,南延岡  ,大分車両セ    ,320,8,787,4,,,2052,2056,終,,,,
2969,A,回,2721,M,佐伯    ,延岡    ,大分車両セ    ,401,1,815,2,,,434,532,,2720,M,,553
2970,A,,2720,M,延岡    ,大分    ,大分車両セ    ,401,2,815,2,,,553,836,回,2720,M,,842
2971,A,回,2720,M,大分    ,下郡信  ,大分車両セ    ,401,3,815,2,,,842,846,回,1643,M,,1815
2972,A,回,1643,M,下郡信  ,大分    ,大分車両セ    ,401,4,815,2,,,1815,1819,,1643,M,,1827
2973,A,,1643,M,大分    ,佐伯    ,大分車両セ    ,401,5,815,2,,,1827,1943,,4674,M,,2115
2974,A,,4674,M,佐伯    ,日出    ,大分車両セ    ,401,6,815,2,,,2115,2324,,655,M,,2329
2975,A,,655,M,日出    ,大分    ,大分車両セ    ,401,7,815,2,,,2329,2358,終,,,,
2976,A,回,4622,M,大分    ,臼杵    ,大分車両セ    ,402,1,815,2,,,531,600,,4622,M,,606
2977,A,,4622,M,臼杵    ,杵築    ,大分車両セ    ,402,2,815,2,,,606,748,,629,M,,800
2978,A,,629,M,杵築    ,大分    ,大分車両セ    ,402,3,815,2,,,800,841,,624,M,,849
2979,A,,624,M,大分    ,亀川    ,大分車両セ    ,402,4,815,2,,,849,908,,4631,M,,913
2980,A,,4631,M,亀川    ,臼杵    ,大分車両セ    ,402,5,815,2,,,913,1034,,4642,M,,1115
2981,A,,4642,M,臼杵    ,中津    ,大分車両セ    ,402,6,815,2,,,1115,1353,,635,M,,1515
2982,A,,635,M,中津    ,宇佐    ,大分車両セ    ,402,7,815,2,,,1515,1539,,632,M,,1543
2983,A,,632,M,宇佐    ,中津    ,大分車両セ    ,402,8,815,2,,,1543,1613,,641,M,,1619
2984,A,,641,M,中津    ,宇佐    ,大分車両セ    ,402,9,815,2,,,1619,1643,,634,M,,1651
2985,A,,634,M,宇佐    ,中津    ,大分車両セ    ,402,10,815,2,,,1651,1715,,4665,M,,1750
2986,A,,4665,M,中津    ,佐伯    ,大分車両セ    ,402,11,815,2,,,1750,2103,,4676,M,,2157
2987,A,,4676,M,佐伯    ,中山香  ,大分車両セ    ,402,12,815,2,,,2157,14,終,,,,
2988,A,,4627,M,中山香  ,臼杵    ,大分車両セ    ,403,1,815,2,,,658,846,,1622,M,,916
2989,A,,1622,M,臼杵    ,大分    ,大分車両セ    ,403,2,815,2,,,916,1001,回,1622,M,,1011
2990,A,回,1622,M,大分    ,下郡信  ,大分車両セ    ,403,3,815,2,,,1011,1015,回,636,M,,1542
2991,A,回,636,M,下郡信  ,大分    ,大分車両セ    ,403,4,815,2,,,1542,1546,,636,M,,1550
2992,A,,636,M,大分    ,柳ヶ浦  ,大分車両セ    ,403,5,815,2,,,1550,1708,,4661,M,,1729
2993,A,,4661,M,柳ヶ浦  ,幸崎    ,大分車両セ    ,403,6,815,2,,,1729,1914,,4672,M,,1929
2994,A,,4672,M,幸崎    ,亀川    ,大分車両セ    ,403,7,815,2,,,1929,2018,,4669,M,,2041
2995,A,,4669,M,亀川    ,幸崎    ,大分車両セ    ,403,8,815,2,,,2041,2141,回,650,M,,2147
2996,A,回,650,M,幸崎    ,大分    ,大分車両セ    ,403,9,815,2,,,2147,2206,,650,M,,2215
2997,A,,650,M,大分    ,中津    ,大分車両セ    ,403,10,815,2,,,2215,2336,回,672,M,,2339
2998,A,回,672,M,中津    ,宇島    ,大分車両セ    ,403,11,815,2,,,2339,2345,終,,,,
2999,A,回,4623,M,宇島    ,中津    ,大分車両セ    ,404,1,815,2,,,525,531,,4623,M,,534
3000,A,,4623,M,中津    ,佐伯    ,大分車両セ    ,404,2,815,2,,,534,835,,4640,M,,940
3001,A,,4640,M,佐伯    ,日出    ,大分車両セ    ,404,3,815,2,,,940,1138,,4637,M,,1148
3002,A,,4637,M,日出    ,幸崎    ,大分車両セ    ,404,4,815,2,,,1148,1245,,4646,M,,1328
3003,A,,4646,M,幸崎    ,杵築    ,大分車両セ    ,404,5,815,2,,,1328,1430,,637,M,,1516
3004,A,,637,M,杵築    ,大分    ,大分車両セ    ,404,6,815,2,,,1516,1556,,1637,M,,1623
3005,A,,1637,M,大分    ,佐伯    ,大分車両セ    ,404,7,815,2,,,1623,1747,,4670,M,,1801
3006,A,,4670,M,佐伯    ,中山香  ,大分車両セ    ,404,8,815,2,,,1801,2024,,651,M,,2032
3007,A,,651,M,中山香  ,大分    ,大分車両セ    ,404,9,815,2,,,2032,2131,,648,M,,2136
3008,A,,648,M,大分    ,亀川    ,大分車両セ    ,404,10,815,2,,,2136,2155,,4675,M,,2207
3009,A,,4675,M,亀川    ,幸崎    ,大分車両セ    ,404,11,815,2,,,2207,2310,終,,,,
3010,A,,4620,M,幸崎    ,中津    ,大分車両セ    ,405,1,815,2,,,609,820,,631,M,,913
3011,A,,631,M,中津    ,大分    ,大分車両セ    ,405,2,815,2,,,913,1051,,1629,M,,1122
3012,A,,1629,M,大分    ,佐伯    ,大分車両セ    ,405,3,815,2,,,1122,1249,,4648,M,,1310
3013,A,,4648,M,佐伯    ,中山香  ,大分車両セ    ,405,4,815,2,,,1310,1531,,4651,M,,1548
3014,A,,4651,M,中山香  ,幸崎    ,大分車両セ    ,405,5,815,2,,,1548,1711,,4664,M,,1739
3015,A,,4664,M,幸崎    ,中山香  ,大分車両セ    ,405,6,815,2,,,1739,1904,,647,M,,1942
3016,A,,647,M,中山香  ,大分    ,大分車両セ    ,405,7,815,2,,,1942,2027,回,647,M,,2032
3017,A,回,647,M,大分    ,下郡信  ,大分車両セ    ,405,8,815,2,,,2032,2036,回,1647,M,,2316
3018,A,回,1647,M,下郡信  ,大分    ,大分車両セ    ,405,9,815,2,,,2316,2320,,1647,M,,2330
3019,A,,1647,M,大分    ,臼杵    ,大分車両セ    ,405,10,815,2,,,2330,13,終,,,,
3020,A,,1623,M,臼杵    ,佐伯    ,大分車両セ    ,406,1,815,2,,,701,733,,4634,M,,745
3021,A,,4634,M,佐伯    ,中津    ,大分車両セ    ,406,2,815,2,,,745,1042,,4639,M,,1118
3022,A,,4639,M,中津    ,佐伯    ,大分車両セ    ,406,3,815,2,,,1118,1417,,4656,M,,1507
3023,A,,4656,M,佐伯    ,大神    ,大分車両セ    ,406,4,815,2,,,1507,1723,,4657,M,,1731
3024,A,,4657,M,大神    ,幸崎    ,大分車両セ    ,406,5,815,2,,,1731,1835,,4668,M,,1840
3025,A,,4668,M,幸崎    ,大神    ,大分車両セ    ,406,6,815,2,,,1840,1947,,649,M,,2005
3026,A,,649,M,大神    ,大分    ,大分車両セ    ,406,7,815,2,,,2005,2039,,644,M,,2050
3027,A,,644,M,大分    ,亀川    ,大分車両セ    ,406,8,815,2,,,2050,2115,,4671,M,,2120
3028,A,,4671,M,亀川    ,佐伯    ,大分車両セ    ,406,9,815,2,,,2120,2313,終,,,,
3029,A,回,622,M,下郡信  ,大分    ,大分車両セ    ,421,1,815,4,,,605,609,,622,M,,615
3030,A,,622,M,大分    ,日出    ,大分車両セ    ,421,2,815,4,,,615,643,,4625,M,,650
3031,A,,4625,M,日出    ,幸崎    ,大分車両セ    ,421,3,815,4,,,650,800,,1620,M,,822
3032,A,,1620,M,幸崎    ,大分    ,大分車両セ    ,421,4,815,4,,,822,848,回,1620,M,,859
3033,A,回,1620,M,大分    ,下郡信  ,大分車両セ    ,421,5,815,4,,,859,903,回,1633,M,,1530
3034,A,回,1633,M,下郡信  ,大分    ,大分車両セ    ,421,6,815,4,,,1530,1534,,1633,M,,1607
3035,A,,1633,M,大分    ,大在    ,大分車両セ    ,421,7,815,4,,,1607,1621,,4658,M,,1649
3036,A,,4658,M,大在    ,中山香  ,大分車両セ    ,421,8,815,4,,,1649,1803,,4663,M,,1812
3037,A,,4663,M,中山香  ,幸崎    ,大分車両セ    ,421,9,815,4,,,1812,1946,,1632,M,,2009
3038,A,,1632,M,幸崎    ,大分    ,大分車両セ    ,421,10,815,4,,,2009,2034,回,1632,M,,2038
3039,A,回,1632,M,大分    ,下郡信  ,大分車両セ    ,421,11,815,4,,,2038,2042,終,,,,
3040,A,回,4621,M,下郡信  ,亀川    ,大分車両セ    ,422,1,815,4,,,521,541,,4621,M,,546
3041,A,,4621,M,亀川    ,臼杵    ,大分車両セ    ,422,2,815,4,,,546,655,,4630,M,,715
3042,A,,4630,M,臼杵    ,亀川    ,大分車両セ    ,422,3,815,4,,,715,833,,4629,M,,845
3043,A,,4629,M,亀川    ,大分    ,大分車両セ    ,422,4,815,4,,,845,906,,628,M,,1230
3044,A,,628,M,大分    ,亀川    ,大分車両セ    ,422,5,815,2,,,1230,1250,,4641,M,,1257
3045,A,,4641,M,亀川    ,臼杵    ,大分車両セ    ,422,6,815,2,,,1257,1412,,4650,M,,1417
3046,A,,4650,M,臼杵    ,中津    ,大分車両セ    ,422,7,815,2,,,1417,1641,,643,M,,1647
3047,A,,643,M,中津    ,宇佐    ,大分車両セ    ,422,8,815,2,,,1647,1712,,640,M,,1743
3048,A,,640,M,宇佐    ,中津    ,大分車両セ    ,422,9,815,2,,,1743,1814,,4667,M,,1823
3049,A,,4667,M,中津    ,幸崎    ,大分車両セ    ,422,10,815,2,,,1823,2045,回,1680,M,,2112
3050,A,回,1680,M,幸崎    ,大分    ,大分車両セ    ,422,11,815,2,,,2112,2139,回,1638,M,,2201
3051,A,回,1638,M,大分    ,下郡信  ,大分車両セ    ,422,12,815,4,,,2201,2205,終,,,,
3052,A,回,622,M,下郡信  ,大分    ,大分車両セ    ,423,1,815,4,,,605,609,,622,M,,615
3053,A,,622,M,大分    ,日出    ,大分車両セ    ,423,2,815,4,,,615,643,,4625,M,,650
3054,A,,4625,M,日出    ,幸崎    ,大分車両セ    ,423,3,815,4,,,650,800,,1620,M,,822
3055,A,,1620,M,幸崎    ,大分    ,大分車両セ    ,423,4,815,4,,,822,848,回,1620,M,,859
3056,A,回,1620,M,大分    ,下郡信  ,大分車両セ    ,423,5,815,4,,,859,903,回,1633,M,,1530
3057,A,回,1633,M,下郡信  ,大分    ,大分車両セ    ,423,6,815,4,,,1530,1534,,1633,M,,1607
3058,A,,1633,M,大分    ,大在    ,大分車両セ    ,423,7,815,4,,,1607,1621,,4658,M,,1649
3059,A,,4658,M,大在    ,中山香  ,大分車両セ    ,423,8,815,4,,,1649,1803,,4663,M,,1812
3060,A,,4663,M,中山香  ,幸崎    ,大分車両セ    ,423,9,815,4,,,1812,1946,,1632,M,,2009
3061,A,,1632,M,幸崎    ,大分    ,大分車両セ    ,423,10,815,4,,,2009,2034,回,1632,M,,2038
3062,A,回,1632,M,大分    ,下郡信  ,大分車両セ    ,423,11,815,4,,,2038,2042,終,,,,
3063,A,回,4621,M,下郡信  ,亀川    ,大分車両セ    ,424,1,815,4,,,521,541,,4621,M,,546
3064,A,,4621,M,亀川    ,臼杵    ,大分車両セ    ,424,2,815,4,,,546,655,,4630,M,,715
3065,A,,4630,M,臼杵    ,亀川    ,大分車両セ    ,424,3,815,4,,,715,833,,4629,M,,845
3066,A,,4629,M,亀川    ,大分    ,大分車両セ    ,424,4,815,4,,,845,906,,4629,M,,920
3067,A,,4629,M,大分    ,佐伯    ,大分車両セ    ,424,5,815,2,,,920,1052,,1626,M,,1137
3068,A,,1626,M,佐伯    ,大分    ,大分車両セ    ,424,6,815,2,,,1137,1311,,1631,M,,1548
3069,A,,1631,M,大分    ,臼杵    ,大分車両セ    ,424,7,815,2,,,1548,1634,回,1635,M,,1640
3070,A,回,1635,M,臼杵    ,佐伯    ,大分車両セ    ,424,8,815,2,,,1640,1712,,1635,M,,1728
3071,A,,1635,M,佐伯    ,重岡    ,大分車両セ    ,424,9,815,2,,,1728,1756,,1628,M,,1822
3072,A,,1628,M,重岡    ,佐伯    ,大分車両セ    ,424,10,815,2,,,1822,1854,,1641,M,,1902
3073,A,,1641,M,佐伯    ,重岡    ,大分車両セ    ,424,11,815,2,,,1902,1934,回,1641,M,,1945
3074,A,回,1641,M,重岡    ,佐伯    ,大分車両セ    ,424,12,815,2,,,1945,2012,,1638,M,,2020
3075,A,,1638,M,佐伯    ,大分    ,大分車両セ    ,424,13,815,2,,,2020,2148,回,1638,M,,2201
3076,A,回,1638,M,大分    ,下郡信  ,大分車両セ    ,424,14,815,4,,,2201,2205,終,,,,
3077,A,,5120,M,小倉    ,下関    ,大分車両セ    ,431,1,415,4,,,547,601,,5521,M,,616
3078,A,,5521,M,下関    ,大分    ,大分車両セ    ,431,2,415,4,,,616,926,回,5521,M,,935
3079,A,回,5521,M,大分    ,下郡信  ,大分車両セ    ,431,3,415,4,,,935,939,回,642,M,,1837
3080,A,回,642,M,下郡信  ,大分    ,大分車両セ    ,431,4,415,4,,,1837,1841,,642,M,,1848
3081,A,,642,M,大分    ,中津    ,大分車両セ    ,431,5,415,4,,,1848,2032,回,671,M,,2039
3082,A,回,671,M,中津    ,柳ヶ浦  ,大分車両セ    ,431,6,415,4,,,2039,2053,終,,,,
3083,A,,5520,M,柳ヶ浦  ,下関    ,大分車両セ    ,432,1,415,4,,,449,639,,5125,M,,654
3084,A,,5125,M,下関    ,小倉    ,大分車両セ    ,432,2,415,4,,,654,708,,5126,M,,720
3085,A,,5126,M,小倉    ,下関    ,大分車両セ    ,432,3,415,4,,,720,734,,5131,M,,740
3086,A,,5131,M,下関    ,小倉    ,大分車両セ    ,432,4,415,4,,,740,753,,5132,M,,801
3087,A,,5132,M,小倉    ,下関    ,大分車両セ    ,432,5,415,4,,,801,816,,5137,M,,825
3088,A,,5137,M,下関    ,小倉    ,大分車両セ    ,432,6,415,4,,,825,839,,5138,M,,842
3089,A,,5138,M,小倉    ,下関    ,大分車両セ    ,432,7,415,4,,,842,855,,5143,M,,906
3090,A,,5143,M,下関    ,小倉    ,大分車両セ    ,432,8,415,4,,,906,922,,5144,M,,930
3091,A,,5144,M,小倉    ,下関    ,大分車両セ    ,432,9,415,4,,,930,943,,5149,M,,953
3092,A,,5149,M,下関    ,小倉    ,大分車両セ    ,432,10,415,4,,,953,1006,,5148,M,,1013
3093,A,,5148,M,小倉    ,下関    ,大分車両セ    ,432,11,415,4,,,1013,1026,,5153,M,,1041
3094,A,,5153,M,下関    ,小倉    ,大分車両セ    ,432,12,415,4,,,1041,1054,,5152,M,,1111
3095,A,,5152,M,小倉    ,下関    ,大分車両セ    ,432,13,415,4,,,1111,1130,,5157,M,,1142
3096,A,,5157,M,下関    ,小倉    ,大分車両セ    ,432,14,415,4,,,1142,1156,,5156,M,,1212
3097,A,,5156,M,小倉    ,下関    ,大分車両セ    ,432,15,415,4,,,1212,1229,,5161,M,,1238
3098,A,,5161,M,下関    ,小倉    ,大分車両セ    ,432,16,415,4,,,1238,1251,,5160,M,,1256
3099,A,,5160,M,小倉    ,下関    ,大分車両セ    ,432,17,415,4,,,1256,1310,,5165,M,,1329
3100,A,,5165,M,下関    ,小倉    ,大分車両セ    ,432,18,415,4,,,1329,1346,,5164,M,,1354
3101,A,,5164,M,小倉    ,下関    ,大分車両セ    ,432,19,415,4,,,1354,1410,,5169,M,,1421
3102,A,,5169,M,下関    ,小倉    ,大分車両セ    ,432,20,415,4,,,1421,1434,,5168,M,,1453
3103,A,,5168,M,小倉    ,下関    ,大分車両セ    ,432,21,415,4,,,1453,1507,,5173,M,,1516
3104,A,,5173,M,下関    ,小倉    ,大分車両セ    ,432,22,415,4,,,1516,1530,,5172,M,,1543
3105,A,,5172,M,小倉    ,下関    ,大分車両セ    ,432,23,415,4,,,1543,1557,,5177,M,,1616
3106,A,,5177,M,下関    ,小倉    ,大分車両セ    ,432,24,415,4,,,1616,1629,回,5177,M,,1648
3107,A,回,5177,M,小倉    ,門司港  ,大分車両セ    ,432,25,415,4,,,1648,1700,,2231,M,,1828
3108,A,,2231,M,門司港  ,遠賀川  ,大分車両セ    ,432,26,415,8,,,1828,1916,,2234,M,,1930
3109,A,,2234,M,遠賀川  ,小倉    ,大分車両セ    ,432,27,415,8,,,1930,2019,,2353,M,,2043
3110,A,,2353,M,小倉    ,久留米  ,大分車両セ    ,432,28,415,8,,,2043,2317,回,2353,M,,2331
3111,A,回,2353,M,久留米  ,鳥栖    ,大分車両セ    ,432,29,415,8,,,2331,2338,終,,,,
3112,A,,2823,M,鳥栖    ,佐賀    ,大分車両セ    ,433,1,415,8,,,626,654,,2826,M,,702
3113,A,,2826,M,佐賀    ,吉塚　鹿,大分車両セ    ,433,2,415,8,,,702,832,回,2826,M,,841
3114,A,回,2826,M,吉塚　鹿,吉塚（電,大分車両セ    ,433,3,415,8,,,841,844,回,1127,M,,911
3115,A,回,1127,M,吉塚（電,南福岡  ,大分車両セ    ,433,4,415,8,,,911,930,回,2169,M,,1643
3116,A,回,2169,M,南福岡  ,吉塚　鹿,大分車両セ    ,433,5,415,8,,,1643,1654,,2169,M,,1734
3117,A,,2169,M,吉塚　鹿,二日市  ,大分車両セ    ,433,6,415,8,,,1734,1803,,2174,M,,1813
3118,A,,2174,M,二日市  ,福間    ,大分車両セ    ,433,7,415,8,,,1813,1923,,2179,M,,1937
3119,A,,2179,M,福間    ,鳥栖    ,大分車両セ    ,433,8,415,8,,,1937,2105,,2184,M,,2250
3120,A,,2184,M,鳥栖    ,福間    ,大分車両セ    ,433,9,415,8,,,2250,34,終,,,,
3121,A,,2121,M,福間    ,鳥栖    ,大分車両セ    ,434,1,415,8,,,516,641,,130,M,,647
3122,A,,130,M,鳥栖    ,小倉    ,大分車両セ    ,434,2,415,8,,,647,922,回,130,M,,933
3123,A,回,130,M,小倉    ,門司港  ,大分車両セ    ,434,3,415,8,,,933,944,,2225,M,,1513
3124,A,,2225,M,門司港  ,遠賀川  ,大分車両セ    ,434,4,415,8,,,1513,1611,,2228,M,,1637
3125,A,,2228,M,遠賀川  ,門司港  ,大分車両セ    ,434,5,415,8,,,1637,1731,回,4229,M,,1748
3126,A,回,4229,M,門司港  ,小倉    ,大分車両セ    ,434,6,415,8,,,1748,1801,,4229,M,,1813
3127,A,,4229,M,小倉    ,荒尾    ,大分車両セ    ,434,7,415,8,,,1813,2041,終,,,,
3128,A,回,1122,M,荒尾    ,大牟田  ,大分車両セ    ,435,1,415,8,,,608,612,,2334,M,,618
3129,A,,2334,M,大牟田  ,吉塚　鹿,大分車両セ    ,435,2,415,8,,,618,808,回,2334,M,,814
3130,A,回,2334,M,吉塚　鹿,吉塚（電,大分車両セ    ,435,3,415,8,,,814,816,回,1125,M,,845
3131,A,回,1125,M,吉塚（電,竹下小  ,大分車両セ    ,435,4,415,8,,,845,904,回,3126,M,,1202
3132,A,回,3126,M,竹下    ,博多    ,大分車両セ    ,435,5,415,8,,,1202,1206,,3126,M,,1210
3133,A,,3126,M,博多    ,門司港  ,大分車両セ    ,435,6,415,8,,,1210,1357,終,,,,
3134,A,回,3161,M,門司港  ,小倉    ,大分車両セ    ,436,1,415,8,,,628,641,,3161,M,,645
3135,A,,3161,M,小倉    ,博多    ,大分車両セ    ,436,2,415,8,,,645,814,回,1123,M,,819
3136,A,回,1123,M,博多    ,竹下小  ,大分車両セ    ,436,3,415,8,,,819,823,回,134,M,,855
3137,A,回,134,M,竹下小  ,博多    ,大分車両セ    ,436,4,415,8,,,855,859,,134,M,,902
3138,A,,134,M,博多    ,門司港  ,大分車両セ    ,436,5,415,8,,,902,1056,,2231,M,,1828
3139,A,,2231,M,門司港  ,遠賀川  ,大分車両セ    ,436,6,415,8,,,1828,1916,,2234,M,,1930
3140,A,,2234,M,遠賀川  ,小倉    ,大分車両セ    ,436,7,415,8,,,1930,2019,,2353,M,,2043
3141,A,,2353,M,小倉    ,久留米  ,大分車両セ    ,436,8,415,8,,,2043,2317,回,2353,M,,2331
3142,A,回,2353,M,久留米  ,鳥栖    ,大分車両セ    ,436,9,415,8,,,2331,2338,終,,,,
3143,A,,2823,M,鳥栖    ,佐賀    ,大分車両セ    ,437,1,415,8,,,626,654,,2826,M,,702
3144,A,,2826,M,佐賀    ,吉塚　鹿,大分車両セ    ,437,2,415,8,,,702,832,回,2826,M,,841
3145,A,回,2826,M,吉塚　鹿,吉塚（電,大分車両セ    ,437,3,415,8,,,841,844,回,1127,M,,911
3146,A,回,1127,M,吉塚（電,南福岡  ,大分車両セ    ,437,4,415,8,,,911,930,回,2923,M,,1630
3147,A,回,2923,M,南福岡  ,鳥栖    ,大分車両セ    ,437,5,415,4,,,1630,1702,,2923,M,,1712
3148,A,,2923,M,鳥栖    ,早岐    ,大分車両セ    ,437,6,415,4,,,1712,1925,,2928,M,,2042
3149,A,,2928,M,早岐    ,鳥栖    ,大分車両セ    ,437,7,415,4,,,2042,2245,終,,,,
3150,A,,325,M,鳥栖    ,大牟田  ,大分車両セ    ,438,1,415,4,,,645,731,,2336,M,,736
3151,A,,2336,M,大牟田  ,博多    ,大分車両セ    ,438,2,415,4,,,736,915,回,2336,M,,923
3152,A,回,2336,M,博多    ,吉塚　鹿,大分車両セ    ,438,3,415,4,,,923,926,回,1129,M,,940
3153,A,回,1129,M,吉塚　鹿,南福岡  ,大分車両セ    ,438,4,415,4,,,940,955,回,2169,M,,1643
3154,A,回,2169,M,南福岡  ,吉塚　鹿,大分車両セ    ,438,5,415,8,,,1643,1654,,2169,M,,1734
3155,A,,2169,M,吉塚　鹿,二日市  ,大分車両セ    ,438,6,415,8,,,1734,1803,,2174,M,,1813
3156,A,,2174,M,二日市  ,福間    ,大分車両セ    ,438,7,415,8,,,1813,1923,,2179,M,,1937
3157,A,,2179,M,福間    ,鳥栖    ,大分車両セ    ,438,8,415,8,,,1937,2105,,2184,M,,2250
3158,A,,2184,M,鳥栖    ,福間    ,大分車両セ    ,438,9,415,8,,,2250,34,終,,,,
3159,A,,2121,M,福間    ,鳥栖    ,大分車両セ    ,439,1,415,8,,,516,641,,130,M,,647
3160,A,,130,M,鳥栖    ,小倉    ,大分車両セ    ,439,2,415,8,,,647,922,回,130,M,,933
3161,A,回,130,M,小倉    ,門司港  ,大分車両セ    ,439,3,415,8,,,933,944,,2225,M,,1513
3162,A,,2225,M,門司港  ,遠賀川  ,大分車両セ    ,439,4,415,8,,,1513,1611,,2228,M,,1637
3163,A,,2228,M,遠賀川  ,門司港  ,大分車両セ    ,439,5,415,8,,,1637,1731,回,4229,M,,1748
3164,A,回,4229,M,門司港  ,小倉    ,大分車両セ    ,439,6,415,8,,,1748,1801,,4229,M,,1813
3165,A,,4229,M,小倉    ,荒尾    ,大分車両セ    ,439,7,415,8,,,1813,2041,終,,,,
3166,A,回,1122,M,荒尾    ,大牟田  ,大分車両セ    ,440,1,415,8,,,608,612,,2334,M,,618
3167,A,,2334,M,大牟田  ,吉塚　鹿,大分車両セ    ,440,2,415,8,,,618,808,回,2334,M,,814
3168,A,回,2334,M,吉塚　鹿,吉塚（電,大分車両セ    ,440,3,415,8,,,814,816,回,1125,M,,845
3169,A,回,1125,M,吉塚（電,竹下小  ,大分車両セ    ,440,4,415,8,,,845,904,回,3126,M,,1202
3170,A,回,3126,M,竹下    ,博多    ,大分車両セ    ,440,5,415,8,,,1202,1206,,3126,M,,1210
3171,A,,3126,M,博多    ,門司港  ,大分車両セ    ,440,6,415,8,,,1210,1357,終,,,,
3172,A,回,3161,M,門司港  ,小倉    ,大分車両セ    ,441,1,415,8,,,628,641,,3161,M,,645
3173,A,,3161,M,小倉    ,博多    ,大分車両セ    ,441,2,415,8,,,645,814,回,1123,M,,819
3174,A,回,1123,M,博多    ,竹下小  ,大分車両セ    ,441,3,415,8,,,819,823,回,134,M,,855
3175,A,回,134,M,竹下小  ,博多    ,大分車両セ    ,441,4,415,8,,,855,859,,134,M,,902
3176,A,,134,M,博多    ,門司港  ,大分車両セ    ,441,5,415,8,,,902,1056,回,5178,M,,1635
3177,A,回,5178,M,門司港  ,小倉    ,大分車両セ    ,441,6,415,4,,,1635,1648,,5178,M,,1701
3178,A,,5178,M,小倉    ,下関    ,大分車両セ    ,441,7,415,4,,,1701,1716,,5183,M,,1723
3179,A,,5183,M,下関    ,小倉    ,大分車両セ    ,441,8,415,4,,,1723,1737,,5184,M,,1745
3180,A,,5184,M,小倉    ,下関    ,大分車両セ    ,441,9,415,4,,,1745,1759,,5189,M,,1805
3181,A,,5189,M,下関    ,小倉    ,大分車両セ    ,441,10,415,4,,,1805,1818,,5190,M,,1827
3182,A,,5190,M,小倉    ,下関    ,大分車両セ    ,441,11,415,4,,,1827,1843,,5195,M,,1853
3183,A,,5195,M,下関    ,小倉    ,大分車両セ    ,441,12,415,4,,,1853,1907,,5196,M,,1920
3184,A,,5196,M,小倉    ,下関    ,大分車両セ    ,441,13,415,4,,,1920,1934,,5221,M,,1943
3185,A,,5221,M,下関    ,小倉    ,大分車両セ    ,441,14,415,4,,,1943,1956,,5222,M,,2002
3186,A,,5222,M,小倉    ,下関    ,大分車両セ    ,441,15,415,4,,,2002,2016,,5227,M,,2035
3187,A,,5227,M,下関    ,小倉    ,大分車両セ    ,441,16,415,4,,,2035,2048,,5228,M,,2052
3188,A,,5228,M,小倉    ,下関    ,大分車両セ    ,441,17,415,4,,,2052,2106,,5233,M,,2123
3189,A,,5233,M,下関    ,小倉    ,大分車両セ    ,441,18,415,4,,,2123,2137,,5232,M,,2142
3190,A,,5232,M,小倉    ,下関    ,大分車両セ    ,441,19,415,4,,,2142,2156,,5237,M,,2202
3191,A,,5237,M,下関    ,小倉    ,大分車両セ    ,441,20,415,4,,,2202,2215,,5236,M,,2231
3192,A,,5236,M,小倉    ,下関    ,大分車両セ    ,441,21,415,4,,,2231,2246,,5241,M,,2252
3193,A,,5241,M,下関    ,小倉    ,大分車両セ    ,441,22,415,4,,,2252,2306,,5240,M,,2317
3194,A,,5240,M,小倉    ,下関    ,大分車両セ    ,441,23,415,4,,,2317,2331,,5245,M,,2355
3195,A,,5245,M,下関    ,小倉    ,大分車両セ    ,441,24,415,4,,,2355,8,回,5245,M,,13
3196,A,回,5245,M,小倉    ,門司港  ,大分車両セ    ,441,25,415,4,,,13,25,終,,,,
3197,A,回,2251,M,門司港  ,門司    ,大分車両セ    ,442,1,415,4,,,520,526,回,5250,M,,539
3198,A,回,5250,M,門司    ,下関    ,大分車両セ    ,442,2,415,4,,,539,546,,5121,M,,552
3199,A,,5121,M,下関    ,小倉    ,大分車両セ    ,442,3,415,4,,,552,605,,5122,M,,614
3200,A,,5122,M,小倉    ,下関    ,大分車両セ    ,442,4,415,4,,,614,628,,5123,M,,634
3201,A,,5123,M,下関    ,小倉    ,大分車両セ    ,442,5,415,4,,,634,648,,5124,M,,708
3202,A,,5124,M,小倉    ,下関    ,大分車両セ    ,442,6,415,4,,,708,723,,5129,M,,729
3203,A,,5129,M,下関    ,小倉    ,大分車両セ    ,442,7,415,4,,,729,743,,5130,M,,747
3204,A,,5130,M,小倉    ,下関    ,大分車両セ    ,442,8,415,4,,,747,801,,5135,M,,807
3205,A,,5135,M,下関    ,小倉    ,大分車両セ    ,442,9,415,4,,,807,820,,5136,M,,824
3206,A,,5136,M,小倉    ,下関    ,大分車両セ    ,442,10,415,4,,,824,841,,5141,M,,857
3207,A,,5141,M,下関    ,小倉    ,大分車両セ    ,442,11,415,4,,,857,910,,5142,M,,914
3208,A,,5142,M,小倉    ,下関    ,大分車両セ    ,442,12,415,4,,,914,927,,5147,M,,933
3209,A,,5147,M,下関    ,小倉    ,大分車両セ    ,442,13,415,4,,,933,947,回,5147,M,,953
3210,A,回,5147,M,小倉    ,門司港  ,大分車両セ    ,442,14,415,4,,,953,1005,回,5166,M,,1408
3211,A,回,5166,M,門司港  ,小倉    ,大分車両セ    ,442,15,415,4,,,1408,1423,,5166,M,,1427
3212,A,,5166,M,小倉    ,下関    ,大分車両セ    ,442,16,415,4,,,1427,1441,,5171,M,,1452
3213,A,,5171,M,下関    ,小倉    ,大分車両セ    ,442,17,415,4,,,1452,1506,,5170,M,,1512
3214,A,,5170,M,小倉    ,下関    ,大分車両セ    ,442,18,415,4,,,1512,1530,,5175,M,,1537
3215,A,,5175,M,下関    ,小倉    ,大分車両セ    ,442,19,415,4,,,1537,1550,,5176,M,,1637
3216,A,,5176,M,小倉    ,下関    ,大分車両セ    ,442,20,415,4,,,1637,1652,,5181,M,,1703
3217,A,,5181,M,下関    ,小倉    ,大分車両セ    ,442,21,415,4,,,1703,1718,,5182,M,,1729
3218,A,,5182,M,小倉    ,下関    ,大分車両セ    ,442,22,415,4,,,1729,1745,,5187,M,,1751
3219,A,,5187,M,下関    ,小倉    ,大分車両セ    ,442,23,415,4,,,1751,1806,,5188,M,,1814
3220,A,,5188,M,小倉    ,下関    ,大分車両セ    ,442,24,415,4,,,1814,1831,,5193,M,,1837
3221,A,,5193,M,下関    ,門司    ,大分車両セ    ,442,25,415,4,,,1837,1844,,5192,M,,1852
3222,A,,5192,M,門司    ,下関    ,大分車両セ    ,442,26,415,4,,,1852,1859,,5197,M,,1909
3223,A,,5197,M,下関    ,小倉    ,大分車両セ    ,442,27,415,4,,,1909,1927,,5198,M,,1939
3224,A,,5198,M,小倉    ,下関    ,大分車両セ    ,442,28,415,4,,,1939,1953,,5223,M,,1959
3225,A,,5223,M,下関    ,門司    ,大分車両セ    ,442,29,415,4,,,1959,2006,,5224,M,,2025
3226,A,,5224,M,門司    ,下関    ,大分車両セ    ,442,30,415,4,,,2025,2032,,5229,M,,2058
3227,A,,5229,M,下関    ,小倉    ,大分車両セ    ,442,31,415,4,,,2058,2111,回,5229,M,,2117
3228,A,回,5229,M,小倉    ,門司港  ,大分車両セ    ,442,32,415,4,,,2117,2130,回,577,M,,2339
3229,A,回,577,M,門司港  ,小倉    ,大分車両セ    ,442,33,415,4,,,2339,2350,,577,M,,2357
3230,A,,577,M,小倉    ,行橋    ,大分車両セ    ,442,34,415,4,,,2357,28,終,,,,
3231,A,,5522,M,行橋    ,下関    ,大分車両セ    ,443,1,415,4,,,557,650,,5127,M,,706
3232,A,,5127,M,下関    ,小倉    ,大分車両セ    ,443,2,415,4,,,706,719,,5128,M,,733
3233,A,,5128,M,小倉    ,下関    ,大分車両セ    ,443,3,415,4,,,733,750,,5133,M,,756
3234,A,,5133,M,下関    ,小倉    ,大分車両セ    ,443,4,415,4,,,756,809,,5134,M,,817
3235,A,,5134,M,小倉    ,下関    ,大分車両セ    ,443,5,415,4,,,817,834,,5139,M,,849
3236,A,,5139,M,下関    ,門司    ,大分車両セ    ,443,6,415,4,,,849,856,,5140,M,,908
3237,A,,5140,M,門司    ,下関    ,大分車両セ    ,443,7,415,4,,,908,915,,5145,M,,921
3238,A,,5145,M,下関    ,小倉    ,大分車両セ    ,443,8,415,4,,,921,934,,5146,M,,941
3239,A,,5146,M,小倉    ,下関    ,大分車両セ    ,443,9,415,4,,,941,958,,5151,M,,1012
3240,A,,5151,M,下関    ,小倉    ,大分車両セ    ,443,10,415,4,,,1012,1028,,5150,M,,1046
3241,A,,5150,M,小倉    ,下関    ,大分車両セ    ,443,11,415,4,,,1046,1100,,5155,M,,1111
3242,A,,5155,M,下関    ,小倉    ,大分車両セ    ,443,12,415,4,,,1111,1126,,5154,M,,1143
3243,A,,5154,M,小倉    ,下関    ,大分車両セ    ,443,13,415,4,,,1143,1158,,5159,M,,1215
3244,A,,5159,M,下関    ,小倉    ,大分車両セ    ,443,14,415,4,,,1215,1228,,5158,M,,1238
3245,A,,5158,M,小倉    ,下関    ,大分車両セ    ,443,15,415,4,,,1238,1257,,5163,M,,1311
3246,A,,5163,M,下関    ,小倉    ,大分車両セ    ,443,16,415,4,,,1311,1324,,5162,M,,1332
3247,A,,5162,M,小倉    ,下関    ,大分車両セ    ,443,17,415,4,,,1332,1348,,5167,M,,1354
3248,A,,5167,M,下関    ,小倉    ,大分車両セ    ,443,18,415,4,,,1354,1409,,5174,M,,1613
3249,A,,5174,M,小倉    ,下関    ,大分車両セ    ,443,19,415,4,,,1613,1631,,5179,M,,1637
3250,A,,5179,M,下関    ,小倉    ,大分車両セ    ,443,20,415,4,,,1637,1652,,5180,M,,1712
3251,A,,5180,M,小倉    ,下関    ,大分車両セ    ,443,21,415,4,,,1712,1730,,5185,M,,1738
3252,A,,5185,M,下関    ,小倉    ,大分車両セ    ,443,22,415,4,,,1738,1754,,5186,M,,1800
3253,A,,5186,M,小倉    ,下関    ,大分車両セ    ,443,23,415,4,,,1800,1814,,5191,M,,1821
3254,A,,5191,M,下関    ,門司    ,大分車両セ    ,443,24,415,4,,,1821,1828,回,5194,M,,1844
3255,A,回,5194,M,門司    ,小倉    ,大分車両セ    ,443,25,415,4,,,1844,1850,,5194,M,,1859
3256,A,,5194,M,小倉    ,下関    ,大分車両セ    ,443,26,415,4,,,1859,1915,,5199,M,,1928
3257,A,,5199,M,下関    ,小倉    ,大分車両セ    ,443,27,415,4,,,1928,1941,,5220,M,,1951
3258,A,,5220,M,小倉    ,下関    ,大分車両セ    ,443,28,415,4,,,1951,2005,,5225,M,,2011
3259,A,,5225,M,下関    ,小倉    ,大分車両セ    ,443,29,415,4,,,2011,2025,,5226,M,,2035
3260,A,,5226,M,小倉    ,下関    ,大分車両セ    ,443,30,415,4,,,2035,2052,,5231,M,,2111
3261,A,,5231,M,下関    ,門司    ,大分車両セ    ,443,31,415,4,,,2111,2118,,5230,M,,2124
3262,A,,5230,M,門司    ,下関    ,大分車両セ    ,443,32,415,4,,,2124,2131,,5235,M,,2142
3263,A,,5235,M,下関    ,小倉    ,大分車両セ    ,443,33,415,4,,,2142,2157,,5234,M,,2210
3264,A,,5234,M,小倉    ,下関    ,大分車両セ    ,443,34,415,4,,,2210,2224,,5239,M,,2230
3265,A,,5239,M,下関    ,小倉    ,大分車両セ    ,443,35,415,4,,,2230,2244,,5238,M,,2249
3266,A,,5238,M,小倉    ,下関    ,大分車両セ    ,443,36,415,4,,,2249,2303,,5243,M,,2313
3267,A,,5243,M,下関    ,小倉    ,大分車両セ    ,443,37,415,4,,,2313,2326,,5242,M,,2341
3268,A,,5242,M,小倉    ,下関    ,大分車両セ    ,443,38,415,4,,,2341,2355,回,5251,M,,1
3269,A,回,5251,M,下関    ,小倉    ,大分車両セ    ,443,39,415,4,,,1,15,終,,,,
3270,A,,321,D,鹿児島中,喜入    ,鹿児島車両セ  ,1,1,D200,4,,,523,609,,322,D,,624
3271,A,,322,D,喜入    ,鹿児島中,鹿児島車両セ  ,1,2,D200,4,,,624,707,,327,D,,733
3272,A,,327,D,鹿児島中,喜入    ,鹿児島車両セ  ,1,3,D200,4,,,733,816,,328,D,,844
3273,A,,328,D,喜入    ,鹿児島中,鹿児島車両セ  ,1,4,D200,4,,,844,930,,3345,D,,1535
3274,A,,3345,D,鹿児島中,山川    ,鹿児島車両セ  ,1,5,D200,2,,,1535,1645,,1350,D,,1747
3275,A,,1350,D,山川    ,鹿児島中,鹿児島車両セ  ,1,6,D200,2,,,1747,1901,終,,,,
3276,A,,321,D,鹿児島中,喜入    ,鹿児島車両セ  ,2,1,D200,4,,,523,609,,322,D,,624
3277,A,,322,D,喜入    ,鹿児島中,鹿児島車両セ  ,2,2,D200,4,,,624,707,,327,D,,733
3278,A,,327,D,鹿児島中,喜入    ,鹿児島車両セ  ,2,3,D200,4,,,733,816,,328,D,,844
3279,A,,328,D,喜入    ,鹿児島中,鹿児島車両セ  ,2,4,D200,4,,,844,930,,1335,D,,1102
3280,A,,1335,D,鹿児島中,山川    ,鹿児島車両セ  ,2,5,D200,2,,,1102,1236,,1340,D,,1322
3281,A,,1340,D,山川    ,鹿児島中,鹿児島車両セ  ,2,6,D200,2,,,1322,1501,,343,D,,1518
3282,A,,343,D,鹿児島中,喜入    ,鹿児島車両セ  ,2,7,D200,2,,,1518,1600,,344,D,,1606
3283,A,,344,D,喜入    ,鹿児島中,鹿児島車両セ  ,2,8,D200,2,,,1606,1651,,6793,D,,1653
3284,A,,6793,D,鹿児島中,鹿児島  ,鹿児島車両セ  ,2,9,D200,2,,,1653,1658,,6792,D,,1741
3285,A,,6792,D,鹿児島  ,鹿児島中,鹿児島車両セ  ,2,10,D200,2,,,1741,1745,,3351,D,,1750
3286,A,,3351,D,鹿児島中,山川    ,鹿児島車両セ  ,2,11,D200,2,,,1750,1904,,1354,D,,2000
3287,A,,1354,D,山川    ,鹿児島中,鹿児島車両セ  ,2,12,D200,2,,,2000,2110,終,,,,
3288,A,,1321,D,鹿児島中,山川    ,鹿児島車両セ  ,3,1,D200,4,,,446,602,,1322,D,,611
3289,A,,1322,D,山川    ,鹿児島中,鹿児島車両セ  ,3,2,D200,4,,,611,730,,6791,D,,732
3290,A,,6791,D,鹿児島中,鹿児島  ,鹿児島車両セ  ,3,3,D200,4,,,732,736,,6790,D,,744
3291,A,,6790,D,鹿児島  ,鹿児島中,鹿児島車両セ  ,3,4,D200,4,,,744,748,,3327,D,,751
3292,A,,3327,D,鹿児島中,指宿    ,鹿児島車両セ  ,3,5,D200,4,,,751,857,,3332,D,,932
3293,A,,3332,D,指宿    ,鹿児島中,鹿児島車両セ  ,3,6,D200,4,,,932,1035,,1341,D,,1402
3294,A,,1341,D,鹿児島中,山川    ,鹿児島車両セ  ,3,7,D200,2,,,1402,1534,,1344,D,,1546
3295,A,,1344,D,山川    ,鹿児島中,鹿児島車両セ  ,3,8,D200,2,,,1546,1710,,351,D,,1730
3296,A,,351,D,鹿児島中,喜入    ,鹿児島車両セ  ,3,9,D200,2,,,1730,1815,,352,D,,1837
3297,A,,352,D,喜入    ,鹿児島中,鹿児島車両セ  ,3,10,D200,2,,,1837,1919,,357,D,,1939
3298,A,,357,D,鹿児島中,五位野  ,鹿児島車両セ  ,3,11,D200,2,,,1939,2003,,356,D,,2009
3299,A,,356,D,五位野  ,鹿児島中,鹿児島車両セ  ,3,12,D200,2,,,2009,2033,,361,D,,2040
3300,A,,361,D,鹿児島中,五位野  ,鹿児島車両セ  ,3,13,D200,2,,,2040,2102,,360,D,,2113
3301,A,,360,D,五位野  ,鹿児島中,鹿児島車両セ  ,3,14,D200,2,,,2113,2137,,363,D,,2147
3302,A,,363,D,鹿児島中,五位野  ,鹿児島車両セ  ,3,15,D200,2,,,2147,2209,,364,D,,2215
3303,A,,364,D,五位野  ,鹿児島中,鹿児島車両セ  ,3,16,D200,2,,,2215,2241,,365,D,,2301
3304,A,,365,D,鹿児島中,喜入    ,鹿児島車両セ  ,3,17,D200,2,,,2301,2343,終,,,,
3305,A,,320,D,喜入    ,鹿児島中,鹿児島車両セ  ,4,1,D200,2,,,508,548,,1323,D,,620
3306,A,,1323,D,鹿児島中,山川    ,鹿児島車両セ  ,4,2,D200,2,,,620,733,,3328,D,,759
3307,A,,3328,D,山川    ,鹿児島中,鹿児島車両セ  ,4,3,D200,2,,,759,907,,1331,D,,917
3308,A,,1331,D,鹿児島中,山川    ,鹿児島車両セ  ,4,4,D200,2,,,917,1035,,1336,D,,1100
3309,A,,1336,D,山川    ,鹿児島中,鹿児島車両セ  ,4,5,D200,2,,,1100,1218,,337,D,,1235
3310,A,,337,D,鹿児島中,喜入    ,鹿児島車両セ  ,4,6,D200,2,,,1235,1325,,338,D,,1332
3311,A,,338,D,喜入    ,鹿児島中,鹿児島車両セ  ,4,7,D200,2,,,1332,1419,,1349,D,,1712
3312,A,,1349,D,鹿児島中,指宿    ,鹿児島車両セ  ,4,8,D200,2,,,1712,1823,,1352,D,,1829
3313,A,,1352,D,指宿    ,鹿児島中,鹿児島車両セ  ,4,9,D200,2,,,1829,1938,,6795,D,,1947
3314,A,,6795,D,鹿児島中,鹿児島  ,鹿児島車両セ  ,4,10,D200,2,,,1947,1952,,6794,D,,1958
3315,A,,6794,D,鹿児島  ,鹿児島中,鹿児島車両セ  ,4,11,D200,2,,,1958,2002,,359,D,,2020
3316,A,,359,D,鹿児島中,喜入    ,鹿児島車両セ  ,4,12,D200,2,,,2020,2104,,362,D,,2136
3317,A,,362,D,喜入    ,鹿児島中,鹿児島車両セ  ,4,13,D200,2,,,2136,2217,終,,,,
3318,A,,323,D,鹿児島中,喜入    ,鹿児島車両セ  ,5,1,D200,4,,,558,639,,324,D,,702
3319,A,,324,D,喜入    ,鹿児島中,鹿児島車両セ  ,5,2,D200,4,,,702,745,,329,D,,813
3320,A,,329,D,鹿児島中,喜入    ,鹿児島車両セ  ,5,3,D200,4,,,813,901,,330,D,,906
3321,A,,330,D,喜入    ,鹿児島中,鹿児島車両セ  ,5,4,D200,4,,,906,946,,333,D,,1035
3322,A,,333,D,鹿児島中,喜入    ,鹿児島車両セ  ,5,5,D200,2,,,1035,1114,,334,D,,1204
3323,A,,334,D,喜入    ,鹿児島中,鹿児島車両セ  ,5,6,D200,2,,,1204,1253,,1339,D,,1302
3324,A,,1339,D,鹿児島中,指宿    ,鹿児島車両セ  ,5,7,D200,2,,,1302,1417,,1342,D,,1425
3325,A,,1342,D,指宿    ,鹿児島中,鹿児島車両セ  ,5,8,D200,2,,,1425,1549,,345,D,,1618
3326,A,,345,D,鹿児島中,喜入    ,鹿児島車両セ  ,5,9,D200,2,,,1618,1702,,348,D,,1720
3327,A,,348,D,喜入    ,鹿児島中,鹿児島車両セ  ,5,10,D200,2,,,1720,1803,,353,D,,1828
3328,A,,353,D,鹿児島中,喜入    ,鹿児島車両セ  ,5,11,D200,2,,,1828,1911,,354,D,,1931
3329,A,,354,D,喜入    ,鹿児島中,鹿児島車両セ  ,5,12,D200,2,,,1931,2013,終,,,,
3330,A,,323,D,鹿児島中,喜入    ,鹿児島車両セ  ,11,1,D200,4,,,558,639,,324,D,,702
3331,A,,324,D,喜入    ,鹿児島中,鹿児島車両セ  ,11,2,D200,4,,,702,745,,329,D,,813
3332,A,,329,D,鹿児島中,喜入    ,鹿児島車両セ  ,11,3,D200,4,,,813,901,,330,D,,906
3333,A,,330,D,喜入    ,鹿児島中,鹿児島車両セ  ,11,4,D200,4,,,906,946,,1343,D,,1502
3334,A,,1343,D,鹿児島中,山川    ,鹿児島車両セ  ,11,5,D200,2,,,1502,1621,,3346,D,,1633
3335,A,,3346,D,山川    ,鹿児島中,鹿児島車両セ  ,11,6,D200,2,,,1633,1743,,3355,D,,1847
3336,A,,3355,D,鹿児島中,指宿    ,鹿児島車両セ  ,11,7,D200,2,,,1847,1947,,1356,D,,2051
3337,A,,1356,D,指宿    ,鹿児島中,鹿児島車両セ  ,11,8,D200,2,,,2051,2159,終,,,,
3338,A,,1321,D,鹿児島中,山川    ,鹿児島車両セ  ,12,1,D200,4,,,446,602,,1322,D,,611
3339,A,,1322,D,山川    ,鹿児島中,鹿児島車両セ  ,12,2,D200,4,,,611,730,,6791,D,,732
3340,A,,6791,D,鹿児島中,鹿児島  ,鹿児島車両セ  ,12,3,D200,4,,,732,736,,6790,D,,744
3341,A,,6790,D,鹿児島  ,鹿児島中,鹿児島車両セ  ,12,4,D200,4,,,744,748,,3327,D,,751
3342,A,,3327,D,鹿児島中,指宿    ,鹿児島車両セ  ,12,5,D200,4,,,751,857,,3332,D,,932
3343,A,,3332,D,指宿    ,鹿児島中,鹿児島車両セ  ,12,6,D200,4,,,932,1035,,341,D,,1435
3344,A,,341,D,鹿児島中,喜入    ,鹿児島車両セ  ,12,7,D200,2,,,1435,1514,,342,D,,1535
3345,A,,342,D,喜入    ,鹿児島中,鹿児島車両セ  ,12,8,D200,2,,,1535,1632,,349,D,,1657
3346,A,,349,D,鹿児島中,喜入    ,鹿児島車両セ  ,12,9,D200,2,,,1657,1737,,350,D,,1742
3347,A,,350,D,喜入    ,鹿児島中,鹿児島車両セ  ,12,10,D200,2,,,1742,1822,,355,D,,1926
3348,A,,355,D,鹿児島中,喜入    ,鹿児島車両セ  ,12,11,D200,2,,,1926,2006,,358,D,,2011
3349,A,,358,D,喜入    ,鹿児島中,鹿児島車両セ  ,12,12,D200,2,,,2011,2052,,1361,D,,2111
3350,A,,1361,D,鹿児島中,指宿    ,鹿児島車両セ  ,12,13,D200,2,,,2111,2218,,1360,D,,2244
3351,A,,1360,D,指宿    ,鹿児島中,鹿児島車両セ  ,12,14,D200,2,,,2244,2349,終,,,,
3352,A,,325,D,鹿児島中,喜入    ,鹿児島車両セ  ,51,1,D47 ,3,,,633,719,,326,D,,739
3353,A,,326,D,喜入    ,鹿児島中,鹿児島車両セ  ,51,2,D47 ,3,,,739,826,,1329,D,,838
3354,A,,1329,D,鹿児島中,山川    ,鹿児島車両セ  ,51,3,D47 ,2,,,838,1011,,1338,D,,1200
3355,A,,1338,D,山川    ,鹿児島中,鹿児島車両セ  ,51,4,D47 ,2,,,1200,1330,,1347,D,,1602
3356,A,,1347,D,鹿児島中,枕崎    ,鹿児島車両セ  ,51,5,D47 ,2,,,1602,1839,,5330,D,,1844
3357,A,,5330,D,枕崎    ,山川    ,鹿児島車両セ  ,51,6,D47 ,2,,,1844,1957,回,5330,D,,2013
3358,A,回,5330,D,山川    ,指宿    ,鹿児島車両セ  ,51,7,D47 ,2,,,2013,2019,終,,,,
3359,A,回,1320,D,指宿    ,山川    ,鹿児島車両セ  ,52,1,D47 ,4,,,515,521,,1320,D,,526
3360,A,,1320,D,山川    ,鹿児島中,鹿児島車両セ  ,52,2,D47 ,4,,,526,646,,1325,D,,654
3361,A,,1325,D,鹿児島中,山川    ,鹿児島車両セ  ,52,3,D47 ,4,,,654,814,,1330,D,,832
3362,A,,1330,D,山川    ,鹿児島中,鹿児島車両セ  ,52,4,D47 ,4,,,832,1017,,1337,D,,1202
3363,A,,1337,D,鹿児島中,枕崎    ,鹿児島車両セ  ,52,5,D47 ,2,,,1202,1449,,1348,D,,1558
3364,A,,1348,D,枕崎    ,鹿児島中,鹿児島車両セ  ,52,6,D47 ,2,,,1558,1843,,1357,D,,1905
3365,A,,1357,D,鹿児島中,山川    ,鹿児島車両セ  ,52,7,D47 ,2,,,1905,2035,回,1357,D,,2040
3366,A,回,1357,D,山川    ,指宿    ,鹿児島車両セ  ,52,8,D47 ,2,,,2040,2046,終,,,,
3367,A,回,1320,D,指宿    ,山川    ,鹿児島車両セ  ,53,1,D47 ,4,,,515,521,,1320,D,,526
3368,A,,1320,D,山川    ,鹿児島中,鹿児島車両セ  ,53,2,D47 ,4,,,526,646,,1325,D,,654
3369,A,,1325,D,鹿児島中,山川    ,鹿児島車両セ  ,53,3,D47 ,4,,,654,814,,1330,D,,832
3370,A,,1330,D,山川    ,鹿児島中,鹿児島車両セ  ,53,4,D47 ,4,,,832,1017,,347,D,,1635
3371,A,,347,D,鹿児島中,慈眼寺  ,鹿児島車両セ  ,53,5,D47 ,2,,,1635,1658,,346,D,,1706
3372,A,,346,D,慈眼寺  ,鹿児島中,鹿児島車両セ  ,53,6,D47 ,2,,,1706,1724,,1353,D,,1808
3373,A,,1353,D,鹿児島中,指宿    ,鹿児島車両セ  ,53,7,D47 ,2,,,1808,1923,,5329,D,,2006
3374,A,,5329,D,指宿    ,枕崎    ,鹿児島車両セ  ,53,8,D47 ,2,,,2006,2127,終,,,,
3375,A,,1326,D,枕崎    ,鹿児島中,鹿児島車両セ  ,54,1,D47 ,2,,,604,851,,1333,D,,1002
3376,A,,1333,D,鹿児島中,枕崎    ,鹿児島車両セ  ,54,2,D47 ,2,,,1002,1256,,5326,D,,1327
3377,A,,5326,D,枕崎    ,指宿    ,鹿児島車両セ  ,54,3,D47 ,2,,,1327,1452,,5325,D,,1729
3378,A,,5325,D,指宿    ,山川    ,鹿児島車両セ  ,54,4,D47 ,2,,,1729,1735,,5328,D,,1820
3379,A,,5328,D,山川    ,指宿    ,鹿児島車両セ  ,54,5,D47 ,2,,,1820,1826,,5327,D,,1835
3380,A,,5327,D,指宿    ,枕崎    ,鹿児島車両セ  ,54,6,D47 ,2,,,1835,2002,,1358,D,,2007
3381,A,,1358,D,枕崎    ,鹿児島中,鹿児島車両セ  ,54,7,D47 ,2,,,2007,2300,,367,D,,2335
3382,A,,367,D,鹿児島中,五位野  ,鹿児島車両セ  ,54,8,D47 ,2,,,2335,0,回,367,D,,5
3383,A,回,367,D,五位野  ,鹿児島中,鹿児島車両セ  ,54,9,D47 ,2,,,5,22,終,,,,
3384,A,回,5320,D,指宿    ,西頴娃  ,鹿児島車両セ  ,61,1,D140,1,,,429,509,,5320,D,,531
3385,A,,5320,D,西頴娃  ,山川    ,鹿児島車両セ  ,61,2,D140,1,,,531,605,,5321,D,,611
3386,A,,5321,D,山川    ,枕崎    ,鹿児島車両セ  ,61,3,D140,1,,,611,725,,5322,D,,735
3387,A,,5322,D,枕崎    ,指宿    ,鹿児島車両セ  ,61,4,D140,1,,,735,854,,1334,D,,1005
3388,A,,1334,D,指宿    ,鹿児島中,鹿児島車両セ  ,61,5,D140,2,,,1005,1129,,1359,D,,2000
3389,A,,1359,D,鹿児島中,山川    ,鹿児島車両セ  ,61,6,D140,2,,,2000,2121,回,1359,D,,2135
3390,A,回,1359,D,山川    ,指宿    ,鹿児島車両セ  ,61,7,D140,2,,,2135,2141,終,,,,
3391,A,,5323,D,指宿    ,西頴娃  ,鹿児島車両セ  ,62,1,D140,1,,,712,811,,5324,D,,848
3392,A,,5324,D,西頴娃  ,指宿    ,鹿児島車両セ  ,62,2,D140,1,,,848,929,,1334,D,,1005
3393,A,,1334,D,指宿    ,鹿児島中,鹿児島車両セ  ,62,3,D140,2,,,1005,1129,,1359,D,,2000
3394,A,,1359,D,鹿児島中,山川    ,鹿児島車両セ  ,62,4,D140,2,,,2000,2121,回,1359,D,,2135
3395,A,回,1359,D,山川    ,指宿    ,鹿児島車両セ  ,62,5,D140,2,,,2135,2141,終,,,,
3396,A,回,1324,D,指宿    ,山川    ,鹿児島車両セ  ,71,1,D147,2,,,633,638,,1324,D,,643
3397,A,,1324,D,山川    ,鹿児島中,鹿児島車両セ  ,71,2,D147,2,,,643,805,,331,D,,854
3398,A,,331,D,鹿児島中,喜入    ,鹿児島車両セ  ,71,3,D147,2,,,854,946,,332,D,,1016
3399,A,,332,D,喜入    ,鹿児島中,鹿児島車両セ  ,71,4,D147,2,,,1016,1101,,335,D,,1135
3400,A,,335,D,鹿児島中,喜入    ,鹿児島車両セ  ,71,5,D147,2,,,1135,1221,,336,D,,1230
3401,A,,336,D,喜入    ,鹿児島中,鹿児島車両セ  ,71,6,D147,2,,,1230,1315,,339,D,,1335
3402,A,,339,D,鹿児島中,喜入    ,鹿児島車両セ  ,71,7,D147,2,,,1335,1422,,340,D,,1431
3403,A,,340,D,喜入    ,鹿児島中,鹿児島車両セ  ,71,8,D147,2,,,1431,1530,,1363,D,,2229
3404,A,,1363,D,鹿児島中,山川    ,鹿児島車両セ  ,71,9,D147,2,,,2229,2341,回,1363,D,,2347
3405,A,回,1363,D,山川    ,指宿    ,鹿児島車両セ  ,71,10,D147,2,,,2347,2353,終,,,,
3406,A,回,5223,D,隼人    ,吉松    ,鹿児島車両セ  ,81,1,D47 ,2,,,525,614,,5223,D,,633
3407,A,,5223,D,吉松    ,隼人    ,鹿児島車両セ  ,81,2,D47 ,2,,,633,730,,6752,D,,747
3408,A,,6752,D,隼人    ,国分    ,鹿児島車両セ  ,81,3,D47 ,2,,,747,751,,6755,D,,857
3409,A,,6755,D,国分    ,鹿児島中,鹿児島車両セ  ,81,4,D47 ,2,,,857,950,,6758,D,,1746
3410,A,,6758,D,鹿児島中,隼人    ,鹿児島車両セ  ,81,5,D47 ,2,,,1746,1837,,5234,D,,1911
3411,A,,5234,D,隼人    ,吉松    ,鹿児島車両セ  ,81,6,D47 ,2,,,1911,2013,,5237,D,,2019
3412,A,,5237,D,吉松    ,隼人    ,鹿児島車両セ  ,81,7,D47 ,2,,,2019,2109,終,,,,
3413,A,,2920,D,隼人    ,都城    ,鹿児島車両セ  ,82,1,D47 ,2,,,552,819,,6772,D,,830
3414,A,,6772,D,都城    ,南宮崎  ,鹿児島車両セ  ,82,2,D47 ,2,,,830,938,回,6773,D,,1732
3415,A,回,6773,D,南宮崎  ,宮崎    ,鹿児島車両セ  ,82,3,D47 ,2,,,1732,1736,,6773,D,,1750
3416,A,,6773,D,宮崎    ,西都城  ,鹿児島車両セ  ,82,4,D47 ,2,,,1750,1907,回,6774,D,,1913
3417,A,回,6774,D,西都城  ,都城    ,鹿児島車両セ  ,82,5,D47 ,2,,,1913,1917,終,,,,
3418,A,,2921,D,都城    ,隼人    ,鹿児島車両セ  ,83,1,D47 ,2,,,539,839,,5222,D,,906
3419,A,,5222,D,隼人    ,吉松    ,鹿児島車両セ  ,83,2,D47 ,2,,,906,1005,,5227,D,,1039
3420,A,,5227,D,吉松    ,隼人    ,鹿児島車両セ  ,83,3,D47 ,2,,,1039,1131,,5226,D,,1247
3421,A,,5226,D,隼人    ,吉松    ,鹿児島車両セ  ,83,4,D47 ,2,,,1247,1346,,4926,D,,1600
3422,A,,4926,D,吉松    ,都城    ,鹿児島車両セ  ,83,5,D47 ,2,,,1600,1725,,4927,D,,1800
3423,A,,4927,D,都城    ,吉松    ,鹿児島車両セ  ,83,6,D47 ,2,,,1800,1935,,4930,D,,1948
3424,A,,4930,D,吉松    ,都城    ,鹿児島車両セ  ,83,7,D47 ,2,,,1948,2115,,4931,D,,2150
3425,A,,4931,D,都城    ,吉松    ,鹿児島車両セ  ,83,8,D47 ,2,,,2150,2315,終,,,,
3426,A,,4920,D,吉松    ,都城    ,鹿児島車両セ  ,84,1,D47 ,2,,,527,653,回,6770,D,,712
3427,A,回,6770,D,都城    ,西都城  ,鹿児島車両セ  ,84,2,D47 ,2,,,712,715,,6770,D,,722
3428,A,,6770,D,西都城  ,南宮崎  ,鹿児島車両セ  ,84,3,D47 ,2,,,722,839,回,6771,D,,1030
3429,A,回,6771,D,南宮崎  ,宮崎    ,鹿児島車両セ  ,84,4,D47 ,2,,,1030,1034,,6771,D,,1050
3430,A,,6771,D,宮崎    ,都城    ,鹿児島車両セ  ,84,5,D47 ,2,,,1050,1209,終,,,,
3431,A,,4921,D,都城    ,吉松    ,鹿児島車両セ  ,85,1,D47 ,2,,,635,810,,4922,D,,823
3432,A,,4922,D,吉松    ,都城    ,鹿児島車両セ  ,85,2,D47 ,2,,,823,948,,2923,D,,1313
3433,A,,2923,D,都城    ,隼人    ,鹿児島車両セ  ,85,3,D47 ,2,,,1313,1536,回,6780,D,,1617
3434,A,回,6780,D,隼人    ,国分    ,鹿児島車両セ  ,85,4,D47 ,2,,,1617,1621,,6759,D,,1629
3435,A,,6759,D,国分    ,鹿児島中,鹿児島車両セ  ,85,5,D47 ,2,,,1629,1726,,6760,D,,1936
3436,A,,6760,D,鹿児島中,国分    ,鹿児島車両セ  ,85,6,D47 ,4,,,1936,2030,回,6760,D,,2047
3437,A,回,6760,D,国分    ,隼人    ,鹿児島車両セ  ,85,7,D47 ,4,,,2047,2051,終,,,,
3438,A,,6753,D,隼人    ,鹿児島中,鹿児島車両セ  ,86,1,D47 ,4,,,638,723,,6760,D,,1936
3439,A,,6760,D,鹿児島中,国分    ,鹿児島車両セ  ,86,2,D47 ,4,,,1936,2030,回,6760,D,,2047
3440,A,回,6760,D,国分    ,隼人    ,鹿児島車両セ  ,86,3,D47 ,4,,,2047,2051,終,,,,
3441,A,,6753,D,隼人    ,鹿児島中,鹿児島車両セ  ,87,1,D47 ,4,,,638,723,,6756,D,,1431
3442,A,,6756,D,鹿児島中,国分    ,鹿児島車両セ  ,87,2,D47 ,2,,,1431,1520,,6757,D,,1559
3443,A,,6757,D,国分    ,隼人    ,鹿児島車両セ  ,87,3,D47 ,2,,,1559,1603,,2922,D,,1619
3444,A,,2922,D,隼人    ,都城    ,鹿児島車両セ  ,87,4,D47 ,2,,,1619,1914,,4929,D,,2000
3445,A,,4929,D,都城    ,吉松    ,鹿児島車両セ  ,87,5,D47 ,2,,,2000,2128,回,4929,D,,2200
3446,A,回,4929,D,吉松    ,隼人    ,鹿児島車両セ  ,87,6,D47 ,2,,,2200,2245,終,,,,
3447,A,,325,D,鹿児島中,喜入    ,鹿児島車両セ  ,91,1,D40 ,3,,,633,719,,326,D,,739
3448,A,,326,D,喜入    ,鹿児島中,鹿児島車両セ  ,91,2,D40 ,3,,,739,826,,6754,D,,1338
3449,A,,6754,D,鹿児島中,国分    ,鹿児島車両セ  ,91,3,D40 ,1,,,1338,1425,回,6781,D,,1745
3450,A,回,6781,D,国分    ,隼人    ,鹿児島車両セ  ,91,4,D40 ,1,,,1745,1749,,5232,D,,1808
3451,A,,5232,D,隼人    ,吉松    ,鹿児島車両セ  ,91,5,D40 ,1,,,1808,1907,,5235,D,,1914
3452,A,,5235,D,吉松    ,隼人    ,鹿児島車両セ  ,91,6,D40 ,1,,,1914,2005,,5238,D,,2124
3453,A,,5238,D,隼人    ,吉松    ,鹿児島車両セ  ,91,7,D40 ,1,,,2124,2221,終,,,,
3454,A,,5221,D,吉松    ,隼人    ,鹿児島車両セ  ,92,1,D40 ,1,,,524,616,,6750,D,,642
3455,A,,6750,D,隼人    ,国分    ,鹿児島車両セ  ,92,2,D40 ,1,,,642,645,,6751,D,,652
3456,A,,6751,D,国分    ,隼人    ,鹿児島車両セ  ,92,3,D40 ,1,,,652,656,,5220,D,,707
3457,A,,5220,D,隼人    ,吉松    ,鹿児島車両セ  ,92,4,D40 ,1,,,707,805,,5225,D,,910
3458,A,,5225,D,吉松    ,隼人    ,鹿児島車両セ  ,92,5,D40 ,1,,,910,1002,,5224,D,,1036
3459,A,,5224,D,隼人    ,吉松    ,鹿児島車両セ  ,92,6,D40 ,1,,,1036,1135,,4924,D,,1317
3460,A,,4924,D,吉松    ,都城    ,鹿児島車両セ  ,92,7,D40 ,1,,,1317,1447,,4925,D,,1612
3461,A,,4925,D,都城    ,吉松    ,鹿児島車両セ  ,92,8,D40 ,1,,,1612,1739,,4928,D,,1850
3462,A,,4928,D,吉松    ,都城    ,鹿児島車両セ  ,92,9,D40 ,1,,,1850,2019,,6774,D,,2027
3463,A,,6774,D,都城    ,南宮崎  ,鹿児島車両セ  ,92,10,D40 ,1,,,2027,2132,回,6775,D,,2248
3464,A,回,6775,D,南宮崎  ,宮崎    ,鹿児島車両セ  ,92,11,D40 ,1,,,2248,2253,,6775,D,,2300
3465,A,,6775,D,宮崎    ,都城    ,鹿児島車両セ  ,92,12,D40 ,1,,,2300,7,終,,,,
3466,A,,4923,D,都城    ,吉松    ,鹿児島車両セ  ,93,1,D40 ,1,,,800,938,,5229,D,,1218
3467,A,,5229,D,吉松    ,隼人    ,鹿児島車両セ  ,93,2,D40 ,1,,,1218,1310,,5228,D,,1436
3468,A,,5228,D,隼人    ,吉松    ,鹿児島車両セ  ,93,3,D40 ,1,,,1436,1535,,5231,D,,1551
3469,A,,5231,D,吉松    ,隼人    ,鹿児島車両セ  ,93,4,D40 ,1,,,1551,1643,,5230,D,,1700
3470,A,,5230,D,隼人    ,吉松    ,鹿児島車両セ  ,93,5,D40 ,1,,,1700,1758,,5233,D,,1812
3471,A,,5233,D,吉松    ,隼人    ,鹿児島車両セ  ,93,6,D40 ,1,,,1812,1902,,5236,D,,2015
3472,A,,5236,D,隼人    ,吉松    ,鹿児島車両セ  ,93,7,D40 ,1,,,2015,2112,回,5236,D,,2118
3473,A,回,5236,D,吉松    ,鹿児島中,鹿児島車両セ  ,93,8,D40 ,1,,,2118,2305,終,,,,
3474,A,,6920,M,鹿児島中,都城    ,鹿児島車両セ  ,201,1,817,2,,,522,649,,6933,M,,703
3475,A,,6933,M,都城    ,鹿児島中,鹿児島車両セ  ,201,2,817,2,,,703,847,,6932,M,,942
3476,A,,6932,M,鹿児島中,国分    ,鹿児島車両セ  ,201,3,817,2,,,942,1023,,6941,M,,1036
3477,A,,6941,M,国分    ,鹿児島中,鹿児島車両セ  ,201,4,817,2,,,1036,1118,,6938,M,,1159
3478,A,,6938,M,鹿児島中,国分    ,鹿児島車両セ  ,201,5,817,2,,,1159,1245,回,6938,M,,1250
3479,A,回,6938,M,国分    ,隼人    ,鹿児島車両セ  ,201,6,817,2,,,1250,1253,回,6953,M,,1604
3480,A,回,6953,M,隼人    ,国分    ,鹿児島車両セ  ,201,7,817,2,,,1604,1607,,6953,M,,1613
3481,A,,6953,M,国分    ,鹿児島中,鹿児島車両セ  ,201,8,817,2,,,1613,1703,,6954,M,,1733
3482,A,,6954,M,鹿児島中,宮崎    ,鹿児島車両セ  ,201,9,817,2,,,1733,2020,,6891,M,,2050
3483,A,,6891,M,宮崎    ,西都城  ,鹿児島車両セ  ,201,10,817,2,,,2050,2157,回,6891,M,,2243
3484,A,回,6891,M,西都城  ,都城    ,鹿児島車両セ  ,201,11,817,2,,,2243,2246,終,,,,
3485,A,回,6864,M,都城    ,西都城  ,鹿児島車両セ  ,202,1,817,2,,,614,617,,6864,M,,624
3486,A,,6864,M,西都城  ,宮崎    ,鹿児島車両セ  ,202,2,817,2,,,624,728,,6867,M,,733
3487,A,,6867,M,宮崎    ,西都城  ,鹿児島車両セ  ,202,3,817,2,,,733,845,,6870,M,,908
3488,A,,6870,M,西都城  ,宮崎    ,鹿児島車両セ  ,202,4,817,2,,,908,1013,回,6870,M,,1019
3489,A,回,6870,M,宮崎    ,宮崎神宮,鹿児島車両セ  ,202,5,817,2,,,1019,1022,回,6877,M,,1222
3490,A,回,6877,M,宮崎神宮,宮崎    ,鹿児島車両セ  ,202,6,817,2,,,1222,1225,,6877,M,,1250
3491,A,,6877,M,宮崎    ,西都城  ,鹿児島車両セ  ,202,7,817,2,,,1250,1356,,6876,M,,1414
3492,A,,6876,M,西都城  ,宮崎    ,鹿児島車両セ  ,202,8,817,2,,,1414,1522,,6883,M,,1550
3493,A,,6883,M,宮崎    ,西都城  ,鹿児島車両セ  ,202,9,817,2,,,1550,1659,,6882,M,,1725
3494,A,,6882,M,西都城  ,宮崎    ,鹿児島車両セ  ,202,10,817,2,,,1725,1828,,6887,M,,1852
3495,A,,6887,M,宮崎    ,西都城  ,鹿児島車両セ  ,202,11,817,2,,,1852,2009,回,6887,M,,2014
3496,A,回,6887,M,西都城  ,都城    ,鹿児島車両セ  ,202,12,817,2,,,2014,2017,終,,,,
3497,A,,6862,M,都城    ,宮崎    ,鹿児島車両セ  ,203,1,817,2,,,543,647,,6865,M,,656
3498,A,,6865,M,宮崎    ,西都城  ,鹿児島車両セ  ,203,2,817,2,,,656,759,回,6937,M,,810
3499,A,回,6937,M,西都城  ,都城    ,鹿児島車両セ  ,203,3,817,2,,,810,814,,6937,M,,824
3500,A,,6937,M,都城    ,鹿児島中,鹿児島車両セ  ,203,4,817,2,,,824,1008,,6942,M,,1308
3501,A,,6942,M,鹿児島中,都城    ,鹿児島車両セ  ,203,5,817,2,,,1308,1444,,6955,M,,1601
3502,A,,6955,M,都城    ,鹿児島中,鹿児島車両セ  ,203,6,817,2,,,1601,1738,,2460,M,,1808
3503,A,,2460,M,鹿児島中,川内    ,鹿児島車両セ  ,203,7,817,2,,,1808,1857,,2469,M,,1928
3504,A,,2469,M,川内    ,鹿児島中,鹿児島車両セ  ,203,8,817,2,,,1928,2017,,2470,M,,2028
3505,A,,2470,M,鹿児島中,川内    ,鹿児島車両セ  ,203,9,817,2,,,2028,2117,,2479,M,,2143
3506,A,,2479,M,川内    ,鹿児島中,鹿児島車両セ  ,203,10,817,2,,,2143,2234,,2480,M,,2335
3507,A,,2480,M,鹿児島中,川内    ,鹿児島車両セ  ,203,11,817,2,,,2335,24,終,,,,
3508,A,,2421,M,川内    ,鹿児島中,鹿児島車両セ  ,204,1,817,2,,,528,617,,6924,M,,655
3509,A,,6924,M,鹿児島中,隼人    ,鹿児島車両セ  ,204,2,817,2,,,655,745,,6931,M,,751
3510,A,,6931,M,隼人    ,鹿児島中,鹿児島車両セ  ,204,3,817,2,,,751,833,,6936,M,,1118
3511,A,,6936,M,鹿児島中,国分    ,鹿児島車両セ  ,204,4,817,2,,,1118,1203,,6947,M,,1305
3512,A,,6947,M,国分    ,鹿児島中,鹿児島車両セ  ,204,5,817,2,,,1305,1348,,6944,M,,1400
3513,A,,6944,M,鹿児島中,国分    ,鹿児島車両セ  ,204,6,817,2,,,1400,1448,,6951,M,,1512
3514,A,,6951,M,国分    ,鹿児島中,鹿児島車両セ  ,204,7,817,2,,,1512,1553,,2456,M,,1715
3515,A,,2456,M,鹿児島中,川内    ,鹿児島車両セ  ,204,8,817,2,,,1715,1808,,2465,M,,1832
3516,A,,2465,M,川内    ,鹿児島中,鹿児島車両セ  ,204,9,817,2,,,1832,1922,,2466,M,,1928
3517,A,,2466,M,鹿児島中,串木野  ,鹿児島車両セ  ,204,10,817,2,,,1928,2009,,2473,M,,2016
3518,A,,2473,M,串木野  ,鹿児島中,鹿児島車両セ  ,204,11,817,2,,,2016,2052,,2474,M,,2134
3519,A,,2474,M,鹿児島中,川内    ,鹿児島車両セ  ,204,12,817,2,,,2134,2223,,2481,M,,2239
3520,A,,2481,M,川内    ,鹿児島中,鹿児島車両セ  ,204,13,817,2,,,2239,2329,,6972,M,,2341
3521,A,,6972,M,鹿児島中,国分    ,鹿児島車両セ  ,204,14,817,2,,,2341,21,終,,,,
3522,A,,6923,M,国分    ,鹿児島中,鹿児島車両セ  ,205,1,817,2,,,545,634,,422,M,,648
3523,A,,422,M,鹿児島中,伊集院  ,鹿児島車両セ  ,205,2,817,2,,,648,706,,423,M,,712
3524,A,,423,M,伊集院  ,鹿児島中,鹿児島車両セ  ,205,3,817,2,,,712,730,,426,M,,741
3525,A,,426,M,鹿児島中,伊集院  ,鹿児島車両セ  ,205,4,817,2,,,741,759,,427,M,,818
3526,A,,427,M,伊集院  ,鹿児島中,鹿児島車両セ  ,205,5,817,2,,,818,835,,2432,M,,856
3527,A,,2432,M,鹿児島中,串木野  ,鹿児島車両セ  ,205,6,817,2,,,856,933,,2439,M,,939
3528,A,,2439,M,串木野  ,鹿児島中,鹿児島車両セ  ,205,7,817,2,,,939,1015,,2436,M,,1029
3529,A,,2436,M,鹿児島中,川内    ,鹿児島車両セ  ,205,8,817,2,,,1029,1119,,2445,M,,1127
3530,A,,2445,M,川内    ,鹿児島中,鹿児島車両セ  ,205,9,817,2,,,1127,1216,,6940,M,,1224
3531,A,,6940,M,鹿児島中,国分    ,鹿児島車両セ  ,205,10,817,2,,,1224,1316,,6949,M,,1418
3532,A,,6949,M,国分    ,鹿児島中,鹿児島車両セ  ,205,11,817,2,,,1418,1514,,2448,M,,1521
3533,A,,2448,M,鹿児島中,川内    ,鹿児島車両セ  ,205,12,817,2,,,1521,1613,,2457,M,,1620
3534,A,,2457,M,川内    ,鹿児島中,鹿児島車両セ  ,205,13,817,2,,,1620,1709,,2458,M,,1748
3535,A,,2458,M,鹿児島中,川内    ,鹿児島車両セ  ,205,14,817,2,,,1748,1839,,2467,M,,1900
3536,A,,2467,M,川内    ,鹿児島中,鹿児島車両セ  ,205,15,817,2,,,1900,1949,,6964,M,,2039
3537,A,,6964,M,鹿児島中,国分    ,鹿児島車両セ  ,205,16,817,2,,,2039,2125,,6969,M,,2138
3538,A,,6969,M,国分    ,鹿児島中,鹿児島車両セ  ,205,17,817,2,,,2138,2226,,2478,M,,2228
3539,A,,2478,M,鹿児島中,川内    ,鹿児島車両セ  ,205,18,817,2,,,2228,2318,終,,,,
3540,A,,2423,M,川内    ,鹿児島中,鹿児島車両セ  ,206,1,817,2,,,600,649,,2424,M,,700
3541,A,,2424,M,鹿児島中,川内    ,鹿児島車両セ  ,206,2,817,2,,,700,752,,2433,M,,803
3542,A,,2433,M,川内    ,鹿児島中,鹿児島車両セ  ,206,3,817,2,,,803,854,,6930,M,,900
3543,A,,6930,M,鹿児島中,宮崎    ,鹿児島車両セ  ,206,4,817,2,,,900,1140,,6875,M,,1150
3544,A,,6875,M,宮崎    ,西都城  ,鹿児島車両セ  ,206,5,817,2,,,1150,1300,,6874,M,,1318
3545,A,,6874,M,西都城  ,宮崎    ,鹿児島車両セ  ,206,6,817,2,,,1318,1437,,6881,M,,1450
3546,A,,6881,M,宮崎    ,西都城  ,鹿児島車両セ  ,206,7,817,2,,,1450,1551,,6880,M,,1605
3547,A,,6880,M,西都城  ,宮崎    ,鹿児島車両セ  ,206,8,817,2,,,1605,1713,回,6880,M,,1728
3548,A,回,6880,M,宮崎    ,南宮崎  ,鹿児島車両セ  ,206,9,817,2,,,1728,1731,,756,M,,1736
3549,A,,756,M,南宮崎  ,高鍋    ,鹿児島車両セ  ,206,10,817,2,,,1736,1806,,759,M,,1833
3550,A,,759,M,高鍋    ,南宮崎  ,鹿児島車両セ  ,206,11,817,2,,,1833,1907,終,,,,
3551,A,,720,M,南宮崎  ,延岡    ,鹿児島車両セ  ,207,1,817,2,,,550,731,,735,M,,736
3552,A,,735,M,延岡    ,南宮崎  ,鹿児島車両セ  ,207,2,817,2,,,736,916,,752,M,,1635
3553,A,,752,M,南宮崎  ,高鍋    ,鹿児島車両セ  ,207,3,817,4,,,1635,1707,,755,M,,1723
3554,A,,755,M,高鍋    ,南宮崎  ,鹿児島車両セ  ,207,4,817,4,,,1723,1807,回,6889,M,,1935
3555,A,回,6889,M,南宮崎  ,宮崎    ,鹿児島車両セ  ,207,5,817,2,,,1935,1939,,6889,M,,1950
3556,A,,6889,M,宮崎    ,西都城  ,鹿児島車両セ  ,207,6,817,2,,,1950,2110,,6886,M,,2150
3557,A,,6886,M,西都城  ,南宮崎  ,鹿児島車両セ  ,207,7,817,2,,,2150,2250,終,,,,
3558,A,回,724,M,南宮崎  ,田野    ,鹿児島車両セ  ,208,1,817,2,,,530,545,,724,M,,559
3559,A,,724,M,田野    ,高鍋    ,鹿児島車両セ  ,208,2,817,2,,,559,706,,727,M,,718
3560,A,,727,M,高鍋    ,宮崎空港,鹿児島車両セ  ,208,3,817,2,,,718,804,,732,M,,815
3561,A,,732,M,宮崎空港,延岡    ,鹿児島車両セ  ,208,4,817,2,,,815,957,,743,M,,1020
3562,A,,743,M,延岡    ,宮崎空港,鹿児島車両セ  ,208,5,817,2,,,1020,1224,,744,M,,1245
3563,A,,744,M,宮崎空港,延岡    ,鹿児島車両セ  ,208,6,817,2,,,1245,1457,,753,M,,1535
3564,A,,753,M,延岡    ,宮崎空港,鹿児島車両セ  ,208,7,817,2,,,1535,1726,,758,M,,1745
3565,A,,758,M,宮崎空港,延岡    ,鹿児島車両セ  ,208,8,817,2,,,1745,1942,,769,M,,2031
3566,A,,769,M,延岡    ,南宮崎  ,鹿児島車両セ  ,208,9,817,2,,,2031,2214,,770,M,,2253
3567,A,,770,M,南宮崎  ,高鍋    ,鹿児島車両セ  ,208,10,817,2,,,2253,2332,回,770,M,,2338
3568,A,回,770,M,高鍋    ,南宮崎  ,鹿児島車両セ  ,208,11,817,2,,,2338,0,終,,,,
3569,A,回,721,M,南宮崎  ,高鍋    ,鹿児島車両セ  ,209,1,817,2,,,520,541,,721,M,,547
3570,A,,721,M,高鍋    ,田野    ,鹿児島車両セ  ,209,2,817,2,,,547,645,,726,M,,652
3571,A,,726,M,田野    ,延岡    ,鹿児島車両セ  ,209,3,817,2,,,652,900,,741,M,,935
3572,A,,741,M,延岡    ,宮崎空港,鹿児島車両セ  ,209,4,817,2,,,935,1130,,742,M,,1145
3573,A,,742,M,宮崎空港,延岡    ,鹿児島車両セ  ,209,5,817,2,,,1145,1356,,751,M,,1435
3574,A,,751,M,延岡    ,宮崎空港,鹿児島車両セ  ,209,6,817,2,,,1435,1627,,754,M,,1645
3575,A,,754,M,宮崎空港,延岡    ,鹿児島車両セ  ,209,7,817,2,,,1645,1857,,767,M,,1935
3576,A,,767,M,延岡    ,宮崎空港,鹿児島車両セ  ,209,8,817,2,,,1935,2128,,768,M,,2155
3577,A,,768,M,宮崎空港,延岡    ,鹿児島車両セ  ,209,9,817,2,,,2155,2336,終,,,,
3578,A,,723,M,延岡    ,宮崎空港,鹿児島車両セ  ,210,1,817,2,,,517,705,,728,M,,715
3579,A,,728,M,宮崎空港,高鍋    ,鹿児島車両セ  ,210,2,817,2,,,715,801,,733,M,,816
3580,A,,733,M,高鍋    ,宮崎空港,鹿児島車両セ  ,210,3,817,2,,,816,906,,738,M,,945
3581,A,,738,M,宮崎空港,延岡    ,鹿児島車両セ  ,210,4,817,2,,,945,1148,,747,M,,1235
3582,A,,747,M,延岡    ,宮崎空港,鹿児島車両セ  ,210,5,817,2,,,1235,1427,,748,M,,1445
3583,A,,748,M,宮崎空港,延岡    ,鹿児島車両セ  ,210,6,817,2,,,1445,1707,,761,M,,1720
3584,A,,761,M,延岡    ,宮崎空港,鹿児島車両セ  ,210,7,817,2,,,1720,1927,,764,M,,1945
3585,A,,764,M,宮崎空港,延岡    ,鹿児島車両セ  ,210,8,817,2,,,1945,2158,終,,,,
3586,A,,725,M,延岡    ,南宮崎  ,鹿児島車両セ  ,211,1,817,2,,,555,732,,730,M,,747
3587,A,,730,M,南宮崎  ,佐土原  ,鹿児島車両セ  ,211,2,817,2,,,747,815,,731,M,,821
3588,A,,731,M,佐土原  ,宮崎空港,鹿児島車両セ  ,211,3,817,2,,,821,852,,736,M,,915
3589,A,,736,M,宮崎空港,延岡    ,鹿児島車両セ  ,211,4,817,2,,,915,1101,,745,M,,1136
3590,A,,745,M,延岡    ,宮崎空港,鹿児島車両セ  ,211,5,817,2,,,1136,1327,,746,M,,1345
3591,A,,746,M,宮崎空港,延岡    ,鹿児島車両セ  ,211,6,817,2,,,1345,1557,,757,M,,1635
3592,A,,757,M,延岡    ,宮崎空港,鹿児島車両セ  ,211,7,817,2,,,1635,1827,,762,M,,1845
3593,A,,762,M,宮崎空港,延岡    ,鹿児島車両セ  ,211,8,817,2,,,1845,2040,,771,M,,2120
3594,A,,771,M,延岡    ,南宮崎  ,鹿児島車両セ  ,211,9,817,2,,,2120,2300,終,,,,
3595,A,,722,M,南宮崎  ,延岡    ,鹿児島車両セ  ,212,1,817,2,,,604,757,,739,M,,828
3596,A,,739,M,延岡    ,宮崎空港,鹿児島車両セ  ,212,2,817,2,,,828,1028,,740,M,,1045
3597,A,,740,M,宮崎空港,延岡    ,鹿児島車両セ  ,212,3,817,2,,,1045,1257,,749,M,,1334
3598,A,,749,M,延岡    ,宮崎空港,鹿児島車両セ  ,212,4,817,2,,,1334,1527,,750,M,,1545
3599,A,,750,M,宮崎空港,延岡    ,鹿児島車両セ  ,212,5,817,2,,,1545,1756,,765,M,,1835
3600,A,,765,M,延岡    ,宮崎空港,鹿児島車両セ  ,212,6,817,2,,,1835,2026,,766,M,,2045
3601,A,,766,M,宮崎空港,南宮崎  ,鹿児島車両セ  ,212,7,817,2,,,2045,2050,,766,M,,2103
3602,A,,766,M,南宮崎  ,延岡    ,鹿児島車両セ  ,212,8,817,4,,,2103,2247,終,,,,
3603,A,,729,M,延岡    ,宮崎    ,鹿児島車両セ  ,213,1,817,4,,,630,807,,729,M,,815
3604,A,,729,M,宮崎    ,南宮崎  ,鹿児島車両セ  ,213,2,817,2,,,815,818,,734,M,,842
3605,A,,734,M,南宮崎  ,高鍋    ,鹿児島車両セ  ,213,3,817,2,,,842,916,,737,M,,922
3606,A,,737,M,高鍋    ,宮崎空港,鹿児島車両セ  ,213,4,817,2,,,922,1005,回,6520,M,,1021
3607,A,回,6520,M,宮崎空港,南宮崎  ,鹿児島車両セ  ,213,5,817,2,,,1021,1028,,752,M,,1635
3608,A,,752,M,南宮崎  ,高鍋    ,鹿児島車両セ  ,213,6,817,4,,,1635,1707,,755,M,,1723
3609,A,,755,M,高鍋    ,南宮崎  ,鹿児島車両セ  ,213,7,817,4,,,1723,1807,,760,M,,1833
3610,A,,760,M,南宮崎  ,高鍋    ,鹿児島車両セ  ,213,8,817,2,,,1833,1909,,763,M,,1922
3611,A,,763,M,高鍋    ,南宮崎  ,鹿児島車両セ  ,213,9,817,2,,,1922,2007,,766,M,,2103
3612,A,,766,M,南宮崎  ,延岡    ,鹿児島車両セ  ,213,10,817,4,,,2103,2247,終,,,,
3613,A,,729,M,延岡    ,宮崎    ,鹿児島車両セ  ,214,1,817,4,,,630,807,,6869,M,,819
3614,A,,6869,M,宮崎    ,田野    ,鹿児島車両セ  ,214,2,817,2,,,819,842,,6868,M,,848
3615,A,,6868,M,田野    ,宮崎    ,鹿児島車両セ  ,214,3,817,2,,,848,910,,6873,M,,952
3616,A,,6873,M,宮崎    ,西都城  ,鹿児島車両セ  ,214,4,817,2,,,952,1054,回,6873,M,,1100
3617,A,回,6873,M,西都城  ,都城    ,鹿児島車両セ  ,214,5,817,2,,,1100,1103,回,6874,M,,1159
3618,A,回,6874,M,都城    ,西都城  ,鹿児島車両セ  ,214,6,817,2,,,1159,1202,,6872,M,,1208
3619,A,,6872,M,西都城  ,宮崎    ,鹿児島車両セ  ,214,7,817,2,,,1208,1313,,6879,M,,1350
3620,A,,6879,M,宮崎    ,西都城  ,鹿児島車両セ  ,214,8,817,2,,,1350,1453,,6878,M,,1518
3621,A,,6878,M,西都城  ,宮崎    ,鹿児島車両セ  ,214,9,817,2,,,1518,1620,,6885,M,,1650
3622,A,,6885,M,宮崎    ,西都城  ,鹿児島車両セ  ,214,10,817,2,,,1650,1757,,6884,M,,1820
3623,A,,6884,M,西都城  ,宮崎    ,鹿児島車両セ  ,214,11,817,2,,,1820,1933,回,6884,M,,1944
3624,A,回,6884,M,宮崎    ,南宮崎  ,鹿児島車両セ  ,214,12,817,2,,,1944,1947,回,6893,M,,2125
3625,A,回,6893,M,南宮崎  ,宮崎    ,鹿児島車両セ  ,214,13,817,2,,,2125,2129,,6893,M,,2136
3626,A,,6893,M,宮崎    ,都城    ,鹿児島車両セ  ,214,14,817,2,,,2136,2232,,6888,M,,2240
3627,A,,6888,M,都城    ,宮崎    ,鹿児島車両セ  ,214,15,817,2,,,2240,2339,終,,,,
3628,A,,6863,M,宮崎    ,西都城  ,鹿児島車両セ  ,215,1,817,2,,,532,631,,6866,M,,653
3629,A,,6866,M,西都城  ,宮崎    ,鹿児島車両セ  ,215,2,817,2,,,653,753,,6871,M,,846
3630,A,,6871,M,宮崎    ,都城    ,鹿児島車両セ  ,215,3,817,2,,,846,957,,6943,M,,1018
3631,A,,6943,M,都城    ,鹿児島中,鹿児島車両セ  ,215,4,817,2,,,1018,1157,,6948,M,,1545
3632,A,,6948,M,鹿児島中,国分    ,鹿児島車両セ  ,215,5,817,4,,,1545,1637,,6957,M,,1729
3633,A,,6957,M,国分    ,鹿児島中,鹿児島車両セ  ,215,6,817,4,,,1729,1813,,6958,M,,1855
3634,A,,6958,M,鹿児島中,都城    ,鹿児島車両セ  ,215,7,817,4,,,1855,2023,,6971,M,,2118
3635,A,,6971,M,都城    ,鹿児島中,鹿児島車両セ  ,215,8,817,4,,,2118,2254,終,,,,
3636,A,,420,M,鹿児島中,伊集院  ,鹿児島車両セ  ,216,1,817,2,,,615,633,,421,M,,641
3637,A,,421,M,伊集院  ,鹿児島中,鹿児島車両セ  ,216,2,817,2,,,641,659,,424,M,,713
3638,A,,424,M,鹿児島中,伊集院  ,鹿児島車両セ  ,216,3,817,2,,,713,732,,425,M,,747
3639,A,,425,M,伊集院  ,鹿児島中,鹿児島車両セ  ,216,4,817,2,,,747,805,,434,M,,1729
3640,A,,434,M,鹿児島中,伊集院  ,鹿児島車両セ  ,216,5,817,2,,,1729,1747,,435,M,,1754
3641,A,,435,M,伊集院  ,鹿児島中,鹿児島車両セ  ,216,6,817,2,,,1754,1811,,436,M,,1836
3642,A,,436,M,鹿児島中,伊集院  ,鹿児島車両セ  ,216,7,817,2,,,1836,1854,,437,M,,1915
3643,A,,437,M,伊集院  ,鹿児島中,鹿児島車両セ  ,216,8,817,2,,,1915,1932,,6962,M,,1954
3644,A,,6962,M,鹿児島中,都城    ,鹿児島車両セ  ,216,9,817,2,,,1954,2140,,6973,M,,2239
3645,A,,6973,M,都城    ,鹿児島中,鹿児島車両セ  ,216,10,817,2,,,2239,7,終,,,,
3646,A,,6922,M,鹿児島中,国分    ,鹿児島車両セ  ,221,1,817,4,,,626,707,,6929,M,,716
3647,A,,6929,M,国分    ,鹿児島中,鹿児島車両セ  ,221,2,817,4,,,716,805,,6934,M,,1034
3648,A,,6934,M,鹿児島中,国分    ,鹿児島車両セ  ,221,3,817,2,,,1034,1123,,6945,M,,1237
3649,A,,6945,M,国分    ,鹿児島中,鹿児島車両セ  ,221,4,817,2,,,1237,1316,,6948,M,,1545
3650,A,,6948,M,鹿児島中,国分    ,鹿児島車両セ  ,221,5,817,4,,,1545,1637,,6957,M,,1729
3651,A,,6957,M,国分    ,鹿児島中,鹿児島車両セ  ,221,6,817,4,,,1729,1813,,6958,M,,1855
3652,A,,6958,M,鹿児島中,都城    ,鹿児島車両セ  ,221,7,817,4,,,1855,2023,,6971,M,,2118
3653,A,,6971,M,都城    ,鹿児島中,鹿児島車両セ  ,221,8,817,4,,,2118,2254,終,,,,
3654,A,,6922,M,鹿児島中,国分    ,鹿児島車両セ  ,222,1,817,4,,,626,707,,6929,M,,716
3655,A,,6929,M,国分    ,鹿児島中,鹿児島車両セ  ,222,2,817,4,,,716,805,,2450,M,,1552
3656,A,,2450,M,鹿児島中,川内    ,鹿児島車両セ  ,222,3,817,4,,,1552,1641,,2459,M,,1648
3657,A,,2459,M,川内    ,鹿児島  ,鹿児島車両セ  ,222,4,817,4,,,1648,1755,,2462,M,,1817
3658,A,,2462,M,鹿児島  ,川内    ,鹿児島車両セ  ,222,5,817,4,,,1817,1919,,2471,M,,1942
3659,A,,2471,M,川内    ,鹿児島中,鹿児島車両セ  ,222,6,817,4,,,1942,2033,,2472,M,,2059
3660,A,,2472,M,鹿児島中,川内    ,鹿児島車両セ  ,222,7,817,4,,,2059,2157,終,,,,
3661,A,,2425,M,川内    ,鹿児島中,鹿児島車両セ  ,223,1,817,4,,,620,712,,6926,M,,718
3662,A,,6926,M,鹿児島中,国分    ,鹿児島車両セ  ,223,2,817,4,,,718,809,,6935,M,,815
3663,A,,6935,M,国分    ,鹿児島中,鹿児島車両セ  ,223,3,817,4,,,815,858,,6950,M,,1636
3664,A,,6950,M,鹿児島中,都城    ,鹿児島車両セ  ,223,4,817,4,,,1636,1814,,6963,M,,1844
3665,A,,6963,M,都城    ,鹿児島中,鹿児島車両セ  ,223,5,817,4,,,1844,2024,,6966,M,,2107
3666,A,,6966,M,鹿児島中,都城    ,鹿児島車両セ  ,223,6,817,4,,,2107,2235,終,,,,
3667,A,,6927,M,都城    ,鹿児島中,鹿児島車両セ  ,224,1,817,4,,,606,744,,6950,M,,1636
3668,A,,6950,M,鹿児島中,都城    ,鹿児島車両セ  ,224,2,817,4,,,1636,1814,,6963,M,,1844
3669,A,,6963,M,都城    ,鹿児島中,鹿児島車両セ  ,224,3,817,4,,,1844,2024,,6966,M,,2107
3670,A,,6966,M,鹿児島中,都城    ,鹿児島車両セ  ,224,4,817,4,,,2107,2235,終,,,,
3671,A,,6927,M,都城    ,鹿児島中,鹿児島車両セ  ,225,1,817,4,,,606,744,,6956,M,,1806
3672,A,,6956,M,鹿児島中,国分    ,鹿児島車両セ  ,225,2,817,4,,,1806,1856,,6967,M,,2103
3673,A,,6967,M,国分    ,鹿児島中,鹿児島車両セ  ,225,3,817,4,,,2103,2146,,6970,M,,2304
3674,A,,6970,M,鹿児島中,国分    ,鹿児島車両セ  ,225,4,817,4,,,2304,2345,回,6970,M,,2351
3675,A,回,6970,M,国分    ,隼人    ,鹿児島車両セ  ,225,5,817,4,,,2351,2355,終,,,,
3676,A,回,6925,M,隼人    ,国分    ,鹿児島車両セ  ,226,1,817,4,,,553,556,,6925,M,,618
3677,A,,6925,M,国分    ,鹿児島中,鹿児島車両セ  ,226,2,817,4,,,618,702,,2426,M,,724
3678,A,,2426,M,鹿児島中,川内    ,鹿児島車両セ  ,226,3,817,4,,,724,820,,2437,M,,858
3679,A,,2437,M,川内    ,鹿児島中,鹿児島車両セ  ,226,4,817,4,,,858,950,,2452,M,,1634
3680,A,,2452,M,鹿児島中,川内    ,鹿児島車両セ  ,226,5,817,4,,,1634,1730,,2461,M,,1737
3681,A,,2461,M,川内    ,鹿児島  ,鹿児島車両セ  ,226,6,817,4,,,1737,1838,,2464,M,,1849
3682,A,,2464,M,鹿児島  ,川内    ,鹿児島車両セ  ,226,7,817,4,,,1849,1949,,2475,M,,2037
3683,A,,2475,M,川内    ,鹿児島中,鹿児島車両セ  ,226,8,817,4,,,2037,2129,終,,,,
3684,A,,2420,M,鹿児島中,川内    ,鹿児島車両セ  ,227,1,817,4,,,557,647,,2429,M,,705
3685,A,,2429,M,川内    ,鹿児島中,鹿児島車両セ  ,227,2,817,4,,,705,756,,6928,M,,809
3686,A,,6928,M,鹿児島中,国分    ,鹿児島車両セ  ,227,3,817,4,,,809,856,,6939,M,,959
3687,A,,6939,M,国分    ,鹿児島中,鹿児島車両セ  ,227,4,817,4,,,959,1059,,2446,M,,1449
3688,A,,2446,M,鹿児島中,串木野  ,鹿児島車両セ  ,227,5,817,4,,,1449,1525,,2453,M,,1531
3689,A,,2453,M,串木野  ,鹿児島中,鹿児島車両セ  ,227,6,817,4,,,1531,1608,,6952,M,,1658
3690,A,,6952,M,鹿児島中,国分    ,鹿児島車両セ  ,227,7,817,4,,,1658,1744,,6961,M,,1837
3691,A,,6961,M,国分    ,鹿児島中,鹿児島車両セ  ,227,8,817,4,,,1837,1921,,2468,M,,1959
3692,A,,2468,M,鹿児島中,川内    ,鹿児島車両セ  ,227,9,817,4,,,1959,2051,,2477,M,,2100
3693,A,,2477,M,川内    ,鹿児島中,鹿児島車両セ  ,227,10,817,4,,,2100,2151,,2476,M,,2204
3694,A,,2476,M,鹿児島中,川内    ,鹿児島車両セ  ,227,11,817,4,,,2204,2254,終,,,,
3695,A,,2427,M,川内    ,鹿児島  ,鹿児島車両セ  ,228,1,817,4,,,648,749,,2428,M,,755
3696,A,,2428,M,鹿児島  ,串木野  ,鹿児島車両セ  ,228,2,817,4,,,755,838,,2435,M,,844
3697,A,,2435,M,串木野  ,鹿児島中,鹿児島車両セ  ,228,3,817,4,,,844,922,,2438,M,,1132
3698,A,,2438,M,鹿児島中,川内    ,鹿児島車両セ  ,228,4,817,2,,,1132,1221,,2447,M,,1229
3699,A,,2447,M,川内    ,鹿児島中,鹿児島車両セ  ,228,5,817,2,,,1229,1320,,2442,M,,1326
3700,A,,2442,M,鹿児島中,川内    ,鹿児島車両セ  ,228,6,817,2,,,1326,1415,,2451,M,,1422
3701,A,,2451,M,川内    ,鹿児島中,鹿児島車両セ  ,228,7,817,2,,,1422,1512,,6946,M,,1514
3702,A,,6946,M,鹿児島中,都城    ,鹿児島車両セ  ,228,8,817,2,,,1514,1655,,6959,M,,1715
3703,A,,6959,M,都城    ,鹿児島中,鹿児島車両セ  ,228,9,817,2,,,1715,1848,,6960,M,,1922
3704,A,,6960,M,鹿児島中,国分    ,鹿児島車両セ  ,228,10,817,2,,,1922,2004,,6965,M,,2010
3705,A,,6965,M,国分    ,鹿児島中,鹿児島車両セ  ,228,11,817,2,,,2010,2050,,6968,M,,2146
3706,A,,6968,M,鹿児島中,国分    ,鹿児島車両セ  ,228,12,817,2,,,2146,2225,終,,,,
3707,A,,6921,M,国分    ,鹿児島中,鹿児島車両セ  ,229,1,817,2,,,507,548,,2422,M,,635
3708,A,,2422,M,鹿児島中,川内    ,鹿児島車両セ  ,229,2,817,2,,,635,727,,2431,M,,733
3709,A,,2431,M,川内    ,鹿児島中,鹿児島車両セ  ,229,3,817,2,,,733,822,,2430,M,,829
3710,A,,2430,M,鹿児島中,川内    ,鹿児島車両セ  ,229,4,817,2,,,829,918,,2441,M,,954
3711,A,,2441,M,川内    ,鹿児島中,鹿児島車両セ  ,229,5,817,2,,,954,1044,,2452,M,,1634
3712,A,,2452,M,鹿児島中,川内    ,鹿児島車両セ  ,229,6,817,4,,,1634,1730,,2461,M,,1737
3713,A,,2461,M,川内    ,鹿児島  ,鹿児島車両セ  ,229,7,817,4,,,1737,1838,,2464,M,,1849
3714,A,,2464,M,鹿児島  ,川内    ,鹿児島車両セ  ,229,8,817,4,,,1849,1949,,2475,M,,2037
3715,A,,2475,M,川内    ,鹿児島中,鹿児島車両セ  ,229,9,817,4,,,2037,2129,終,,,,
3716,A,,2420,M,鹿児島中,川内    ,鹿児島車両セ  ,230,1,817,4,,,557,647,,2429,M,,705
3717,A,,2429,M,川内    ,鹿児島中,鹿児島車両セ  ,230,2,817,4,,,705,756,,6928,M,,809
3718,A,,6928,M,鹿児島中,国分    ,鹿児島車両セ  ,230,3,817,4,,,809,856,,6939,M,,959
3719,A,,6939,M,国分    ,鹿児島中,鹿児島車両セ  ,230,4,817,4,,,959,1059,,2446,M,,1449
3720,A,,2446,M,鹿児島中,串木野  ,鹿児島車両セ  ,230,5,817,4,,,1449,1525,,2453,M,,1531
3721,A,,2453,M,串木野  ,鹿児島中,鹿児島車両セ  ,230,6,817,4,,,1531,1608,,6952,M,,1658
3722,A,,6952,M,鹿児島中,国分    ,鹿児島車両セ  ,230,7,817,4,,,1658,1744,,6961,M,,1837
3723,A,,6961,M,国分    ,鹿児島中,鹿児島車両セ  ,230,8,817,4,,,1837,1921,,2468,M,,1959
3724,A,,2468,M,鹿児島中,川内    ,鹿児島車両セ  ,230,9,817,4,,,1959,2051,,2477,M,,2100
3725,A,,2477,M,川内    ,鹿児島中,鹿児島車両セ  ,230,10,817,4,,,2100,2151,,2476,M,,2204
3726,A,,2476,M,鹿児島中,川内    ,鹿児島車両セ  ,230,11,817,4,,,2204,2254,終,,,,
3727,A,,2427,M,川内    ,鹿児島  ,鹿児島車両セ  ,231,1,817,4,,,648,749,,2428,M,,755
3728,A,,2428,M,鹿児島  ,串木野  ,鹿児島車両セ  ,231,2,817,4,,,755,838,,2435,M,,844
3729,A,,2435,M,串木野  ,鹿児島中,鹿児島車両セ  ,231,3,817,4,,,844,922,,428,M,,1253
3730,A,,428,M,鹿児島中,伊集院  ,鹿児島車両セ  ,231,4,817,2,,,1253,1312,,429,M,,1318
3731,A,,429,M,伊集院  ,鹿児島中,鹿児島車両セ  ,231,5,817,2,,,1318,1335,,430,M,,1353
3732,A,,430,M,鹿児島中,伊集院  ,鹿児島車両セ  ,231,6,817,2,,,1353,1411,,431,M,,1419
3733,A,,431,M,伊集院  ,鹿児島中,鹿児島車両セ  ,231,7,817,2,,,1419,1437,,432,M,,1500
3734,A,,432,M,鹿児島中,伊集院  ,鹿児島車両セ  ,231,8,817,2,,,1500,1518,,433,M,,1524
3735,A,,433,M,伊集院  ,鹿児島中,鹿児島車両セ  ,231,9,817,2,,,1524,1542,,6956,M,,1806
3736,A,,6956,M,鹿児島中,国分    ,鹿児島車両セ  ,231,10,817,4,,,1806,1856,,6967,M,,2103
3737,A,,6967,M,国分    ,鹿児島中,鹿児島車両セ  ,231,11,817,4,,,2103,2146,,6970,M,,2304
3738,A,,6970,M,鹿児島中,国分    ,鹿児島車両セ  ,231,12,817,4,,,2304,2345,回,6970,M,,2351
3739,A,回,6970,M,国分    ,隼人    ,鹿児島車両セ  ,231,13,817,4,,,2351,2355,終,,,,
3740,A,回,6925,M,隼人    ,国分    ,鹿児島車両セ  ,232,1,817,4,,,553,556,,6925,M,,618
3741,A,,6925,M,国分    ,鹿児島中,鹿児島車両セ  ,232,2,817,4,,,618,702,,2426,M,,724
3742,A,,2426,M,鹿児島中,川内    ,鹿児島車両セ  ,232,3,817,4,,,724,820,,2437,M,,858
3743,A,,2437,M,川内    ,鹿児島中,鹿児島車両セ  ,232,4,817,4,,,858,950,,2450,M,,1552
3744,A,,2450,M,鹿児島中,川内    ,鹿児島車両セ  ,232,5,817,4,,,1552,1641,,2459,M,,1648
3745,A,,2459,M,川内    ,鹿児島  ,鹿児島車両セ  ,232,6,817,4,,,1648,1755,,2462,M,,1817
3746,A,,2462,M,鹿児島  ,川内    ,鹿児島車両セ  ,232,7,817,4,,,1817,1919,,2471,M,,1942
3747,A,,2471,M,川内    ,鹿児島中,鹿児島車両セ  ,232,8,817,4,,,1942,2033,,2472,M,,2059
3748,A,,2472,M,鹿児島中,川内    ,鹿児島車両セ  ,232,9,817,4,,,2059,2157,終,,,,
3749,A,,2425,M,川内    ,鹿児島中,鹿児島車両セ  ,233,1,817,4,,,620,712,,6926,M,,718
3750,A,,6926,M,鹿児島中,国分    ,鹿児島車両セ  ,233,2,817,4,,,718,809,,6935,M,,815
3751,A,,6935,M,国分    ,鹿児島中,鹿児島車両セ  ,233,3,817,4,,,815,858,,2434,M,,930
3752,A,,2434,M,鹿児島中,川内    ,鹿児島車両セ  ,233,4,817,2,,,930,1019,,2443,M,,1026
3753,A,,2443,M,川内    ,鹿児島  ,鹿児島車両セ  ,233,5,817,2,,,1026,1145,,2440,M,,1216
3754,A,,2440,M,鹿児島  ,川内    ,鹿児島車両セ  ,233,6,817,2,,,1216,1317,,2449,M,,1323
3755,A,,2449,M,川内    ,鹿児島中,鹿児島車両セ  ,233,7,817,2,,,1323,1412,,2444,M,,1425
3756,A,,2444,M,鹿児島中,川内    ,鹿児島車両セ  ,233,8,817,2,,,1425,1515,,2455,M,,1559
3757,A,,2455,M,川内    ,鹿児島中,鹿児島車両セ  ,233,9,817,2,,,1559,1652,,2454,M,,1658
3758,A,,2454,M,鹿児島中,川内    ,鹿児島車両セ  ,233,10,817,2,,,1658,1751,,2463,M,,1802
3759,A,,2463,M,川内    ,鹿児島中,鹿児島車両セ  ,233,11,817,2,,,1802,1852,終,,,,
3760,A,,420,D,宮地    ,肥後大津,熊本車両セ    ,1,1,D200,2,,,519,607,,422,D,,638
3761,A,,422,D,肥後大津,熊本    ,熊本車両セ    ,1,2,D200,2,,,638,721,回,422,D,,730
3762,A,回,422,D,熊本    ,熊本操  ,熊本車両セ    ,1,3,D200,2,,,730,733,回,547,D,,2020
3763,A,回,547,D,熊本操  ,熊本    ,熊本車両セ    ,1,4,D200,2,,,2020,2023,,547,D,,2029
3764,A,,547,D,熊本    ,三角    ,熊本車両セ    ,1,5,D200,2,,,2029,2124,,550,D,,2133
3765,A,,550,D,三角    ,熊本    ,熊本車両セ    ,1,6,D200,2,,,2133,2225,,551,D,,2256
3766,A,,551,D,熊本    ,三角    ,熊本車両セ    ,1,7,D200,2,,,2256,2348,終,,,,
3767,A,,520,D,三角    ,熊本    ,熊本車両セ    ,2,1,D200,2,,,552,644,,523,D,,719
3768,A,,523,D,熊本    ,三角    ,熊本車両セ    ,2,2,D200,2,,,719,814,,526,D,,821
3769,A,,526,D,三角    ,熊本    ,熊本車両セ    ,2,3,D200,2,,,821,915,,529,D,,955
3770,A,,529,D,熊本    ,三角    ,熊本車両セ    ,2,4,D200,2,,,955,1049,,532,D,,1100
3771,A,,532,D,三角    ,熊本    ,熊本車両セ    ,2,5,D200,2,,,1100,1152,回,532,D,,1207
3772,A,回,532,D,熊本    ,熊本操  ,熊本車両セ    ,2,6,D200,2,,,1207,1211,回,535,D,,1325
3773,A,回,535,D,熊本操  ,熊本    ,熊本車両セ    ,2,7,D200,2,,,1325,1328,,535,D,,1338
3774,A,,535,D,熊本    ,三角    ,熊本車両セ    ,2,8,D200,2,,,1338,1434,,538,D,,1442
3775,A,,538,D,三角    ,熊本    ,熊本車両セ    ,2,9,D200,2,,,1442,1535,,539,D,,1606
3776,A,,539,D,熊本    ,三角    ,熊本車両セ    ,2,10,D200,2,,,1606,1703,,542,D,,1711
3777,A,,542,D,三角    ,熊本    ,熊本車両セ    ,2,11,D200,2,,,1711,1804,,543,D,,1826
3778,A,,543,D,熊本    ,三角    ,熊本車両セ    ,2,12,D200,2,,,1826,1918,,546,D,,1928
3779,A,,546,D,三角    ,熊本    ,熊本車両セ    ,2,13,D200,2,,,1928,2020,回,546,D,,2036
3780,A,回,546,D,熊本    ,熊本操  ,熊本車両セ    ,2,14,D200,2,,,2036,2039,終,,,,
3781,A,回,521,D,熊本操  ,熊本    ,熊本車両セ    ,3,1,D200,2,,,607,610,,521,D,,617
3782,A,,521,D,熊本    ,三角    ,熊本車両セ    ,3,2,D200,2,,,617,712,,524,D,,719
3783,A,,524,D,三角    ,熊本    ,熊本車両セ    ,3,3,D200,2,,,719,815,,527,D,,858
3784,A,,527,D,熊本    ,三角    ,熊本車両セ    ,3,4,D200,2,,,858,956,,530,D,,1014
3785,A,,530,D,三角    ,熊本    ,熊本車両セ    ,3,5,D200,2,,,1014,1110,,531,D,,1130
3786,A,,531,D,熊本    ,三角    ,熊本車両セ    ,3,6,D200,2,,,1130,1227,,534,D,,1238
3787,A,,534,D,三角    ,熊本    ,熊本車両セ    ,3,7,D200,2,,,1238,1333,,431,D,,1348
3788,A,,431,D,熊本    ,宮地    ,熊本車両セ    ,3,8,D200,2,,,1348,1558,,438,D,,1637
3789,A,,438,D,宮地    ,肥後大津,熊本車両セ    ,3,9,D200,2,,,1637,1729,,437,D,,1824
3790,A,,437,D,肥後大津,宮地    ,熊本車両セ    ,3,10,D200,2,,,1824,1917,,444,D,,1943
3791,A,,444,D,宮地    ,肥後大津,熊本車両セ    ,3,11,D200,2,,,1943,2036,,443,D,,2132
3792,A,,443,D,肥後大津,宮地    ,熊本車両セ    ,3,12,D200,2,,,2132,2228,終,,,,
3793,A,,424,D,宮地    ,肥後大津,熊本車両セ    ,4,1,D200,2,,,559,650,,423,D,,659
3794,A,,423,D,肥後大津,宮地    ,熊本車両セ    ,4,2,D200,2,,,659,753,,428,D,,759
3795,A,,428,D,宮地    ,肥後大津,熊本車両セ    ,4,3,D200,2,,,759,847,回,428,D,,904
3796,A,回,428,D,肥後大津,熊本    ,熊本車両セ    ,4,4,D200,2,,,904,939,回,6428,D,,951
3797,A,回,6428,D,熊本    ,熊本操  ,熊本車両セ    ,4,5,D200,2,,,951,954,回,533,D,,1231
3798,A,回,533,D,熊本操  ,熊本    ,熊本車両セ    ,4,6,D200,2,,,1231,1234,,533,D,,1239
3799,A,,533,D,熊本    ,三角    ,熊本車両セ    ,4,7,D200,2,,,1239,1333,,536,D,,1340
3800,A,,536,D,三角    ,熊本    ,熊本車両セ    ,4,8,D200,2,,,1340,1433,,537,D,,1505
3801,A,,537,D,熊本    ,三角    ,熊本車両セ    ,4,9,D200,2,,,1505,1557,,540,D,,1609
3802,A,,540,D,三角    ,熊本    ,熊本車両セ    ,4,10,D200,2,,,1609,1701,,541,D,,1706
3803,A,,541,D,熊本    ,三角    ,熊本車両セ    ,4,11,D200,2,,,1706,1803,,544,D,,1823
3804,A,,544,D,三角    ,熊本    ,熊本車両セ    ,4,12,D200,2,,,1823,1918,,545,D,,1925
3805,A,,545,D,熊本    ,三角    ,熊本車両セ    ,4,13,D200,2,,,1925,2020,,548,D,,2032
3806,A,,548,D,三角    ,熊本    ,熊本車両セ    ,4,14,D200,2,,,2032,2125,,549,D,,2131
3807,A,,549,D,熊本    ,三角    ,熊本車両セ    ,4,15,D200,2,,,2131,2225,終,,,,
3808,A,,522,D,三角    ,熊本    ,熊本車両セ    ,5,1,D200,2,,,636,734,,525,D,,804
3809,A,,525,D,熊本    ,三角    ,熊本車両セ    ,5,2,D200,2,,,804,856,,528,D,,904
3810,A,,528,D,三角    ,熊本    ,熊本車両セ    ,5,3,D200,2,,,904,957,回,528,D,,1010
3811,A,回,528,D,熊本    ,熊本操  ,熊本車両セ    ,5,4,D200,2,,,1010,1013,回,6429,D,,1155
3812,A,回,6429,D,熊本操  ,熊本    ,熊本車両セ    ,5,5,D200,2,,,1155,1159,回,429,D,,1218
3813,A,回,429,D,熊本    ,肥後大津,熊本車両セ    ,5,6,D200,2,,,1218,1307,,429,D,,1323
3814,A,,429,D,肥後大津,宮地    ,熊本車両セ    ,5,7,D200,2,,,1323,1427,,436,D,,1434
3815,A,,436,D,宮地    ,肥後大津,熊本車両セ    ,5,8,D200,2,,,1434,1527,,435,D,,1718
3816,A,,435,D,肥後大津,宮地    ,熊本車両セ    ,5,9,D200,2,,,1718,1825,,442,D,,1836
3817,A,,442,D,宮地    ,肥後大津,熊本車両セ    ,5,10,D200,2,,,1836,1933,,441,D,,2025
3818,A,,441,D,肥後大津,宮地    ,熊本車両セ    ,5,11,D200,2,,,2025,2117,,448,D,,2150
3819,A,,448,D,宮地    ,熊本    ,熊本車両セ    ,5,12,D200,2,,,2150,2323,回,448,D,,2334
3820,A,回,448,D,熊本    ,熊本操  ,熊本車両セ    ,5,13,D200,2,,,2334,2337,終,,,,
3821,A,回,6421,D,熊本操  ,熊本    ,熊本車両セ    ,6,1,D200,2,,,451,454,回,421,D,,459
3822,A,回,421,D,熊本    ,肥後大津,熊本車両セ    ,6,2,D200,2,,,459,527,,421,D,,538
3823,A,,421,D,肥後大津,宮地    ,熊本車両セ    ,6,3,D200,2,,,538,636,,426,D,,641
3824,A,,426,D,宮地    ,肥後大津,熊本車両セ    ,6,4,D200,2,,,641,728,,425,D,,836
3825,A,,425,D,肥後大津,宮地    ,熊本車両セ    ,6,5,D200,2,,,836,934,,430,D,,1021
3826,A,,430,D,宮地    ,肥後大津,熊本車両セ    ,6,6,D200,2,,,1021,1117,,427,D,,1122
3827,A,,427,D,肥後大津,宮地    ,熊本車両セ    ,6,7,D200,2,,,1122,1216,,432,D,,1302
3828,A,,432,D,宮地    ,肥後大津,熊本車両セ    ,6,8,D200,2,,,1302,1351,,434,D,,1416
3829,A,,434,D,肥後大津,熊本    ,熊本車両セ    ,6,9,D200,2,,,1416,1457,回,434,D,,1501
3830,A,回,434,D,熊本    ,熊本操  ,熊本車両セ    ,6,10,D200,2,,,1501,1504,回,6433,D,,1525
3831,A,回,6433,D,熊本操  ,熊本    ,熊本車両セ    ,6,11,D200,2,,,1525,1528,回,433,D,,1536
3832,A,回,433,D,熊本    ,肥後大津,熊本車両セ    ,6,12,D200,2,,,1536,1608,,433,D,,1624
3833,A,,433,D,肥後大津,宮地    ,熊本車両セ    ,6,13,D200,2,,,1624,1719,,440,D,,1744
3834,A,,440,D,宮地    ,肥後大津,熊本車両セ    ,6,14,D200,2,,,1744,1836,,439,D,,1906
3835,A,,439,D,肥後大津,宮地    ,熊本車両セ    ,6,15,D200,2,,,1906,1958,,446,D,,2053
3836,A,,446,D,宮地    ,肥後大津,熊本車両セ    ,6,16,D200,2,,,2053,2143,,445,D,,2257
3837,A,,445,D,肥後大津,宮地    ,熊本車両セ    ,6,17,D200,2,,,2257,2349,終,,,,
3838,A,,1420,M,肥後大津,熊本    ,熊本車両セ    ,101,1,815,2,,,511,545,回,5322,M,,607
3839,A,回,5322,M,熊本    ,有佐    ,熊本車両セ    ,101,2,815,2,,,607,630,,5322,M,,637
3840,A,,5322,M,有佐    ,長洲    ,熊本車両セ    ,101,3,815,2,,,637,749,,329,M,,754
3841,A,,329,M,長洲    ,熊本    ,熊本車両セ    ,101,4,815,2,,,754,833,回,329,M,,840
3842,A,回,329,M,熊本    ,熊本操  ,熊本車両セ    ,101,5,815,2,,,840,843,終,,,,
3843,A,回,6323,M,熊本操  ,熊本    ,熊本車両セ    ,102,1,815,4,,,623,626,,6323,M,,630
3844,A,,6323,M,熊本    ,八代    ,熊本車両セ    ,102,2,815,4,,,630,708,,5326,M,,712
3845,A,,5326,M,八代    ,長洲    ,熊本車両セ    ,102,3,815,4,,,712,841,,5331,M,,854
3846,A,,5331,M,長洲    ,熊本    ,熊本車両セ    ,102,4,815,4,,,854,934,,5331,M,,939
3847,A,,5331,M,熊本    ,八代    ,熊本車両セ    ,102,5,815,2,,,939,1017,,5338,M,,1023
3848,A,,5338,M,八代    ,玉名    ,熊本車両セ    ,102,6,815,2,,,1023,1142,,5339,M,,1201
3849,A,,5339,M,玉名    ,八代    ,熊本車両セ    ,102,7,815,2,,,1201,1311,,5348,M,,1328
3850,A,,5348,M,八代    ,玉名    ,熊本車両セ    ,102,8,815,2,,,1328,1448,,5351,M,,1453
3851,A,,5351,M,玉名    ,八代    ,熊本車両セ    ,102,9,815,2,,,1453,1611,,5356,M,,1624
3852,A,,5356,M,八代    ,銀水    ,熊本車両セ    ,102,10,815,2,,,1624,1807,,369,M,,1814
3853,A,,369,M,銀水    ,熊本    ,熊本車両セ    ,102,11,815,2,,,1814,1918,,372,M,,1926
3854,A,,372,M,熊本    ,銀水    ,熊本車両セ    ,102,12,815,2,,,1926,2026,,383,M,,2040
3855,A,,383,M,銀水    ,熊本    ,熊本車両セ    ,102,13,815,2,,,2040,2135,,1529,M,,2152
3856,A,,1529,M,熊本    ,肥後大津,熊本車両セ    ,102,14,815,2,,,2152,2225,,1536,M,,2233
3857,A,,1536,M,肥後大津,熊本    ,熊本車両セ    ,102,15,815,2,,,2233,2307,,1537,M,,2340
3858,A,,1537,M,熊本    ,肥後大津,熊本車両セ    ,102,16,815,2,,,2340,13,終,,,,
3859,A,,1426,M,肥後大津,熊本    ,熊本車両セ    ,103,1,815,2,,,628,706,,1433,M,,711
3860,A,,1433,M,熊本    ,肥後大津,熊本車両セ    ,103,2,815,2,,,711,752,,1438,M,,756
3861,A,,1438,M,肥後大津,熊本    ,熊本車両セ    ,103,3,815,2,,,756,838,回,1438,M,,844
3862,A,回,1438,M,熊本    ,熊本操  ,熊本車両セ    ,103,4,815,2,,,844,847,回,6331,M,,1056
3863,A,回,6331,M,熊本操  ,熊本    ,熊本車両セ    ,103,5,815,2,,,1056,1059,,6331,M,,1109
3864,A,,6331,M,熊本    ,八代    ,熊本車両セ    ,103,6,815,2,,,1109,1147,,5342,M,,1204
3865,A,,5342,M,八代    ,銀水    ,熊本車両セ    ,103,7,815,2,,,1204,1341,,5349,M,,1354
3866,A,,5349,M,銀水    ,八代    ,熊本車両セ    ,103,8,815,2,,,1354,1531,,5352,M,,1537
3867,A,,5352,M,八代    ,銀水    ,熊本車両セ    ,103,9,815,2,,,1537,1721,,365,M,,1743
3868,A,,365,M,銀水    ,熊本    ,熊本車両セ    ,103,10,815,2,,,1743,1850,,370,M,,1904
3869,A,,370,M,熊本    ,銀水    ,熊本車両セ    ,103,11,815,2,,,1904,2000,,381,M,,2021
3870,A,,381,M,銀水    ,熊本    ,熊本車両セ    ,103,12,815,2,,,2021,2116,,380,M,,2123
3871,A,,380,M,熊本    ,玉名    ,熊本車両セ    ,103,13,815,2,,,2123,2154,回,380,M,,2213
3872,A,回,380,M,玉名    ,熊本操  ,熊本車両セ    ,103,14,815,2,,,2213,2240,終,,,,
3873,A,回,6323,M,熊本操  ,熊本    ,熊本車両セ    ,104,1,815,4,,,623,626,,6323,M,,630
3874,A,,6323,M,熊本    ,八代    ,熊本車両セ    ,104,2,815,4,,,630,708,,5326,M,,712
3875,A,,5326,M,八代    ,長洲    ,熊本車両セ    ,104,3,815,4,,,712,841,,5331,M,,854
3876,A,,5331,M,長洲    ,熊本    ,熊本車両セ    ,104,4,815,4,,,854,934,回,5331,M,,942
3877,A,回,5331,M,熊本    ,熊本操  ,熊本車両セ    ,104,5,815,2,,,942,945,回,6424,M,,1440
3878,A,回,6424,M,熊本操  ,熊本    ,熊本車両セ    ,104,6,815,2,,,1440,1443,回,1476,M,,1447
3879,A,回,1476,M,熊本    ,肥後大津,熊本車両セ    ,104,7,815,2,,,1447,1529,,1476,M,,1536
3880,A,,1476,M,肥後大津,熊本    ,熊本車両セ    ,104,8,815,2,,,1536,1615,,1477,M,,1621
3881,A,,1477,M,熊本    ,肥後大津,熊本車両セ    ,104,9,815,2,,,1621,1659,,1484,M,,1713
3882,A,,1484,M,肥後大津,熊本    ,熊本車両セ    ,104,10,815,2,,,1713,1747,,1487,M,,1754
3883,A,,1487,M,熊本    ,肥後大津,熊本車両セ    ,104,11,815,2,,,1754,1833,,1494,M,,1846
3884,A,,1494,M,肥後大津,熊本    ,熊本車両セ    ,104,12,815,2,,,1846,1921,,1499,M,,1949
3885,A,,1499,M,熊本    ,肥後大津,熊本車両セ    ,104,13,815,2,,,1949,2022,,1526,M,,2043
3886,A,,1526,M,肥後大津,熊本    ,熊本車両セ    ,104,14,815,2,,,2043,2120,回,1526,M,,2127
3887,A,回,1526,M,熊本    ,熊本操  ,熊本車両セ    ,104,15,815,2,,,2127,2130,回,6355,M,,2326
3888,A,回,6355,M,熊本操  ,熊本    ,熊本車両セ    ,104,16,815,2,,,2326,2329,,6355,M,,2342
3889,A,,6355,M,熊本    ,八代    ,熊本車両セ    ,104,17,815,2,,,2342,20,終,,,,
3890,A,,6320,M,八代    ,熊本    ,熊本車両セ    ,105,1,815,2,,,507,546,回,5320,M,,550
3891,A,回,5320,M,熊本    ,宇土    ,熊本車両セ    ,105,2,815,2,,,550,600,,5320,M,,604
3892,A,,5320,M,宇土    ,大牟田  ,熊本車両セ    ,105,3,815,2,,,604,715,,5325,M,,720
3893,A,,5325,M,大牟田  ,八代    ,熊本車両セ    ,105,4,815,2,,,720,905,,5332,M,,909
3894,A,,5332,M,八代    ,鳥栖    ,熊本車両セ    ,105,5,815,2,,,909,1127,,341,M,,1142
3895,A,,341,M,鳥栖    ,荒尾    ,熊本車両セ    ,105,6,815,2,,,1142,1231,,344,M,,1235
3896,A,,344,M,荒尾    ,鳥栖    ,熊本車両セ    ,105,7,815,2,,,1235,1324,,349,M,,1336
3897,A,,349,M,鳥栖    ,荒尾    ,熊本車両セ    ,105,8,815,2,,,1336,1428,,352,M,,1438
3898,A,,352,M,荒尾    ,鳥栖    ,熊本車両セ    ,105,9,815,2,,,1438,1527,,357,M,,1534
3899,A,,357,M,鳥栖    ,大牟田  ,熊本車両セ    ,105,10,815,2,,,1534,1619,回,357,M,,1627
3900,A,回,357,M,大牟田  ,銀水    ,熊本車両セ    ,105,11,815,2,,,1627,1631,,361,M,,1636
3901,A,,361,M,銀水    ,熊本    ,熊本車両セ    ,105,12,815,2,,,1636,1743,,366,M,,1809
3902,A,,366,M,熊本    ,銀水    ,熊本車両セ    ,105,13,815,2,,,1809,1909,,5363,M,,1919
3903,A,,5363,M,銀水    ,八代    ,熊本車両セ    ,105,14,815,2,,,1919,2100,,5364,M,,2109
3904,A,,5364,M,八代    ,鳥栖    ,熊本車両セ    ,105,15,815,2,,,2109,2331,,2186,M,,2338
3905,A,,2186,M,鳥栖    ,博多    ,熊本車両セ    ,105,16,815,4,,,2338,22,回,2186,M,,27
3906,A,回,2186,M,博多    ,南福岡  ,熊本車両セ    ,105,17,815,4,,,27,35,終,,,,
3907,A,回,2323,M,南福岡  ,博多    ,熊本車両セ    ,106,1,815,4,,,641,650,,2323,M,,656
3908,A,,2323,M,博多    ,大牟田  ,熊本車両セ    ,106,2,815,4,,,656,824,,330,M,,853
3909,A,,330,M,大牟田  ,鳥栖    ,熊本車両セ    ,106,3,815,4,,,853,938,,335,M,,1006
3910,A,,335,M,鳥栖    ,大牟田  ,熊本車両セ    ,106,4,815,2,,,1006,1050,,336,M,,1108
3911,A,,336,M,大牟田  ,鳥栖    ,熊本車両セ    ,106,5,815,2,,,1108,1154,,343,M,,1209
3912,A,,343,M,鳥栖    ,荒尾    ,熊本車両セ    ,106,6,815,2,,,1209,1258,,346,M,,1302
3913,A,,346,M,荒尾    ,鳥栖    ,熊本車両セ    ,106,7,815,2,,,1302,1351,,351,M,,1410
3914,A,,351,M,鳥栖    ,荒尾    ,熊本車両セ    ,106,8,815,2,,,1410,1458,,354,M,,1506
3915,A,,354,M,荒尾    ,鳥栖    ,熊本車両セ    ,106,9,815,2,,,1506,1555,,359,M,,1602
3916,A,,359,M,鳥栖    ,大牟田  ,熊本車両セ    ,106,10,815,2,,,1602,1646,,360,M,,1714
3917,A,,360,M,大牟田  ,鳥栖    ,熊本車両セ    ,106,11,815,2,,,1714,1758,,371,M,,1803
3918,A,,371,M,鳥栖    ,大牟田  ,熊本車両セ    ,106,12,815,2,,,1803,1854,,368,M,,1902
3919,A,,368,M,大牟田  ,鳥栖    ,熊本車両セ    ,106,13,815,2,,,1902,1949,,5365,M,,2016
3920,A,,5365,M,鳥栖    ,八代    ,熊本車両セ    ,106,14,815,2,,,2016,2237,,5368,M,,2254
3921,A,,5368,M,八代    ,大牟田  ,熊本車両セ    ,106,15,815,2,,,2254,27,回,5368,M,,32
3922,A,回,5368,M,大牟田  ,荒尾    ,熊本車両セ    ,106,16,815,2,,,32,37,終,,,,
3923,A,回,323,M,荒尾    ,銀水    ,熊本車両セ    ,107,1,815,2,,,535,542,,323,M,,547
3924,A,,323,M,銀水    ,熊本    ,熊本車両セ    ,107,2,815,2,,,547,642,,326,M,,654
3925,A,,326,M,熊本    ,銀水    ,熊本車両セ    ,107,3,815,2,,,654,748,,5327,M,,752
3926,A,,5327,M,銀水    ,八代    ,熊本車両セ    ,107,4,815,2,,,752,926,,5334,M,,931
3927,A,,5334,M,八代    ,銀水    ,熊本車両セ    ,107,5,815,2,,,931,1108,,337,M,,1112
3928,A,,337,M,銀水    ,熊本    ,熊本車両セ    ,107,6,815,2,,,1112,1206,,342,M,,1214
3929,A,,342,M,熊本    ,玉名    ,熊本車両セ    ,107,7,815,2,,,1214,1245,,5343,M,,1258
3930,A,,5343,M,玉名    ,八代    ,熊本車両セ    ,107,8,815,2,,,1258,1406,,6336,M,,1442
3931,A,,6336,M,八代    ,熊本    ,熊本車両セ    ,107,9,815,2,,,1442,1522,回,6336,M,,1540
3932,A,回,6336,M,熊本    ,熊本操  ,熊本車両セ    ,107,10,815,2,,,1540,1543,回,1489,M,,1756
3933,A,回,1489,M,熊本操  ,熊本    ,熊本車両セ    ,107,11,815,2,,,1756,1759,,1489,M,,1808
3934,A,,1489,M,熊本    ,肥後大津,熊本車両セ    ,107,12,815,2,,,1808,1845,,1496,M,,1907
3935,A,,1496,M,肥後大津,熊本    ,熊本車両セ    ,107,13,815,2,,,1907,1941,回,1496,M,,2005
3936,A,回,1496,M,熊本    ,熊本操  ,熊本車両セ    ,107,14,815,2,,,2005,2008,回,378,M,,2032
3937,A,回,378,M,熊本操  ,熊本    ,熊本車両セ    ,107,15,815,2,,,2032,2035,,378,M,,2043
3938,A,,378,M,熊本    ,鳥栖    ,熊本車両セ    ,107,16,815,2,,,2043,2218,,387,M,,2222
3939,A,,387,M,鳥栖    ,大牟田  ,熊本車両セ    ,107,17,815,2,,,2222,2305,回,387,M,,2310
3940,A,回,387,M,大牟田  ,荒尾    ,熊本車両セ    ,107,18,815,2,,,2310,2315,終,,,,
3941,A,回,321,M,荒尾    ,玉名    ,熊本車両セ    ,108,1,815,2,,,542,555,,321,M,,557
3942,A,,321,M,玉名    ,熊本    ,熊本車両セ    ,108,2,815,2,,,557,628,,1429,M,,639
3943,A,,1429,M,熊本    ,肥後大津,熊本車両セ    ,108,3,815,4,,,639,725,,1434,M,,732
3944,A,,1434,M,肥後大津,熊本    ,熊本車両セ    ,108,4,815,4,,,732,811,,1443,M,,815
3945,A,,1443,M,熊本    ,肥後大津,熊本車両セ    ,108,5,815,4,,,815,852,,1448,M,,913
3946,A,,1448,M,肥後大津,熊本    ,熊本車両セ    ,108,6,815,4,,,913,950,回,1448,M,,1000
3947,A,回,1448,M,熊本    ,熊本操  ,熊本車両セ    ,108,7,815,4,,,1000,1003,回,6422,M,,1026
3948,A,回,6422,M,熊本操  ,熊本    ,熊本車両セ    ,108,8,815,4,,,1026,1029,回,6421,M,,1034
3949,A,回,6421,M,熊本    ,熊本操  ,熊本車両セ    ,108,9,815,4,,,1034,1037,回,356,M,,1516
3950,A,回,356,M,熊本操  ,熊本    ,熊本車両セ    ,108,10,815,4,,,1516,1519,,356,M,,1523
3951,A,,356,M,熊本    ,鳥栖    ,熊本車両セ    ,108,11,815,4,,,1523,1659,,367,M,,1741
3952,A,,367,M,鳥栖    ,大牟田  ,熊本車両セ    ,108,12,815,2,,,1741,1825,,364,M,,1829
3953,A,,364,M,大牟田  ,鳥栖    ,熊本車両セ    ,108,13,815,2,,,1829,1913,,379,M,,1929
3954,A,,379,M,鳥栖    ,荒尾    ,熊本車両セ    ,108,14,815,2,,,1929,2025,,376,M,,2046
3955,A,,376,M,荒尾    ,鳥栖    ,熊本車両セ    ,108,15,815,2,,,2046,2142,,385,M,,2152
3956,A,,385,M,鳥栖    ,熊本    ,熊本車両セ    ,108,16,815,2,,,2152,2332,回,385,M,,2339
3957,A,回,385,M,熊本    ,熊本操  ,熊本車両セ    ,108,17,815,2,,,2339,2342,終,,,,
3958,A,回,1427,M,熊本操  ,熊本    ,熊本車両セ    ,109,1,815,4,,,611,614,,1427,M,,624
3959,A,,1427,M,熊本    ,肥後大津,熊本車両セ    ,109,2,815,4,,,624,706,,1432,M,,715
3960,A,,1432,M,肥後大津,熊本    ,熊本車両セ    ,109,3,815,4,,,715,757,,1441,M,,802
3961,A,,1441,M,熊本    ,肥後大津,熊本車両セ    ,109,4,815,4,,,802,844,,1446,M,,852
3962,A,,1446,M,肥後大津,熊本    ,熊本車両セ    ,109,5,815,4,,,852,932,,1449,M,,942
3963,A,,1449,M,熊本    ,肥後大津,熊本車両セ    ,109,6,815,4,,,942,1017,,1454,M,,1031
3964,A,,1454,M,肥後大津,熊本    ,熊本車両セ    ,109,7,815,4,,,1031,1107,,1455,M,,1111
3965,A,,1455,M,熊本    ,肥後大津,熊本車両セ    ,109,8,815,4,,,1111,1146,,1460,M,,1156
3966,A,,1460,M,肥後大津,熊本    ,熊本車両セ    ,109,9,815,4,,,1156,1230,,1461,M,,1234
3967,A,,1461,M,熊本    ,肥後大津,熊本車両セ    ,109,10,815,4,,,1234,1313,,1466,M,,1319
3968,A,,1466,M,肥後大津,熊本    ,熊本車両セ    ,109,11,815,4,,,1319,1357,,1467,M,,1410
3969,A,,1467,M,熊本    ,肥後大津,熊本車両セ    ,109,12,815,4,,,1410,1448,,1472,M,,1455
3970,A,,1472,M,肥後大津,熊本    ,熊本車両セ    ,109,13,815,4,,,1455,1532,,1473,M,,1541
3971,A,,1473,M,熊本    ,肥後大津,熊本車両セ    ,109,14,815,4,,,1541,1616,,1480,M,,1622
3972,A,,1480,M,肥後大津,熊本    ,熊本車両セ    ,109,15,815,4,,,1622,1700,,1483,M,,1709
3973,A,,1483,M,熊本    ,肥後大津,熊本車両セ    ,109,16,815,4,,,1709,1753,,1490,M,,1805
3974,A,,1490,M,肥後大津,熊本    ,熊本車両セ    ,109,17,815,4,,,1805,1841,,1495,M,,1908
3975,A,,1495,M,熊本    ,肥後大津,熊本車両セ    ,109,18,815,4,,,1908,1942,,1522,M,,2006
3976,A,,1522,M,肥後大津,熊本    ,熊本車両セ    ,109,19,815,4,,,2006,2040,,6351,M,,2046
3977,A,,6351,M,熊本    ,八代    ,熊本車両セ    ,109,20,815,4,,,2046,2124,終,,,,
3978,A,,6326,M,八代    ,熊本    ,熊本車両セ    ,110,1,815,4,,,637,718,,1435,M,,725
3979,A,,1435,M,熊本    ,肥後大津,熊本車両セ    ,110,2,815,4,,,725,804,,1440,M,,809
3980,A,,1440,M,肥後大津,熊本    ,熊本車両セ    ,110,3,815,4,,,809,847,回,1440,M,,851
3981,A,回,1440,M,熊本    ,熊本操  ,熊本車両セ    ,110,4,815,4,,,851,854,回,6337,M,,1740
3982,A,回,6337,M,熊本操  ,熊本    ,熊本車両セ    ,110,5,815,4,,,1740,1742,,6337,M,,1750
3983,A,,6337,M,熊本    ,八代    ,熊本車両セ    ,110,6,815,4,,,1750,1827,,6346,M,,1832
3984,A,,6346,M,八代    ,熊本    ,熊本車両セ    ,110,7,815,4,,,1832,1912,,6345,M,,1922
3985,A,,6345,M,熊本    ,八代    ,熊本車両セ    ,110,8,815,4,,,1922,2000,,6354,M,,2013
3986,A,,6354,M,八代    ,熊本    ,熊本車両セ    ,110,9,815,4,,,2013,2055,,6353,M,,2122
3987,A,,6353,M,熊本    ,八代    ,熊本車両セ    ,110,10,815,4,,,2122,2159,,6358,M,,2225
3988,A,,6358,M,八代    ,熊本    ,熊本車両セ    ,110,11,815,4,,,2225,2304,回,6358,M,,2312
3989,A,回,6358,M,熊本    ,熊本操  ,熊本車両セ    ,110,12,815,4,,,2312,2315,終,,,,
3990,A,回,1425,M,熊本操  ,熊本    ,熊本車両セ    ,111,1,815,4,,,555,558,,1425,M,,614
3991,A,,1425,M,熊本    ,肥後大津,熊本車両セ    ,111,2,815,4,,,614,650,,1428,M,,658
3992,A,,1428,M,肥後大津,熊本    ,熊本車両セ    ,111,3,815,4,,,658,734,,1439,M,,749
3993,A,,1439,M,熊本    ,肥後大津,熊本車両セ    ,111,4,815,4,,,749,825,,1444,M,,835
3994,A,,1444,M,肥後大津,熊本    ,熊本車両セ    ,111,5,815,4,,,835,911,回,1444,M,,932
3995,A,回,1444,M,熊本    ,熊本操  ,熊本車両セ    ,111,6,815,4,,,932,935,回,1479,M,,1625
3996,A,回,1479,M,熊本操  ,熊本    ,熊本車両セ    ,111,7,815,4,,,1625,1628,,1479,M,,1636
3997,A,,1479,M,熊本    ,肥後大津,熊本車両セ    ,111,8,815,4,,,1636,1712,,1486,M,,1731
3998,A,,1486,M,肥後大津,熊本    ,熊本車両セ    ,111,9,815,4,,,1731,1806,,1491,M,,1828
3999,A,,1491,M,熊本    ,肥後大津,熊本車両セ    ,111,10,815,4,,,1828,1901,,1498,M,,1926
4000,A,,1498,M,肥後大津,熊本    ,熊本車両セ    ,111,11,815,4,,,1926,2001,,1521,M,,2008
4001,A,,1521,M,熊本    ,肥後大津,熊本車両セ    ,111,12,815,4,,,2008,2042,,1528,M,,2106
4002,A,,1528,M,肥後大津,熊本    ,熊本車両セ    ,111,13,815,4,,,2106,2142,回,1528,M,,2148
4003,A,回,1528,M,熊本    ,熊本操  ,熊本車両セ    ,111,14,815,4,,,2148,2152,終,,,,
4004,A,回,320,M,熊本操  ,熊本    ,熊本車両セ    ,112,1,815,4,,,522,525,,320,M,,527
4005,A,,320,M,熊本    ,大牟田  ,熊本車両セ    ,112,2,815,4,,,527,617,,5321,M,,629
4006,A,,5321,M,大牟田  ,熊本    ,熊本車両セ    ,112,3,815,4,,,629,721,,1437,M,,735
4007,A,,1437,M,熊本    ,肥後大津,熊本車両セ    ,112,4,815,2,,,735,817,,1442,M,,826
4008,A,,1442,M,肥後大津,熊本    ,熊本車両セ    ,112,5,815,2,,,826,900,,1447,M,,919
4009,A,,1447,M,熊本    ,肥後大津,熊本車両セ    ,112,6,815,2,,,919,952,,1452,M,,957
4010,A,,1452,M,肥後大津,熊本    ,熊本車両セ    ,112,7,815,2,,,957,1036,,1453,M,,1046
4011,A,,1453,M,熊本    ,肥後大津,熊本車両セ    ,112,8,815,2,,,1046,1120,,1458,M,,1126
4012,A,,1458,M,肥後大津,熊本    ,熊本車両セ    ,112,9,815,2,,,1126,1202,,1459,M,,1209
4013,A,,1459,M,熊本    ,肥後大津,熊本車両セ    ,112,10,815,2,,,1209,1246,,1464,M,,1258
4014,A,,1464,M,肥後大津,熊本    ,熊本車両セ    ,112,11,815,2,,,1258,1334,回,1464,M,,1341
4015,A,回,1464,M,熊本    ,熊本操  ,熊本車両セ    ,112,12,815,2,,,1341,1344,回,5353,M,,1536
4016,A,回,5353,M,熊本操  ,植木    ,熊本車両セ    ,112,13,815,2,,,1536,1553,,5353,M,,1604
4017,A,,5353,M,植木    ,八代    ,熊本車両セ    ,112,14,815,2,,,1604,1700,,6340,M,,1714
4018,A,,6340,M,八代    ,熊本    ,熊本車両セ    ,112,15,815,2,,,1714,1755,,6339,M,,1810
4019,A,,6339,M,熊本    ,八代    ,熊本車両セ    ,112,16,815,2,,,1810,1847,,6348,M,,1853
4020,A,,6348,M,八代    ,熊本    ,熊本車両セ    ,112,17,815,2,,,1853,1932,,6347,M,,1943
4021,A,,6347,M,熊本    ,八代    ,熊本車両セ    ,112,18,815,2,,,1943,2021,,5366,M,,2151
4022,A,,5366,M,八代    ,大牟田  ,熊本車両セ    ,112,19,815,2,,,2151,2323,,389,M,,2327
4023,A,,389,M,大牟田  ,熊本    ,熊本車両セ    ,112,20,815,2,,,2327,17,回,389,M,,22
4024,A,回,389,M,熊本    ,熊本操  ,熊本車両セ    ,112,21,815,2,,,22,25,終,,,,
4025,A,回,6420,M,熊本操  ,熊本    ,熊本車両セ    ,113,1,815,2,,,536,539,回,5324,M,,544
4026,A,回,5324,M,熊本    ,八代    ,熊本車両セ    ,113,2,815,2,,,544,609,,5324,M,,644
4027,A,,5324,M,八代    ,鳥栖    ,熊本車両セ    ,113,3,815,2,,,644,906,,4321,M,,931
4028,A,,4321,M,鳥栖    ,熊本    ,熊本車両セ    ,113,4,815,2,,,931,1100,回,4321,M,,1105
4029,A,回,4321,M,熊本    ,熊本操  ,熊本車両セ    ,113,5,815,2,,,1105,1108,回,1465,M,,1303
4030,A,回,1465,M,熊本操  ,熊本    ,熊本車両セ    ,113,6,815,2,,,1303,1306,,1465,M,,1321
4031,A,,1465,M,熊本    ,肥後大津,熊本車両セ    ,113,7,815,2,,,1321,1356,,1470,M,,1406
4032,A,,1470,M,肥後大津,熊本    ,熊本車両セ    ,113,8,815,2,,,1406,1442,,1471,M,,1506
4033,A,,1471,M,熊本    ,肥後大津,熊本車両セ    ,113,9,815,2,,,1506,1551,,1478,M,,1600
4034,A,,1478,M,肥後大津,熊本    ,熊本車両セ    ,113,10,815,2,,,1600,1635,,1481,M,,1652
4035,A,,1481,M,熊本    ,肥後大津,熊本車両セ    ,113,11,815,2,,,1652,1739,,1488,M,,1744
4036,A,,1488,M,肥後大津,熊本    ,熊本車両セ    ,113,12,815,2,,,1744,1821,,1493,M,,1848
4037,A,,1493,M,熊本    ,肥後大津,熊本車両セ    ,113,13,815,2,,,1848,1923,,1520,M,,1947
4038,A,,1520,M,肥後大津,熊本    ,熊本車両セ    ,113,14,815,2,,,1947,2020,,1523,M,,2028
4039,A,,1523,M,熊本    ,肥後大津,熊本車両セ    ,113,15,815,2,,,2028,2103,,1530,M,,2127
4040,A,,1530,M,肥後大津,熊本    ,熊本車両セ    ,113,16,815,2,,,2127,2204,回,1530,M,,2210
4041,A,回,1530,M,熊本    ,熊本操  ,熊本車両セ    ,113,17,815,2,,,2210,2213,終,,,,
4042,A,回,1427,M,熊本操  ,熊本    ,熊本車両セ    ,114,1,815,4,,,611,614,,1427,M,,624
4043,A,,1427,M,熊本    ,肥後大津,熊本車両セ    ,114,2,815,4,,,624,706,,1432,M,,715
4044,A,,1432,M,肥後大津,熊本    ,熊本車両セ    ,114,3,815,4,,,715,757,,1441,M,,802
4045,A,,1441,M,熊本    ,肥後大津,熊本車両セ    ,114,4,815,4,,,802,844,,1446,M,,852
4046,A,,1446,M,肥後大津,熊本    ,熊本車両セ    ,114,5,815,4,,,852,932,,1449,M,,942
4047,A,,1449,M,熊本    ,肥後大津,熊本車両セ    ,114,6,815,4,,,942,1017,,1454,M,,1031
4048,A,,1454,M,肥後大津,熊本    ,熊本車両セ    ,114,7,815,4,,,1031,1107,,1455,M,,1111
4049,A,,1455,M,熊本    ,肥後大津,熊本車両セ    ,114,8,815,4,,,1111,1146,,1460,M,,1156
4050,A,,1460,M,肥後大津,熊本    ,熊本車両セ    ,114,9,815,4,,,1156,1230,,1461,M,,1234
4051,A,,1461,M,熊本    ,肥後大津,熊本車両セ    ,114,10,815,4,,,1234,1313,,1466,M,,1319
4052,A,,1466,M,肥後大津,熊本    ,熊本車両セ    ,114,11,815,4,,,1319,1357,,1467,M,,1410
4053,A,,1467,M,熊本    ,肥後大津,熊本車両セ    ,114,12,815,4,,,1410,1448,,1472,M,,1455
4054,A,,1472,M,肥後大津,熊本    ,熊本車両セ    ,114,13,815,4,,,1455,1532,,1473,M,,1541
4055,A,,1473,M,熊本    ,肥後大津,熊本車両セ    ,114,14,815,4,,,1541,1616,,1480,M,,1622
4056,A,,1480,M,肥後大津,熊本    ,熊本車両セ    ,114,15,815,4,,,1622,1700,,1483,M,,1709
4057,A,,1483,M,熊本    ,肥後大津,熊本車両セ    ,114,16,815,4,,,1709,1753,,1490,M,,1805
4058,A,,1490,M,肥後大津,熊本    ,熊本車両セ    ,114,17,815,4,,,1805,1841,,1495,M,,1908
4059,A,,1495,M,熊本    ,肥後大津,熊本車両セ    ,114,18,815,4,,,1908,1942,,1522,M,,2006
4060,A,,1522,M,肥後大津,熊本    ,熊本車両セ    ,114,19,815,4,,,2006,2040,,6351,M,,2046
4061,A,,6351,M,熊本    ,八代    ,熊本車両セ    ,114,20,815,4,,,2046,2124,終,,,,
4062,A,,6326,M,八代    ,熊本    ,熊本車両セ    ,115,1,815,4,,,637,718,,1435,M,,725
4063,A,,1435,M,熊本    ,肥後大津,熊本車両セ    ,115,2,815,4,,,725,804,,1440,M,,809
4064,A,,1440,M,肥後大津,熊本    ,熊本車両セ    ,115,3,815,4,,,809,847,回,1440,M,,851
4065,A,回,1440,M,熊本    ,熊本操  ,熊本車両セ    ,115,4,815,4,,,851,854,回,6337,M,,1740
4066,A,回,6337,M,熊本操  ,熊本    ,熊本車両セ    ,115,5,815,4,,,1740,1742,,6337,M,,1750
4067,A,,6337,M,熊本    ,八代    ,熊本車両セ    ,115,6,815,4,,,1750,1827,,6346,M,,1832
4068,A,,6346,M,八代    ,熊本    ,熊本車両セ    ,115,7,815,4,,,1832,1912,,6345,M,,1922
4069,A,,6345,M,熊本    ,八代    ,熊本車両セ    ,115,8,815,4,,,1922,2000,,6354,M,,2013
4070,A,,6354,M,八代    ,熊本    ,熊本車両セ    ,115,9,815,4,,,2013,2055,,6353,M,,2122
4071,A,,6353,M,熊本    ,八代    ,熊本車両セ    ,115,10,815,4,,,2122,2159,,6358,M,,2225
4072,A,,6358,M,八代    ,熊本    ,熊本車両セ    ,115,11,815,4,,,2225,2304,回,6358,M,,2312
4073,A,回,6358,M,熊本    ,熊本操  ,熊本車両セ    ,115,12,815,4,,,2312,2315,終,,,,
4074,A,回,1425,M,熊本操  ,熊本    ,熊本車両セ    ,116,1,815,4,,,555,558,,1425,M,,614
4075,A,,1425,M,熊本    ,肥後大津,熊本車両セ    ,116,2,815,4,,,614,650,,1428,M,,658
4076,A,,1428,M,肥後大津,熊本    ,熊本車両セ    ,116,3,815,4,,,658,734,,1439,M,,749
4077,A,,1439,M,熊本    ,肥後大津,熊本車両セ    ,116,4,815,4,,,749,825,,1444,M,,835
4078,A,,1444,M,肥後大津,熊本    ,熊本車両セ    ,116,5,815,4,,,835,911,回,1444,M,,932
4079,A,回,1444,M,熊本    ,熊本操  ,熊本車両セ    ,116,6,815,4,,,932,935,回,1479,M,,1625
4080,A,回,1479,M,熊本操  ,熊本    ,熊本車両セ    ,116,7,815,4,,,1625,1628,,1479,M,,1636
4081,A,,1479,M,熊本    ,肥後大津,熊本車両セ    ,116,8,815,4,,,1636,1712,,1486,M,,1731
4082,A,,1486,M,肥後大津,熊本    ,熊本車両セ    ,116,9,815,4,,,1731,1806,,1491,M,,1828
4083,A,,1491,M,熊本    ,肥後大津,熊本車両セ    ,116,10,815,4,,,1828,1901,,1498,M,,1926
4084,A,,1498,M,肥後大津,熊本    ,熊本車両セ    ,116,11,815,4,,,1926,2001,,1521,M,,2008
4085,A,,1521,M,熊本    ,肥後大津,熊本車両セ    ,116,12,815,4,,,2008,2042,,1528,M,,2106
4086,A,,1528,M,肥後大津,熊本    ,熊本車両セ    ,116,13,815,4,,,2106,2142,回,1528,M,,2148
4087,A,回,1528,M,熊本    ,熊本操  ,熊本車両セ    ,116,14,815,4,,,2148,2152,終,,,,
4088,A,回,320,M,熊本操  ,熊本    ,熊本車両セ    ,117,1,815,4,,,522,525,,320,M,,527
4089,A,,320,M,熊本    ,大牟田  ,熊本車両セ    ,117,2,815,4,,,527,617,,5321,M,,629
4090,A,,5321,M,大牟田  ,熊本    ,熊本車両セ    ,117,3,815,4,,,629,721,,5321,M,,727
4091,A,,5321,M,熊本    ,有佐    ,熊本車両セ    ,117,4,815,2,,,727,755,,6330,M,,759
4092,A,,6330,M,有佐    ,熊本    ,熊本車両セ    ,117,5,815,2,,,759,828,回,6330,M,,834
4093,A,回,6330,M,熊本    ,熊本操  ,熊本車両セ    ,117,6,815,2,,,834,837,回,334,M,,905
4094,A,回,334,M,熊本操  ,熊本    ,熊本車両セ    ,117,7,815,2,,,905,908,,334,M,,910
4095,A,,334,M,熊本    ,大牟田  ,熊本車両セ    ,117,8,815,2,,,910,1001,,5337,M,,1035
4096,A,,5337,M,大牟田  ,八代    ,熊本車両セ    ,117,9,815,2,,,1035,1218,,5344,M,,1235
4097,A,,5344,M,八代    ,玉名    ,熊本車両セ    ,117,10,815,2,,,1235,1347,,5347,M,,1351
4098,A,,5347,M,玉名    ,八代    ,熊本車両セ    ,117,11,815,2,,,1351,1505,,6338,M,,1511
4099,A,,6338,M,八代    ,熊本    ,熊本車両セ    ,117,12,815,2,,,1511,1550,,6335,M,,1557
4100,A,,6335,M,熊本    ,八代    ,熊本車両セ    ,117,13,815,2,,,1557,1636,,5358,M,,1648
4101,A,,5358,M,八代    ,銀水    ,熊本車両セ    ,117,14,815,2,,,1648,1837,,373,M,,1843
4102,A,,373,M,銀水    ,熊本    ,熊本車両セ    ,117,15,815,2,,,1843,1947,回,373,M,,2000
4103,A,回,373,M,熊本    ,熊本操  ,熊本車両セ    ,117,16,815,2,,,2000,2003,回,6426,M,,2155
4104,A,回,6426,M,熊本操  ,熊本    ,熊本車両セ    ,117,17,815,2,,,2155,2158,,1531,M,,2215
4105,A,,1531,M,熊本    ,肥後大津,熊本車両セ    ,117,18,815,2,,,2215,2252,回,1531,M,,2301
4106,A,回,1531,M,肥後大津,熊本    ,熊本車両セ    ,117,19,815,2,,,2301,2331,終,,,,
4107,A,回,1422,M,熊本    ,肥後大津,熊本車両セ    ,118,1,815,2,,,509,534,,1422,M,,546
4108,A,,1422,M,肥後大津,熊本    ,熊本車両セ    ,118,2,815,2,,,546,623,,1429,M,,639
4109,A,,1429,M,熊本    ,肥後大津,熊本車両セ    ,118,3,815,4,,,639,725,,1434,M,,732
4110,A,,1434,M,肥後大津,熊本    ,熊本車両セ    ,118,4,815,4,,,732,811,,1443,M,,815
4111,A,,1443,M,熊本    ,肥後大津,熊本車両セ    ,118,5,815,4,,,815,852,,1448,M,,913
4112,A,,1448,M,肥後大津,熊本    ,熊本車両セ    ,118,6,815,4,,,913,950,回,1448,M,,1000
4113,A,回,1448,M,熊本    ,熊本操  ,熊本車両セ    ,118,7,815,4,,,1000,1003,回,6422,M,,1026
4114,A,回,6422,M,熊本操  ,熊本    ,熊本車両セ    ,118,8,815,4,,,1026,1029,回,6421,M,,1034
4115,A,回,6421,M,熊本    ,熊本操  ,熊本車両セ    ,118,9,815,4,,,1034,1037,回,356,M,,1516
4116,A,回,356,M,熊本操  ,熊本    ,熊本車両セ    ,118,10,815,4,,,1516,1519,,356,M,,1523
4117,A,,356,M,熊本    ,鳥栖    ,熊本車両セ    ,118,11,815,4,,,1523,1659,,363,M,,1706
4118,A,,363,M,鳥栖    ,大牟田  ,熊本車両セ    ,118,12,815,2,,,1706,1752,,362,M,,1758
4119,A,,362,M,大牟田  ,鳥栖    ,熊本車両セ    ,118,13,815,2,,,1758,1843,,375,M,,1905
4120,A,,375,M,鳥栖    ,大牟田  ,熊本車両セ    ,118,14,815,2,,,1905,1949,,374,M,,2018
4121,A,,374,M,大牟田  ,鳥栖    ,熊本車両セ    ,118,15,815,2,,,2018,2102,,5369,M,,2116
4122,A,,5369,M,鳥栖    ,八代    ,熊本車両セ    ,118,16,815,2,,,2116,2354,終,,,,
4123,A,,6324,M,八代    ,熊本    ,熊本車両セ    ,119,1,815,2,,,613,652,,6327,M,,712
4124,A,,6327,M,熊本    ,八代    ,熊本車両セ    ,119,2,815,2,,,712,751,,4320,M,,802
4125,A,,4320,M,八代    ,鳥栖    ,熊本車両セ    ,119,3,815,2,,,802,1012,,1323,M,,1033
4126,A,,1323,M,鳥栖    ,荒尾    ,熊本車両セ    ,119,4,815,2,,,1033,1112,,338,M,,1137
4127,A,,338,M,荒尾    ,鳥栖    ,熊本車両セ    ,119,5,815,2,,,1137,1226,,345,M,,1231
4128,A,,345,M,鳥栖    ,荒尾    ,熊本車両セ    ,119,6,815,2,,,1231,1327,,348,M,,1338
4129,A,,348,M,荒尾    ,鳥栖    ,熊本車両セ    ,119,7,815,2,,,1338,1427,,355,M,,1439
4130,A,,355,M,鳥栖    ,大牟田  ,熊本車両セ    ,119,8,815,2,,,1439,1533,回,355,M,,1541
4131,A,回,355,M,大牟田  ,銀水    ,熊本車両セ    ,119,9,815,2,,,1541,1545,,5357,M,,1606
4132,A,,5357,M,銀水    ,八代    ,熊本車両セ    ,119,10,815,2,,,1606,1750,,5360,M,,1755
4133,A,,5360,M,八代    ,銀水    ,熊本車両セ    ,119,11,815,2,,,1755,1933,,377,M,,1938
4134,A,,377,M,銀水    ,熊本    ,熊本車両セ    ,119,12,815,2,,,1938,2043,,1527,M,,2121
4135,A,,1527,M,熊本    ,肥後大津,熊本車両セ    ,119,13,815,2,,,2121,2157,,1534,M,,2210
4136,A,,1534,M,肥後大津,熊本    ,熊本車両セ    ,119,14,815,2,,,2210,2247,,1535,M,,2313
4137,A,,1535,M,熊本    ,肥後大津,熊本車両セ    ,119,15,815,2,,,2313,2348,終,,,,
4138,A,回,6321,M,熊本操  ,熊本    ,熊本車両セ    ,131,1,821,3,,,547,550,,6321,M,,559
4139,A,,6321,M,熊本    ,八代    ,熊本車両セ    ,131,2,821,3,,,559,637,,6328,M,,657
4140,A,,6328,M,八代    ,熊本    ,熊本車両セ    ,131,3,821,3,,,657,738,,6329,M,,742
4141,A,,6329,M,熊本    ,八代    ,熊本車両セ    ,131,4,821,3,,,742,820,,6332,M,,824
4142,A,,6332,M,八代    ,熊本    ,熊本車両セ    ,131,5,821,3,,,824,904,回,6332,M,,916
4143,A,回,6332,M,熊本    ,熊本操  ,熊本車両セ    ,131,6,821,3,,,916,919,終,,,,
4144,A,回,1421,M,熊本操  ,熊本    ,熊本車両セ    ,132,1,821,3,,,512,515,,1421,M,,523
4145,A,,1421,M,熊本    ,肥後大津,熊本車両セ    ,132,2,821,3,,,523,557,,1424,M,,612
4146,A,,1424,M,肥後大津,熊本    ,熊本車両セ    ,132,3,821,3,,,612,648,,1431,M,,658
4147,A,,1431,M,熊本    ,肥後大津,熊本車両セ    ,132,4,821,3,,,658,740,,1436,M,,744
4148,A,,1436,M,肥後大津,熊本    ,熊本車両セ    ,132,5,821,3,,,744,824,,332,M,,830
4149,A,,332,M,熊本    ,鳥栖    ,熊本車両セ    ,132,6,821,3,,,830,1007,,339,M,,1110
4150,A,,339,M,鳥栖    ,荒尾    ,熊本車両セ    ,132,7,821,3,,,1110,1158,,340,M,,1206
4151,A,,340,M,荒尾    ,鳥栖    ,熊本車両セ    ,132,8,821,3,,,1206,1256,,347,M,,1309
4152,A,,347,M,鳥栖    ,荒尾    ,熊本車両セ    ,132,9,821,3,,,1309,1358,,350,M,,1404
4153,A,,350,M,荒尾    ,鳥栖    ,熊本車両セ    ,132,10,821,3,,,1404,1453,,5355,M,,1510
4154,A,,5355,M,鳥栖    ,八代    ,熊本車両セ    ,132,11,821,3,,,1510,1725,,6342,M,,1733
4155,A,,6342,M,八代    ,熊本    ,熊本車両セ    ,132,12,821,3,,,1733,1813,,6341,M,,1844
4156,A,,6341,M,熊本    ,八代    ,熊本車両セ    ,132,13,821,3,,,1844,1921,,5362,M,,1926
4157,A,,5362,M,八代    ,銀水    ,熊本車両セ    ,132,14,821,3,,,1926,2106,,5367,M,,2136
4158,A,,5367,M,銀水    ,八代    ,熊本車両セ    ,132,15,821,3,,,2136,2310,終,,,,
4159,A,,6322,M,八代    ,熊本    ,熊本車両セ    ,133,1,821,3,,,556,636,,6325,M,,644
4160,A,,6325,M,熊本    ,八代    ,熊本車両セ    ,133,2,821,3,,,644,722,,5328,M,,727
4161,A,,5328,M,八代    ,大牟田  ,熊本車両セ    ,133,3,821,3,,,727,910,,5333,M,,921
4162,A,,5333,M,大牟田  ,八代    ,熊本車両セ    ,133,4,821,3,,,921,1051,,5340,M,,1056
4163,A,,5340,M,八代    ,銀水    ,熊本車両セ    ,133,5,821,3,,,1056,1240,,5345,M,,1254
4164,A,,5345,M,銀水    ,八代    ,熊本車両セ    ,133,6,821,3,,,1254,1437,,5354,M,,1604
4165,A,,5354,M,八代    ,植木    ,熊本車両セ    ,133,7,821,3,,,1604,1702,,5359,M,,1710
4166,A,,5359,M,植木    ,八代    ,熊本車両セ    ,133,8,821,3,,,1710,1809,,6344,M,,1814
4167,A,,6344,M,八代    ,熊本    ,熊本車両セ    ,133,9,821,3,,,1814,1853,,6343,M,,1904
4168,A,,6343,M,熊本    ,八代    ,熊本車両セ    ,133,10,821,3,,,1904,1942,,6352,M,,1947
4169,A,,6352,M,八代    ,熊本    ,熊本車両セ    ,133,11,821,3,,,1947,2027,,1525,M,,2049
4170,A,,1525,M,熊本    ,肥後大津,熊本車両セ    ,133,12,821,3,,,2049,2122,,1532,M,,2146
4171,A,,1532,M,肥後大津,熊本    ,熊本車両セ    ,133,13,821,3,,,2146,2223,,1533,M,,2235
4172,A,,1533,M,熊本    ,肥後大津,熊本車両セ    ,133,14,821,3,,,2235,2312,回,1533,M,,2317
4173,A,回,1533,M,肥後大津,熊本    ,熊本車両セ    ,133,15,821,3,,,2317,2349,終,,,,
4174,A,,1423,M,熊本    ,肥後大津,熊本車両セ    ,134,1,821,3,,,550,627,,1430,M,,707
4175,A,,1430,M,肥後大津,熊本    ,熊本車両セ    ,134,2,821,3,,,707,747,,328,M,,749
4176,A,,328,M,熊本    ,植木    ,熊本車両セ    ,134,3,821,3,,,749,804,,327,M,,809
4177,A,,327,M,植木    ,熊本    ,熊本車両セ    ,134,4,821,3,,,809,823,,1445,M,,848
4178,A,,1445,M,熊本    ,肥後大津,熊本車両セ    ,134,5,821,3,,,848,924,,1450,M,,932
4179,A,,1450,M,肥後大津,熊本    ,熊本車両セ    ,134,6,821,3,,,932,1008,,1451,M,,1013
4180,A,,1451,M,熊本    ,肥後大津,熊本車両セ    ,134,7,821,3,,,1013,1047,,1456,M,,1100
4181,A,,1456,M,肥後大津,熊本    ,熊本車両セ    ,134,8,821,3,,,1100,1134,,1457,M,,1138
4182,A,,1457,M,熊本    ,肥後大津,熊本車両セ    ,134,9,821,3,,,1138,1212,,1462,M,,1219
4183,A,,1462,M,肥後大津,熊本    ,熊本車両セ    ,134,10,821,3,,,1219,1255,,1463,M,,1259
4184,A,,1463,M,熊本    ,肥後大津,熊本車両セ    ,134,11,821,3,,,1259,1335,,1468,M,,1345
4185,A,,1468,M,肥後大津,熊本    ,熊本車両セ    ,134,12,821,3,,,1345,1423,,1469,M,,1433
4186,A,,1469,M,熊本    ,肥後大津,熊本車両セ    ,134,13,821,3,,,1433,1515,,1474,M,,1521
4187,A,,1474,M,肥後大津,熊本    ,熊本車両セ    ,134,14,821,3,,,1521,1555,,1475,M,,1602
4188,A,,1475,M,熊本    ,肥後大津,熊本車両セ    ,134,15,821,3,,,1602,1638,,1482,M,,1648
4189,A,,1482,M,肥後大津,熊本    ,熊本車両セ    ,134,16,821,3,,,1648,1730,,1485,M,,1734
4190,A,,1485,M,熊本    ,肥後大津,熊本車両セ    ,134,17,821,3,,,1734,1813,,1492,M,,1822
4191,A,,1492,M,肥後大津,熊本    ,熊本車両セ    ,134,18,821,3,,,1822,1901,,1497,M,,1929
4192,A,,1497,M,熊本    ,肥後大津,熊本車両セ    ,134,19,821,3,,,1929,2002,,1524,M,,2026
4193,A,,1524,M,肥後大津,熊本    ,熊本車両セ    ,134,20,821,3,,,2026,2102,回,1524,M,,2107
4194,A,回,1524,M,熊本    ,熊本操  ,熊本車両セ    ,134,21,821,3,,,2107,2110,終,,,,
4195,A,回,324,M,熊本操  ,熊本    ,熊本車両セ    ,135,1,821,3,,,539,542,,324,M,,554
4196,A,,324,M,熊本    ,大牟田  ,熊本車両セ    ,135,2,821,3,,,554,646,,5323,M,,655
4197,A,,5323,M,大牟田  ,八代    ,熊本車両セ    ,135,3,821,3,,,655,839,,5330,M,,846
4198,A,,5330,M,八代    ,玉名    ,熊本車両セ    ,135,4,821,3,,,846,957,,5335,M,,1002
4199,A,,5335,M,玉名    ,八代    ,熊本車両セ    ,135,5,821,3,,,1002,1120,,6334,M,,1127
4200,A,,6334,M,八代    ,熊本    ,熊本車両セ    ,135,6,821,3,,,1127,1207,,6333,M,,1214
4201,A,,6333,M,熊本    ,八代    ,熊本車両セ    ,135,7,821,3,,,1214,1252,,5346,M,,1303
4202,A,,5346,M,八代    ,銀水    ,熊本車両セ    ,135,8,821,3,,,1303,1442,,353,M,,1454
4203,A,,353,M,銀水    ,熊本    ,熊本車両セ    ,135,9,821,3,,,1454,1552,,358,M,,1558
4204,A,,358,M,熊本    ,鳥栖    ,熊本車両セ    ,135,10,821,3,,,1558,1733,,4152,M,,1747
4205,A,,4152,M,鳥栖    ,門司港  ,熊本車両セ    ,135,11,821,9,,,1747,2010,,641,H,,2137
4206,A,,641,H,門司港  ,直方    ,熊本車両セ    ,135,12,821,3,,,2137,2250,終,,,,
4207,A,,2621,H,直方    ,博多    ,熊本車両セ    ,136,1,821,3,,,510,616,,1620,H,,625
4208,A,,1620,H,博多    ,小倉    ,熊本車両セ    ,136,2,821,3,,,625,839,,625,H,,847
4209,A,,625,H,小倉    ,直方    ,熊本車両セ    ,136,3,821,3,,,847,937,,632,H,,1228
4210,A,,632,H,直方    ,門司港  ,熊本車両セ    ,136,4,821,3,,,1228,1332,,635,H,,1405
4211,A,,635,H,門司港  ,直方    ,熊本車両セ    ,136,5,821,3,,,1405,1511,,638,H,,1527
4212,A,,638,H,直方    ,門司港  ,熊本車両セ    ,136,6,821,3,,,1527,1631,,639,H,,1737
4213,A,,639,H,門司港  ,直方    ,熊本車両セ    ,136,7,821,3,,,1737,1846,,4651,H,,1900
4214,A,,4651,H,直方    ,博多    ,熊本車両セ    ,136,8,821,3,,,1900,2003,,2674,H,,2008
4215,A,,2674,H,博多    ,直方    ,熊本車両セ    ,136,9,821,3,,,2008,2119,,6560,H,,2131
4216,A,,6560,H,直方    ,折尾　筑,熊本車両セ    ,136,10,821,3,,,2131,2151,,6561,H,,2200
4217,A,,6561,H,折尾　筑,直方    ,熊本車両セ    ,136,11,821,3,,,2200,2220,,2695,H,,2242
4218,A,,2695,H,直方    ,博多    ,熊本車両セ    ,136,12,821,3,,,2242,2345,,2690,H,,2349
4219,A,,2690,H,博多    ,新飯塚  ,熊本車両セ    ,136,13,821,3,,,2349,35,終,,,,
4220,A,回,6520,H,新飯塚  ,飯塚    ,熊本車両セ    ,137,1,821,3,,,451,454,,6520,H,,458
4221,A,,6520,H,飯塚    ,折尾　筑,熊本車両セ    ,137,2,821,3,,,458,539,,6521,H,,544
4222,A,,6521,H,折尾　筑,直方    ,熊本車両セ    ,137,3,821,3,,,544,604,,622,H,,653
4223,A,,622,H,直方    ,門司港  ,熊本車両セ    ,137,4,821,3,,,653,758,,623,H,,811
4224,A,,623,H,門司港  ,直方    ,熊本車両セ    ,137,5,821,3,,,811,911,,628,H,,1028
4225,A,,628,H,直方    ,門司港  ,熊本車両セ    ,137,6,821,3,,,1028,1137,,631,H,,1205
4226,A,,631,H,門司港  ,直方    ,熊本車両セ    ,137,7,821,3,,,1205,1311,,634,H,,1327
4227,A,,634,H,直方    ,門司港  ,熊本車両セ    ,137,8,821,3,,,1327,1432,,637,H,,1459
4228,A,,637,H,門司港  ,直方    ,熊本車両セ    ,137,9,821,3,,,1459,1611,,2667,H,,1628
4229,A,,2667,H,直方    ,博多    ,熊本車両セ    ,137,10,821,3,,,1628,1739,,5640,H,,1743
4230,A,,5640,H,博多    ,篠栗    ,熊本車両セ    ,137,11,821,3,,,1743,1807,,5645,H,,1815
4231,A,,5645,H,篠栗    ,博多    ,熊本車両セ    ,137,12,821,3,,,1815,1839,,5642,H,,1843
4232,A,,5642,H,博多    ,篠栗    ,熊本車両セ    ,137,13,821,3,,,1843,1907,,5647,H,,1919
4233,A,,5647,H,篠栗    ,博多    ,熊本車両セ    ,137,14,821,3,,,1919,1939,,5644,H,,1943
4234,A,,5644,H,博多    ,篠栗    ,熊本車両セ    ,137,15,821,3,,,1943,2008,,5649,H,,2013
4235,A,,5649,H,篠栗    ,博多    ,熊本車両セ    ,137,16,821,3,,,2013,2041,,5648,H,,2046
4236,A,,5648,H,博多    ,篠栗    ,熊本車両セ    ,137,17,821,3,,,2046,2106,,5653,H,,2124
4237,A,,5653,H,篠栗    ,博多    ,熊本車両セ    ,137,18,821,3,,,2124,2150,,2686,H,,2305
4238,A,,2686,H,博多    ,直方    ,熊本車両セ    ,137,19,821,3,,,2305,12,終,,,,
4239,A,回,620,H,直方    ,桂川    ,熊本車両セ    ,138,1,821,3,,,522,553,,620,H,,558
4240,A,,620,H,桂川    ,小倉    ,熊本車両セ    ,138,2,821,3,,,558,721,,621,H,,743
4241,A,,621,H,小倉    ,直方    ,熊本車両セ    ,138,3,821,3,,,743,837,,626,H,,918
4242,A,,626,H,直方    ,小倉    ,熊本車両セ    ,138,4,821,3,,,918,1020,,627,H,,1027
4243,A,,627,H,小倉    ,直方    ,熊本車両セ    ,138,5,821,3,,,1027,1114,,630,H,,1127
4244,A,,630,H,直方    ,門司港  ,熊本車両セ    ,138,6,821,3,,,1127,1232,,633,H,,1305
4245,A,,633,H,門司港  ,直方    ,熊本車両セ    ,138,7,821,3,,,1305,1412,,636,H,,1427
4246,A,,636,H,直方    ,門司港  ,熊本車両セ    ,138,8,821,3,,,1427,1531,,4149,M,,1642
4247,A,,4149,M,門司港  ,羽犬塚  ,熊本車両セ    ,138,9,821,9,,,1642,1935,,2362,M,,1941
4248,A,,2362,M,羽犬塚  ,博多    ,熊本車両セ    ,138,10,821,9,,,1941,2101,,1331,M,,2149
4249,A,,1331,M,博多    ,鳥栖    ,熊本車両セ    ,138,11,821,9,,,2149,2220,終,,,,
4250,A,回,1121,M,鳥栖    ,荒尾    ,熊本車両セ    ,139,1,821,3,,,544,618,回,322,M,,624
4251,A,回,322,M,荒尾    ,大牟田  ,熊本車両セ    ,139,2,821,3,,,624,628,,322,M,,632
4252,A,,322,M,大牟田  ,鳥栖    ,熊本車両セ    ,139,3,821,3,,,632,717,,5329,M,,724
4253,A,,5329,M,鳥栖    ,八代    ,熊本車両セ    ,139,4,821,3,,,724,946,,5336,M,,958
4254,A,,5336,M,八代    ,銀水    ,熊本車両セ    ,139,5,821,3,,,958,1140,,5341,M,,1154
4255,A,,5341,M,銀水    ,八代    ,熊本車両セ    ,139,6,821,3,,,1154,1334,,5350,M,,1358
4256,A,,5350,M,八代    ,鳥栖    ,熊本車両セ    ,139,7,821,3,,,1358,1622,,5361,M,,1636
4257,A,,5361,M,鳥栖    ,八代    ,熊本車両セ    ,139,8,821,3,,,1636,1901,,6350,M,,1910
4258,A,,6350,M,八代    ,熊本    ,熊本車両セ    ,139,9,821,3,,,1910,1949,,6349,M,,1957
4259,A,,6349,M,熊本    ,八代    ,熊本車両セ    ,139,10,821,3,,,1957,2035,,6356,M,,2039
4260,A,,6356,M,八代    ,熊本    ,熊本車両セ    ,139,11,821,3,,,2039,2118,回,6356,M,,2134
4261,A,回,6356,M,熊本    ,熊本操  ,熊本車両セ    ,139,12,821,3,,,2134,2137,終,,,,
4262,A,回,1922,D,油津    ,南郷    ,宮崎車両セ    ,101,1,D47 ,2,,,547,559,,1922,D,,605
4263,A,,1922,D,南郷    ,南宮崎  ,宮崎車両セ    ,101,2,D47 ,2,,,605,746,,1927,D,,835
4264,A,,1927,D,南宮崎  ,油津    ,宮崎車両セ    ,101,3,D47 ,2,,,835,959,,1932,D,,1059
4265,A,,1932,D,油津    ,南宮崎  ,宮崎車両セ    ,101,4,D47 ,2,,,1059,1215,,1937,D,,1538
4266,A,,1937,D,南宮崎  ,南郷    ,宮崎車両セ    ,101,5,D47 ,2,,,1538,1714,,1938,D,,1735
4267,A,,1938,D,南郷    ,宮崎    ,宮崎車両セ    ,101,6,D47 ,2,,,1735,1912,,1951,D,,1926
4268,A,,1951,D,宮崎    ,南郷    ,宮崎車両セ    ,101,7,D47 ,2,,,1926,2126,回,1951,D,,2132
4269,A,回,1951,D,南郷    ,油津    ,宮崎車両セ    ,101,8,D47 ,2,,,2132,2144,終,,,,
4270,A,回,1920,D,油津    ,南郷    ,宮崎車両セ    ,102,1,D47 ,2,,,458,509,,1920,D,,515
4271,A,,1920,D,南郷    ,宮崎    ,宮崎車両セ    ,102,2,D47 ,2,,,515,704,,5921,D,,716
4272,A,,5921,D,宮崎    ,青島    ,宮崎車両セ    ,102,3,D47 ,2,,,716,745,,5922,D,,753
4273,A,,5922,D,青島    ,南宮崎  ,宮崎車両セ    ,102,4,D47 ,2,,,753,818,,1943,D,,1735
4274,A,,1943,D,南宮崎  ,油津    ,宮崎車両セ    ,102,5,D47 ,2,,,1735,1900,,1946,D,,1940
4275,A,,1946,D,油津    ,宮崎    ,宮崎車両セ    ,102,6,D47 ,2,,,1940,2121,,1953,D,,2130
4276,A,,1953,D,宮崎    ,油津    ,宮崎車両セ    ,102,7,D47 ,2,,,2130,2306,終,,,,
4277,A,,5923,D,南宮崎  ,青島    ,宮崎車両セ    ,111,1,D40 ,1,,,938,1008,,5924,D,,1022
4278,A,,5924,D,青島    ,南宮崎  ,宮崎車両セ    ,111,2,D40 ,1,,,1022,1046,,5925,D,,1058
4279,A,,5925,D,南宮崎  ,青島    ,宮崎車両セ    ,111,3,D40 ,1,,,1058,1122,,5926,D,,1234
4280,A,,5926,D,青島    ,南宮崎  ,宮崎車両セ    ,111,4,D40 ,1,,,1234,1300,,5927,D,,1305
4281,A,,5927,D,南宮崎  ,青島    ,宮崎車両セ    ,111,5,D40 ,1,,,1305,1328,,5928,D,,1402
4282,A,,5928,D,青島    ,南宮崎  ,宮崎車両セ    ,111,6,D40 ,1,,,1402,1429,,5929,D,,1705
4283,A,,5929,D,南宮崎  ,青島    ,宮崎車両セ    ,111,7,D40 ,1,,,1705,1730,,5930,D,,1808
4284,A,,5930,D,青島    ,南宮崎  ,宮崎車両セ    ,111,8,D40 ,1,,,1808,1832,回,5931,D,,2008
4285,A,回,5931,D,南宮崎  ,宮崎    ,宮崎車両セ    ,111,9,D40 ,1,,,2008,2012,,5931,D,,2030
4286,A,,5931,D,宮崎    ,青島    ,宮崎車両セ    ,111,10,D40 ,1,,,2030,2106,回,5980,D,,2120
4287,A,回,5980,D,青島    ,宮崎    ,宮崎車両セ    ,111,11,D40 ,1,,,2120,2150,,5933,D,,2230
4288,A,,5933,D,宮崎    ,青島    ,宮崎車両セ    ,111,12,D40 ,1,,,2230,2301,回,5982,D,,2307
4289,A,回,5982,D,青島    ,南宮崎  ,宮崎車両セ    ,111,13,D40 ,1,,,2307,2326,終,,,,
4290,A,回,1921,D,南宮崎  ,飫肥    ,宮崎車両セ    ,112,1,D40 ,1,,,506,559,,1921,D,,611
4291,A,,1921,D,飫肥    ,志布志  ,宮崎車両セ    ,112,2,D40 ,1,,,611,733,,1928,D,,739
4292,A,,1928,D,志布志  ,南宮崎  ,宮崎車両セ    ,112,3,D40 ,1,,,739,1012,回,1931,D,,1318
4293,A,回,1931,D,南宮崎  ,宮崎    ,宮崎車両セ    ,112,4,D40 ,1,,,1318,1322,,1931,D,,1330
4294,A,,1931,D,宮崎    ,南郷    ,宮崎車両セ    ,112,5,D40 ,1,,,1330,1523,回,1939,D,,1530
4295,A,回,1939,D,南郷    ,油津    ,宮崎車両セ    ,112,6,D40 ,1,,,1530,1541,,1939,D,,1618
4296,A,,1939,D,油津    ,志布志  ,宮崎車両セ    ,112,7,D40 ,1,,,1618,1730,,1944,D,,1800
4297,A,,1944,D,志布志  ,油津    ,宮崎車両セ    ,112,8,D40 ,1,,,1800,1913,,1949,D,,2024
4298,A,,1949,D,油津    ,志布志  ,宮崎車両セ    ,112,9,D40 ,1,,,2024,2154,終,,,,
4299,A,,1924,D,志布志  ,宮崎    ,宮崎車両セ    ,113,1,D40 ,1,,,557,838,回,1924,D,,855
4300,A,回,1924,D,宮崎    ,南宮崎  ,宮崎車両セ    ,113,2,D40 ,1,,,855,858,回,1935,D,,1407
4301,A,回,1935,D,南宮崎  ,宮崎    ,宮崎車両セ    ,113,3,D40 ,1,,,1407,1412,,1935,D,,1430
4302,A,,1935,D,宮崎    ,油津    ,宮崎車両セ    ,113,4,D40 ,1,,,1430,1609,,1936,D,,1640
4303,A,,1936,D,油津    ,宮崎    ,宮崎車両セ    ,113,5,D40 ,1,,,1640,1813,,1947,D,,1829
4304,A,,1947,D,宮崎    ,南郷    ,宮崎車両セ    ,113,6,D40 ,1,,,1829,2012,,1948,D,,2032
4305,A,,1948,D,南郷    ,南宮崎  ,宮崎車両セ    ,113,7,D40 ,1,,,2032,2206,終,,,,
4306,A,,1923,D,南宮崎  ,南郷    ,宮崎車両セ    ,114,1,D40 ,2,,,522,707,,1926,D,,720
4307,A,,1926,D,南郷    ,南宮崎  ,宮崎車両セ    ,114,2,D40 ,2,,,720,906,,1929,D,,1205
4308,A,,1929,D,南宮崎  ,油津    ,宮崎車両セ    ,114,3,D40 ,2,,,1205,1323,,1934,D,,1450
4309,A,,1934,D,油津    ,南宮崎  ,宮崎車両セ    ,114,4,D40 ,2,,,1450,1609,,1941,D,,1638
4310,A,,1941,D,南宮崎  ,油津    ,宮崎車両セ    ,114,5,D40 ,2,,,1638,1808,,1942,D,,1840
4311,A,,1942,D,油津    ,南宮崎  ,宮崎車両セ    ,114,6,D40 ,2,,,1840,2005,終,,,,
4312,A,,1923,D,南宮崎  ,南郷    ,宮崎車両セ    ,115,1,D40 ,2,,,522,707,,1926,D,,720
4313,A,,1926,D,南郷    ,南宮崎  ,宮崎車両セ    ,115,2,D40 ,2,,,720,906,,1929,D,,1205
4314,A,,1929,D,南宮崎  ,油津    ,宮崎車両セ    ,115,3,D40 ,2,,,1205,1323,,1934,D,,1450
4315,A,,1934,D,油津    ,南宮崎  ,宮崎車両セ    ,115,4,D40 ,2,,,1450,1609,,1941,D,,1638
4316,A,,1941,D,南宮崎  ,油津    ,宮崎車両セ    ,115,5,D40 ,2,,,1638,1808,,1942,D,,1840
4317,A,,1942,D,油津    ,南宮崎  ,宮崎車両セ    ,115,6,D40 ,2,,,1840,2005,終,,,,
4318,A,回,5981,D,南宮崎  ,青島    ,宮崎車両セ    ,116,1,D40 ,1,,,514,531,,5920,D,,548
4319,A,,5920,D,青島    ,南宮崎  ,宮崎車両セ    ,116,2,D40 ,1,,,548,612,,1925,D,,618
4320,A,,1925,D,南宮崎  ,志布志  ,宮崎車両セ    ,116,3,D40 ,1,,,618,849,,1930,D,,925
4321,A,,1930,D,志布志  ,油津    ,宮崎車両セ    ,116,4,D40 ,1,,,925,1036,,1933,D,,1401
4322,A,,1933,D,油津    ,志布志  ,宮崎車両セ    ,116,5,D40 ,1,,,1401,1514,,1940,D,,1645
4323,A,,1940,D,志布志  ,油津    ,宮崎車両セ    ,116,6,D40 ,1,,,1645,1804,,1945,D,,1824
4324,A,,1945,D,油津    ,志布志  ,宮崎車両セ    ,116,7,D40 ,1,,,1824,1937,,1950,D,,2022
4325,A,,1950,D,志布志  ,南宮崎  ,宮崎車両セ    ,116,8,D40 ,1,,,2022,2236,終,,,,
4326,A,,420,C,筑前前原,姪浜    ,福岡市交通局  ,1,1,1000,6,,,507,529,,420,C,,530
4327,A,,420,C,姪浜    ,福岡空港,福岡市交通局  ,1,2,1000,6,,,530,555,,425,C,,601
4328,A,,425,C,福岡空港,姪浜    ,福岡市交通局  ,1,3,1000,6,,,601,626,,425,C,,628
4329,A,,425,C,姪浜    ,筑前前原,福岡市交通局  ,1,4,1000,6,,,628,649,,428,C,,655
4330,A,,428,C,筑前前原,姪浜    ,福岡市交通局  ,1,5,1000,6,,,655,716,,428,C,,717
4331,A,,428,C,姪浜    ,福岡空港,福岡市交通局  ,1,6,1000,6,,,717,745,,443,C,,750
4332,A,,443,C,福岡空港,姪浜    ,福岡市交通局  ,1,7,1000,6,,,750,816,,443,C,,818
4333,A,,443,C,姪浜    ,筑前前原,福岡市交通局  ,1,8,1000,6,,,818,838,,448,C,,845
4334,A,,448,C,筑前前原,姪浜    ,福岡市交通局  ,1,9,1000,6,,,845,907,,448,C,,908
4335,A,,448,C,姪浜    ,福岡空港,福岡市交通局  ,1,10,1000,6,,,908,934,,461,C,,935
4336,A,,461,C,福岡空港,姪浜    ,福岡市交通局  ,1,11,1000,6,,,935,1001,,461,C,,1003
4337,A,,461,C,姪浜    ,筑前前原,福岡市交通局  ,1,12,1000,6,,,1003,1023,,462,C,,1030
4338,A,,462,C,筑前前原,姪浜    ,福岡市交通局  ,1,13,1000,6,,,1030,1051,,462,C,,1052
4339,A,,462,C,姪浜    ,福岡空港,福岡市交通局  ,1,14,1000,6,,,1052,1117,,475,C,,1121
4340,A,,475,C,福岡空港,姪浜    ,福岡市交通局  ,1,15,1000,6,,,1121,1146,,475,C,,1148
4341,A,,475,C,姪浜    ,筑前前原,福岡市交通局  ,1,16,1000,6,,,1148,1208,,476,C,,1213
4342,A,,476,C,筑前前原,姪浜    ,福岡市交通局  ,1,17,1000,6,,,1213,1235,,476,C,,1237
4343,A,,476,C,姪浜    ,福岡空港,福岡市交通局  ,1,18,1000,6,,,1237,1302,,489,C,,1306
4344,A,,489,C,福岡空港,姪浜    ,福岡市交通局  ,1,19,1000,6,,,1306,1331,,489,C,,1333
4345,A,,489,C,姪浜    ,筑前前原,福岡市交通局  ,1,20,1000,6,,,1333,1353,,496,C,,1443
4346,A,,496,C,筑前前原,姪浜    ,福岡市交通局  ,1,21,1000,6,,,1443,1505,,496,C,,1507
4347,A,,496,C,姪浜    ,福岡空港,福岡市交通局  ,1,22,1000,6,,,1507,1532,,529,C,,1537
4348,A,,529,C,福岡空港,姪浜    ,福岡市交通局  ,1,23,1000,6,,,1537,1602,,529,C,,1604
4349,A,,529,C,姪浜    ,筑前前原,福岡市交通局  ,1,24,1000,6,,,1604,1624,,532,C,,1650
4350,A,,532,C,筑前前原,姪浜    ,福岡市交通局  ,1,25,1000,6,,,1650,1711,,532,C,,1713
4351,A,,532,C,姪浜    ,福岡空港,福岡市交通局  ,1,26,1000,6,,,1713,1738,,541,C,,1738
4352,A,,541,C,福岡空港,姪浜    ,福岡市交通局  ,1,27,1000,6,,,1738,1804,,541,C,,1806
4353,A,,541,C,姪浜    ,筑前前原,福岡市交通局  ,1,28,1000,6,,,1806,1827,,544,C,,1839
4354,A,,544,C,筑前前原,姪浜    ,福岡市交通局  ,1,29,1000,6,,,1839,1900,,544,C,,1901
4355,A,,544,C,姪浜    ,福岡空港,福岡市交通局  ,1,30,1000,6,,,1901,1927,,553,C,,1934
4356,A,,553,C,福岡空港,姪浜    ,福岡市交通局  ,1,31,1000,6,,,1934,2001,,553,C,,2003
4357,A,,553,C,姪浜    ,筑前前原,福岡市交通局  ,1,32,1000,6,,,2003,2024,,558,C,,2042
4358,A,,558,C,筑前前原,姪浜    ,福岡市交通局  ,1,33,1000,6,,,2042,2104,,558,C,,2105
4359,A,,558,C,姪浜    ,福岡空港,福岡市交通局  ,1,34,1000,6,,,2105,2130,,565,C,,2141
4360,A,,565,C,福岡空港,姪浜    ,福岡市交通局  ,1,35,1000,6,,,2141,2206,,565,C,,2208
4361,A,,565,C,姪浜    ,筑前前原,福岡市交通局  ,1,36,1000,6,,,2208,2228,,570,C,,2242
4362,A,,570,C,筑前前原,姪浜    ,福岡市交通局  ,1,37,1000,6,,,2242,2302,,570,C,,2304
4363,A,,570,C,姪浜    ,福岡空港,福岡市交通局  ,1,38,1000,6,,,2304,2329,,571,C,,2332
4364,A,,571,C,福岡空港,姪浜    ,福岡市交通局  ,1,39,1000,6,,,2332,2357,,571,C,,2359
4365,A,,571,C,姪浜    ,筑前前原,福岡市交通局  ,1,40,1000,6,,,2359,21,終,,,,
4366,A,,422,C,筑前前原,姪浜    ,福岡市交通局  ,2,1,1000,6,,,526,547,,422,C,,549
4367,A,,422,C,姪浜    ,福岡空港,福岡市交通局  ,2,2,1000,6,,,549,614,,429,C,,622
4368,A,,429,C,福岡空港,姪浜    ,福岡市交通局  ,2,3,1000,6,,,622,647,,429,C,,649
4369,A,,429,C,姪浜    ,筑前前原,福岡市交通局  ,2,4,1000,6,,,649,710,,432,C,,718
4370,A,,432,C,筑前前原,姪浜    ,福岡市交通局  ,2,5,1000,6,,,718,742,,432,C,,743
4371,A,,432,C,姪浜    ,福岡空港,福岡市交通局  ,2,6,1000,6,,,743,810,,447,C,,811
4372,A,,447,C,福岡空港,姪浜    ,福岡市交通局  ,2,7,1000,6,,,811,836,,447,C,,838
4373,A,,447,C,姪浜    ,筑前前原,福岡市交通局  ,2,8,1000,6,,,838,901,,456,C,,939
4374,A,,456,C,筑前前原,姪浜    ,福岡市交通局  ,2,9,1000,6,,,939,959,,456,C,,1001
4375,A,,456,C,姪浜    ,福岡空港,福岡市交通局  ,2,10,1000,6,,,1001,1027,終,,,,
4376,A,,421,C,福岡空港,姪浜    ,福岡市交通局  ,3,1,1000,6,,,524,549,,421,C,,551
4377,A,,421,C,姪浜    ,筑前前原,福岡市交通局  ,3,2,1000,6,,,551,611,,424,C,,616
4378,A,,424,C,筑前前原,姪浜    ,福岡市交通局  ,3,3,1000,6,,,616,637,,424,C,,638
4379,A,,424,C,姪浜    ,福岡空港,福岡市交通局  ,3,4,1000,6,,,638,703,,435,C,,707
4380,A,,435,C,福岡空港,姪浜    ,福岡市交通局  ,3,5,1000,6,,,707,732,,435,C,,734
4381,A,,435,C,姪浜    ,筑前前原,福岡市交通局  ,3,6,1000,6,,,734,755,,440,C,,801
4382,A,,440,C,筑前前原,姪浜    ,福岡市交通局  ,3,7,1000,6,,,801,824,,440,C,,825
4383,A,,440,C,姪浜    ,福岡空港,福岡市交通局  ,3,8,1000,6,,,825,853,終,,,,
4384,A,,423,C,福岡空港,姪浜    ,福岡市交通局  ,4,1,1000,6,,,543,607,,423,C,,609
4385,A,,423,C,姪浜    ,筑前前原,福岡市交通局  ,4,2,1000,6,,,609,629,,426,C,,635
4386,A,,426,C,筑前前原,姪浜    ,福岡市交通局  ,4,3,1000,6,,,635,656,,426,C,,658
4387,A,,426,C,姪浜    ,福岡空港,福岡市交通局  ,4,4,1000,6,,,658,723,,439,C,,727
4388,A,,439,C,福岡空港,姪浜    ,福岡市交通局  ,4,5,1000,6,,,727,752,,439,C,,754
4389,A,,439,C,姪浜    ,筑前前原,福岡市交通局  ,4,6,1000,6,,,754,814,,444,C,,820
4390,A,,444,C,筑前前原,姪浜    ,福岡市交通局  ,4,7,1000,6,,,820,841,,444,C,,843
4391,A,,444,C,姪浜    ,福岡空港,福岡市交通局  ,4,8,1000,6,,,843,908,,457,C,,913
4392,A,,457,C,福岡空港,姪浜    ,福岡市交通局  ,4,9,1000,6,,,913,938,,457,C,,940
4393,A,,457,C,姪浜    ,筑前前原,福岡市交通局  ,4,10,1000,6,,,940,1002,,460,C,,1008
4394,A,,460,C,筑前前原,姪浜    ,福岡市交通局  ,4,11,1000,6,,,1008,1029,,460,C,,1030
4395,A,,460,C,姪浜    ,福岡空港,福岡市交通局  ,4,12,1000,6,,,1030,1056,,473,C,,1107
4396,A,,473,C,福岡空港,姪浜    ,福岡市交通局  ,4,13,1000,6,,,1107,1132,,473,C,,1134
4397,A,,473,C,姪浜    ,筑前前原,福岡市交通局  ,4,14,1000,6,,,1134,1154,,480,C,,1243
4398,A,,480,C,筑前前原,姪浜    ,福岡市交通局  ,4,15,1000,6,,,1243,1305,,480,C,,1307
4399,A,,480,C,姪浜    ,福岡空港,福岡市交通局  ,4,16,1000,6,,,1307,1332,,493,C,,1337
4400,A,,493,C,福岡空港,姪浜    ,福岡市交通局  ,4,17,1000,6,,,1337,1402,,493,C,,1404
4401,A,,493,C,姪浜    ,筑前前原,福岡市交通局  ,4,18,1000,6,,,1404,1424,,494,C,,1430
4402,A,,494,C,筑前前原,姪浜    ,福岡市交通局  ,4,19,1000,6,,,1430,1450,,494,C,,1452
4403,A,,494,C,姪浜    ,福岡空港,福岡市交通局  ,4,20,1000,6,,,1452,1517,,527,C,,1521
4404,A,,527,C,福岡空港,姪浜    ,福岡市交通局  ,4,21,1000,6,,,1521,1546,,527,C,,1548
4405,A,,527,C,姪浜    ,筑前前原,福岡市交通局  ,4,22,1000,6,,,1548,1608,,528,C,,1614
4406,A,,528,C,筑前前原,姪浜    ,福岡市交通局  ,4,23,1000,6,,,1614,1635,,528,C,,1637
4407,A,,528,C,姪浜    ,福岡空港,福岡市交通局  ,4,24,1000,6,,,1637,1703,,537,C,,1709
4408,A,,537,C,福岡空港,姪浜    ,福岡市交通局  ,4,25,1000,6,,,1709,1735,,537,C,,1737
4409,A,,537,C,姪浜    ,筑前前原,福岡市交通局  ,4,26,1000,6,,,1737,1759,,540,C,,1810
4410,A,,540,C,筑前前原,姪浜    ,福岡市交通局  ,4,27,1000,6,,,1810,1831,,540,C,,1833
4411,A,,540,C,姪浜    ,福岡空港,福岡市交通局  ,4,28,1000,6,,,1833,1858,,549,C,,1904
4412,A,,549,C,福岡空港,姪浜    ,福岡市交通局  ,4,29,1000,6,,,1904,1930,,549,C,,1932
4413,A,,549,C,姪浜    ,筑前前原,福岡市交通局  ,4,30,1000,6,,,1932,1953,,554,C,,2010
4414,A,,554,C,筑前前原,姪浜    ,福岡市交通局  ,4,31,1000,6,,,2010,2031,,554,C,,2033
4415,A,,554,C,姪浜    ,福岡空港,福岡市交通局  ,4,32,1000,6,,,2033,2058,,563,C,,2102
4416,A,,563,C,福岡空港,姪浜    ,福岡市交通局  ,4,33,1000,6,,,2102,2128,,563,C,,2130
4417,A,,563,C,姪浜    ,筑前前原,福岡市交通局  ,4,34,1000,6,,,2130,2150,,566,C,,2158
4418,A,,566,C,筑前前原,姪浜    ,福岡市交通局  ,4,35,1000,6,,,2158,2219,,566,C,,2221
4419,A,,566,C,姪浜    ,福岡空港,福岡市交通局  ,4,36,1000,6,,,2221,2246,終,,,,
4420,A,,427,C,福岡空港,姪浜    ,福岡市交通局  ,5,1,1000,6,,,611,636,,427,C,,638
4421,A,,427,C,姪浜    ,筑前前原,福岡市交通局  ,5,2,1000,6,,,638,658,,430,C,,704
4422,A,,430,C,筑前前原,姪浜    ,福岡市交通局  ,5,3,1000,6,,,704,725,,430,C,,727
4423,A,,430,C,姪浜    ,福岡空港,福岡市交通局  ,5,4,1000,6,,,727,753,終,,,,
4424,A,,431,C,福岡空港,姪浜    ,福岡市交通局  ,6,1,1000,6,,,637,702,,431,C,,704
4425,A,,431,C,姪浜    ,筑前前原,福岡市交通局  ,6,2,1000,6,,,704,724,,434,C,,731
4426,A,,434,C,筑前前原,姪浜    ,福岡市交通局  ,6,3,1000,6,,,731,753,,434,C,,755
4427,A,,434,C,姪浜    ,福岡空港,福岡市交通局  ,6,4,1000,6,,,755,821,終,,,,
4428,A,,433,C,福岡空港,姪浜    ,福岡市交通局  ,7,1,1000,6,,,645,710,,433,C,,712
4429,A,,433,C,姪浜    ,筑前前原,福岡市交通局  ,7,2,1000,6,,,712,735,,438,C,,740
4430,A,,438,C,筑前前原,姪浜    ,福岡市交通局  ,7,3,1000,6,,,740,804,,438,C,,806
4431,A,,438,C,姪浜    ,福岡空港,福岡市交通局  ,7,4,1000,6,,,806,833,終,,,,
4432,A,,465,C,福岡空港,姪浜    ,福岡市交通局  ,8,1,1000,6,,,956,1022,,465,C,,1024
4433,A,,465,C,姪浜    ,筑前前原,福岡市交通局  ,8,2,1000,6,,,1024,1044,,468,C,,1112
4434,A,,468,C,筑前前原,姪浜    ,福岡市交通局  ,8,3,1000,6,,,1112,1135,,468,C,,1137
4435,A,,468,C,姪浜    ,福岡空港,福岡市交通局  ,8,4,1000,6,,,1137,1202,,481,C,,1207
4436,A,,481,C,福岡空港,姪浜    ,福岡市交通局  ,8,5,1000,6,,,1207,1232,,481,C,,1234
4437,A,,481,C,姪浜    ,筑前前原,福岡市交通局  ,8,6,1000,6,,,1234,1254,,484,C,,1312
4438,A,,484,C,筑前前原,姪浜    ,福岡市交通局  ,8,7,1000,6,,,1312,1335,,484,C,,1337
4439,A,,484,C,姪浜    ,福岡空港,福岡市交通局  ,8,8,1000,6,,,1337,1402,,497,C,,1407
4440,A,,497,C,福岡空港,姪浜    ,福岡市交通局  ,8,9,1000,6,,,1407,1432,,497,C,,1434
4441,A,,497,C,姪浜    ,筑前前原,福岡市交通局  ,8,10,1000,6,,,1434,1454,,520,C,,1512
4442,A,,520,C,筑前前原,姪浜    ,福岡市交通局  ,8,11,1000,6,,,1512,1535,,520,C,,1537
4443,A,,520,C,姪浜    ,福岡空港,福岡市交通局  ,8,12,1000,6,,,1537,1602,,533,C,,1606
4444,A,,533,C,福岡空港,姪浜    ,福岡市交通局  ,8,13,1000,6,,,1606,1631,,533,C,,1633
4445,A,,533,C,姪浜    ,筑前前原,福岡市交通局  ,8,14,1000,6,,,1633,1655,,536,C,,1724
4446,A,,536,C,筑前前原,姪浜    ,福岡市交通局  ,8,15,1000,6,,,1724,1746,,536,C,,1748
4447,A,,536,C,姪浜    ,福岡空港,福岡市交通局  ,8,16,1000,6,,,1748,1814,,545,C,,1819
4448,A,,545,C,福岡空港,姪浜    ,福岡市交通局  ,8,17,1000,6,,,1819,1845,,545,C,,1847
4449,A,,545,C,姪浜    ,筑前前原,福岡市交通局  ,8,18,1000,6,,,1847,1908,,548,C,,1913
4450,A,,548,C,筑前前原,姪浜    ,福岡市交通局  ,8,19,1000,6,,,1913,1935,,548,C,,1936
4451,A,,548,C,姪浜    ,福岡空港,福岡市交通局  ,8,20,1000,6,,,1936,2002,,557,C,,2006
4452,A,,557,C,福岡空港,姪浜    ,福岡市交通局  ,8,21,1000,6,,,2006,2031,,557,C,,2033
4453,A,,557,C,姪浜    ,筑前前原,福岡市交通局  ,8,22,1000,6,,,2033,2056,,562,C,,2124
4454,A,,562,C,筑前前原,姪浜    ,福岡市交通局  ,8,23,1000,6,,,2124,2145,,562,C,,2147
4455,A,,562,C,姪浜    ,福岡空港,福岡市交通局  ,8,24,1000,6,,,2147,2212,終,,,,
4456,A,,469,C,福岡空港,姪浜    ,福岡市交通局  ,9,1,1000,6,,,1041,1106,,469,C,,1108
4457,A,,469,C,姪浜    ,筑前前原,福岡市交通局  ,9,2,1000,6,,,1108,1128,,472,C,,1143
4458,A,,472,C,筑前前原,姪浜    ,福岡市交通局  ,9,3,1000,6,,,1143,1205,,472,C,,1207
4459,A,,472,C,姪浜    ,福岡空港,福岡市交通局  ,9,4,1000,6,,,1207,1232,,485,C,,1237
4460,A,,485,C,福岡空港,姪浜    ,福岡市交通局  ,9,5,1000,6,,,1237,1302,,485,C,,1304
4461,A,,485,C,姪浜    ,筑前前原,福岡市交通局  ,9,6,1000,6,,,1304,1324,,488,C,,1343
4462,A,,488,C,筑前前原,姪浜    ,福岡市交通局  ,9,7,1000,6,,,1343,1405,,488,C,,1407
4463,A,,488,C,姪浜    ,福岡空港,福岡市交通局  ,9,8,1000,6,,,1407,1432,,521,C,,1437
4464,A,,521,C,福岡空港,姪浜    ,福岡市交通局  ,9,9,1000,6,,,1437,1502,,521,C,,1504
4465,A,,521,C,姪浜    ,筑前前原,福岡市交通局  ,9,10,1000,6,,,1504,1523,,522,C,,1529
4466,A,,522,C,筑前前原,姪浜    ,福岡市交通局  ,9,11,1000,6,,,1529,1550,,522,C,,1552
4467,A,,522,C,姪浜    ,福岡空港,福岡市交通局  ,9,12,1000,6,,,1552,1617,,535,C,,1622
4468,A,,535,C,福岡空港,姪浜    ,福岡市交通局  ,9,13,1000,6,,,1622,1647,,535,C,,1649
4469,A,,535,C,姪浜    ,筑前前原,福岡市交通局  ,9,14,1000,6,,,1649,1710,,538,C,,1737
4470,A,,538,C,筑前前原,姪浜    ,福岡市交通局  ,9,15,1000,6,,,1737,1759,,538,C,,1800
4471,A,,538,C,姪浜    ,福岡空港,福岡市交通局  ,9,16,1000,6,,,1800,1827,,547,C,,1831
4472,A,,547,C,福岡空港,姪浜    ,福岡市交通局  ,9,17,1000,6,,,1831,1858,,547,C,,1900
4473,A,,547,C,姪浜    ,筑前前原,福岡市交通局  ,9,18,1000,6,,,1900,1920,,552,C,,1956
4474,A,,552,C,筑前前原,姪浜    ,福岡市交通局  ,9,19,1000,6,,,1956,2017,,552,C,,2019
4475,A,,552,C,姪浜    ,福岡空港,福岡市交通局  ,9,20,1000,6,,,2019,2044,,561,C,,2048
4476,A,,561,C,福岡空港,姪浜    ,福岡市交通局  ,9,21,1000,6,,,2048,2114,,561,C,,2116
4477,A,,561,C,姪浜    ,筑前前原,福岡市交通局  ,9,22,1000,6,,,2116,2136,,564,C,,2142
4478,A,,564,C,筑前前原,姪浜    ,福岡市交通局  ,9,23,1000,6,,,2142,2204,,564,C,,2206
4479,A,,564,C,姪浜    ,福岡空港,福岡市交通局  ,9,24,1000,6,,,2206,2231,,569,C,,2234
4480,A,,569,C,福岡空港,姪浜    ,福岡市交通局  ,9,25,1000,6,,,2234,2259,,569,C,,2301
4481,A,,569,C,姪浜    ,筑前前原,福岡市交通局  ,9,26,1000,6,,,2301,2321,終,,,,
9883,A,回,8095,M,南福岡  ,博多    ,南福岡車両区  ,205,3,885,6,,,1145,1158,,8095,H,,1204
9884,A,,8095,H,博多    ,武雄温泉,南福岡車両区  ,205,4,885,6,,,1204,1321,,8096,H,,1347
9885,A,,8096,H,武雄温泉,博多    ,南福岡車両区  ,205,5,885,6,,,1347,1453,回,8096,M,,1504
9886,A,回,8096,M,博多    ,南福岡  ,南福岡車両区  ,205,6,885,6,,,1504,1518,,8091,H,,910
9887,A,,8091,H,博多    ,武雄温泉,南福岡車両区  ,311,6,787,8,,,910,1022,,8092,H,,1040
9888,A,,8092,H,武雄温泉,博多    ,南福岡車両区  ,311,7,787,8,,,1040,1142,,8039,H,,1721
9889,A,,8039,H,早岐    ,テンボス,南福岡車両区  ,411,11,783,4,,,1721,1727,,8052,H,,1804
9890,A,,8052,H,テンボス,早岐    ,南福岡車両区  ,411,12,783,4,,,1804,1812,,8035,H,,1619
9891,A,,8035,H,早岐    ,テンボス,南福岡車両区  ,413,12,783,4,,,1619,1625,,8048,H,,1658
9892,A,,8048,H,テンボス,早岐    ,南福岡車両区  ,413,13,783,4,,,1658,1706,終,,,,
9893,A,回,8093,M,南福岡  ,博多    ,南福岡車両区  ,1000,1,787,8,,,1100,1107,,8093,H,,1118
9894,A,,8093,H,博多    ,武雄温泉,南福岡車両区  ,1000,2,787,8,,,1118,1223,,8094,H,,1245
9895,A,,8094,H,武雄温泉,博多    ,南福岡車両区  ,1000,3,787,8,,,1245,1353,回,8094,M,,1400
9896,A,回,8094,M,博多    ,竹下小  ,南福岡車両区  ,1000,4,787,8,,,1400,1404,回,8097,M,,1410
9897,A,回,8097,M,竹下小  ,博多    ,南福岡車両区  ,1000,5,787,8,,,1410,1414,,8097,H,,1419
9898,A,,8097,H,博多    ,武雄温泉,南福岡車両区  ,1000,6,787,8,,,1419,1523,,8098,H,,1547
9899,A,,8098,H,武雄温泉,博多    ,南福岡車両区  ,1000,7,787,8,,,1547,1656,回,8098,M,,1709
9900,A,回,8098,M,博多    ,南福岡  ,南福岡車両区  ,1000,8,787,8,,,1709,1716,終,,,,
9901,A,回,8120,M,南福岡  ,竹下小  ,南福岡車両区  ,8031,1,787d,6,,,723,732,回,8122,M,,835
9902,A,回,8122,M,竹下    ,吉塚（電,南福岡車両区  ,8031,2,787d,6,,,835,854,回,8101,M,,937
9903,A,回,8101,M,吉塚（電,博多    ,南福岡車両区  ,8031,3,787d,6,,,937,946,,8101,M,,1000
9904,A,,8101,M,博多    ,熊本    ,南福岡車両区  ,8031,4,787d,6,,,1000,1152,,8103,M,,1202
9905,A,,8103,M,熊本    ,八代    ,南福岡車両区  ,8031,5,787d,6,,,1202,1229,,8103,M,,1236
9906,A,,8103,M,八代    ,出水    ,南福岡車両区  ,8031,6,787d,6,,,1236,1348,,8105,M,,1357
9907,A,,8105,M,出水    ,川内    ,南福岡車両区  ,8031,7,787d,6,,,1357,1534,,8105,M,,1536
9908,A,,8105,M,川内    ,鹿児島中,南福岡車両区  ,8031,8,787d,6,,,1536,1626,終,,,,
9909,A,,8102,M,鹿児島中,大川原  ,南福岡車両区  ,8032,1,787d,6,,,1122,1326,,8104,M,,1414
9910,A,,8104,M,大川原  ,宮崎    ,南福岡車両区  ,8032,2,787d,6,,,1414,1540,回,8104,M,,1609
9911,A,回,8104,M,宮崎    ,南宮崎  ,南福岡車両区  ,8032,3,787d,6,,,1609,1612,終,,,,
9912,A,回,8102,M,南宮崎  ,宮崎    ,南福岡車両区  ,8033,1,787d,6,,,1035,1039,回,8106,M,,1105
9913,A,回,8106,M,宮崎    ,宮崎空港,南福岡車両区  ,8033,2,787d,6,,,1105,1123,,8106,M,,1136
9914,A,,8106,M,宮崎空港,重岡    ,南福岡車両区  ,8033,3,787d,6,,,1136,1434,,8108,M,,1455
9915,A,,8108,M,重岡    ,別府    ,南福岡車両区  ,8033,4,787d,6,,,1455,1712,回,8108,M,,1721
9916,A,回,8108,M,別府    ,下郡信  ,南福岡車両区  ,8033,5,787d,6,,,1721,1746,終,,,,
9917,A,回,8110,M,下郡信  ,大分    ,南福岡車両区  ,8034,1,787d,6,,,1018,1022,,8110,M,,1048
9918,A,,8110,M,大分    ,門司港  ,南福岡車両区  ,8034,2,787d,6,,,1048,1338,,8107,M,,1505
9919,A,,8107,M,門司港  ,博多    ,南福岡車両区  ,8034,3,787d,6,,,1505,1641,回,8107,M,,1650
9920,A,回,8107,M,博多    ,南福岡  ,南福岡車両区  ,8034,4,787d,6,,,1650,1659,終,,,,
9921,A,回,8124,M,南福岡  ,竹下小  ,南福岡車両区  ,8035,1,787d,6,,,723,732,回,8109,M,,944
9922,A,回,8109,M,竹下    ,博多    ,南福岡車両区  ,8035,2,787d,6,,,944,948,,8109,M,,1123
9923,A,,8109,M,博多    ,肥前浜  ,南福岡車両区  ,8035,3,787d,6,,,1123,1242,,8112,M,,1338
9924,A,,8112,M,肥前浜  ,江北    ,南福岡車両区  ,8035,4,787d,6,,,1338,1355,,8111,M,,1407
9925,A,,8111,M,江北    ,佐世保  ,南福岡車両区  ,8035,5,787d,6,,,1407,1613,,8114,M,,1727
9926,A,,8114,M,佐世保  ,博多    ,南福岡車両区  ,8035,6,787d,6,,,1727,2006,回,8114,M,,2018
9927,A,回,8114,M,博多    ,南福岡  ,南福岡車両区  ,8035,7,787d,6,,,2018,2036,終,,,,
9928,A,回,8003,D,竹下小  ,博多    ,直方車両セ    ,7001,1,D70 ,4,,,952,956,,8003,D,,1011
9929,A,,8003,D,博多    ,別府    ,直方車両セ    ,7001,2,D70 ,4,,,1011,1331,,8004,D,,1436
9930,A,,8004,D,別府    ,博多    ,直方車両セ    ,7001,3,D70 ,4,,,1436,1810,回,8004,D,,1818
9931,A,回,8004,D,博多    ,竹下小  ,直方車両セ    ,7001,4,D70 ,4,,,1818,1821,回,8663,D,,1355
9932,A,回,8663,D,別府    ,大分    ,直方車両セ    ,7001,3,D70 ,4,,,1355,1407,回,8664,D,,1418
9933,A,回,8664,D,大分    ,別府    ,直方車両セ    ,7001,4,D70 ,4,,,1418,1430,終,,,,
9934,A,回,8001,D,竹下小  ,博多    ,直方車両セ    ,7002,1,D72 ,5,,,904,908,,8001,D,,917
9935,A,,8001,D,博多    ,由布院  ,直方車両セ    ,7002,2,D72 ,5,,,917,1131,,8002,D,,1201
9936,A,,8002,D,由布院  ,博多    ,直方車両セ    ,7002,3,D72 ,5,,,1201,1419,,8005,D,,1438
9937,A,,8005,D,博多    ,由布院  ,直方車両セ    ,7002,4,D72 ,5,,,1438,1650,,8006,D,,1717
9938,A,,8006,D,由布院  ,博多    ,直方車両セ    ,7002,5,D72 ,5,,,1717,1927,回,8006,D,,1937
9939,A,回,8006,D,博多    ,竹下小  ,直方車両セ    ,7002,6,D72 ,5,,,1937,1942,終,,,,
9940,A,回,8910,D,早岐    ,鳥栖    ,佐世保車両セ  ,2000,1,Ds47,2,,,953,1222,回,8010,D,,1227
9941,A,回,8010,D,鳥栖    ,竹下小  ,佐世保車両セ  ,2000,2,Ds47,2,,,1227,1310,終,,,,
9942,A,回,8012,D,竹下小  ,吉塚　鹿,佐世保車両セ  ,2001,1,Ds47,2,,,937,955,回,8013,D,,1040
9943,A,回,8013,D,吉塚　鹿,博多    ,佐世保車両セ  ,2001,2,Ds47,2,,,1040,1043,,8013,D,,1058
9944,A,,8013,D,博多    ,由布院  ,佐世保車両セ  ,2001,3,Ds47,2,,,1058,1408,,8014,D,,1500
9945,A,,8014,D,由布院  ,博多    ,佐世保車両セ  ,2001,4,Ds47,2,,,1500,1803,回,8014,D,,1813
9946,A,回,8014,D,博多    ,吉塚　鹿,佐世保車両セ  ,2001,5,Ds47,2,,,1813,1817,回,8015,D,,1913
9947,A,回,8015,D,吉塚　鹿,竹下小  ,佐世保車両セ  ,2001,6,Ds47,2,,,1913,1924,回,8017,D,,1913
9948,A,回,8017,D,吉塚　鹿,早岐    ,佐世保車両セ  ,2001,6,Ds47,2,,,1913,2222,終,,,,
9949,A,回,8020,D,早岐    ,武雄温泉,佐世保車両セ  ,3001,1,D147,3,,,932,1004,,8020,D,,1022
9950,A,,8020,D,武雄温泉,江北    ,佐世保車両セ  ,3001,2,D147,3,,,1022,1038,,8021,D,,1045
9951,A,,8021,D,江北    ,長崎    ,佐世保車両セ  ,3001,3,D147,3,,,1045,1315,,8022,D,,1453
9952,A,,8022,D,長崎    ,早岐    ,佐世保車両セ  ,3001,4,D147,3,,,1453,1712,,8024,D,,1718
9953,A,,8024,D,早岐    ,武雄温泉,佐世保車両セ  ,3001,5,D147,3,,,1718,1754,回,8025,D,,1819
9954,A,回,8025,D,武雄温泉,早岐    ,佐世保車両セ  ,3001,6,D147,3,,,1819,1855,回,8480,D,,753
9955,A,回,8480,D,豊後竹田,豊後荻  ,大分車両セ    ,4,2,D125,1,,,753,813,回,8481,D,,901
9956,A,回,8481,D,豊後荻  ,豊後竹田,大分車両セ    ,4,3,D125,1,,,901,915,終,,,,
9957,A,回,8670,M,下郡信  ,大分    ,大分車両セ    ,301,1,883,7,,,940,944,,8070,M,,948
9958,A,,8070,M,大分    ,小倉    ,大分車両セ    ,301,2,883,7,,,948,1127,,8071,M,,1151
9959,A,,8071,M,小倉    ,大分    ,大分車両セ    ,301,3,883,7,,,1151,1321,,8072,M,,1348
9960,A,,8072,M,大分    ,小倉    ,大分車両セ    ,301,4,883,7,,,1348,1524,回,8072,M,,1529
9961,A,回,8072,M,小倉    ,門司港  ,大分車両セ    ,301,5,883,7,,,1529,1541,回,8073,M,,1612
9962,A,回,8073,M,門司港  ,小倉    ,大分車両セ    ,301,6,883,7,,,1612,1626,,8073,M,,1631
9963,A,,8073,M,小倉    ,大分    ,大分車両セ    ,301,7,883,7,,,1631,1800,回,8673,M,,1807
9964,A,回,8673,M,大分    ,下郡信  ,大分車両セ    ,301,8,883,7,,,1807,1811,,,,,
9965,A,回,8672,M,下郡信  ,大分    ,大分車両セ    ,301,1,883,7,,,1313,1317,回,8671,M,,1330
9966,A,回,8671,M,大分    ,下郡信  ,大分車両セ    ,301,4,883,7,,,1330,1334,回,8452,M,,1443
9967,A,回,8452,M,鹿児島中,川内    ,大分車両セ    ,314,4,787,4,,,1443,1524,回,8453,M,,1529
9968,A,回,8453,M,川内    ,鹿児島中,大分車両セ    ,314,5,787,4,,,1529,1613,終,,,,
9969,A,回,8690,M,下郡信  ,大分    ,大分車両セ    ,1901,1,883,7,,,1847,1851,回,8592,M,,1858
9970,A,回,8592,M,大分    ,西小倉日,大分車両セ    ,1901,2,883,7,,,1858,2125,回,8181,M,,2209
9971,A,回,8181,M,西小倉日,博多    ,大分車両セ    ,1901,3,883,7,,,2209,2318,,8081,M,,2325
9972,A,,8081,M,博多    ,大分    ,大分車両セ    ,1901,4,883,7,,,2325,152,回,8697,M,,159
9973,A,回,8697,M,大分    ,下郡信  ,大分車両セ    ,1901,5,883,7,,,159,203,終,,,,
9974,A,回,8674,M,下郡信  ,大分    ,大分車両セ    ,1950,1,787,4,,,1537,1541,,8074,M,,1547
9975,A,,8074,M,大分    ,小倉    ,大分車両セ    ,1950,2,787,4,,,1547,1718,,8075,M,,1827
9976,A,,8075,M,小倉    ,大分    ,大分車両セ    ,1950,3,787,4,,,1827,2002,回,8675,M,,2008
9977,A,回,8675,M,大分    ,下郡信  ,大分車両セ    ,1950,4,787,4,,,2008,2012,終,,,,
9978,A,回,8081,D,熊本操  ,熊本    ,大分車両セ    ,8001,1,D185,2,,,926,930,,8081,D,,957
9979,A,,8081,D,熊本    ,宮地    ,大分車両セ    ,8001,2,D185,2,,,957,1132,,8082,D,,1202
9980,A,,8082,D,宮地    ,熊本    ,大分車両セ    ,8001,3,D185,2,,,1202,1320,,8083,D,,1336
9981,A,,8083,D,熊本    ,宮地    ,大分車両セ    ,8001,4,D185,2,,,1336,1511,,8084,D,,1548
9982,A,,8084,D,宮地    ,熊本    ,大分車両セ    ,8001,5,D185,2,,,1548,1708,回,8084,D,,1718
9983,A,回,8084,D,熊本    ,熊本操  ,大分車両セ    ,8001,6,D185,2,,,1718,1721,終,,,,
9984,A,回,8201,,竹下小  ,博多    ,大分車両セ    ,8011,1,DF20,2,,,1034,1039,,8201,,,1058
9985,A,,8201,,博多    ,熊本    ,大分車両セ    ,8011,2,DF20,1,,,1058,1410,,8203,,,1412
9986,A,,8203,,熊本    ,八代    ,大分車両セ    ,8011,3,DF20,1,,,1412,1447,,8205,,,1706
9987,A,,8205,,八代    ,出水    ,大分車両セ    ,8011,4,DF20,1,,,1706,2032,,8207,,,2045
9988,A,,8207,,出水    ,川内    ,大分車両セ    ,8011,5,DF20,1,,,2045,2251,,8209,,,2257
9989,A,,8209,,川内    ,鹿児島中,大分車両セ    ,8011,6,DF20,1,,,2257,10,終,,,,
9990,A,,8210,,鹿児島中,霧島神宮,大分車両セ    ,8012,1,DF20,1,,,553,713,,8212,,,805
9991,A,,8212,,霧島神宮,南宮崎  ,大分車両セ    ,8012,2,DF20,1,,,805,1039,,8214,,,1045
9992,A,,8214,,南宮崎  ,日向市  ,大分車両セ    ,8012,3,DF20,1,,,1045,1239,回,8214,,,1257
9993,A,回,8214,,日向市  ,大分    ,大分車両セ    ,8012,4,DF20,1,,,1257,1649,回,8216,,,1748
9994,A,回,8216,,大分    ,下郡信  ,大分車両セ    ,8012,5,DF20,1,,,1748,1753,回,8217,,,2338
9995,A,回,8217,,下郡信  ,大分    ,大分車両セ    ,8012,6,DF20,1,,,2338,2342,終,,,,
9996,A,回,8218,,大分    ,豊後竹田,大分車両セ    ,8013,1,DF20,1,,,426,647,回,8220,,,1139
9997,A,回,8220,,豊後竹田,阿蘇    ,大分車両セ    ,8013,2,DF20,1,,,1139,1228,,8220,,,1412
9998,A,,8220,,阿蘇    ,熊本    ,大分車両セ    ,8013,3,DF20,1,,,1412,1517,,8222,,,1518
9999,A,,8222,,熊本    ,博多    ,大分車両セ    ,8013,4,DF20,1,,,1518,1709,,8224,,,1722
10000,A,,8224,,博多    ,門司港  ,大分車両セ    ,8013,5,DF20,1,,,1722,1920,,8225,,,2230
10001,A,,8225,,門司港  ,小倉    ,大分車両セ    ,8013,6,DF20,1,,,2230,4,終,,,,
10002,A,,8227,,小倉    ,柳ヶ浦  ,大分車両セ    ,8014,1,DF20,1,,,542,820,,8229,,,1017
10003,A,,8229,,柳ヶ浦  ,宇佐    ,大分車両セ    ,8014,2,DF20,1,,,1017,1024,,8231,,,1215
10004,A,,8231,,宇佐    ,大分    ,大分車両セ    ,8014,3,DF20,1,,,1215,1332,,8232,,,1341
10005,A,,8232,,大分    ,久留米  ,大分車両セ    ,8014,4,DF20,1,,,1341,1655,,8234,,,1656
10006,A,,8234,,久留米  ,博多    ,大分車両セ    ,8014,5,DF20,1,,,1656,1736,回,8234,,,1754
10007,A,回,8234,,博多    ,竹下小  ,大分車両セ    ,8014,6,DF20,2,,,1754,1800,終,,,,
10008,A,回,8401,,竹下小  ,博多    ,大分車両セ    ,8015,1,DF20,2,,,1034,1039,,8401,,,1058
10009,A,,8401,,博多    ,久留米  ,大分車両セ    ,8015,2,DF20,1,,,1058,1230,,8403,,,1234
10010,A,,8403,,久留米  ,日田    ,大分車両セ    ,8015,3,DF20,1,,,1234,1452,,8405,,,1626
10011,A,,8405,,日田    ,由布院  ,大分車両セ    ,8015,4,DF20,1,,,1626,1828,,8407,,,1835
10012,A,,8407,,由布院  ,大分    ,大分車両セ    ,8015,5,DF20,1,,,1835,2053,,8408,,,2158
10013,A,,8408,,大分    ,豊後竹田,大分車両セ    ,8015,6,DF20,1,,,2158,32,終,,,,
10014,A,,8410,,豊後竹田,阿蘇    ,大分車両セ    ,8016,1,DF20,1,,,455,554,,8412,,,1147
10015,A,,8412,,阿蘇    ,熊本    ,大分車両セ    ,8016,2,DF20,1,,,1147,1312,回,8412,,,1404
10016,A,回,8412,,熊本    ,竹下小  ,大分車両セ    ,8016,3,DF20,1,,,1404,1624,終,,,,
10017,A,回,8414,,竹下小  ,博多    ,大分車両セ    ,8017,1,DF20,2,,,632,637,回,8415,,,701
10018,A,回,8415,,博多    ,江北    ,大分車両セ    ,8017,2,DF20,1,,,701,831,回,8417,,,833
10019,A,回,8417,,江北    ,長崎    ,大分車両セ    ,8017,3,DF20,1,,,833,1012,回,8418,,,1134
10020,A,回,8418,,長崎    ,諫早    ,大分車両セ    ,8017,4,DF20,1,,,1134,1157,,8418,,,1300
10021,A,,8418,,諫早    ,肥前浜  ,大分車両セ    ,8017,5,DF20,1,,,1300,1450,,8420,,,1525
10022,A,,8420,,肥前浜  ,博多    ,大分車両セ    ,8017,6,DF20,1,,,1525,1709,,8422,,,1722
10023,A,,8422,,博多    ,門司港  ,大分車両セ    ,8017,7,DF20,1,,,1722,1920,,8423,,,2230
10024,A,,8423,,門司港  ,小倉    ,大分車両セ    ,8017,8,DF20,1,,,2230,4,終,,,,
10025,A,,8425,,小倉    ,宇佐    ,大分車両セ    ,8018,1,DF20,1,,,542,727,,8427,,,909
10026,A,,8427,,宇佐    ,杵築    ,大分車両セ    ,8018,2,DF20,1,,,909,931,,8429,,,1147
10027,A,,8429,,杵築    ,大分    ,大分車両セ    ,8018,3,DF20,1,,,1147,1332,,8430,,,1341
10028,A,,8430,,大分    ,久留米  ,大分車両セ    ,8018,4,DF20,1,,,1341,1655,,8432,,,1656
10029,A,,8432,,久留米  ,博多    ,大分車両セ    ,8018,5,DF20,1,,,1656,1736,回,8432,,,1754
10030,A,回,8432,,博多    ,竹下小  ,大分車両セ    ,8018,6,DF20,2,,,1754,1800,終,,,,
10031,A,回,8101,,竹下小  ,博多    ,大分車両セ    ,8019,1,DF20,2,,,1034,1039,,8101,,,1058
10032,A,,8101,,博多    ,武雄温泉,大分車両セ    ,8019,2,DF20,1,,,1058,1325,,8103,,,1427
10033,A,,8103,,武雄温泉,三間坂  ,大分車両セ    ,8019,3,DF20,1,,,1427,1437,,8105,,,1720
10034,A,,8105,,三間坂  ,早岐    ,大分車両セ    ,8019,4,DF20,1,,,1720,1816,,8107,,,1818
10035,A,,8107,,早岐    ,長崎    ,大分車両セ    ,8019,5,DF20,1,,,1818,2008,終,,,,
10036,A,,8106,,長崎    ,肥前浜  ,大分車両セ    ,8020,1,DF20,1,,,510,702,,8108,,,943
10037,A,,8108,,肥前浜  ,鳥栖    ,大分車両セ    ,8020,2,DF20,1,,,943,1101,,8109,,,1222
10038,A,,8109,,鳥栖    ,日田    ,大分車両セ    ,8020,3,DF20,1,,,1222,1408,,8111,,,1410
10039,A,,8111,,日田    ,由布院  ,大分車両セ    ,8020,4,DF20,1,,,1410,1530,回,8111,,,1835
10040,A,回,8111,,由布院  ,大分    ,大分車両セ    ,8020,5,DF20,1,,,1835,2053,回,8112,,,2207
10041,A,回,8112,,大分    ,下郡信  ,大分車両セ    ,8020,6,DF20,1,,,2207,2211,終,,,,
10042,A,回,8113,,下郡信  ,大分    ,大分車両セ    ,8021,1,DF20,1,,,1107,1111,,8113,,,1215
10043,A,,8113,,大分    ,延岡    ,大分車両セ    ,8021,2,DF20,1,,,1215,1507,,8115,,,1509
10044,A,,8115,,延岡    ,川南    ,大分車両セ    ,8021,3,DF20,1,,,1509,1640,,8117,,,1709
10045,A,,8117,,川南    ,都城    ,大分車両セ    ,8021,4,DF20,1,,,1709,2058,,8119,,,2122
10046,A,,8119,,都城    ,鹿児島中,大分車両セ    ,8021,5,DF20,1,,,2122,2351,終,,,,
10047,A,,8120,,鹿児島中,川内    ,大分車両セ    ,8022,1,DF20,1,,,501,721,,8122,,,1032
10048,A,,8122,,川内    ,出水    ,大分車両セ    ,8022,2,DF20,1,,,1032,1216,,8124,,,1235
10049,A,,8124,,出水    ,八代    ,大分車両セ    ,8022,3,DF20,1,,,1235,1429,,8126,,,1435
10050,A,,8126,,八代    ,博多    ,大分車両セ    ,8022,4,DF20,1,,,1435,1709,回,8126,,,1739
10051,A,回,8126,,博多    ,竹下小  ,大分車両セ    ,8022,5,DF20,2,,,1739,1744,終,,,,
10052,A,回,8001,,竹下小  ,博多    ,大分車両セ    ,8023,1,DF20,2,,,924,929,,8001,,,950
10053,A,,8001,,博多    ,日田    ,大分車両セ    ,8023,2,DF20,1,,,950,1151,,8003,,,1158
10054,A,,8003,,日田    ,由布院  ,大分車両セ    ,8023,3,DF20,1,,,1158,1458,,8005,,,1835
10055,A,,8005,,由布院  ,庄内    ,大分車両セ    ,8023,4,DF20,1,,,1835,1856,,8007,,,2326
10056,A,,8007,,庄内    ,大分    ,大分車両セ    ,8023,5,DF20,1,,,2326,2,終,,,,
10057,A,,8008,,大分    ,豊後竹田,大分車両セ    ,8024,1,DF20,1,,,426,647,,8010,,,1139
10058,A,,8010,,豊後竹田,阿蘇    ,大分車両セ    ,8024,2,DF20,1,,,1139,1228,,8012,,,1412
10059,A,,8012,,阿蘇    ,熊本    ,大分車両セ    ,8024,3,DF20,1,,,1412,1517,,8014,,,1518
10060,A,,8014,,熊本    ,博多    ,大分車両セ    ,8024,4,DF20,1,,,1518,1709,回,8014,,,1739
10061,A,回,8014,,博多    ,竹下小  ,大分車両セ    ,8024,5,DF20,2,,,1739,1744,終,,,,
10062,A,回,8322,,竹下小  ,博多    ,大分車両セ    ,8025,1,DF20,1,,,2134,2138,回,8324,,,2145
10063,A,回,8324,,博多    ,門司港  ,大分車両セ    ,8025,2,DF20,1,,,2145,2327,回,8325,,,9
10064,A,回,8325,,門司港  ,大分    ,大分車両セ    ,8025,3,DF20,1,,,9,204,回,8326,,,206
10065,A,回,8326,,大分    ,下郡信  ,大分車両セ    ,8025,4,DF20,1,,,206,210,終,,,,
10066,A,回,8316,,竹下小  ,博多    ,大分車両セ    ,8026,1,DF20,2,,,2148,2154,回,8317,,,2224
10067,A,回,8317,,博多    ,久留米  ,大分車両セ    ,8026,2,DF20,1,,,2224,2328,回,8319,,,2338
10068,A,回,8319,,久留米  ,大分    ,大分車両セ    ,8026,3,DF20,1,,,2338,228,終,,,,
10069,A,回,8320,,大分    ,下郡信  ,大分車両セ    ,8027,1,DF20,1,,,617,622,終,,,,
10070,A,回,8327,,下郡信  ,大分    ,大分車両セ    ,8028,1,DF20,1,,,2338,2342,終,,,,
10071,A,回,8328,,大分    ,久留米  ,大分車両セ    ,8029,1,DF20,1,,,210,500,回,8330,,,506
10072,A,回,8330,,久留米  ,竹下小  ,大分車両セ    ,8029,2,DF20,1,,,506,552,終,,,,
10073,A,回,8201,,竹下小  ,博多    ,大分車両セ    ,8031,1,P77 ,7,,,1034,1039,,8201,,,1058
10074,A,,8201,,博多    ,熊本    ,大分車両セ    ,8031,2,P77 ,7,,,1058,1410,,8203,,,1412
10075,A,,8203,,熊本    ,八代    ,大分車両セ    ,8031,3,P77 ,7,,,1412,1447,,8205,,,1706
10076,A,,8205,,八代    ,出水    ,大分車両セ    ,8031,4,P77 ,7,,,1706,2032,,8207,,,2045
10077,A,,8207,,出水    ,川内    ,大分車両セ    ,8031,5,P77 ,7,,,2045,2251,,8209,,,2257
10078,A,,8209,,川内    ,鹿児島中,大分車両セ    ,8031,6,P77 ,7,,,2257,10,終,,,,
10079,A,,8210,,鹿児島中,霧島神宮,大分車両セ    ,8032,1,P77 ,7,,,553,713,,8212,,,805
10080,A,,8212,,霧島神宮,南宮崎  ,大分車両セ    ,8032,2,P77 ,7,,,805,1039,,8214,,,1045
10081,A,,8214,,南宮崎  ,日向市  ,大分車両セ    ,8032,3,P77 ,7,,,1045,1239,回,8214,,,1257
10082,A,回,8214,,日向市  ,大分    ,大分車両セ    ,8032,4,P77 ,7,,,1257,1649,回,8216,,,1748
10083,A,回,8216,,大分    ,下郡信  ,大分車両セ    ,8032,5,P77 ,7,,,1748,1753,回,8217,,,2338
10084,A,回,8217,,下郡信  ,大分    ,大分車両セ    ,8032,6,P77 ,7,,,2338,2342,終,,,,
10085,A,回,8218,,大分    ,豊後竹田,大分車両セ    ,8033,1,P77 ,7,,,426,647,回,8220,,,1139
10086,A,回,8220,,豊後竹田,阿蘇    ,大分車両セ    ,8033,2,P77 ,7,,,1139,1228,,8220,,,1412
10087,A,,8220,,阿蘇    ,熊本    ,大分車両セ    ,8033,3,P77 ,7,,,1412,1517,,8222,,,1518
10088,A,,8222,,熊本    ,博多    ,大分車両セ    ,8033,4,P77 ,7,,,1518,1709,,8224,,,1722
10089,A,,8224,,博多    ,門司港  ,大分車両セ    ,8033,5,P77 ,7,,,1722,1920,,8225,,,2230
10090,A,,8225,,門司港  ,小倉    ,大分車両セ    ,8033,6,P77 ,7,,,2230,4,終,,,,
10091,A,,8227,,小倉    ,柳ヶ浦  ,大分車両セ    ,8034,1,P77 ,7,,,542,820,,8229,,,1017
10092,A,,8229,,柳ヶ浦  ,宇佐    ,大分車両セ    ,8034,2,P77 ,7,,,1017,1024,,8231,,,1215
10093,A,,8231,,宇佐    ,大分    ,大分車両セ    ,8034,3,P77 ,7,,,1215,1332,,8232,,,1341
10094,A,,8232,,大分    ,久留米  ,大分車両セ    ,8034,4,P77 ,7,,,1341,1655,,8234,,,1656
10095,A,,8234,,久留米  ,博多    ,大分車両セ    ,8034,5,P77 ,7,,,1656,1736,回,8234,,,1754
10096,A,回,8234,,博多    ,竹下小  ,大分車両セ    ,8034,6,P77 ,7,,,1754,1800,終,,,,
10097,A,回,8401,,竹下小  ,博多    ,大分車両セ    ,8035,1,P77 ,7,,,1034,1039,,8401,,,1058
10098,A,,8401,,博多    ,久留米  ,大分車両セ    ,8035,2,P77 ,7,,,1058,1230,,8403,,,1234
10099,A,,8403,,久留米  ,日田    ,大分車両セ    ,8035,3,P77 ,7,,,1234,1452,,8405,,,1626
10100,A,,8405,,日田    ,由布院  ,大分車両セ    ,8035,4,P77 ,7,,,1626,1828,,8407,,,1835
10101,A,,8407,,由布院  ,大分    ,大分車両セ    ,8035,5,P77 ,7,,,1835,2053,,8408,,,2158
10102,A,,8408,,大分    ,豊後竹田,大分車両セ    ,8035,6,P77 ,7,,,2158,32,終,,,,
10103,A,,8410,,豊後竹田,阿蘇    ,大分車両セ    ,8036,1,P77 ,7,,,455,554,,8412,,,1147
10104,A,,8412,,阿蘇    ,熊本    ,大分車両セ    ,8036,2,P77 ,7,,,1147,1312,回,8412,,,1404
10105,A,回,8412,,熊本    ,竹下小  ,大分車両セ    ,8036,3,P77 ,7,,,1404,1624,終,,,,
10106,A,回,8414,,竹下小  ,博多    ,大分車両セ    ,8037,1,P77 ,7,,,632,637,回,8415,,,701
10107,A,回,8415,,博多    ,江北    ,大分車両セ    ,8037,2,P77 ,7,,,701,831,回,8417,,,833
10108,A,回,8417,,江北    ,長崎    ,大分車両セ    ,8037,3,P77 ,7,,,833,1012,回,8418,,,1134
10109,A,回,8418,,長崎    ,諫早    ,大分車両セ    ,8037,4,P77 ,7,,,1134,1157,,8418,,,1300
10110,A,,8418,,諫早    ,肥前浜  ,大分車両セ    ,8037,5,P77 ,7,,,1300,1450,,8420,,,1525
10111,A,,8420,,肥前浜  ,博多    ,大分車両セ    ,8037,6,P77 ,7,,,1525,1709,,8422,,,1722
10112,A,,8422,,博多    ,門司港  ,大分車両セ    ,8037,7,P77 ,7,,,1722,1920,,8423,,,2230
10113,A,,8423,,門司港  ,小倉    ,大分車両セ    ,8037,8,P77 ,7,,,2230,4,終,,,,
10114,A,,8425,,小倉    ,宇佐    ,大分車両セ    ,8038,1,P77 ,7,,,542,727,,8427,,,909
10115,A,,8427,,宇佐    ,杵築    ,大分車両セ    ,8038,2,P77 ,7,,,909,931,,8429,,,1147
10116,A,,8429,,杵築    ,大分    ,大分車両セ    ,8038,3,P77 ,7,,,1147,1332,,8430,,,1341
10117,A,,8430,,大分    ,久留米  ,大分車両セ    ,8038,4,P77 ,7,,,1341,1655,,8432,,,1656
10118,A,,8432,,久留米  ,博多    ,大分車両セ    ,8038,5,P77 ,7,,,1656,1736,回,8432,,,1754
10119,A,回,8432,,博多    ,竹下小  ,大分車両セ    ,8038,6,P77 ,7,,,1754,1800,終,,,,
10120,A,回,8101,,竹下小  ,博多    ,大分車両セ    ,8039,1,P77 ,7,,,1034,1039,,8101,,,1058
10121,A,,8101,,博多    ,武雄温泉,大分車両セ    ,8039,2,P77 ,7,,,1058,1325,,8103,,,1427
10122,A,,8103,,武雄温泉,三間坂  ,大分車両セ    ,8039,3,P77 ,7,,,1427,1437,,8105,,,1720
10123,A,,8105,,三間坂  ,早岐    ,大分車両セ    ,8039,4,P77 ,7,,,1720,1816,,8107,,,1818
10124,A,,8107,,早岐    ,長崎    ,大分車両セ    ,8039,5,P77 ,7,,,1818,2008,終,,,,
10125,A,,8106,,長崎    ,肥前浜  ,大分車両セ    ,8040,1,P77 ,7,,,510,702,,8108,,,943
10126,A,,8108,,肥前浜  ,鳥栖    ,大分車両セ    ,8040,2,P77 ,7,,,943,1101,,8109,,,1222
10127,A,,8109,,鳥栖    ,日田    ,大分車両セ    ,8040,3,P77 ,7,,,1222,1408,,8111,,,1410
10128,A,,8111,,日田    ,由布院  ,大分車両セ    ,8040,4,P77 ,7,,,1410,1530,回,8111,,,1835
10129,A,回,8111,,由布院  ,大分    ,大分車両セ    ,8040,5,P77 ,7,,,1835,2053,回,8112,,,2207
10130,A,回,8112,,大分    ,下郡信  ,大分車両セ    ,8040,6,P77 ,7,,,2207,2211,終,,,,
10131,A,回,8113,,下郡信  ,大分    ,大分車両セ    ,8041,1,P77 ,7,,,1107,1111,,8113,,,1215
10132,A,,8113,,大分    ,延岡    ,大分車両セ    ,8041,2,P77 ,7,,,1215,1507,,8115,,,1509
10133,A,,8115,,延岡    ,川南    ,大分車両セ    ,8041,3,P77 ,7,,,1509,1640,,8117,,,1709
10134,A,,8117,,川南    ,都城    ,大分車両セ    ,8041,4,P77 ,7,,,1709,2058,,8119,,,2122
10135,A,,8119,,都城    ,鹿児島中,大分車両セ    ,8041,5,P77 ,7,,,2122,2351,終,,,,
10136,A,,8120,,鹿児島中,川内    ,大分車両セ    ,8042,1,P77 ,7,,,501,721,,8122,,,1032
10137,A,,8122,,川内    ,出水    ,大分車両セ    ,8042,2,P77 ,7,,,1032,1216,,8124,,,1235
10138,A,,8124,,出水    ,八代    ,大分車両セ    ,8042,3,P77 ,7,,,1235,1429,,8126,,,1435
10139,A,,8126,,八代    ,博多    ,大分車両セ    ,8042,4,P77 ,7,,,1435,1709,回,8126,,,1739
10140,A,回,8126,,博多    ,竹下小  ,大分車両セ    ,8042,5,P77 ,7,,,1739,1744,終,,,,
10141,A,回,8001,,竹下小  ,博多    ,大分車両セ    ,8043,1,P77 ,7,,,924,929,,8001,,,950
10142,A,,8001,,博多    ,日田    ,大分車両セ    ,8043,2,P77 ,7,,,950,1151,,8003,,,1158
10143,A,,8003,,日田    ,由布院  ,大分車両セ    ,8043,3,P77 ,7,,,1158,1458,,8005,,,1835
10144,A,,8005,,由布院  ,庄内    ,大分車両セ    ,8043,4,P77 ,7,,,1835,1856,,8007,,,2326
10145,A,,8007,,庄内    ,大分    ,大分車両セ    ,8043,5,P77 ,7,,,2326,2,終,,,,
10146,A,,8008,,大分    ,豊後竹田,大分車両セ    ,8044,1,P77 ,7,,,426,647,,8010,,,1139
10147,A,,8010,,豊後竹田,阿蘇    ,大分車両セ    ,8044,2,P77 ,7,,,1139,1228,,8012,,,1412
10148,A,,8012,,阿蘇    ,熊本    ,大分車両セ    ,8044,3,P77 ,7,,,1412,1517,,8014,,,1518
10149,A,,8014,,熊本    ,博多    ,大分車両セ    ,8044,4,P77 ,7,,,1518,1709,回,8014,,,1739
10150,A,回,8014,,博多    ,竹下小  ,大分車両セ    ,8044,5,P77 ,7,,,1739,1744,終,,,,
10151,A,回,8322,,竹下小  ,博多    ,大分車両セ    ,8045,1,P77 ,7,,,2134,2138,回,8324,,,2145
10152,A,回,8324,,博多    ,門司港  ,大分車両セ    ,8045,2,P77 ,7,,,2145,2327,回,8325,,,9
10153,A,回,8325,,門司港  ,大分    ,大分車両セ    ,8045,3,P77 ,7,,,9,204,回,8326,,,206
10154,A,回,8326,,大分    ,下郡信  ,大分車両セ    ,8045,4,P77 ,7,,,206,210,終,,,,
10155,A,回,8316,,竹下小  ,博多    ,大分車両セ    ,8046,1,P77 ,7,,,2148,2154,回,8317,,,2224
10156,A,回,8317,,博多    ,久留米  ,大分車両セ    ,8046,2,P77 ,7,,,2224,2328,回,8319,,,2338
10157,A,回,8319,,久留米  ,大分    ,大分車両セ    ,8046,3,P77 ,7,,,2338,228,終,,,,
10158,A,回,8320,,大分    ,下郡信  ,大分車両セ    ,8047,1,P77 ,7,,,617,622,終,,,,
10159,A,回,8327,,下郡信  ,大分    ,大分車両セ    ,8048,1,P77 ,7,,,2338,2342,終,,,,
10160,A,回,8328,,大分    ,久留米  ,大分車両セ    ,8049,1,P77 ,7,,,210,500,回,8330,,,506
10161,A,回,8330,,久留米  ,竹下小  ,大分車両セ    ,8049,2,P77 ,7,,,506,552,終,,,,
10162,A,回,8040,D,竹下小  ,箱崎    ,大分車両セ    ,8051,1,DS2R,3,,,1132,1153,回,8041,D,,1207
10163,A,回,8041,D,箱崎    ,博多    ,大分車両セ    ,8051,2,DS2R,3,,,1207,1212,,8041,D,,1219
10164,A,,8041,D,博多    ,別府    ,大分車両セ    ,8051,3,DS2R,3,,,1219,1659,回,8543,D,,1708
10165,A,回,8543,D,別府    ,下郡信  ,大分車両セ    ,8051,4,DS2R,3,,,1708,1729,終,,,,
10166,A,回,8540,D,下郡信  ,別府    ,大分車両セ    ,8052,1,DS2R,3,,,959,1032,,8042,D,,1100
10167,A,,8042,D,別府    ,博多    ,大分車両セ    ,8052,2,DS2R,3,,,1100,1547,回,8042,D,,1554
10168,A,回,8042,D,博多    ,竹下小  ,大分車両セ    ,8052,3,DS2R,3,,,1554,1558,終,,,,
10169,A,回,1071,D,熊本操  ,熊本    ,大分車両セ    ,8211,1,D185,3,,,816,819,,1071,D,,825
10170,A,,1071,D,熊本    ,大分    ,大分車両セ    ,8211,2,D185,3,,,825,1149,,1074,D,,1209
10171,A,,1074,D,大分    ,熊本    ,大分車両セ    ,8211,3,D185,3,,,1209,1505,,1075,D,,1523
10172,A,,1075,D,熊本    ,別府    ,大分車両セ    ,8211,4,D185,3,,,1523,1845,回,4575,D,,1905
10173,A,回,4575,D,別府    ,下郡信  ,大分車両セ    ,8211,5,D185,3,,,1905,1925,終,,,,
10174,A,回,4572,D,下郡信  ,別府    ,大分車両セ    ,8212,1,D185,3,,,716,733,,1072,D,,744
10175,A,,1072,D,別府    ,熊本    ,大分車両セ    ,8212,2,D185,3,,,744,1121,,1073,D,,1151
10176,A,,1073,D,熊本    ,大分    ,大分車両セ    ,8212,3,D185,3,,,1151,1507,,1076,D,,1532
10177,A,,1076,D,大分    ,熊本    ,大分車両セ    ,8212,4,D185,3,,,1532,1848,回,1076,D,,1855
10178,A,回,1076,D,熊本    ,熊本操  ,大分車両セ    ,8212,5,D185,3,,,1855,1858,終,,,,
10179,A,回,4582,D,下郡信  ,大分    ,大分車両セ    ,8711,1,D185,4,,,811,815,,82,D,,820
10180,A,,82,D,大分    ,博多    ,大分車両セ    ,8711,2,D185,4,,,820,1120,回,82,D,,1126
10181,A,回,82,D,博多    ,竹下小  ,大分車両セ    ,8711,3,D185,4,,,1126,1131,回,83,D,,1206
10182,A,回,83,D,竹下小  ,博多    ,大分車両セ    ,8711,4,D185,4,,,1206,1209,,83,D,,1214
10183,A,,83,D,博多    ,別府    ,大分車両セ    ,8711,5,D185,4,,,1214,1546,回,4583,D,,1611
10184,A,回,4583,D,別府    ,下郡信  ,大分車両セ    ,8711,6,D185,4,,,1611,1630,回,4586,D,,1744
10185,A,回,4586,D,下郡信  ,別府    ,大分車両セ    ,8711,7,D185,4,,,1744,1801,,86,D,,1809
10186,A,,86,D,別府    ,博多    ,大分車両セ    ,8711,8,D185,4,,,1809,2134,回,86,D,,2144
10187,A,回,86,D,博多    ,竹下小  ,大分車両セ    ,8711,9,D185,4,,,2144,2148,終,,,,
10188,A,回,81,D,竹下小  ,博多    ,大分車両セ    ,8712,1,D185,4,,,734,738,,81,D,,743
10189,A,,81,D,博多    ,別府    ,大分車両セ    ,8712,2,D185,4,,,743,1104,回,4581,D,,1110
10190,A,回,4581,D,別府    ,下郡信  ,大分車両セ    ,8712,3,D185,4,,,1110,1131,回,4584,D,,1251
10191,A,回,4584,D,下郡信  ,別府    ,大分車両セ    ,8712,4,D185,4,,,1251,1308,,84,D,,1313
10192,A,,84,D,別府    ,博多    ,大分車両セ    ,8712,5,D185,4,,,1313,1631,回,84,D,,1640
10193,A,回,84,D,博多    ,竹下小  ,大分車両セ    ,8712,6,D185,4,,,1640,1644,回,85,D,,1814
10194,A,回,85,D,竹下小  ,博多    ,大分車両セ    ,8712,7,D185,4,,,1814,1817,,85,D,,1830
10195,A,,85,D,博多    ,大分    ,大分車両セ    ,8712,8,D185,4,,,1830,2143,回,4585,D,,2152
10196,A,回,4585,D,大分    ,下郡信  ,大分車両セ    ,8712,9,D185,4,,,2152,2156,終,,,,
10197,A,回,4582,D,下郡信  ,大分    ,大分車両セ    ,8721,1,D185,5,,,811,815,,82,D,,820
10198,A,,82,D,大分    ,博多    ,大分車両セ    ,8721,2,D185,5,,,820,1120,回,82,D,,1126
10199,A,回,82,D,博多    ,竹下小  ,大分車両セ    ,8721,3,D185,5,,,1126,1131,回,83,D,,1206
10200,A,回,83,D,竹下小  ,博多    ,大分車両セ    ,8721,4,D185,5,,,1206,1209,,83,D,,1214
10201,A,,83,D,博多    ,別府    ,大分車両セ    ,8721,5,D185,5,,,1214,1546,回,4583,D,,1611
10202,A,回,4583,D,別府    ,下郡信  ,大分車両セ    ,8721,6,D185,5,,,1611,1630,回,4586,D,,1744
10203,A,回,4586,D,下郡信  ,別府    ,大分車両セ    ,8721,7,D185,5,,,1744,1801,,86,D,,1809
10204,A,,86,D,別府    ,博多    ,大分車両セ    ,8721,8,D185,5,,,1809,2134,回,86,D,,2144
10205,A,回,86,D,博多    ,竹下小  ,大分車両セ    ,8721,9,D185,5,,,2144,2148,終,,,,
10206,A,回,81,D,竹下小  ,博多    ,大分車両セ    ,8722,1,D185,5,,,734,738,,81,D,,743
10207,A,,81,D,博多    ,別府    ,大分車両セ    ,8722,2,D185,5,,,743,1104,回,4581,D,,1110
10208,A,回,4581,D,別府    ,下郡信  ,大分車両セ    ,8722,3,D185,5,,,1110,1131,回,4584,D,,1251
10209,A,回,4584,D,下郡信  ,別府    ,大分車両セ    ,8722,4,D185,5,,,1251,1308,,84,D,,1313
10210,A,,84,D,別府    ,博多    ,大分車両セ    ,8722,5,D185,5,,,1313,1631,回,84,D,,1640
10211,A,回,84,D,博多    ,竹下小  ,大分車両セ    ,8722,6,D185,5,,,1640,1644,回,85,D,,1814
10212,A,回,85,D,竹下小  ,博多    ,大分車両セ    ,8722,7,D185,5,,,1814,1817,,85,D,,1830
10213,A,,85,D,博多    ,大分    ,大分車両セ    ,8722,8,D185,5,,,1830,2143,回,4585,D,,2152
10214,A,回,4585,D,大分    ,下郡信  ,大分車両セ    ,8722,9,D185,5,,,2152,2156,終,,,,
10215,A,回,8031,D,熊本操  ,熊本    ,熊本車両セ    ,8002,1,D185,2,,,1004,1007,,8031,D,,1021
10216,A,,8031,D,熊本    ,三角    ,熊本車両セ    ,8002,2,D185,2,,,1021,1130,,8032,D,,1158
10217,A,,8032,D,三角    ,熊本    ,熊本車両セ    ,8002,3,D185,2,,,1158,1237,,8033,D,,1306
10218,A,,8033,D,熊本    ,三角    ,熊本車両セ    ,8002,4,D185,2,,,1306,1410,,8034,D,,1635
10219,A,,8034,D,三角    ,熊本    ,熊本車両セ    ,8002,5,D185,2,,,1635,1713,回,8034,D,,1726
10220,A,回,8034,D,熊本    ,熊本操  ,熊本車両セ    ,8002,6,D185,2,,,1726,1729,終,,,,
10221,A,単,8320,,熊本操  ,植木    ,熊本車両セ    ,8011,1,DE10,1,,,937,954,単,8321,,,1004
10222,A,単,8321,,植木    ,八代    ,熊本車両セ    ,8011,2,DE10,1,,,1004,1109,単,8322,,,1209
10223,A,単,8322,,八代    ,熊本    ,熊本車両セ    ,8011,3,DE10,1,,,1209,1254,単,8323,,,1259
10224,A,単,8323,,熊本    ,八代    ,熊本車両セ    ,8011,4,DE10,1,,,1259,1344,単,8324,,,1353
10225,A,単,8324,,八代    ,熊本    ,熊本車両セ    ,8011,5,DE10,1,,,1353,1451,単,8327,,,1457
10226,A,単,8327,,熊本    ,熊本操  ,熊本車両セ    ,8011,6,DE10,1,,,1457,1501,,,,,
10227,A,単,8320,,熊本操  ,植木    ,熊本車両セ    ,8011,1,DE10,1,,,937,954,単,8321,,,1004
10228,A,単,8321,,植木    ,八代    ,熊本車両セ    ,8011,2,DE10,1,,,1004,1109,単,8322,,,1209
10229,A,単,8322,,八代    ,熊本    ,熊本車両セ    ,8011,3,DE10,1,,,1209,1254,単,8325,,,1259
10230,A,単,8325,,熊本    ,熊本操  ,熊本車両セ    ,8011,4,DE10,1,,,1259,1303,終,,,,
10231,A,回,8201,,竹下小  ,博多    ,熊本車両セ    ,8031,1,DE10,2,,,1034,1039,単,8201,,,1111
10232,A,単,8201,,博多    ,竹下小  ,熊本車両セ    ,8031,2,DE10,1,,,1111,1115,終,,,,
10233,A,単,8234,,竹下小  ,博多    ,熊本車両セ    ,8032,1,DE10,1,,,1712,1716,回,8234,,,1754
10234,A,回,8234,,博多    ,竹下小  ,熊本車両セ    ,8032,2,DE10,2,,,1754,1800,終,,,,
10235,A,回,8401,,竹下小  ,博多    ,熊本車両セ    ,8033,1,DE10,2,,,1034,1039,単,8401,,,1111
10236,A,単,8401,,博多    ,竹下小  ,熊本車両セ    ,8033,2,DE10,1,,,1111,1115,終,,,,
10237,A,回,8414,,竹下小  ,博多    ,熊本車両セ    ,8034,1,DE10,2,,,632,637,単,8414,,,722
10238,A,単,8414,,博多    ,竹下小  ,熊本車両セ    ,8034,2,DE10,1,,,722,726,終,,,,
10239,A,単,8432,,竹下小  ,博多    ,熊本車両セ    ,8035,1,DE10,1,,,1712,1716,回,8432,,,1754
10240,A,回,8432,,博多    ,竹下小  ,熊本車両セ    ,8035,2,DE10,2,,,1754,1800,終,,,,
10241,A,回,8101,,竹下小  ,博多    ,熊本車両セ    ,8036,1,DE10,2,,,1034,1039,単,8101,,,1111
10242,A,単,8101,,博多    ,竹下小  ,熊本車両セ    ,8036,2,DE10,1,,,1111,1115,終,,,,
10243,A,単,8126,,竹下小  ,博多    ,熊本車両セ    ,8037,1,DE10,1,,,1650,1655,回,8126,,,1739
10244,A,回,8126,,博多    ,竹下小  ,熊本車両セ    ,8037,2,DE10,2,,,1739,1744,終,,,,
10245,A,回,8001,,竹下小  ,博多    ,熊本車両セ    ,8038,1,DE10,2,,,924,929,単,8001,,,1111
10246,A,単,8001,,博多    ,竹下小  ,熊本車両セ    ,8038,2,DE10,1,,,1111,1115,終,,,,
10247,A,単,8014,,竹下小  ,博多    ,熊本車両セ    ,8039,1,DE10,1,,,1650,1655,回,8014,,,1739
10248,A,回,8014,,博多    ,竹下小  ,熊本車両セ    ,8039,2,DE10,2,,,1739,1744,終,,,,
10249,A,回,8316,,竹下小  ,博多    ,熊本車両セ    ,8040,1,DE10,2,,,2148,2154,単,8316,,,2220
10250,A,単,8316,,博多    ,竹下小  ,熊本車両セ    ,8040,2,DE10,1,,,2220,2224,終,,,,
10251,A,回,8091,D,熊本操  ,熊本    ,熊本車両セ    ,8091,1,D183,4,,,926,930,,8091,D,,957
10252,A,,8091,D,熊本    ,宮地    ,熊本車両セ    ,8091,2,D183,4,,,957,1132,,8092,D,,1202
10253,A,,8092,D,宮地    ,熊本    ,熊本車両セ    ,8091,3,D183,4,,,1202,1320,,8093,D,,1336
10254,A,,8093,D,熊本    ,宮地    ,熊本車両セ    ,8091,4,D183,4,,,1336,1511,,8094,D,,1548
10255,A,,8094,D,宮地    ,熊本    ,熊本車両セ    ,8091,5,D183,4,,,1548,1708,回,8094,D,,1718
10256,A,回,8094,D,熊本    ,熊本操  ,熊本車両セ    ,8091,6,D183,4,,,1718,1721,終,,,,
10257,A,,8071,D,鹿児島中,指宿    ,鹿児島車両セ  ,8002,1,D47 ,2,,,956,1047,,8072,D,,1056
10258,A,,8072,D,指宿    ,鹿児島中,鹿児島車両セ  ,8002,2,D47 ,2,,,1056,1148,,8073,D,,1156
10259,A,,8073,D,鹿児島中,指宿    ,鹿児島車両セ  ,8002,3,D47 ,2,,,1156,1248,,8074,D,,1257
10260,A,,8074,D,指宿    ,鹿児島中,鹿児島車両セ  ,8002,4,D47 ,2,,,1257,1348,,8075,D,,1356
10261,A,,8075,D,鹿児島中,指宿    ,鹿児島車両セ  ,8002,5,D47 ,2,,,1356,1449,,8076,D,,1507
10262,A,,8076,D,指宿    ,鹿児島中,鹿児島車両セ  ,8002,6,D47 ,2,,,1507,1600,終,,,,
10263,A,回,8051,D,南宮崎  ,宮崎    ,宮崎車両セ    ,8001,1,D125,2,,,928,933,,8051,D,,943
10264,A,,8051,D,宮崎    ,宮崎空港,宮崎車両セ    ,8001,2,D125,2,,,943,953,,8052,D,,1000
10265,A,,8052,D,宮崎空港,田吉    ,宮崎車両セ    ,8001,3,D125,2,,,1000,1002,,8053,D,,1008
10266,A,,8053,D,田吉    ,南郷    ,宮崎車両セ    ,8001,4,D125,2,,,1008,1132,,8054,D,,1400
10267,A,,8054,D,南郷    ,宮崎    ,宮崎車両セ    ,8001,5,D125,2,,,1400,1535,回,8054,D,,1553
10268,A,回,8054,D,宮崎    ,南宮崎  ,宮崎車両セ    ,8001,6,D125,2,,,1553,1557,終,,,,
