ID,運用,便回,列車番号,車種,発駅,着駅,所属区,仕業番号,仕業順,形式,合計両数,編成位置,乗継時刻,発車時刻,到着時刻,次便回,次列車番号,次車種,次乗継時刻,次発車時刻
4482,B,便,5743,C,香椎    ,香椎神宮,香椎統括センタ,1,1,,,,,1118,1120,便,5745,C,,1153
4483,B,便,5745,C,香椎神宮,舞松原  ,香椎統括センタ,1,2,,,,,1153,1155,便,5740,C,,1227
4484,B,便,5740,C,舞松原  ,香椎    ,香椎統括センタ,1,3,,,,,1227,1231,便,2748,C,,1508
4485,B,便,2748,C,香椎    ,西戸崎  ,香椎統括センタ,1,4,,,,,1508,1528,便,2759,C,,1605
4486,B,便,2759,C,西戸崎  ,奈多    ,香椎統括センタ,1,5,,,,,1605,1616,便,2761,C,,1641
4487,B,便,2761,C,奈多    ,和白    ,香椎統括センタ,1,6,,,,,1641,1644,便,2765,C,,1727
4488,B,便,2765,C,和白    ,香椎    ,香椎統括センタ,1,7,,,,,1727,1732,構,5779,C,,1840
4489,B,構,5779,C,香椎    ,香椎    ,香椎統括センタ,1,8,,,,,1840,1920,終,,,,
4490,B,,5747,C,香椎    ,宇美    ,香椎統括センタ,2,1,,,,1205,1217,1243,,5744,C,,1301
4491,B,,5744,C,宇美    ,香椎    ,香椎統括センタ,2,2,,,,,1301,1332,,2748,C,1459,1508
4492,B,,2748,C,香椎    ,西戸崎  ,香椎統括センタ,2,3,,,,1459,1508,1528,,2757,C,,1533
4493,B,,2757,C,西戸崎  ,香椎    ,香椎統括センタ,2,4,,,,,1533,1551,,2756,C,1628,1637
4494,B,,2756,C,香椎    ,西戸崎  ,香椎統括センタ,2,5,,,,1628,1637,1702,,2765,C,,1706
4495,B,,2765,C,西戸崎  ,香椎    ,香椎統括センタ,2,6,,,,,1706,1732,,2762,C,,1743
4496,B,,2762,C,香椎    ,西戸崎  ,香椎統括センタ,2,7,,,,,1743,1802,,2771,C,,1807
4497,B,,2771,C,西戸崎  ,香椎    ,香椎統括センタ,2,8,,,,,1807,1832,,2772,C,1913,1922
4498,B,,2772,C,香椎    ,西戸崎  ,香椎統括センタ,2,9,,,,1913,1922,1944,,2781,C,,1948
4499,B,,2781,C,西戸崎  ,香椎    ,香椎統括センタ,2,10,,,,,1948,2013,,2778,C,,2022
4500,B,,2778,C,香椎    ,西戸崎  ,香椎統括センタ,2,11,,,,,2022,2044,,2787,C,,2049
4501,B,,2787,C,西戸崎  ,香椎    ,香椎統括センタ,2,12,,,,,2049,2110,構回,1733,C,,2239
4502,B,構回,1733,C,香椎    ,香椎    ,香椎統括センタ,2,13,,,,,2239,2245,,5823,C,2338,2350
4503,B,,5823,C,香椎    ,宇美    ,香椎統括センタ,2,14,,,,2338,2350,16,,5720,C,,524
4504,B,,5720,C,宇美    ,香椎    ,香椎統括センタ,2,15,,,,,524,551,,2722,C,626,635
4505,B,,2722,C,香椎    ,西戸崎  ,香椎統括センタ,2,16,,,,626,635,655,,2725,C,,703
4506,B,,2725,C,西戸崎  ,香椎    ,香椎統括センタ,2,17,,,,,703,728,,5733,C,820,828
4507,B,,5733,C,香椎    ,宇美    ,香椎統括センタ,2,18,,,,820,828,901,,5728,C,,906
4508,B,,5728,C,宇美    ,香椎    ,香椎統括センタ,2,19,,,,,906,938,終,,,,
4509,B,,5751,C,香椎    ,宇美    ,香椎統括センタ,3,1,,,,1305,1317,1343,,5748,C,,1401
4510,B,,5748,C,宇美    ,香椎    ,香椎統括センタ,3,2,,,,,1401,1432,,5759,C,1504,1517
4511,B,,5759,C,香椎    ,宇美    ,香椎統括センタ,3,3,,,,1504,1517,1543,,5756,C,,1554
4512,B,,5756,C,宇美    ,香椎    ,香椎統括センタ,3,4,,,,,1554,1631,,2760,C,1713,1721
4513,B,,2760,C,香椎    ,西戸崎  ,香椎統括センタ,3,5,,,,1713,1721,1740,,2769,C,,1750
4514,B,,2769,C,西戸崎  ,香椎    ,香椎統括センタ,3,6,,,,,1750,1813,,5781,C,1851,1858
4515,B,,5781,C,香椎    ,宇美    ,香椎統括センタ,3,7,,,,1851,1858,1928,,5778,C,,1940
4516,B,,5778,C,宇美    ,香椎    ,香椎統括センタ,3,8,,,,,1940,2013,,5791,C,,2039
4517,B,,5791,C,香椎    ,宇美    ,香椎統括センタ,3,9,,,,,2039,2108,,5788,C,,2124
4518,B,,5788,C,宇美    ,香椎    ,香椎統括センタ,3,10,,,,,2124,2152,,2788,C,2234,2249
4519,B,,2788,C,香椎    ,西戸崎  ,香椎統括センタ,3,11,,,,2234,2249,2311,,2797,C,,2318
4520,B,,2797,C,西戸崎  ,香椎    ,香椎統括センタ,3,12,,,,,2318,2337,,6720,C,,2345
4521,B,,6720,C,香椎    ,雁ノ巣  ,香椎統括センタ,3,13,,,,,2345,2355,回,6789,C,,2359
4522,B,回,6789,C,雁ノ巣  ,香椎    ,香椎統括センタ,3,14,,,,,2359,9,,2720,C,606,614
4523,B,,2720,C,香椎    ,西戸崎  ,香椎統括センタ,3,15,,,,606,614,636,,721,C,,642
4524,B,,721,C,西戸崎  ,香椎    ,香椎統括センタ,3,16,,,,,642,709,,723,C,749,805
4525,B,,723,C,香椎    ,宇美    ,香椎統括センタ,3,17,,,,749,805,836,,5726,C,,841
4526,B,,5726,C,宇美    ,香椎    ,香椎統括センタ,3,18,,,,,841,908,,5737,C,938,952
4527,B,,5737,C,香椎    ,宇美    ,香椎統括センタ,3,19,,,,938,952,1023,,5734,C,,1035
4528,B,,5734,C,宇美    ,香椎    ,香椎統括センタ,3,20,,,,,1035,1105,終,,,,
4529,B,,5739,C,香椎    ,宇美    ,香椎統括センタ,4,1,,,,949,1017,1044,,5736,C,,1101
4530,B,,5736,C,宇美    ,香椎    ,香椎統括センタ,4,2,,,,,1101,1132,,2742,C,1329,1338
4531,B,,2742,C,香椎    ,西戸崎  ,香椎統括センタ,4,3,,,,1329,1338,1358,,2751,C,,1409
4532,B,,2751,C,西戸崎  ,香椎    ,香椎統括センタ,4,4,,,,,1409,1429,,5763,C,1532,1555
4533,B,,5763,C,香椎    ,宇美    ,香椎統括センタ,4,5,,,,1532,1555,1624,,5760,C,,1640
4534,B,,5760,C,宇美    ,香椎    ,香椎統括センタ,4,6,,,,,1640,1709,,5777,C,1751,1819
4535,B,,5777,C,香椎    ,宇美    ,香椎統括センタ,4,7,,,,1751,1819,1845,,5774,C,,1900
4536,B,,5774,C,宇美    ,香椎    ,香椎統括センタ,4,8,,,,,1900,1932,,5787,C,1952,1959
4537,B,,5787,C,香椎    ,宇美    ,香椎統括センタ,4,9,,,,1952,1959,2027,,5784,C,,2040
4538,B,,5784,C,宇美    ,香椎    ,香椎統括センタ,4,10,,,,,2040,2115,,5797,C,2150,2155
4539,B,,5797,C,香椎    ,宇美    ,香椎統括センタ,4,11,,,,2150,2155,2222,,5794,C,,2232
4540,B,,5794,C,宇美    ,香椎    ,香椎統括センタ,4,12,,,,,2232,2300,構回,1720,C,,515
4541,B,構回,1720,C,香椎    ,香椎    ,香椎統括センタ,4,13,,,,,515,520,構,5720,C,,600
4542,B,構,5720,C,香椎    ,香椎    ,香椎統括センタ,4,14,,,,,600,606,,720,C,648,659
4543,B,,720,C,香椎    ,西戸崎  ,香椎統括センタ,4,15,,,,648,659,721,,723,C,,726
4544,B,,723,C,西戸崎  ,香椎    ,香椎統括センタ,4,16,,,,,726,749,構,726,C,,820
4545,B,構,726,C,香椎    ,香椎    ,香椎統括センタ,4,17,,,,,820,826,構,728,C,,843
4546,B,構,728,C,香椎    ,香椎    ,香椎統括センタ,4,18,,,,,843,849,構,5726,C,,908
4547,B,構,5726,C,香椎    ,香椎    ,香椎統括センタ,4,19,,,,,908,915,構,2729,C,,922
4548,B,構,2729,C,香椎    ,香椎    ,香椎統括センタ,4,20,,,,,922,927,終,,,,
4549,B,,2730,C,香椎    ,西戸崎  ,香椎統括センタ,5,1,,,,1030,1040,1059,,2739,C,,1109
4550,B,,2739,C,西戸崎  ,香椎    ,香椎統括センタ,5,2,,,,,1109,1129,,2738,C,1229,1238
4551,B,,2738,C,香椎    ,西戸崎  ,香椎統括センタ,5,3,,,,1229,1238,1258,,2747,C,,1309
4552,B,,2747,C,西戸崎  ,香椎    ,香椎統括センタ,5,4,,,,,1309,1329,,2746,C,1429,1438
4553,B,,2746,C,香椎    ,西戸崎  ,香椎統括センタ,5,5,,,,1429,1438,1458,,2755,C,,1509
4554,B,,2755,C,西戸崎  ,香椎    ,香椎統括センタ,5,6,,,,,1509,1529,,2752,C,1551,1600
4555,B,,2752,C,香椎    ,西戸崎  ,香椎統括センタ,5,7,,,,1551,1600,1623,,2761,C,,1629
4556,B,,2761,C,西戸崎  ,香椎    ,香椎統括センタ,5,8,,,,,1629,1649,,2758,C,,1704
4557,B,,2758,C,香椎    ,西戸崎  ,香椎統括センタ,5,9,,,,,1704,1723,,2767,C,,1728
4558,B,,2767,C,西戸崎  ,香椎    ,香椎統括センタ,5,10,,,,,1728,1752,,2768,C,1832,1844
4559,B,,2768,C,香椎    ,西戸崎  ,香椎統括センタ,5,11,,,,1832,1844,1904,,2777,C,,1910
4560,B,,2777,C,西戸崎  ,香椎    ,香椎統括センタ,5,12,,,,,1910,1934,,2774,C,,1945
4561,B,,2774,C,香椎    ,西戸崎  ,香椎統括センタ,5,13,,,,,1945,2006,,2783,C,,2010
4562,B,,2783,C,西戸崎  ,香椎    ,香椎統括センタ,5,14,,,,,2010,2035,,5795,C,2054,2118
4563,B,,5795,C,香椎    ,宇美    ,香椎統括センタ,5,15,,,,2054,2118,2147,,5792,C,,2200
4564,B,,5792,C,宇美    ,香椎    ,香椎統括センタ,5,16,,,,,2200,2228,回,6780,C,518,527
4565,B,回,6780,C,香椎    ,西戸崎  ,香椎統括センタ,5,17,,,,518,527,547,,2723,C,,607
4566,B,,2723,C,西戸崎  ,香椎    ,香椎統括センタ,5,18,,,,,607,626,,5731,C,732,741
4567,B,,5731,C,香椎    ,宇美    ,香椎統括センタ,5,19,,,,732,741,809,,728,C,,815
4568,B,,728,C,宇美    ,香椎    ,香椎統括センタ,5,20,,,,,815,843,,728,C,,858
4569,B,,728,C,香椎    ,西戸崎  ,香椎統括センタ,5,21,,,,,858,919,,2733,C,,930
4570,B,,2733,C,西戸崎  ,香椎    ,香椎統括センタ,5,22,,,,,930,949,終,,,,
4571,B,,2736,C,香椎    ,西戸崎  ,香椎統括センタ,6,1,,,,1159,1209,1229,,2745,C,,1239
4572,B,,2745,C,西戸崎  ,香椎    ,香椎統括センタ,6,2,,,,,1239,1259,,2744,C,1359,1409
4573,B,,2744,C,香椎    ,西戸崎  ,香椎統括センタ,6,3,,,,1359,1409,1429,,2753,C,,1439
4574,B,,2753,C,西戸崎  ,香椎    ,香椎統括センタ,6,4,,,,,1439,1459,,2750,C,1529,1539
4575,B,,2750,C,香椎    ,西戸崎  ,香椎統括センタ,6,5,,,,1529,1539,1601,,2759,C,,1605
4576,B,,2759,C,西戸崎  ,香椎    ,香椎統括センタ,6,6,,,,,1605,1628,,5771,C,1649,1718
4577,B,,5771,C,香椎    ,宇美    ,香椎統括センタ,6,7,,,,1649,1718,1747,,5768,C,,1800
4578,B,,5768,C,宇美    ,香椎    ,香椎統括センタ,6,8,,,,,1800,1834,,5785,C,1913,1938
4579,B,,5785,C,香椎    ,宇美    ,香椎統括センタ,6,9,,,,1913,1938,2007,,5782,C,,2022
4580,B,,5782,C,宇美    ,香椎    ,香椎統括センタ,6,10,,,,,2022,2054,,2784,C,2131,2146
4581,B,,2784,C,香椎    ,西戸崎  ,香椎統括センタ,6,11,,,,2131,2146,2206,,2793,C,,2215
4582,B,,2793,C,西戸崎  ,香椎    ,香椎統括センタ,6,12,,,,,2215,2234,,2790,C,2301,2316
4583,B,,2790,C,香椎    ,西戸崎  ,香椎統括センタ,6,13,,,,2301,2316,2336,,2721,C,,529
4584,B,,2721,C,西戸崎  ,香椎    ,香椎統括センタ,6,14,,,,,529,550,,721,C,709,716
4585,B,,721,C,香椎    ,宇美    ,香椎統括センタ,6,15,,,,709,716,742,,726,C,,748
4586,B,,726,C,宇美    ,香椎    ,香椎統括センタ,6,16,,,,,748,820,,726,C,,837
4587,B,,726,C,香椎    ,西戸崎  ,香椎統括センタ,6,17,,,,,837,856,,2731,C,,901
4588,B,,2731,C,西戸崎  ,香椎    ,香椎統括センタ,6,18,,,,,901,920,,2728,C,1005,1010
4589,B,,2728,C,香椎    ,西戸崎  ,香椎統括センタ,6,19,,,,1005,1010,1029,,2737,C,,1041
4590,B,,2737,C,西戸崎  ,香椎    ,香椎統括センタ,6,20,,,,,1041,1100,終,,,,
4591,B,,2726,C,香椎    ,西戸崎  ,香椎統括センタ,7,1,,,,908,929,949,,2735,C,,1009
4592,B,,2735,C,西戸崎  ,香椎    ,香椎統括センタ,7,2,,,,,1009,1030,,2734,C,1129,1139
4593,B,,2734,C,香椎    ,西戸崎  ,香椎統括センタ,7,3,,,,1129,1139,1158,,2743,C,,1209
4594,B,,2743,C,西戸崎  ,香椎    ,香椎統括センタ,7,4,,,,,1209,1229,,5755,C,1405,1417
4595,B,,5755,C,香椎    ,宇美    ,香椎統括センタ,7,5,,,,1405,1417,1443,,5752,C,,1501
4596,B,,5752,C,宇美    ,香椎    ,香椎統括センタ,7,6,,,,,1501,1532,,5765,C,1610,1617
4597,B,,5765,C,香椎    ,宇美    ,香椎統括センタ,7,7,,,,1610,1617,1646,,5762,C,,1700
4598,B,,5762,C,宇美    ,香椎    ,香椎統括センタ,7,8,,,,,1700,1733,,2764,C,1752,1801
4599,B,,2764,C,香椎    ,西戸崎  ,香椎統括センタ,7,9,,,,1752,1801,1824,,2773,C,,1829
4600,B,,2773,C,西戸崎  ,香椎    ,香椎統括センタ,7,10,,,,,1829,1854,,2770,C,,1903
4601,B,,2770,C,香椎    ,西戸崎  ,香椎統括センタ,7,11,,,,,1903,1923,,2779,C,,1930
4602,B,,2779,C,西戸崎  ,香椎    ,香椎統括センタ,7,12,,,,,1930,1955,,2780,C,2035,2046
4603,B,,2780,C,香椎    ,西戸崎  ,香椎統括センタ,7,13,,,,2035,2046,2107,,2789,C,,2112
4604,B,,2789,C,西戸崎  ,香椎    ,香椎統括センタ,7,14,,,,,2112,2131,,5799,C,2223,2228
4605,B,,5799,C,香椎    ,宇美    ,香椎統括センタ,7,15,,,,2223,2228,2255,,5796,C,,2309
4606,B,,5796,C,宇美    ,香椎    ,香椎統括センタ,7,16,,,,,2309,2338,構回,5798,C,,15
4607,B,構回,5798,C,香椎    ,香椎    ,香椎統括センタ,7,17,,,,,15,21,,5725,C,546,556
4608,B,,5725,C,香椎    ,宇美    ,香椎統括センタ,7,18,,,,546,556,625,,722,C,,639
4609,B,,722,C,宇美    ,西戸崎  ,香椎統括センタ,7,19,,,,,639,738,,2727,C,,746
4610,B,,2727,C,西戸崎  ,香椎    ,香椎統括センタ,7,20,,,,,746,812,終,,,,
4611,B,,4129,M,小倉    ,博多    ,小倉運転区    ,1,1,,,,1101,1107,1225,,2150,M,1320,1323
4612,B,,2150,M,博多    ,折尾　鹿,小倉運転区    ,1,2,,,,1320,1323,1435,,2161,M,,1457
4613,B,,2161,M,折尾　鹿,博多    ,小倉運転区    ,1,3,,,,,1457,1608,回,2161,M,,1613
4614,B,回,2161,M,博多    ,竹下小  ,小倉運転区    ,1,4,,,,,1613,1617,便,2354,M,,1702
4615,B,移動,,,竹下小  ,竹下    ,小倉運転区    ,1,5,,,,,,,便,2354,M,,1702
4616,B,便,2354,M,竹下    ,博多    ,小倉運転区    ,1,6,,,,,1702,1705,,2356,M,1759,1802
4617,B,,2356,M,博多    ,門司港  ,小倉運転区    ,1,7,,,,1759,1802,1946,構回,4234,M,2227,2227
4618,B,構回,4234,M,門司港  ,門司港  ,小倉運転区    ,1,8,,,,2227,2227,2242,,2243,M,2303,2333
4619,B,,2243,M,門司港  ,海老津  ,小倉運転区    ,1,9,,,,2303,2333,24,,2222,M,,548
4620,B,,2222,M,海老津  ,小倉    ,小倉運転区    ,1,10,,,,,548,624,,5124,M,648,708
4621,B,,5124,M,小倉    ,下関    ,小倉運転区    ,1,11,,,,648,708,723,,5129,M,,729
4622,B,,5129,M,下関    ,小倉    ,小倉運転区    ,1,12,,,,,729,743,,5130,M,,747
4623,B,,5130,M,小倉    ,下関    ,小倉運転区    ,1,13,,,,,747,801,,5135,M,,807
4624,B,,5135,M,下関    ,小倉    ,小倉運転区    ,1,14,,,,,807,820,,5136,M,,824
4625,B,,5136,M,小倉    ,下関    ,小倉運転区    ,1,15,,,,,824,841,,5141,M,,857
4626,B,,5141,M,下関    ,小倉    ,小倉運転区    ,1,16,,,,,857,910,終,,,,
4627,B,,2525,M,小倉    ,中津    ,小倉運転区    ,2,1,,,,711,719,819,,2536,M,,825
4628,B,,2536,M,中津    ,門司港  ,小倉運転区    ,2,2,,,,,825,952,,4129,M,1043,1048
4629,B,,4129,M,門司港  ,小倉    ,小倉運転区    ,2,3,,,,1043,1048,1101,,543,M,1120,1136
4630,B,,543,M,小倉    ,行橋    ,小倉運転区    ,2,4,,,,1120,1136,1209,,542,M,,1226
4631,B,,542,M,行橋    ,小倉    ,小倉運転区    ,2,5,,,,,1226,1257,,5164,M,1346,1354
4632,B,,5164,M,小倉    ,下関    ,小倉運転区    ,2,6,,,,1346,1354,1410,,5169,M,,1421
4633,B,,5169,M,下関    ,小倉    ,小倉運転区    ,2,7,,,,,1421,1434,終,,,,
4634,B,,3030,M,小倉    ,博多    ,小倉運転区    ,3,1,,,,1403,1405,1449,,3035,M,,1520
4635,B,,3035,M,博多    ,小倉    ,小倉運転区    ,3,2,,,,,1520,1607,回,2554,M,1721,1725
4636,B,回,2554,M,小倉    ,門司港  ,小倉運転区    ,3,3,,,,1721,1725,1737,,567,M,1806,1825
4637,B,,567,M,門司港  ,新田原  ,小倉運転区    ,3,4,,,,1806,1825,1923,,566,M,,1947
4638,B,,566,M,新田原  ,門司港  ,小倉運転区    ,3,5,,,,,1947,2040,回,2237,M,2201,2208
4639,B,回,2237,M,門司港  ,小倉    ,小倉運転区    ,3,6,,,,2201,2208,2219,,2237,M,,2224
4640,B,,2237,M,小倉    ,福間    ,小倉運転区    ,3,7,,,,,2224,2321,,2121,M,,516
4641,B,,2121,M,福間    ,南福岡  ,小倉運転区    ,3,8,,,,,516,603,,132,M,734,745
4642,B,,132,M,南福岡  ,門司港  ,小倉運転区    ,3,9,,,,734,745,959,便,4129,M,,1048
4643,B,便,4129,M,門司港  ,小倉    ,小倉運転区    ,3,10,,,,,1048,1101,終,,,,
4644,B,,2549,M,小倉    ,中津    ,小倉運転区    ,4,1,,,,1558,1625,1736,,2560,M,,1747
4645,B,,2560,M,中津    ,小倉    ,小倉運転区    ,4,2,,,,,1747,1857,,3052,M,1937,1940
4646,B,,3052,M,小倉    ,博多    ,小倉運転区    ,4,3,,,,1937,1940,2028,回,3052,M,,2036
4647,B,回,3052,M,博多    ,竹下小  ,小倉運転区    ,4,4,,,,,2036,2039,回,3057,M,,2049
4648,B,回,3057,M,竹下小  ,博多    ,小倉運転区    ,4,5,,,,,2049,2052,,3057,M,,2106
4649,B,,3057,M,博多    ,小倉    ,小倉運転区    ,4,6,,,,,2106,2153,,3059,M,2257,2304
4650,B,,3059,M,小倉    ,大分    ,小倉運転区    ,4,7,,,,2257,2304,35,回,6159,M,,47
4651,B,回,6159,M,大分    ,下郡信  ,小倉運転区    ,4,8,,,,,47,51,回,6114,M,,826
4652,B,回,6114,M,下郡信  ,大分    ,小倉運転区    ,4,9,,,,,826,830,,3014,M,,842
4653,B,,3014,M,大分    ,小倉    ,小倉運転区    ,4,10,,,,,842,1003,終,,,,
4654,B,,4131,M,小倉    ,博多    ,小倉運転区    ,5,1,,,,1137,1144,1258,,4134,M,1331,1332
4655,B,,4134,M,博多    ,門司港  ,小倉運転区    ,5,2,,,,1331,1332,1512,,4227,M,,1659
4656,B,,4227,M,門司港  ,博多    ,小倉運転区    ,5,3,,,,,1659,1821,,2176,M,1906,1911
4657,B,,2176,M,博多    ,福間    ,小倉運転区    ,5,4,,,,1906,1911,1947,,2183,M,,2008
4658,B,,2183,M,福間    ,博多    ,小倉運転区    ,5,5,,,,,2008,2046,,144,M,2253,2300
4659,B,,144,M,博多    ,門司港  ,小倉運転区    ,5,6,,,,2253,2300,45,,2009,H,,652
4660,B,,2009,H,門司港  ,博多    ,小倉運転区    ,5,7,,,,,652,808,,4222,M,847,849
4661,B,,4222,M,博多    ,門司港  ,小倉運転区    ,5,8,,,,847,849,1015,便,3123,M,,1023
4662,B,便,3123,M,門司港  ,小倉    ,小倉運転区    ,5,9,,,,,1023,1037,終,,,,
4663,B,,3014,M,小倉    ,博多    ,小倉運転区    ,6,1,,,,1003,1005,1049,回,3014,M,,1056
4664,B,回,3014,M,博多    ,竹下小  ,小倉運転区    ,6,2,,,,,1056,1100,回,3019,M,,1111
4665,B,回,3019,M,竹下小  ,博多    ,小倉運転区    ,6,3,,,,,1111,1115,,3019,M,,1120
4666,B,,3019,M,博多    ,小倉    ,小倉運転区    ,6,4,,,,,1120,1207,,551,M,1321,1336
4667,B,,551,M,小倉    ,行橋    ,小倉運転区    ,6,5,,,,1321,1336,1409,,550,M,,1426
4668,B,,550,M,行橋    ,小倉    ,小倉運転区    ,6,6,,,,,1426,1458,,3035,M,1607,1609
4669,B,,3035,M,小倉    ,大分    ,小倉運転区    ,6,7,,,,1607,1609,1737,,3056,M,1839,1910
4670,B,,3056,M,大分    ,小倉    ,小倉運転区    ,6,8,,,,1839,1910,2038,,2571,M,2057,2119
4671,B,,2571,M,小倉    ,中津    ,小倉運転区    ,6,9,,,,2057,2119,2220,,2576,M,,2233
4672,B,,2576,M,中津    ,小倉    ,小倉運転区    ,6,10,,,,,2233,2334,,3002,M,641,643
4673,B,,3002,M,小倉    ,博多    ,小倉運転区    ,6,11,,,,641,643,737,,3007,M,,820
4674,B,,3007,M,博多    ,小倉    ,小倉運転区    ,6,12,,,,,820,914,終,,,,
4675,B,,3018,M,小倉    ,博多    ,小倉運転区    ,7,1,,,,1103,1105,1150,,3023,M,,1220
4676,B,,3023,M,博多    ,小倉    ,小倉運転区    ,7,2,,,,,1220,1307,,557,M,1458,1515
4677,B,,557,M,小倉    ,新田原  ,小倉運転区    ,7,3,,,,1458,1515,1551,,558,M,,1613
4678,B,,558,M,新田原  ,小倉    ,小倉運転区    ,7,4,,,,,1613,1654,,3044,M,1738,1740
4679,B,,3044,M,小倉    ,博多    ,小倉運転区    ,7,5,,,,1738,1740,1831,回,3044,M,,1836
4680,B,回,3044,M,博多    ,竹下小  ,小倉運転区    ,7,6,,,,,1836,1840,回,3049,M,,1851
4681,B,回,3049,M,竹下小  ,博多    ,小倉運転区    ,7,7,,,,,1851,1855,,3049,M,,1900
4682,B,,3049,M,博多    ,小倉    ,小倉運転区    ,7,8,,,,,1900,1946,,5226,M,2025,2035
4683,B,,5226,M,小倉    ,下関    ,小倉運転区    ,7,9,,,,2025,2035,2052,,5231,M,,2111
4684,B,,5231,M,下関    ,門司    ,小倉運転区    ,7,10,,,,,2111,2118,,5230,M,,2124
4685,B,,5230,M,門司    ,下関    ,小倉運転区    ,7,11,,,,,2124,2131,,5235,M,,2142
4686,B,,5235,M,下関    ,小倉    ,小倉運転区    ,7,12,,,,,2142,2157,,3060,M,2300,2302
4687,B,,3060,M,小倉    ,博多    ,小倉運転区    ,7,13,,,,2300,2302,2351,回,3060,M,,2358
4688,B,回,3060,M,博多    ,竹下小  ,小倉運転区    ,7,14,,,,,2358,2,回,3003,M,,649
4689,B,回,3003,M,竹下小  ,博多    ,小倉運転区    ,7,15,,,,,649,653,,3003,M,,700
4690,B,,3003,M,博多    ,小倉    ,小倉運転区    ,7,16,,,,,700,758,,5138,M,839,842
4691,B,,5138,M,小倉    ,下関    ,小倉運転区    ,7,17,,,,839,842,855,,5143,M,,906
4692,B,,5143,M,下関    ,小倉    ,小倉運転区    ,7,18,,,,,906,922,,5144,M,,930
4693,B,,5144,M,小倉    ,下関    ,小倉運転区    ,7,19,,,,,930,943,,5149,M,,953
4694,B,,5149,M,下関    ,小倉    ,小倉運転区    ,7,20,,,,,953,1006,終,,,,
4695,B,,2529,M,小倉    ,中津    ,小倉運転区    ,8,1,,,,811,818,926,,2540,M,,932
4696,B,,2540,M,中津    ,小倉    ,小倉運転区    ,8,2,,,,,932,1043,,541,M,1100,1115
4697,B,,541,M,小倉    ,新田原  ,小倉運転区    ,8,3,,,,1100,1115,1151,,540,M,,1203
4698,B,,540,M,新田原  ,小倉    ,小倉運転区    ,8,4,,,,,1203,1246,便,3126,M,,1343
4699,B,便,3126,M,小倉    ,門司港  ,小倉運転区    ,8,5,,,,,1343,1357,,2225,M,,1513
4700,B,,2225,M,門司港  ,遠賀川  ,小倉運転区    ,8,6,,,,,1513,1611,,2228,M,,1637
4701,B,,2228,M,遠賀川  ,門司港  ,小倉運転区    ,8,7,,,,,1637,1731,,2559,M,1751,1756
4702,B,,2559,M,門司港  ,柳ヶ浦  ,小倉運転区    ,8,8,,,,1751,1756,1944,,2522,M,,540
4703,B,,2522,M,柳ヶ浦  ,門司港  ,小倉運転区    ,8,9,,,,,540,728,便,4121,M,,734
4704,B,便,4121,M,門司港  ,小倉    ,小倉運転区    ,8,10,,,,,734,747,終,,,,
4705,B,,91,M,小倉    ,博多    ,小倉運転区    ,9,1,,,,1022,1024,1119,回,91,M,,1150
4706,B,回,91,M,博多    ,南福岡  ,小倉運転区    ,9,2,,,,,1150,1202,,4136,M,1401,1402
4707,B,,4136,M,南福岡  ,門司港  ,小倉運転区    ,9,3,,,,1401,1402,1547,構回,4153,M,,1614
4708,B,構回,4153,M,門司港  ,門司港  ,小倉運転区    ,9,4,,,,,1614,1627,回,4229,M,1731,1748
4709,B,回,4229,M,門司港  ,小倉    ,小倉運転区    ,9,5,,,,1731,1748,1801,,4229,M,,1813
4710,B,,4229,M,小倉    ,博多    ,小倉運転区    ,9,6,,,,,1813,1924,,58,M,1953,2041
4711,B,,58,M,博多    ,門司港  ,小倉運転区    ,9,7,,,,1953,2041,2150,,575,M,2259,2304
4712,B,,575,M,門司港  ,小倉    ,小倉運転区    ,9,8,,,,2259,2304,2318,,4221,M,624,630
4713,B,,4221,M,小倉    ,博多    ,小倉運転区    ,9,9,,,,624,630,751,,4120,M,831,835
4714,B,,4120,M,博多    ,小倉    ,小倉運転区    ,9,10,,,,831,835,956,終,,,,
4715,B,,5005,M,小倉    ,大分    ,小倉運転区    ,10,1,,,,833,835,1004,,3026,M,1105,1144
4716,B,,3026,M,大分    ,小倉    ,小倉運転区    ,10,2,,,,1105,1144,1303,便,4132,M,,1434
4717,B,便,4132,M,小倉    ,門司港  ,小倉運転区    ,10,3,,,,,1434,1447,回,2547,M,,1532
4718,B,回,2547,M,門司港  ,小倉    ,小倉運転区    ,10,4,,,,,1532,1543,,3039,M,1708,1710
4719,B,,3039,M,小倉    ,大分    ,小倉運転区    ,10,5,,,,1708,1710,1839,,5014,M,1941,1943
4720,B,,5014,M,大分    ,小倉    ,小倉運転区    ,10,6,,,,1941,1943,2111,便回,5229,M,,2117
4721,B,便回,5229,M,小倉    ,門司港  ,小倉運転区    ,10,7,,,,,2117,2130,,2577,M,2220,2224
4722,B,,2577,M,門司港  ,柳ヶ浦  ,小倉運転区    ,10,8,,,,2220,2224,11,,2530,M,,646
4723,B,,2530,M,柳ヶ浦  ,小倉    ,小倉運転区    ,10,9,,,,,646,811,終,,,,
4724,B,,2537,M,小倉    ,中津    ,小倉運転区    ,21,1,,,,1147,1154,1301,,2548,M,,1315
4725,B,,2548,M,中津    ,小倉    ,小倉運転区    ,21,2,,,,,1315,1421,便,4134,M,,1458
4726,B,便,4134,M,小倉    ,門司港  ,小倉運転区    ,21,3,,,,,1458,1512,構,4134,M,1512,1512
4727,B,構,4134,M,門司港  ,門司港  ,小倉運転区    ,21,4,,,,1512,1512,1540,,4151,M,1647,1713
4728,B,,4151,M,門司港  ,博多    ,小倉運転区    ,21,5,,,,1647,1713,1902,,2360,M,1959,2002
4729,B,,2360,M,博多    ,門司港  ,小倉運転区    ,21,6,,,,1959,2002,2201,回,577,M,,2339
4730,B,回,577,M,門司港  ,小倉    ,小倉運転区    ,21,7,,,,,2339,2350,,577,M,,2357
4731,B,,577,M,小倉    ,行橋    ,小倉運転区    ,21,8,,,,,2357,28,,5522,M,,557
4732,B,,5522,M,行橋    ,下関    ,小倉運転区    ,21,9,,,,,557,650,,5127,M,,706
4733,B,,5127,M,下関    ,小倉    ,小倉運転区    ,21,10,,,,,706,719,,527,M,739,746
4734,B,,527,M,小倉    ,苅田    ,小倉運転区    ,21,11,,,,739,746,809,,524,M,,815
4735,B,,524,M,苅田    ,小倉    ,小倉運転区    ,21,12,,,,,815,839,回,524,M,,846
4736,B,回,524,M,小倉    ,門司港  ,小倉運転区    ,21,13,,,,,846,858,,537,M,955,1000
4737,B,,537,M,門司港  ,小倉    ,小倉運転区    ,21,14,,,,955,1000,1013,終,,,,
4738,B,,3004,M,小倉    ,博多    ,小倉運転区    ,22,1,,,,728,731,836,,3009,M,,900
4739,B,,3009,M,博多    ,小倉    ,小倉運転区    ,22,2,,,,,900,943,,539,M,1029,1036
4740,B,,539,M,小倉    ,行橋    ,小倉運転区    ,22,3,,,,1029,1036,1111,,538,M,,1126
4741,B,,538,M,行橋    ,小倉    ,小倉運転区    ,22,4,,,,,1126,1159,,549,M,1257,1315
4742,B,,549,M,小倉    ,新田原  ,小倉運転区    ,22,5,,,,1257,1315,1351,,548,M,,1403
4743,B,,548,M,新田原  ,小倉    ,小倉運転区    ,22,6,,,,,1403,1446,終,,,,
4744,B,,2539,M,小倉    ,中津    ,小倉運転区    ,23,1,,,,1246,1254,1401,,2550,M,,1415
4745,B,,2550,M,中津    ,小倉    ,小倉運転区    ,23,2,,,,,1415,1521,,5174,M,1559,1613
4746,B,,5174,M,小倉    ,下関    ,小倉運転区    ,23,3,,,,1559,1613,1631,,5179,M,,1637
4747,B,,5179,M,下関    ,小倉    ,小倉運転区    ,23,4,,,,,1637,1652,,3043,M,1808,1810
4748,B,,3043,M,小倉    ,大分    ,小倉運転区    ,23,5,,,,1808,1810,1938,回,6143,M,,1945
4749,B,回,6143,M,大分    ,下郡信  ,小倉運転区    ,23,6,,,,,1945,1949,便,1632,M,,2030
4750,B,移動,,,下郡信  ,牧      ,小倉運転区    ,23,7,,,,,,,便,1632,M,,2030
4751,B,便,1632,M,牧      ,大分    ,小倉運転区    ,23,8,,,,,2030,2034,,5016,M,2053,2055
4752,B,,5016,M,大分    ,小倉    ,小倉運転区    ,23,9,,,,2053,2055,2227,回,5016,M,,2238
4753,B,回,5016,M,小倉    ,門司港  ,小倉運転区    ,23,10,,,,,2238,2251,回,5003,M,,616
4754,B,回,5003,M,門司港  ,小倉    ,小倉運転区    ,23,11,,,,,616,628,,5003,M,,639
4755,B,,5003,M,小倉    ,大分    ,小倉運転区    ,23,12,,,,,639,817,,3016,M,857,910
4756,B,,3016,M,大分    ,小倉    ,小倉運転区    ,23,13,,,,857,910,1038,終,,,,
4757,B,,2531,M,小倉    ,中津    ,小倉運転区    ,24,1,,,,848,852,1003,,2542,M,,1011
4758,B,,2542,M,中津    ,小倉    ,小倉運転区    ,24,2,,,,,1011,1120,,5160,M,1251,1256
4759,B,,5160,M,小倉    ,下関    ,小倉運転区    ,24,3,,,,1251,1256,1310,,5165,M,,1329
4760,B,,5165,M,下関    ,小倉    ,小倉運転区    ,24,4,,,,,1329,1346,,3031,M,1507,1509
4761,B,,3031,M,小倉    ,大分    ,小倉運転区    ,24,5,,,,1507,1509,1637,,3054,M,1838,1843
4762,B,,3054,M,大分    ,小倉    ,小倉運転区    ,24,6,,,,1838,1843,2003,,5228,M,2048,2052
4763,B,,5228,M,小倉    ,下関    ,小倉運転区    ,24,7,,,,2048,2052,2106,,5233,M,,2123
4764,B,,5233,M,下関    ,小倉    ,小倉運転区    ,24,8,,,,,2123,2137,,5238,M,2244,2249
4765,B,,5238,M,小倉    ,下関    ,小倉運転区    ,24,9,,,,2244,2249,2303,,5243,M,,2313
4766,B,,5243,M,下関    ,小倉    ,小倉運転区    ,24,10,,,,,2313,2326,,5242,M,,2341
4767,B,,5242,M,小倉    ,下関    ,小倉運転区    ,24,11,,,,,2341,2355,回,5251,M,,1
4768,B,回,5251,M,下関    ,小倉    ,小倉運転区    ,24,12,,,,,1,15,,2223,M,650,702
4769,B,,2223,M,小倉    ,遠賀川  ,小倉運転区    ,24,13,,,,650,702,738,,2226,M,,744
4770,B,,2226,M,遠賀川  ,小倉    ,小倉運転区    ,24,14,,,,,744,819,終,,,,
4771,B,,5148,M,小倉    ,下関    ,小倉運転区    ,25,1,,,,1006,1013,1026,,5153,M,,1041
4772,B,,5153,M,下関    ,小倉    ,小倉運転区    ,25,2,,,,,1041,1054,,5152,M,,1111
4773,B,,5152,M,小倉    ,下関    ,小倉運転区    ,25,3,,,,,1111,1130,,5157,M,,1142
4774,B,,5157,M,下関    ,小倉    ,小倉運転区    ,25,4,,,,,1142,1156,,3021,M,1240,1242
4775,B,,3021,M,小倉    ,大分    ,小倉運転区    ,25,5,,,,1240,1242,1402,,3044,M,1605,1610
4776,B,,3044,M,大分    ,小倉    ,小倉運転区    ,25,6,,,,1605,1610,1738,,2563,M,1845,1858
4777,B,,2563,M,小倉    ,中津    ,小倉運転区    ,25,7,,,,1845,1858,2004,,2570,M,,2014
4778,B,,2570,M,中津    ,小倉    ,小倉運転区    ,25,8,,,,,2014,2124,,3057,M,2153,2155
4779,B,,3057,M,小倉    ,大分    ,小倉運転区    ,25,9,,,,2153,2155,2325,便回,6159,M,,47
4780,B,便回,6159,M,大分    ,下郡信  ,小倉運転区    ,25,10,,,,,47,51,回,6110,M,,726
4781,B,回,6110,M,下郡信  ,大分    ,小倉運転区    ,25,11,,,,,726,730,,3010,M,,746
4782,B,,3010,M,大分    ,小倉    ,小倉運転区    ,25,12,,,,,746,915,終,,,,
4783,B,,3003,M,小倉    ,大分    ,小倉運転区    ,26,1,,,,758,800,932,,3022,M,1026,1044
4784,B,,3022,M,大分    ,小倉    ,小倉運転区    ,26,2,,,,1026,1044,1203,便,630,H,,1218
4785,B,便,630,H,小倉    ,門司港  ,小倉運転区    ,26,3,,,,,1218,1232,,4143,M,,1448
4786,B,,4143,M,門司港  ,南福岡  ,小倉運転区    ,26,4,,,,,1448,1632,,4150,M,1723,1724
4787,B,,4150,M,南福岡  ,門司港  ,小倉運転区    ,26,5,,,,1723,1724,1930,,2235,M,2029,2045
4788,B,,2235,M,門司港  ,小倉    ,小倉運転区    ,26,6,,,,2029,2045,2059,,4159,M,,2123
4789,B,,4159,M,小倉    ,南福岡  ,小倉運転区    ,26,7,,,,,2123,2300,,124,M,,540
4790,B,,124,M,南福岡  ,小倉    ,小倉運転区    ,26,8,,,,,540,727,終,,,,
4791,B,,4128,M,小倉    ,門司港  ,小倉運転区    ,27,1,,,,1250,1300,1314,回,5166,M,,1408
4792,B,回,5166,M,門司港  ,小倉    ,小倉運転区    ,27,2,,,,,1408,1423,,5166,M,,1427
4793,B,,5166,M,小倉    ,下関    ,小倉運転区    ,27,3,,,,,1427,1441,,5171,M,,1452
4794,B,,5171,M,下関    ,小倉    ,小倉運転区    ,27,4,,,,,1452,1506,,3040,M,1638,1640
4795,B,,3040,M,小倉    ,博多    ,小倉運転区    ,27,5,,,,1638,1640,1728,,3045,M,,1800
4796,B,,3045,M,博多    ,小倉    ,小倉運転区    ,27,6,,,,,1800,1846,,569,M,1857,1917
4797,B,,569,M,小倉    ,新田原  ,小倉運転区    ,27,7,,,,1857,1917,1955,,568,M,,2002
4798,B,,568,M,新田原  ,小倉    ,小倉運転区    ,27,8,,,,,2002,2044,,5232,M,2137,2142
4799,B,,5232,M,小倉    ,下関    ,小倉運転区    ,27,9,,,,2137,2142,2156,,5237,M,,2202
4800,B,,5237,M,下関    ,小倉    ,小倉運転区    ,27,10,,,,,2202,2215,,5236,M,,2231
4801,B,,5236,M,小倉    ,下関    ,小倉運転区    ,27,11,,,,,2231,2246,,5241,M,,2252
4802,B,,5241,M,下関    ,小倉    ,小倉運転区    ,27,12,,,,,2252,2306,,5120,M,,547
4803,B,,5120,M,小倉    ,下関    ,小倉運転区    ,27,13,,,,,547,601,,5521,M,,616
4804,B,,5521,M,下関    ,小倉    ,小倉運転区    ,27,14,,,,,616,631,,135,M,705,722
4805,B,,135,M,小倉    ,博多    ,小倉運転区    ,27,15,,,,705,722,855,,3015,M,1016,1020
4806,B,,3015,M,博多    ,小倉    ,小倉運転区    ,27,16,,,,1016,1020,1107,終,,,,
4807,B,,5146,M,小倉    ,下関    ,小倉運転区    ,28,1,,,,934,941,958,,5151,M,,1012
4808,B,,5151,M,下関    ,小倉    ,小倉運転区    ,28,2,,,,,1012,1028,,5150,M,,1046
4809,B,,5150,M,小倉    ,下関    ,小倉運転区    ,28,3,,,,,1046,1100,,5155,M,,1111
4810,B,,5155,M,下関    ,小倉    ,小倉運転区    ,28,4,,,,,1111,1126,,547,M,1221,1236
4811,B,,547,M,小倉    ,行橋    ,小倉運転区    ,28,5,,,,1221,1236,1309,,546,M,,1326
4812,B,,546,M,行橋    ,小倉    ,小倉運転区    ,28,6,,,,,1326,1359,,563,M,1621,1645
4813,B,,563,M,小倉    ,新田原  ,小倉運転区    ,28,7,,,,1621,1645,1721,,562,M,,1726
4814,B,,562,M,新田原  ,小倉    ,小倉運転区    ,28,8,,,,,1726,1809,,3048,M,1838,1840
4815,B,,3048,M,小倉    ,博多    ,小倉運転区    ,28,9,,,,1838,1840,1929,,3053,M,,2000
4816,B,,3053,M,博多    ,小倉    ,小倉運転区    ,28,10,,,,,2000,2048,,2579,M,2313,2328
4817,B,,2579,M,小倉    ,柳ヶ浦  ,小倉運転区    ,28,11,,,,2313,2328,46,,3534,M,,709
4818,B,,3534,M,柳ヶ浦  ,小倉    ,小倉運転区    ,28,12,,,,,709,821,終,,,,
4819,B,,5156,M,小倉    ,下関    ,小倉運転区    ,29,1,,,,1156,1212,1229,,5161,M,,1238
4820,B,,5161,M,下関    ,小倉    ,小倉運転区    ,29,2,,,,,1238,1251,,5162,M,1324,1332
4821,B,,5162,M,小倉    ,下関    ,小倉運転区    ,29,3,,,,1324,1332,1348,,5167,M,,1354
4822,B,,5167,M,下関    ,小倉    ,小倉運転区    ,29,4,,,,,1354,1409,,3037,M,1641,1643
4823,B,,3037,M,小倉    ,大分    ,小倉運転区    ,29,5,,,,1641,1643,1805,便,4661,M,,1852
4824,B,便,4661,M,大分    ,牧      ,小倉運転区    ,29,6,,,,,1852,1856,回,6158,M,,1955
4825,B,移動,,,牧      ,下郡信  ,小倉運転区    ,29,7,,,,,,,回,6158,M,,1955
4826,B,回,6158,M,下郡信  ,大分    ,小倉運転区    ,29,8,,,,,1955,1959,,3058,M,,2010
4827,B,,3058,M,大分    ,小倉    ,小倉運転区    ,29,9,,,,,2010,2139,,5240,M,2306,2317
4828,B,,5240,M,小倉    ,下関    ,小倉運転区    ,29,10,,,,2306,2317,2331,,5245,M,,2355
4829,B,,5245,M,下関    ,小倉    ,小倉運転区    ,29,11,,,,,2355,8,回,5245,M,,13
4830,B,回,5245,M,小倉    ,門司港  ,小倉運転区    ,29,12,,,,,13,25,回,3161,M,,628
4831,B,回,3161,M,門司港  ,小倉    ,小倉運転区    ,29,13,,,,,628,641,,3161,M,,645
4832,B,,3161,M,小倉    ,博多    ,小倉運転区    ,29,14,,,,,645,814,回,1123,M,,819
4833,B,回,1123,M,博多    ,竹下小  ,小倉運転区    ,29,15,,,,,819,823,回,134,M,,855
4834,B,回,134,M,竹下小  ,博多    ,小倉運転区    ,29,16,,,,,855,859,,4224,M,945,946
4835,B,,4224,M,博多    ,小倉    ,小倉運転区    ,29,17,,,,945,946,1056,終,,,,
4836,B,,3011,M,小倉    ,大分    ,小倉運転区    ,30,1,,,,1010,1012,1144,,3034,M,1301,1344
4837,B,,3034,M,大分    ,小倉    ,小倉運転区    ,30,2,,,,1301,1344,1503,,2545,M,1521,1536
4838,B,,2545,M,小倉    ,中津    ,小倉運転区    ,30,3,,,,1521,1536,1640,,2556,M,,1649
4839,B,,2556,M,中津    ,小倉    ,小倉運転区    ,30,4,,,,,1649,1757,回,2556,M,,1804
4840,B,回,2556,M,小倉    ,門司港  ,小倉運転区    ,30,5,,,,,1804,1817,,2567,M,1926,1931
4841,B,,2567,M,門司港  ,宇佐    ,小倉運転区    ,30,6,,,,1926,1931,2126,回,2567,M,,2140
4842,B,回,2567,M,宇佐    ,柳ヶ浦  ,小倉運転区    ,30,7,,,,,2140,2146,,2520,M,,526
4843,B,,2520,M,柳ヶ浦  ,門司港  ,小倉運転区    ,30,8,,,,,526,711,,529,M,744,750
4844,B,,529,M,門司港  ,行橋    ,小倉運転区    ,30,9,,,,744,750,834,,528,M,,839
4845,B,,528,M,行橋    ,小倉    ,小倉運転区    ,30,10,,,,,839,910,終,,,,
4846,B,,2547,M,小倉    ,中津    ,小倉運転区    ,41,1,,,,1543,1554,1701,,2558,M,,1718
4847,B,,2558,M,中津    ,門司港  ,小倉運転区    ,41,2,,,,,1718,1844,,4233,M,1930,1948
4848,B,,4233,M,門司港  ,博多    ,小倉運転区    ,41,3,,,,1930,1948,2112,便,4233,M,,2114
4849,B,便,4233,M,博多    ,南福岡  ,小倉運転区    ,41,4,,,,,2114,2120,,142,M,2216,2217
4850,B,,142,M,南福岡  ,門司港  ,小倉運転区    ,41,5,,,,2216,2217,13,,2221,M,,610
4851,B,,2221,M,門司港  ,遠賀川  ,小倉運転区    ,41,6,,,,,610,701,,2224,M,,715
4852,B,,2224,M,遠賀川  ,門司港  ,小倉運転区    ,41,7,,,,,715,810,構,2532,M,845,845
4853,B,構,2532,M,門司港  ,門司港  ,小倉運転区    ,41,8,,,,845,845,912,構,132,M,959,959
4854,B,構,132,M,門司港  ,門司港  ,小倉運転区    ,41,9,,,,959,959,1038,便,629,H,,1105
4855,B,便,629,H,門司港  ,小倉    ,小倉運転区    ,41,10,,,,,1105,1119,終,,,,
4856,B,,3015,M,小倉    ,大分    ,小倉運転区    ,42,1,,,,1107,1109,1236,,3038,M,1439,1444
4857,B,,3038,M,大分    ,小倉    ,小倉運転区    ,42,2,,,,1439,1444,1603,,2553,M,1654,1724
4858,B,,2553,M,小倉    ,中津    ,小倉運転区    ,42,3,,,,1654,1724,1832,,2564,M,,1845
4859,B,,2564,M,中津    ,小倉    ,小倉運転区    ,42,4,,,,,1845,1957,,3053,M,2048,2051
4860,B,,3053,M,小倉    ,大分    ,小倉運転区    ,42,5,,,,2048,2051,2219,,3002,M,,512
4861,B,,3002,M,大分    ,小倉    ,小倉運転区    ,42,6,,,,,512,641,,5128,M,719,733
4862,B,,5128,M,小倉    ,下関    ,小倉運転区    ,42,7,,,,719,733,750,,5133,M,,756
4863,B,,5133,M,下関    ,小倉    ,小倉運転区    ,42,8,,,,,756,809,,2534,M,856,905
4864,B,,2534,M,小倉    ,門司港  ,小倉運転区    ,42,9,,,,856,905,920,,4127,M,933,938
4865,B,,4127,M,門司港  ,小倉    ,小倉運転区    ,42,10,,,,933,938,951,終,,,,
4866,B,,535,M,小倉    ,新田原  ,小倉運転区    ,43,1,,,,910,937,1019,,534,M,,1024
4867,B,,534,M,新田原  ,小倉    ,小倉運転区    ,43,2,,,,,1024,1100,,5154,M,1126,1143
4868,B,,5154,M,小倉    ,下関    ,小倉運転区    ,43,3,,,,1126,1143,1158,,5159,M,,1215
4869,B,,5159,M,下関    ,小倉    ,小倉運転区    ,43,4,,,,,1215,1228,,3028,M,1337,1340
4870,B,,3028,M,小倉    ,博多    ,小倉運転区    ,43,5,,,,1337,1340,1428,回,3028,M,,1436
4871,B,回,3028,M,博多    ,竹下小  ,小倉運転区    ,43,6,,,,,1436,1440,回,3033,M,,1447
4872,B,回,3033,M,竹下小  ,博多    ,小倉運転区    ,43,7,,,,,1447,1450,,3033,M,,1500
4873,B,,3033,M,博多    ,小倉    ,小倉運転区    ,43,8,,,,,1500,1540,,2551,M,1646,1655
4874,B,,2551,M,小倉    ,中津    ,小倉運転区    ,43,9,,,,1646,1655,1801,,2562,M,,1817
4875,B,,2562,M,中津    ,小倉    ,小倉運転区    ,43,10,,,,,1817,1926,終,,,,
4876,B,便,4128,M,小倉    ,門司港  ,小倉運転区    ,44,1,,,,,1300,1314,構,4128,M,1314,1314
4877,B,構,4128,M,門司港  ,門司港  ,小倉運転区    ,44,2,,,,1314,1314,1332,構,2231,M,,1510
4878,B,構,2231,M,門司港  ,門司港  ,小倉運転区    ,44,3,,,,,1510,1516,回,5178,M,1630,1635
4879,B,回,5178,M,門司港  ,小倉    ,小倉運転区    ,44,4,,,,1630,1635,1648,,5178,M,,1701
4880,B,,5178,M,小倉    ,下関    ,小倉運転区    ,44,5,,,,,1701,1716,,5183,M,,1723
4881,B,,5183,M,下関    ,小倉    ,小倉運転区    ,44,6,,,,,1723,1737,,5184,M,,1745
4882,B,,5184,M,小倉    ,下関    ,小倉運転区    ,44,7,,,,,1745,1759,,5189,M,,1805
4883,B,,5189,M,下関    ,小倉    ,小倉運転区    ,44,8,,,,,1805,1818,,5190,M,,1827
4884,B,,5190,M,小倉    ,下関    ,小倉運転区    ,44,9,,,,,1827,1843,,5195,M,,1853
4885,B,,5195,M,下関    ,小倉    ,小倉運転区    ,44,10,,,,,1853,1907,,3049,M,1946,1948
4886,B,,3049,M,小倉    ,大分    ,小倉運転区    ,44,11,,,,1946,1948,2110,回,6149,M,,2120
4887,B,回,6149,M,大分    ,下郡信  ,小倉運転区    ,44,12,,,,,2120,2124,回,6104,M,,547
4888,B,回,6104,M,下郡信  ,大分    ,小倉運転区    ,44,13,,,,,547,551,,3004,M,,556
4889,B,,3004,M,大分    ,小倉    ,小倉運転区    ,44,14,,,,,556,728,,5134,M,809,817
4890,B,,5134,M,小倉    ,下関    ,小倉運転区    ,44,15,,,,809,817,834,,5139,M,,849
4891,B,,5139,M,下関    ,門司    ,小倉運転区    ,44,16,,,,,849,856,,5140,M,,908
4892,B,,5140,M,門司    ,下関    ,小倉運転区    ,44,17,,,,,908,915,,5145,M,,921
4893,B,,5145,M,下関    ,小倉    ,小倉運転区    ,44,18,,,,,921,934,終,,,,
4894,B,,537,M,小倉    ,新田原  ,小倉運転区    ,45,1,,,,1013,1017,1054,,536,M,,1103
4895,B,,536,M,新田原  ,小倉    ,小倉運転区    ,45,2,,,,,1103,1147,,3027,M,1407,1409
4896,B,,3027,M,小倉    ,大分    ,小倉運転区    ,45,3,,,,1407,1409,1536,,3046,M,1639,1644
4897,B,,3046,M,大分    ,小倉    ,小倉運転区    ,45,4,,,,1639,1644,1803,,2232,M,1854,1855
4898,B,,2232,M,小倉    ,門司港  ,小倉運転区    ,45,5,,,,1854,1855,1911,回,2233,M,,1935
4899,B,回,2233,M,門司港  ,小倉    ,小倉運転区    ,45,6,,,,,1935,1948,,2233,M,,1953
4900,B,,2233,M,小倉    ,遠賀川  ,小倉運転区    ,45,7,,,,,1953,2035,,2236,M,,2043
4901,B,,2236,M,遠賀川  ,門司港  ,小倉運転区    ,45,8,,,,,2043,2135,回,2251,M,,520
4902,B,回,2251,M,門司港  ,門司    ,小倉運転区    ,45,9,,,,,520,526,回,5250,M,,539
4903,B,回,5250,M,門司    ,下関    ,小倉運転区    ,45,10,,,,,539,546,,5121,M,,552
4904,B,,5121,M,下関    ,小倉    ,小倉運転区    ,45,11,,,,,552,605,,5122,M,,614
4905,B,,5122,M,小倉    ,下関    ,小倉運転区    ,45,12,,,,,614,628,,5123,M,,634
4906,B,,5123,M,下関    ,小倉    ,小倉運転区    ,45,13,,,,,634,648,,525,M,725,732
4907,B,,525,M,小倉    ,行橋    ,小倉運転区    ,45,14,,,,725,732,802,,526,M,,813
4908,B,,526,M,行橋    ,門司港  ,小倉運転区    ,45,15,,,,,813,914,便,537,M,,1000
4909,B,便,537,M,門司港  ,小倉    ,小倉運転区    ,45,16,,,,,1000,1013,終,,,,
4910,B,,3005,M,小倉    ,大分    ,小倉運転区    ,46,1,,,,856,858,1026,,3028,M,1144,1210
4911,B,,3028,M,大分    ,小倉    ,小倉運転区    ,46,2,,,,1144,1210,1337,,555,M,1421,1436
4912,B,,555,M,小倉    ,行橋    ,小倉運転区    ,46,3,,,,1421,1436,1511,,554,M,,1526
4913,B,,554,M,行橋    ,小倉    ,小倉運転区    ,46,4,,,,,1526,1558,,3042,M,1703,1705
4914,B,,3042,M,小倉    ,博多    ,小倉運転区    ,46,5,,,,1703,1705,1749,,4152,M,1826,1829
4915,B,,4152,M,博多    ,門司港  ,小倉運転区    ,46,6,,,,1826,1829,2010,,2575,M,2130,2155
4916,B,,2575,M,門司港  ,柳ヶ浦  ,小倉運転区    ,46,7,,,,2130,2155,2336,,2528,M,,626
4917,B,,2528,M,柳ヶ浦  ,門司港  ,小倉運転区    ,46,8,,,,,626,820,,2531,M,,835
4918,B,,2531,M,門司港  ,小倉    ,小倉運転区    ,46,9,,,,,835,848,終,,,,
4919,B,,3024,M,小倉    ,博多    ,小倉運転区    ,47,1,,,,1237,1240,1328,回,3024,M,,1334
4920,B,回,3024,M,博多    ,竹下小  ,小倉運転区    ,47,2,,,,,1334,1338,回,3029,M,,1347
4921,B,回,3029,M,竹下小  ,博多    ,小倉運転区    ,47,3,,,,,1347,1350,,3029,M,,1400
4922,B,,3029,M,博多    ,小倉    ,小倉運転区    ,47,4,,,,,1400,1440,,5172,M,1530,1543
4923,B,,5172,M,小倉    ,下関    ,小倉運転区    ,47,5,,,,1530,1543,1557,,5177,M,,1616
4924,B,,5177,M,下関    ,小倉    ,小倉運転区    ,47,6,,,,,1616,1629,回,5177,M,,1648
4925,B,回,5177,M,小倉    ,門司港  ,小倉運転区    ,47,7,,,,,1648,1700,,2231,M,1804,1828
4926,B,,2231,M,門司港  ,遠賀川  ,小倉運転区    ,47,8,,,,1804,1828,1916,,2234,M,,1930
4927,B,,2234,M,遠賀川  ,小倉    ,小倉運転区    ,47,9,,,,,1930,2019,,2573,M,2124,2145
4928,B,,2573,M,小倉    ,柳ヶ浦  ,小倉運転区    ,47,10,,,,2124,2145,2312,,2526,M,,615
4929,B,,2526,M,柳ヶ浦  ,小倉    ,小倉運転区    ,47,11,,,,,615,739,,2226,M,819,820
4930,B,,2226,M,小倉    ,門司港  ,小倉運転区    ,47,12,,,,819,820,834,構,2330,M,931,931
4931,B,構,2330,M,門司港  ,門司港  ,小倉運転区    ,47,13,,,,931,931,952,便,3123,M,,1023
4932,B,便,3123,M,門司港  ,小倉    ,小倉運転区    ,47,14,,,,,1023,1037,終,,,,
4933,B,,2533,M,小倉    ,中津    ,小倉運転区    ,48,1,,,,942,954,1102,,2544,M,,1115
4934,B,,2544,M,中津    ,小倉    ,小倉運転区    ,48,2,,,,,1115,1221,便,3124,M,,1243
4935,B,便,3124,M,小倉    ,門司港  ,小倉運転区    ,48,3,,,,,1243,1256,構回,2538,M,,1510
4936,B,構回,2538,M,門司港  ,門司港  ,小倉運転区    ,48,4,,,,,1510,1517,回,4147,M,1547,1609
4937,B,回,4147,M,門司港  ,小倉    ,小倉運転区    ,48,5,,,,1547,1609,1622,,4147,M,,1627
4938,B,,4147,M,小倉    ,博多    ,小倉運転区    ,48,6,,,,,1627,1800,便,4147,M,,1804
4939,B,便,4147,M,博多    ,南福岡  ,小倉運転区    ,48,7,,,,,1804,1810,,2866,M,,1935
4940,B,,2866,M,南福岡  ,福間    ,小倉運転区    ,48,8,,,,,1935,2023,,2931,M,,2030
4941,B,,2931,M,福間    ,博多    ,小倉運転区    ,48,9,,,,,2030,2102,,2366,M,2129,2132
4942,B,,2366,M,博多    ,小倉    ,小倉運転区    ,48,10,,,,2129,2132,2308,,2523,M,,610
4943,B,,2523,M,小倉    ,中津    ,小倉運転区    ,48,11,,,,,610,710,,2532,M,,716
4944,B,,2532,M,中津    ,門司港  ,小倉運転区    ,48,12,,,,,716,845,,4125,M,909,914
4945,B,,4125,M,門司港  ,小倉    ,小倉運転区    ,48,13,,,,909,914,927,終,,,,
4946,B,,3017,M,小倉    ,大分    ,小倉運転区    ,49,1,,,,1140,1142,1301,,3042,M,1539,1544
4947,B,,3042,M,大分    ,小倉    ,小倉運転区    ,49,2,,,,1539,1544,1703,,2561,M,1809,1830
4948,B,,2561,M,小倉    ,中津    ,小倉運転区    ,49,3,,,,1809,1830,1938,,2568,M,,1948
4949,B,,2568,M,中津    ,小倉    ,小倉運転区    ,49,4,,,,,1948,2057,,147,M,2220,2240
4950,B,,147,M,小倉    ,南福岡  ,小倉運転区    ,49,5,,,,2220,2240,25,回,52,M,,657
4951,B,回,52,M,南福岡  ,博多    ,小倉運転区    ,49,6,,,,,657,704,,52,M,,711
4952,B,,52,M,博多    ,小倉    ,小倉運転区    ,49,7,,,,,711,812,回,1252,M,,828
4953,B,回,1252,M,小倉    ,門司港  ,小倉運転区    ,49,8,,,,,828,840,回,591,M,,908
4954,B,回,591,M,門司港  ,行橋    ,小倉運転区    ,49,9,,,,,908,952,,91,M,,1003
4955,B,,91,M,行橋    ,小倉    ,小倉運転区    ,49,10,,,,,1003,1022,終,,,,
4956,B,,4120,M,小倉    ,門司港  ,小倉運転区    ,50,1,,,,956,957,1010,,4131,M,1113,1123
4957,B,,4131,M,門司港  ,小倉    ,小倉運転区    ,50,2,,,,1113,1123,1137,,3026,M,1303,1305
4958,B,,3026,M,小倉    ,博多    ,小倉運転区    ,50,3,,,,1303,1305,1349,,3031,M,,1420
4959,B,,3031,M,博多    ,小倉    ,小倉運転区    ,50,4,,,,,1420,1507,,561,M,1547,1616
4960,B,,561,M,小倉    ,行橋    ,小倉運転区    ,50,5,,,,1547,1616,1645,,560,M,,1709
4961,B,,560,M,行橋    ,門司港  ,小倉運転区    ,50,6,,,,,1709,1808,,4231,M,1837,1842
4962,B,,4231,M,門司港  ,博多    ,小倉運転区    ,50,7,,,,1837,1842,2019,回,4056,M,2055,2104
4963,B,回,4056,M,博多    ,竹下小  ,小倉運転区    ,50,8,,,,2055,2104,2108,回,3081,M,2213,2218
4964,B,移動,,,竹下小  ,竹下    ,小倉運転区    ,50,9,,,,,,,回,3081,M,2213,2218
4965,B,回,3081,M,竹下    ,博多    ,小倉運転区    ,50,10,,,,2213,2218,2222,,3081,M,,2234
4966,B,,3081,M,博多    ,小倉    ,小倉運転区    ,50,11,,,,,2234,2323,,3082,M,610,615
4967,B,,3082,M,小倉    ,博多    ,小倉運転区    ,50,12,,,,610,615,713,,3005,M,,802
4968,B,,3005,M,博多    ,小倉    ,小倉運転区    ,50,13,,,,,802,856,終,,,,
4969,B,,5158,M,小倉    ,下関    ,小倉運転区    ,61,1,,,,1228,1238,1257,,5163,M,,1311
4970,B,,5163,M,下関    ,小倉    ,小倉運転区    ,61,2,,,,,1311,1324,,5168,M,1434,1453
4971,B,,5168,M,小倉    ,下関    ,小倉運転区    ,61,3,,,,1434,1453,1507,,5173,M,,1516
4972,B,,5173,M,下関    ,小倉    ,小倉運転区    ,61,4,,,,,1516,1530,便,4138,M,,1556
4973,B,便,4138,M,小倉    ,門司港  ,小倉運転区    ,61,5,,,,,1556,1610,,2229,M,1711,1726
4974,B,,2229,M,門司港  ,遠賀川  ,小倉運転区    ,61,6,,,,1711,1726,1812,,2232,M,,1818
4975,B,,2232,M,遠賀川  ,小倉    ,小倉運転区    ,61,7,,,,,1818,1854,,5198,M,1927,1939
4976,B,,5198,M,小倉    ,下関    ,小倉運転区    ,61,8,,,,1927,1939,1953,,5223,M,,1959
4977,B,,5223,M,下関    ,門司    ,小倉運転区    ,61,9,,,,,1959,2006,,5224,M,,2025
4978,B,,5224,M,門司    ,下関    ,小倉運転区    ,61,10,,,,,2025,2032,,5229,M,,2058
4979,B,,5229,M,下関    ,小倉    ,小倉運転区    ,61,11,,,,,2058,2111,回,5229,M,,2117
4980,B,回,5229,M,小倉    ,門司港  ,小倉運転区    ,61,12,,,,,2117,2130,,123,M,,504
4981,B,,123,M,門司港  ,博多    ,小倉運転区    ,61,13,,,,,504,641,,130,M,736,738
4982,B,,130,M,博多    ,小倉    ,小倉運転区    ,61,14,,,,736,738,922,回,130,M,,933
4983,B,回,130,M,小倉    ,門司港  ,小倉運転区    ,61,15,,,,,933,944,便,3123,M,,1023
4984,B,便,3123,M,門司港  ,小倉    ,小倉運転区    ,61,16,,,,,1023,1037,終,,,,
4985,B,,3009,M,小倉    ,大分    ,小倉運転区    ,62,1,,,,943,946,1105,,3036,M,1406,1411
4986,B,,3036,M,大分    ,小倉    ,小倉運転区    ,62,2,,,,1406,1411,1537,便,4138,M,,1556
4987,B,便,4138,M,小倉    ,門司港  ,小倉運転区    ,62,3,,,,,1556,1610,回,565,M,1649,1654
4988,B,回,565,M,門司港  ,小倉    ,小倉運転区    ,62,4,,,,1649,1654,1707,,565,M,,1712
4989,B,,565,M,小倉    ,行橋    ,小倉運転区    ,62,5,,,,,1712,1742,,564,M,,1809
4990,B,,564,M,行橋    ,小倉    ,小倉運転区    ,62,6,,,,,1809,1845,,5196,M,1907,1920
4991,B,,5196,M,小倉    ,下関    ,小倉運転区    ,62,7,,,,1907,1920,1934,,5221,M,,1943
4992,B,,5221,M,下関    ,小倉    ,小倉運転区    ,62,8,,,,,1943,1956,,5222,M,,2002
4993,B,,5222,M,小倉    ,下関    ,小倉運転区    ,62,9,,,,,2002,2016,,5227,M,,2035
4994,B,,5227,M,下関    ,小倉    ,小倉運転区    ,62,10,,,,,2035,2048,,5234,M,2157,2210
4995,B,,5234,M,小倉    ,下関    ,小倉運転区    ,62,11,,,,2157,2210,2224,,5239,M,,2230
4996,B,,5239,M,下関    ,小倉    ,小倉運転区    ,62,12,,,,,2230,2244,,2521,M,,533
4997,B,,2521,M,小倉    ,宇佐    ,小倉運転区    ,62,13,,,,,533,658,,2534,M,,722
4998,B,,2534,M,宇佐    ,小倉    ,小倉運転区    ,62,14,,,,,722,856,終,,,,
4999,B,,2541,M,小倉    ,中津    ,小倉運転区    ,63,1,,,,1347,1354,1501,,2552,M,,1515
5000,B,,2552,M,中津    ,小倉    ,小倉運転区    ,63,2,,,,,1515,1621,,5180,M,1652,1712
5001,B,,5180,M,小倉    ,下関    ,小倉運転区    ,63,3,,,,1652,1712,1730,,5185,M,,1738
5002,B,,5185,M,下関    ,小倉    ,小倉運転区    ,63,4,,,,,1738,1754,,5186,M,,1800
5003,B,,5186,M,小倉    ,下関    ,小倉運転区    ,63,5,,,,,1800,1814,,5191,M,,1821
5004,B,,5191,M,下関    ,門司    ,小倉運転区    ,63,6,,,,,1821,1828,回,5194,M,,1844
5005,B,回,5194,M,門司    ,小倉    ,小倉運転区    ,63,7,,,,,1844,1850,,5194,M,,1859
5006,B,,5194,M,小倉    ,下関    ,小倉運転区    ,63,8,,,,,1859,1915,,5199,M,,1928
5007,B,,5199,M,下関    ,小倉    ,小倉運転区    ,63,9,,,,,1928,1941,,2569,M,2022,2032
5008,B,,2569,M,小倉    ,柳ヶ浦  ,小倉運転区    ,63,10,,,,2022,2032,2206,,2524,M,,604
5009,B,,2524,M,柳ヶ浦  ,小倉    ,小倉運転区    ,63,11,,,,,604,725,,2524,M,,730
5010,B,,2524,M,小倉    ,門司港  ,小倉運転区    ,63,12,,,,,730,744,,533,M,832,851
5011,B,,533,M,門司港  ,行橋    ,小倉運転区    ,63,13,,,,832,851,944,,532,M,,953
5012,B,,532,M,行橋    ,小倉    ,小倉運転区    ,63,14,,,,,953,1029,終,,,,
5013,B,,3121,M,小倉    ,南福岡  ,小倉運転区    ,64,1,,,,826,837,1022,,2342,M,,1130
5014,B,,2342,M,南福岡  ,福間    ,小倉運転区    ,64,2,,,,,1130,1216,,2335,M,,1222
5015,B,,2335,M,福間    ,博多    ,小倉運転区    ,64,3,,,,,1222,1255,,2348,M,1400,1402
5016,B,,2348,M,博多    ,福間    ,小倉運転区    ,64,4,,,,1400,1402,1432,,2157,M,,1503
5017,B,,2157,M,福間    ,博多    ,小倉運転区    ,64,5,,,,,1503,1536,,4146,M,1628,1631
5018,B,,4146,M,博多    ,小倉    ,小倉運転区    ,64,6,,,,1628,1631,1750,回,4146,M,,1757
5019,B,回,4146,M,小倉    ,門司港  ,小倉運転区    ,64,7,,,,,1757,1812,,143,M,1905,1910
5020,B,,143,M,門司港  ,博多    ,小倉運転区    ,64,8,,,,1905,1910,2119,,3120,M,618,636
5021,B,,3120,M,博多    ,小倉    ,小倉運転区    ,64,9,,,,618,636,805,終,,,,
5022,B,,2535,M,小倉    ,中津    ,小倉運転区    ,65,1,,,,1043,1055,1201,,2546,M,,1213
5023,B,,2546,M,中津    ,小倉    ,小倉運転区    ,65,2,,,,,1213,1321,,3029,M,1440,1442
5024,B,,3029,M,小倉    ,大分    ,小倉運転区    ,65,3,,,,1440,1442,1604,,3052,M,1807,1812
5025,B,,3052,M,大分    ,小倉    ,小倉運転区    ,65,4,,,,1807,1812,1937,,573,M,2044,2054
5026,B,,573,M,小倉    ,新田原  ,小倉運転区    ,65,5,,,,2044,2054,2130,回,573,M,,2141
5027,B,回,573,M,新田原  ,行橋    ,小倉運転区    ,65,6,,,,,2141,2146,,520,M,,510
5028,B,,520,M,行橋    ,門司港  ,小倉運転区    ,65,7,,,,,510,609,,523,M,711,715
5029,B,,523,M,門司港  ,小倉    ,小倉運転区    ,65,8,,,,711,715,728,,2527,M,,740
5030,B,,2527,M,小倉    ,中津    ,小倉運転区    ,65,9,,,,,740,845,,2538,M,,851
5031,B,,2538,M,中津    ,小倉    ,小倉運転区    ,65,10,,,,,851,958,終,,,,
5032,B,,531,M,小倉    ,行橋    ,小倉運転区    ,66,1,,,,811,828,903,,530,M,,908
5033,B,,530,M,行橋    ,小倉    ,小倉運転区    ,66,2,,,,,908,942,回,2538,M,958,1007
5034,B,回,2538,M,小倉    ,門司港  ,小倉運転区    ,66,3,,,,958,1007,1019,便,4129,M,,1048
5035,B,便,4129,M,門司港  ,小倉    ,小倉運転区    ,66,4,,,,,1048,1101,,545,M,1159,1215
5036,B,,545,M,小倉    ,新田原  ,小倉運転区    ,66,5,,,,1159,1215,1251,,544,M,,1303
5037,B,,544,M,新田原  ,小倉    ,小倉運転区    ,66,6,,,,,1303,1347,,3034,M,1503,1505
5038,B,,3034,M,小倉    ,博多    ,小倉運転区    ,66,7,,,,1503,1505,1552,,3039,M,,1620
5039,B,,3039,M,博多    ,小倉    ,小倉運転区    ,66,8,,,,,1620,1708,,2557,M,,1754
5040,B,,2557,M,小倉    ,柳ヶ浦  ,小倉運転区    ,66,9,,,,,1754,1918,,5520,M,,449
5041,B,,5520,M,柳ヶ浦  ,下関    ,小倉運転区    ,66,10,,,,,449,639,,5125,M,,654
5042,B,,5125,M,下関    ,小倉    ,小倉運転区    ,66,11,,,,,654,708,,5126,M,,720
5043,B,,5126,M,小倉    ,下関    ,小倉運転区    ,66,12,,,,,720,734,,5131,M,,740
5044,B,,5131,M,下関    ,小倉    ,小倉運転区    ,66,13,,,,,740,753,終,,,,
5045,B,,3020,M,小倉    ,博多    ,小倉運転区    ,67,1,,,,1138,1140,1228,回,3020,M,,1234
5046,B,回,3020,M,博多    ,竹下小  ,小倉運転区    ,67,2,,,,,1234,1238,回,3025,M,,1247
5047,B,回,3025,M,竹下小  ,博多    ,小倉運転区    ,67,3,,,,,1247,1250,,3025,M,,1300
5048,B,,3025,M,博多    ,小倉    ,小倉運転区    ,67,4,,,,,1300,1340,,5170,M,1506,1512
5049,B,,5170,M,小倉    ,下関    ,小倉運転区    ,67,5,,,,1506,1512,1530,,5175,M,,1537
5050,B,,5175,M,下関    ,小倉    ,小倉運転区    ,67,6,,,,,1537,1550,,5176,M,,1637
5051,B,,5176,M,小倉    ,下関    ,小倉運転区    ,67,7,,,,,1637,1652,,5181,M,,1703
5052,B,,5181,M,下関    ,小倉    ,小倉運転区    ,67,8,,,,,1703,1718,,3047,M,1910,1912
5053,B,,3047,M,小倉    ,大分    ,小倉運転区    ,67,9,,,,1910,1912,2042,,3060,M,,2130
5054,B,,3060,M,大分    ,小倉    ,小倉運転区    ,67,10,,,,,2130,2300,,521,M,,551
5055,B,,521,M,小倉    ,新田原  ,小倉運転区    ,67,11,,,,,551,628,,522,M,,635
5056,B,,522,M,新田原  ,小倉    ,小倉運転区    ,67,12,,,,,635,711,,3006,M,806,809
5057,B,,3006,M,小倉    ,博多    ,小倉運転区    ,67,13,,,,806,809,902,,3011,M,914,921
5058,B,,3011,M,博多    ,小倉    ,小倉運転区    ,67,14,,,,914,921,1010,終,,,,
5059,B,,4127,M,小倉    ,博多    ,小倉運転区    ,68,1,,,,951,955,1123,,2148,M,1242,1243
5060,B,,2148,M,博多    ,福間    ,小倉運転区    ,68,2,,,,1242,1243,1316,,2337,M,,1321
5061,B,,2337,M,福間    ,博多    ,小倉運転区    ,68,3,,,,,1321,1355,,4138,M,1431,1432
5062,B,,4138,M,博多    ,門司港  ,小倉運転区    ,68,4,,,,1431,1432,1610,回,2555,M,1644,1717
5063,B,回,2555,M,門司港  ,小倉    ,小倉運転区    ,68,5,,,,1644,1717,1731,,2555,M,,1736
5064,B,,2555,M,小倉    ,中津    ,小倉運転区    ,68,6,,,,,1736,1850,,2566,M,,1910
5065,B,,2566,M,中津    ,小倉    ,小倉運転区    ,68,7,,,,,1910,2016,,3055,M,2108,2112
5066,B,,3055,M,小倉    ,大分    ,小倉運転区    ,68,8,,,,2108,2112,2239,回,6155,M,,2253
5067,B,回,6155,M,大分    ,下郡信  ,小倉運転区    ,68,9,,,,,2253,2257,回,6108,M,,700
5068,B,回,6108,M,下郡信  ,大分    ,小倉運転区    ,68,10,,,,,700,704,,3008,M,,713
5069,B,,3008,M,大分    ,小倉    ,小倉運転区    ,68,11,,,,,713,843,終,,,,
5070,B,回,4224,M,小倉    ,門司港  ,小倉運転区    ,69,1,,,,1056,1103,1117,,4133,M,1143,1148
5071,B,,4133,M,門司港  ,小倉    ,小倉運転区    ,69,2,,,,1143,1148,1201,,3126,M,1337,1343
5072,B,,3126,M,小倉    ,門司港  ,小倉運転区    ,69,3,,,,1337,1343,1357,回,559,M,,1509
5073,B,回,559,M,門司港  ,小倉    ,小倉運転区    ,69,4,,,,,1509,1521,,559,M,,1528
5074,B,,559,M,小倉    ,行橋    ,小倉運転区    ,69,5,,,,,1528,1603,,556,M,,1610
5075,B,,556,M,行橋    ,小倉    ,小倉運転区    ,69,6,,,,,1610,1646,,5182,M,1718,1729
5076,B,,5182,M,小倉    ,下関    ,小倉運転区    ,69,7,,,,1718,1729,1745,,5187,M,,1751
5077,B,,5187,M,下関    ,小倉    ,小倉運転区    ,69,8,,,,,1751,1806,,5188,M,,1814
5078,B,,5188,M,小倉    ,下関    ,小倉運転区    ,69,9,,,,,1814,1831,,5193,M,,1837
5079,B,,5193,M,下関    ,門司    ,小倉運転区    ,69,10,,,,,1837,1844,,5192,M,,1852
5080,B,,5192,M,門司    ,下関    ,小倉運転区    ,69,11,,,,,1852,1859,,5197,M,,1909
5081,B,,5197,M,下関    ,小倉    ,小倉運転区    ,69,12,,,,,1909,1927,,571,M,2005,2016
5082,B,,571,M,小倉    ,新田原  ,小倉運転区    ,69,13,,,,2005,2016,2055,,570,M,,2108
5083,B,,570,M,新田原  ,門司港  ,小倉運転区    ,69,14,,,,,2108,2220,,127,M,,540
5084,B,,127,M,門司港  ,博多    ,小倉運転区    ,69,15,,,,,540,734,,4220,M,806,808
5085,B,,4220,M,博多    ,門司港  ,小倉運転区    ,69,16,,,,806,808,940,便,537,M,,1000
5086,B,便,537,M,門司港  ,小倉    ,小倉運転区    ,69,17,,,,,1000,1013,終,,,,
5087,B,,5142,M,小倉    ,下関    ,小倉運転区    ,70,1,,,,910,914,927,,5147,M,,933
5088,B,,5147,M,下関    ,小倉    ,小倉運転区    ,70,2,,,,,933,947,回,5147,M,,953
5089,B,回,5147,M,小倉    ,門司港  ,小倉運転区    ,70,3,,,,,953,1005,構回,4224,M,1117,1117
5090,B,構回,4224,M,門司港  ,門司港  ,小倉運転区    ,70,4,,,,1117,1117,1137,,4141,M,,1348
5091,B,,4141,M,門司港  ,南福岡  ,小倉運転区    ,70,5,,,,,1348,1532,,4226,M,1646,1647
5092,B,,4226,M,南福岡  ,小倉    ,小倉運転区    ,70,6,,,,1646,1647,1803,回,4226,M,,1810
5093,B,回,4226,M,小倉    ,門司港  ,小倉運転区    ,70,7,,,,,1810,1821,便,4231,M,,1842
5094,B,便,4231,M,門司港  ,小倉    ,小倉運転区    ,70,8,,,,,1842,1855,,5220,M,1941,1951
5095,B,,5220,M,小倉    ,下関    ,小倉運転区    ,70,9,,,,1941,1951,2005,,5225,M,,2011
5096,B,,5225,M,下関    ,小倉    ,小倉運転区    ,70,10,,,,,2011,2025,,5014,M,2111,2114
5097,B,,5014,M,小倉    ,博多    ,小倉運転区    ,70,11,,,,2111,2114,2204,回,5014,M,,2214
5098,B,回,5014,M,博多    ,南福岡  ,小倉運転区    ,70,12,,,,,2214,2222,回,120,M,,451
5099,B,回,120,M,南福岡  ,博多    ,小倉運転区    ,70,13,,,,,451,458,,120,M,,501
5100,B,,120,M,博多    ,門司港  ,小倉運転区    ,70,14,,,,,501,651,便,4223,M,,702
5101,B,便,4223,M,門司港  ,小倉    ,小倉運転区    ,70,15,,,,,702,715,,5132,M,753,801
5102,B,,5132,M,小倉    ,下関    ,小倉運転区    ,70,16,,,,753,801,816,,5137,M,,825
5103,B,,5137,M,下関    ,小倉    ,小倉運転区    ,70,17,,,,,825,839,終,,,,
5104,B,,4125,M,小倉    ,博多    ,小倉運転区    ,81,1,,,,927,929,1053,,4128,M,1131,1132
5105,B,,4128,M,博多    ,小倉    ,小倉運転区    ,81,2,,,,1131,1132,1250,,553,M,1359,1415
5106,B,,553,M,小倉    ,新田原  ,小倉運転区    ,81,3,,,,1359,1415,1451,,552,M,,1503
5107,B,,552,M,新田原  ,小倉    ,小倉運転区    ,81,4,,,,,1503,1547,終,,,,
5108,B,便,4220,M,小倉    ,門司港  ,小倉運転区    ,101,1,,,,,926,940,構,4220,M,940,940
5109,B,構,4220,M,門司港  ,門司港  ,小倉運転区    ,101,2,,,,940,940,958,構,128,M,1033,1033
5110,B,構,128,M,門司港  ,門司港  ,小倉運転区    ,101,3,,,,1033,1033,1102,構,4227,M,,1130
5111,B,構,4227,M,門司港  ,門司港  ,小倉運転区    ,101,4,,,,,1130,1138,構,3125,M,,1314
5112,B,構,3125,M,門司港  ,門司港  ,小倉運転区    ,101,5,,,,,1314,1327,構,3126,M,1357,1357
5113,B,構,3126,M,門司港  ,門司港  ,小倉運転区    ,101,6,,,,1357,1357,1424,構,4126,M,,1508
5114,B,構,4126,M,門司港  ,門司港  ,小倉運転区    ,101,7,,,,,1508,1514,構,636,H,1531,1531
5115,B,構,636,H,門司港  ,門司港  ,小倉運転区    ,101,8,,,,1531,1531,1552,構,4149,M,1616,1616
5116,B,構,4149,M,門司港  ,門司港  ,小倉運転区    ,101,9,,,,1616,1616,1630,構,2559,M,,1651
5117,B,構,2559,M,門司港  ,門司港  ,小倉運転区    ,101,10,,,,,1651,1708,構,3126,M,,1739
5118,B,構,3126,M,門司港  ,門司港  ,小倉運転区    ,101,11,,,,,1739,1753,構,2567,M,1833,1833
5119,B,構,2567,M,門司港  ,門司港  ,小倉運転区    ,101,12,,,,1833,1833,1852,構,4152,M,2010,2010
5120,B,構,4152,M,門司港  ,門司港  ,小倉運転区    ,101,13,,,,2010,2010,2029,構,136,M,2117,2117
5121,B,構,136,M,門司港  ,門司港  ,小倉運転区    ,101,14,,,,2117,2117,2133,構,2239,M,2153,2153
5122,B,構,2239,M,門司港  ,門司港  ,小倉運転区    ,101,15,,,,2153,2153,2210,構,575,M,2217,2217
5123,B,構,575,M,門司港  ,門司港  ,小倉運転区    ,101,16,,,,2217,2217,2233,構,2243,M,2246,2246
5124,B,構,2243,M,門司港  ,門司港  ,小倉運転区    ,101,17,,,,2246,2246,2318,構,2236,M,2341,2341
5125,B,構,2236,M,門司港  ,門司港  ,小倉運転区    ,101,18,,,,2341,2341,2357,構,3222,M,2,2
5126,B,構,3222,M,門司港  ,門司港  ,小倉運転区    ,101,19,,,,2,2,35,構,2528,M,820,820
5127,B,構,2528,M,門司港  ,門司港  ,小倉運転区    ,101,20,,,,820,820,832,便,533,M,,851
5128,B,便,533,M,門司港  ,小倉    ,小倉運転区    ,101,21,,,,,851,904,終,,,,
5129,B,,8005,D,博多    ,久留米  ,博多運転区    ,1,1,,,,,1438,1511,,8005,D,1511,1512
5130,B,,8005,D,久留米  ,由布院  ,博多運転区    ,1,2,,,,1511,1512,1650,,8006,D,,1717
5131,B,,8006,D,由布院  ,博多    ,博多運転区    ,1,3,,,,,1717,1927,回,8006,D,,1937
5132,B,回,8006,D,博多    ,竹下小  ,博多運転区    ,1,4,,,,,1937,1942,便,2178,M,,2006
5133,B,移動,,,竹下小  ,竹下    ,博多運転区    ,1,5,,,,,,,便,2178,M,,2006
5134,B,便,2178,M,竹下    ,博多    ,博多運転区    ,1,6,,,,,2006,2009,終,,,,
5135,B,便,4222,M,博多    ,香椎    ,博多運転区    ,2,1,,,,,849,900,,5735,C,908,923
5136,B,,5735,C,香椎    ,宇美    ,博多運転区    ,2,2,,,,908,923,954,,5732,C,,1002
5137,B,,5732,C,宇美    ,香椎    ,博多運転区    ,2,3,,,,,1002,1031,,5743,C,1105,1118
5138,B,,5743,C,香椎    ,宇美    ,博多運転区    ,2,4,,,,1105,1118,1144,,5740,C,,1201
5139,B,,5740,C,宇美    ,香椎    ,博多運転区    ,2,5,,,,,1201,1231,,5753,C,1332,1350
5140,B,,5753,C,香椎    ,宇美    ,博多運転区    ,2,6,,,,1332,1350,1422,,5750,C,,1435
5141,B,,5750,C,宇美    ,香椎    ,博多運転区    ,2,7,,,,,1435,1504,,2754,C,,1617
5142,B,,2754,C,香椎    ,西戸崎  ,博多運転区    ,2,8,,,,,1617,1640,,2763,C,,1651
5143,B,,2763,C,西戸崎  ,香椎    ,博多運転区    ,2,9,,,,,1651,1713,便,3040,M,,1721
5144,B,便,3040,M,香椎    ,博多    ,博多運転区    ,2,10,,,,,1721,1728,終,,,,
5145,B,便,3015,M,博多    ,香椎    ,博多運転区    ,3,1,,,,,1020,1026,,5741,C,1036,1048
5146,B,,5741,C,香椎    ,宇美    ,博多運転区    ,3,2,,,,1036,1048,1122,,5738,C,,1135
5147,B,,5738,C,宇美    ,香椎    ,博多運転区    ,3,3,,,,,1135,1205,,2740,C,1259,1309
5148,B,,2740,C,香椎    ,西戸崎  ,博多運転区    ,3,4,,,,1259,1309,1329,,2749,C,,1339
5149,B,,2749,C,西戸崎  ,香椎    ,博多運転区    ,3,5,,,,,1339,1359,,5769,C,1631,1654
5150,B,,5769,C,香椎    ,宇美    ,博多運転区    ,3,6,,,,1631,1654,1724,,5766,C,,1741
5151,B,,5766,C,宇美    ,香椎    ,博多運転区    ,3,7,,,,,1741,1811,,5779,C,,1836
5152,B,,5779,C,香椎    ,宇美    ,博多運転区    ,3,8,,,,,1836,1905,,5776,C,,1923
5153,B,,5776,C,宇美    ,香椎    ,博多運転区    ,3,9,,,,,1923,1952,,5793,C,2032,2100
5154,B,,5793,C,香椎    ,宇美    ,博多運転区    ,3,10,,,,2032,2100,2129,,5790,C,,2142
5155,B,,5790,C,宇美    ,香椎    ,博多運転区    ,3,11,,,,,2142,2210,便回,1733,C,,2248
5156,B,便回,1733,C,香椎    ,竹下小  ,博多運転区    ,3,12,,,,,2248,2309,回,1720,C,,451
5157,B,回,1720,C,竹下小  ,香椎    ,博多運転区    ,3,13,,,,,451,507,,5723,C,,537
5158,B,,5723,C,香椎    ,宇美    ,博多運転区    ,3,14,,,,,537,606,,720,C,,620
5159,B,,720,C,宇美    ,香椎    ,博多運転区    ,3,15,,,,,620,648,,1727,C,812,816
5160,B,,1727,C,香椎    ,博多    ,博多運転区    ,3,16,,,,812,816,829,回,1727,C,,837
5161,B,回,1727,C,博多    ,竹下小  ,博多運転区    ,3,17,,,,,837,841,回,2134,M,,929
5162,B,回,2134,M,竹下小  ,博多    ,博多運転区    ,3,18,,,,,929,932,終,,,,
5163,B,便,135,M,博多    ,竹下    ,博多運転区    ,4,1,,,,,857,901,回,8003,D,,952
5164,B,移動,,,竹下    ,竹下小  ,博多運転区    ,4,2,,,,,,,回,8003,D,,952
5165,B,回,8003,D,竹下小  ,博多    ,博多運転区    ,4,3,,,,,952,956,,8003,D,,1011
5166,B,,8003,D,博多    ,由布院  ,博多運転区    ,4,4,,,,,1011,1227,,8004,D,1546,1556
5167,B,,8004,D,由布院  ,博多    ,博多運転区    ,4,5,,,,1546,1556,1810,回,8004,D,,1818
5168,B,回,8004,D,博多    ,竹下小  ,博多運転区    ,4,6,,,,,1818,1821,便,136,M,,1854
5169,B,移動,,,竹下小  ,竹下    ,博多運転区    ,4,7,,,,,,,便,136,M,,1854
5170,B,便,136,M,竹下    ,博多    ,博多運転区    ,4,8,,,,,1854,1858,終,,,,
5171,B,便,2160,M,博多    ,香椎    ,博多運転区    ,5,1,,,,,1540,1551,,5767,C,,1634
5172,B,,5767,C,香椎    ,宇美    ,博多運転区    ,5,2,,,,,1634,1705,,5764,C,,1719
5173,B,,5764,C,宇美    ,香椎    ,博多運転区    ,5,3,,,,,1719,1751,,2766,C,1813,1822
5174,B,,2766,C,香椎    ,西戸崎  ,博多運転区    ,5,4,,,,1813,1822,1842,,2775,C,,1847
5175,B,,2775,C,西戸崎  ,香椎    ,博多運転区    ,5,5,,,,,1847,1913,,2776,C,1955,2003
5176,B,,2776,C,香椎    ,西戸崎  ,博多運転区    ,5,6,,,,1955,2003,2023,,2785,C,,2031
5177,B,,2785,C,西戸崎  ,香椎    ,博多運転区    ,5,7,,,,,2031,2056,構,5790,C,,2220
5178,B,構,5790,C,香椎    ,香椎    ,博多運転区    ,5,8,,,,,2220,2226,,5821,C,2300,2306
5179,B,,5821,C,香椎    ,宇美    ,博多運転区    ,5,9,,,,2300,2306,2332,回,5798,C,,2338
5180,B,回,5798,C,宇美    ,香椎    ,博多運転区    ,5,10,,,,,2338,5,構回,1722,C,538,538
5181,B,構回,1722,C,香椎    ,香椎    ,博多運転区    ,5,11,,,,538,538,546,構,5720,C,554,554
5182,B,構,5720,C,香椎    ,香椎    ,博多運転区    ,5,12,,,,554,554,606,,5729,C,627,633
5183,B,,5729,C,香椎    ,宇美    ,博多運転区    ,5,13,,,,627,633,705,,724,C,,721
5184,B,,724,C,宇美    ,西戸崎  ,博多運転区    ,5,14,,,,,721,832,,2729,C,,837
5185,B,,2729,C,西戸崎  ,香椎    ,博多運転区    ,5,15,,,,,837,857,回,1731,C,1007,1015
5186,B,回,1731,C,香椎    ,竹下小  ,博多運転区    ,5,16,,,,1007,1015,1043,便,2144,M,,1118
5187,B,移動,,,竹下小  ,竹下    ,博多運転区    ,5,17,,,,,,,便,2144,M,,1118
5188,B,便,2144,M,竹下    ,博多    ,博多運転区    ,5,18,,,,,1118,1123,終,,,,
5189,B,便,4126,M,博多    ,香椎    ,博多運転区    ,6,1,,,,,1032,1042,,2732,C,1100,1109
5190,B,,2732,C,香椎    ,西戸崎  ,博多運転区    ,6,2,,,,1100,1109,1129,,2741,C,,1139
5191,B,,2741,C,西戸崎  ,香椎    ,博多運転区    ,6,3,,,,,1139,1159,,5749,C,1245,1250
5192,B,,5749,C,香椎    ,宇美    ,博多運転区    ,6,4,,,,1245,1250,1322,,5746,C,,1335
5193,B,,5746,C,宇美    ,香椎    ,博多運転区    ,6,5,,,,,1335,1405,,5761,C,,1535
5194,B,,5761,C,香椎    ,宇美    ,博多運転区    ,6,6,,,,,1535,1603,,5758,C,,1618
5195,B,,5758,C,宇美    ,香椎    ,博多運転区    ,6,7,,,,,1618,1649,,5775,C,1733,1756
5196,B,,5775,C,香椎    ,宇美    ,博多運転区    ,6,8,,,,1733,1756,1825,,5772,C,,1837
5197,B,,5772,C,宇美    ,香椎    ,博多運転区    ,6,9,,,,,1837,1913,,5789,C,2012,2017
5198,B,,5789,C,香椎    ,宇美    ,博多運転区    ,6,10,,,,2012,2017,2046,,5786,C,,2103
5199,B,,5786,C,宇美    ,香椎    ,博多運転区    ,6,11,,,,,2103,2133,回,1733,C,2230,2248
5200,B,回,1733,C,香椎    ,竹下小  ,博多運転区    ,6,12,,,,2230,2248,2309,回,1722,C,,523
5201,B,回,1722,C,竹下小  ,香椎    ,博多運転区    ,6,13,,,,,523,538,,5727,C,,612
5202,B,,5727,C,香椎    ,宇美    ,博多運転区    ,6,14,,,,,612,644,,5724,C,,700
5203,B,,5724,C,宇美    ,香椎    ,博多運転区    ,6,15,,,,,700,732,構,726,C,820,820
5204,B,構,726,C,香椎    ,香椎    ,博多運転区    ,6,16,,,,820,820,824,構,728,C,843,843
5205,B,構,728,C,香椎    ,香椎    ,博多運転区    ,6,17,,,,843,843,906,便,139,M,,923
5206,B,便,139,M,香椎    ,博多    ,博多運転区    ,6,18,,,,,923,935,終,,,,
5207,B,,2344,M,博多    ,福間    ,博多運転区    ,21,1,,,,1201,1202,1232,,2149,M,,1303
5208,B,,2149,M,福間    ,博多    ,博多運転区    ,21,2,,,,,1303,1338,,3037,M,1550,1600
5209,B,,3037,M,博多    ,小倉    ,博多運転区    ,21,3,,,,1550,1600,1641,,3046,M,1803,1805
5210,B,,3046,M,小倉    ,博多    ,博多運転区    ,21,4,,,,1803,1805,1852,,3051,M,,1920
5211,B,,3051,M,博多    ,小倉    ,博多運転区    ,21,5,,,,,1920,2009,,145,M,2055,2101
5212,B,,145,M,小倉    ,二日市  ,博多運転区    ,21,6,,,,2055,2101,2308,回,145,M,,2332
5213,B,回,145,M,二日市  ,南福岡  ,博多運転区    ,21,7,,,,,2332,2341,,2330,M,712,713
5214,B,,2330,M,南福岡  ,門司港  ,博多運転区    ,21,8,,,,712,713,931,便,4127,M,,938
5215,B,便,4127,M,門司港  ,小倉    ,博多運転区    ,21,9,,,,,938,951,,3016,M,1038,1040
5216,B,,3016,M,小倉    ,博多    ,博多運転区    ,21,10,,,,1038,1040,1129,終,,,,
5217,B,,2139,M,博多    ,二日市  ,博多運転区    ,22,1,,,,1105,1106,1128,,2146,M,,1156
5218,B,,2146,M,二日市  ,南福岡  ,博多運転区    ,22,2,,,,,1156,1208,便,2146,M,,1211
5219,B,便,2146,M,南福岡  ,博多    ,博多運転区    ,22,3,,,,,1211,1221,,4131,M,1258,1259
5220,B,,4131,M,博多    ,羽犬塚  ,博多運転区    ,22,4,,,,1258,1259,1345,,4142,M,,1439
5221,B,,4142,M,羽犬塚  ,南福岡  ,博多運転区    ,22,5,,,,,1439,1520,,2162,M,1607,1613
5222,B,,2162,M,南福岡  ,海老津  ,博多運転区    ,22,6,,,,1607,1613,1719,回,2347,M,,1753
5223,B,回,2347,M,海老津  ,福間    ,博多運転区    ,22,7,,,,,1753,1810,,2347,M,,1817
5224,B,,2347,M,福間    ,博多    ,博多運転区    ,22,8,,,,,1817,1848,,1010,M,1935,1940
5225,B,,1010,M,博多    ,門司港  ,博多運転区    ,22,9,,,,1935,1940,2051,回,1071,M,2209,2214
5226,B,回,1071,M,門司港  ,小倉    ,博多運転区    ,22,10,,,,2209,2214,2225,,1071,M,,2231
5227,B,,1071,M,小倉    ,博多    ,博多運転区    ,22,11,,,,,2231,2321,,1321,M,614,620
5228,B,,1321,M,博多    ,荒尾    ,博多運転区    ,22,12,,,,614,620,743,,2338,M,,751
5229,B,,2338,M,荒尾    ,博多    ,博多運転区    ,22,13,,,,,751,935,終,,,,
5230,B,,2143,M,博多    ,二日市  ,博多運転区    ,23,1,,,,1207,1209,1233,,2150,M,,1256
5231,B,,2150,M,二日市  ,博多    ,博多運転区    ,23,2,,,,,1256,1320,,4140,M,1509,1510
5232,B,,4140,M,博多    ,門司港  ,博多運転区    ,23,3,,,,1509,1510,1647,回,4153,M,1728,1733
5233,B,回,4153,M,門司港  ,小倉    ,博多運転区    ,23,4,,,,1728,1733,1747,,4153,M,,1757
5234,B,,4153,M,小倉    ,博多    ,博多運転区    ,23,5,,,,,1757,1937,,4231,M,2019,2022
5235,B,,4231,M,博多    ,羽犬塚  ,博多運転区    ,23,6,,,,2019,2022,2114,回,4231,M,,2127
5236,B,回,4231,M,羽犬塚  ,久留米  ,博多運転区    ,23,7,,,,,2127,2138,,2320,M,,451
5237,B,,2320,M,久留米  ,南福岡  ,博多運転区    ,23,8,,,,,451,530,,2121,M,603,606
5238,B,,2121,M,南福岡  ,鳥栖    ,博多運転区    ,23,9,,,,603,606,641,,130,M,,647
5239,B,,130,M,鳥栖    ,博多    ,博多運転区    ,23,10,,,,,647,736,,131,M,823,824
5240,B,,131,M,博多    ,南福岡  ,博多運転区    ,23,11,,,,823,824,833,,131,M,,838
5241,B,,131,M,南福岡  ,久留米  ,博多運転区    ,23,12,,,,,838,928,,2340,M,,934
5242,B,,2340,M,久留米  ,南福岡  ,博多運転区    ,23,13,,,,,934,1029,便,2340,M,,1030
5243,B,便,2340,M,南福岡  ,博多    ,博多運転区    ,23,14,,,,,1030,1039,終,,,,
5244,B,,134,M,博多    ,門司港  ,博多運転区    ,24,1,,,,859,902,1056,,4135,M,1218,1223
5245,B,,4135,M,門司港  ,博多    ,博多運転区    ,24,2,,,,1218,1223,1358,回,4036,M,1528,1537
5246,B,回,4036,M,博多    ,吉塚（電,博多運転区    ,24,3,,,,1528,1537,1542,回,2043,M,,1600
5247,B,回,2043,M,吉塚（電,博多    ,博多運転区    ,24,4,,,,,1600,1604,,4148,M,1711,1713
5248,B,,4148,M,博多    ,門司港  ,博多運転区    ,24,5,,,,1711,1713,1855,便,143,M,,1910
5249,B,便,143,M,門司港  ,小倉    ,博多運転区    ,24,6,,,,,1910,1923,,2353,M,2019,2043
5250,B,,2353,M,小倉    ,博多    ,博多運転区    ,24,7,,,,2019,2043,2218,,1071,M,2321,2323
5251,B,,1071,M,博多    ,佐賀    ,博多運転区    ,24,8,,,,2321,2323,5,,1072,M,,624
5252,B,,1072,M,佐賀    ,博多    ,博多運転区    ,24,9,,,,,624,707,,127,M,734,741
5253,B,,127,M,博多    ,二日市  ,博多運転区    ,24,10,,,,734,741,806,,2130,M,,815
5254,B,,2130,M,二日市  ,博多    ,博多運転区    ,24,11,,,,,815,841,終,,,,
5255,B,,4091,M,博多    ,武雄温泉,博多運転区    ,25,1,,,,905,910,1022,,4092,M,,1040
5256,B,,4092,M,武雄温泉,博多    ,博多運転区    ,25,2,,,,,1040,1142,回,2030,M,1414,1427
5257,B,回,2030,M,博多    ,吉塚　鹿,博多運転区    ,25,3,,,,1414,1427,1430,回,2037,M,,1442
5258,B,回,2037,M,吉塚　鹿,博多    ,博多運転区    ,25,4,,,,,1442,1445,,2157,M,1536,1537
5259,B,,2157,M,博多    ,鳥栖    ,博多運転区    ,25,5,,,,1536,1537,1620,,4226,M,,1625
5260,B,,4226,M,鳥栖    ,南福岡  ,博多運転区    ,25,6,,,,,1625,1646,,2166,M,1716,1717
5261,B,,2166,M,南福岡  ,海老津  ,博多運転区    ,25,7,,,,1716,1717,1838,回,2349,M,,1853
5262,B,回,2349,M,海老津  ,福間    ,博多運転区    ,25,8,,,,,1853,1910,,2349,M,,1916
5263,B,,2349,M,福間    ,博多    ,博多運転区    ,25,9,,,,,1916,1947,終,,,,
5264,B,,2005,H,博多    ,武雄温泉,博多運転区    ,26,1,,,,700,716,825,,2012,H,906,911
5265,B,,2012,H,武雄温泉,博多    ,博多運転区    ,26,2,,,,906,911,1007,,4125,M,1053,1056
5266,B,,4125,M,博多    ,羽犬塚  ,博多運転区    ,26,3,,,,1053,1056,1152,,4134,M,,1241
5267,B,,4134,M,羽犬塚  ,博多    ,博多運転区    ,26,4,,,,,1241,1331,終,,,,
5268,B,,2138,M,博多    ,折尾　鹿,博多運転区    ,27,1,,,,1015,1022,1135,,2147,M,,1158
5269,B,,2147,M,折尾　鹿,南福岡  ,博多運転区    ,27,2,,,,,1158,1326,回,1327,M,,1537
5270,B,回,1327,M,南福岡  ,博多    ,博多運転区    ,27,3,,,,,1537,1543,,1327,M,,1549
5271,B,,1327,M,博多    ,羽犬塚  ,博多運転区    ,27,4,,,,,1549,1640,,2356,M,,1646
5272,B,,2356,M,羽犬塚  ,博多    ,博多運転区    ,27,5,,,,,1646,1759,,4227,M,1821,1823
5273,B,,4227,M,博多    ,大牟田  ,博多運転区    ,27,6,,,,1821,1823,1929,回,4227,M,,1934
5274,B,回,4227,M,大牟田  ,荒尾    ,博多運転区    ,27,7,,,,,1934,1939,,2326,M,,525
5275,B,,2326,M,荒尾    ,南福岡  ,博多運転区    ,27,8,,,,,525,647,便,2326,M,,648
5276,B,便,2326,M,南福岡  ,博多    ,博多運転区    ,27,9,,,,,648,657,,4221,M,751,752
5277,B,,4221,M,博多    ,羽犬塚  ,博多運転区    ,27,10,,,,751,752,844,,4224,M,,855
5278,B,,4224,M,羽犬塚  ,博多    ,博多運転区    ,27,11,,,,,855,945,終,,,,
5279,B,,3027,M,博多    ,小倉    ,博多運転区    ,28,1,,,,1313,1320,1407,便,634,H,,1418
5280,B,便,634,H,小倉    ,門司港  ,博多運転区    ,28,2,,,,,1418,1432,,4225,M,,1559
5281,B,,4225,M,門司港  ,博多    ,博多運転区    ,28,3,,,,,1559,1717,,4147,M,1800,1804
5282,B,,4147,M,博多    ,久留米  ,博多運転区    ,28,4,,,,1800,1804,1842,,2360,M,,1849
5283,B,,2360,M,久留米  ,博多    ,博多運転区    ,28,5,,,,,1849,1959,,2183,M,2046,2047
5284,B,,2183,M,博多    ,鳥栖    ,博多運転区    ,28,6,,,,2046,2047,2131,,142,M,,2145
5285,B,,142,M,鳥栖    ,南福岡  ,博多運転区    ,28,7,,,,,2145,2216,回,2894,M,2248,2256
5286,B,回,2894,M,南福岡  ,博多    ,博多運転区    ,28,8,,,,2248,2256,2304,,62,M,,2310
5287,B,,62,M,博多    ,門司港  ,博多運転区    ,28,9,,,,,2310,20,,1001,M,,640
5288,B,,1001,M,門司港  ,博多    ,博多運転区    ,28,10,,,,,640,753,,4223,M,840,842
5289,B,,4223,M,博多    ,鳥栖    ,博多運転区    ,28,11,,,,840,842,918,,2138,M,,926
5290,B,,2138,M,鳥栖    ,博多    ,博多運転区    ,28,12,,,,,926,1015,終,,,,
5291,B,,4019,M,博多    ,早岐    ,博多運転区    ,29,1,,,,1007,1031,1209,,6027,H,1410,1417
5292,B,,6027,H,早岐    ,テンボス,博多運転区    ,29,2,,,,1410,1417,1423,,6040,H,,1443
5293,B,,6040,H,テンボス,早岐    ,博多運転区    ,29,3,,,,,1443,1449,,6031,H,1510,1518
5294,B,,6031,H,早岐    ,テンボス,博多運転区    ,29,4,,,,1510,1518,1524,,6044,H,,1553
5295,B,,6044,H,テンボス,早岐    ,博多運転区    ,29,5,,,,,1553,1559,,4056,H,1921,1926
5296,B,,4056,H,早岐    ,博多    ,博多運転区    ,29,6,,,,1921,1926,2055,,4233,M,2112,2114
5297,B,,4233,M,博多    ,荒木    ,博多運転区    ,29,7,,,,2112,2114,2157,回,2322,M,,511
5298,B,回,2322,M,荒木    ,久留米  ,博多運転区    ,29,8,,,,,511,516,,2322,M,,523
5299,B,,2322,M,久留米  ,博多    ,博多運転区    ,29,9,,,,,523,614,,2124,M,641,648
5300,B,,2124,M,博多    ,福間    ,博多運転区    ,29,10,,,,641,648,718,,2129,M,,728
5301,B,,2129,M,福間    ,二日市  ,博多運転区    ,29,11,,,,,728,836,,2132,M,,841
5302,B,,2132,M,二日市  ,博多    ,博多運転区    ,29,12,,,,,841,907,終,,,,
5303,B,,2331,M,博多    ,荒木    ,博多運転区    ,30,1,,,,1034,1036,1140,,2346,M,,1201
5304,B,,2346,M,荒木    ,南福岡  ,博多運転区    ,30,2,,,,,1201,1250,便,2346,M,,1251
5305,B,便,2346,M,南福岡  ,博多    ,博多運転区    ,30,3,,,,,1251,1300,,4135,M,1358,1359
5306,B,,4135,M,博多    ,羽犬塚  ,博多運転区    ,30,4,,,,1358,1359,1449,,4146,M,,1540
5307,B,,4146,M,羽犬塚  ,南福岡  ,博多運転区    ,30,5,,,,,1540,1621,,136,M,,1848
5308,B,,136,M,南福岡  ,門司港  ,博多運転区    ,30,6,,,,,1848,2057,便,2355,M,,2120
5309,B,便,2355,M,門司港  ,小倉    ,博多運転区    ,30,7,,,,,2120,2133,,2241,M,2308,2322
5310,B,,2241,M,小倉    ,赤間    ,博多運転区    ,30,8,,,,2308,2322,8,回,2325,M,,608
5311,B,回,2325,M,赤間    ,福間    ,博多運転区    ,30,9,,,,,608,617,,2325,M,,627
5312,B,,2325,M,福間    ,博多    ,博多運転区    ,30,10,,,,,627,702,,2127,M,715,733
5313,B,,2127,M,博多    ,鳥栖    ,博多運転区    ,30,11,,,,715,733,823,,4122,M,,850
5314,B,,4122,M,鳥栖    ,南福岡  ,博多運転区    ,30,12,,,,,850,912,便,4122,M,,913
5315,B,便,4122,M,南福岡  ,博多    ,博多運転区    ,30,13,,,,,913,922,終,,,,
5316,B,,3017,M,博多    ,小倉    ,博多運転区    ,41,1,,,,1046,1100,1140,,3032,M,1437,1440
5317,B,,3032,M,小倉    ,博多    ,博多運転区    ,41,2,,,,1437,1440,1528,回,3032,M,,1537
5318,B,回,3032,M,博多    ,竹下小  ,博多運転区    ,41,3,,,,,1537,1541,回,3037,M,,1547
5319,B,回,3037,M,竹下小  ,博多    ,博多運転区    ,41,4,,,,,1547,1550,,3041,M,1628,1700
5320,B,,3041,M,博多    ,小倉    ,博多運転区    ,41,5,,,,1628,1700,1741,,3050,M,1903,1905
5321,B,,3050,M,小倉    ,博多    ,博多運転区    ,41,6,,,,1903,1905,1950,回,3050,M,,1957
5322,B,回,3050,M,博多    ,竹下小  ,博多運転区    ,41,7,,,,,1957,2001,回,3055,M,,2011
5323,B,回,3055,M,竹下小  ,博多    ,博多運転区    ,41,8,,,,,2011,2014,,3055,M,,2020
5324,B,,3055,M,博多    ,小倉    ,博多運転区    ,41,9,,,,,2020,2108,,2357,M,2200,2211
5325,B,,2357,M,小倉    ,南福岡  ,博多運転区    ,41,10,,,,2200,2211,2355,,126,M,,552
5326,B,,126,M,南福岡  ,小倉    ,博多運転区    ,41,11,,,,,552,738,,3008,M,843,845
5327,B,,3008,M,小倉    ,博多    ,博多運転区    ,41,12,,,,843,845,939,終,,,,
5328,B,,4011,M,博多    ,早岐    ,博多運転区    ,42,1,,,,832,839,1007,,4024,M,1100,1106
5329,B,,4024,M,早岐    ,博多    ,博多運転区    ,42,2,,,,1100,1106,1236,,2152,M,1340,1341
5330,B,,2152,M,博多    ,福間    ,博多運転区    ,42,3,,,,1340,1341,1416,,2339,M,,1421
5331,B,,2339,M,福間    ,博多    ,博多運転区    ,42,4,,,,,1421,1455,,2158,M,1523,1524
5332,B,,2158,M,博多    ,折尾　鹿,博多運転区    ,42,5,,,,1523,1524,1633,,2345,M,,1639
5333,B,,2345,M,折尾　鹿,博多    ,博多運転区    ,42,6,,,,,1639,1743,,4153,M,1937,1942
5334,B,,4153,M,博多    ,久留米  ,博多運転区    ,42,7,,,,1937,1942,2019,,2366,M,,2035
5335,B,,2366,M,久留米  ,博多    ,博多運転区    ,42,8,,,,,2035,2129,,2353,M,2218,2220
5336,B,,2353,M,博多    ,久留米  ,博多運転区    ,42,9,,,,2218,2220,2317,回,2353,M,,2331
5337,B,回,2353,M,久留米  ,鳥栖    ,博多運転区    ,42,10,,,,,2331,2338,,1820,M,654,656
5338,B,,1820,M,鳥栖    ,博多    ,博多運転区    ,42,11,,,,654,656,729,終,,,,
5339,B,,4123,M,博多    ,羽犬塚  ,博多運転区    ,43,1,,,,1022,1026,1122,,4130,M,,1139
5340,B,,4130,M,羽犬塚  ,南福岡  ,博多運転区    ,43,2,,,,,1139,1222,便,4130,M,,1224
5341,B,便,4130,M,南福岡  ,博多    ,博多運転区    ,43,3,,,,,1224,1229,,2149,M,1338,1343
5342,B,,2149,M,博多    ,二日市  ,博多運転区    ,43,4,,,,1338,1343,1409,,2156,M,,1419
5343,B,,2156,M,二日市  ,南福岡  ,博多運転区    ,43,5,,,,,1419,1431,,4140,M,1501,1502
5344,B,,4140,M,南福岡  ,博多    ,博多運転区    ,43,6,,,,1501,1502,1509,,2041,H,1544,1555
5345,B,,2041,H,博多    ,武雄温泉,博多運転区    ,43,7,,,,1544,1555,1655,,2046,H,,1713
5346,B,,2046,H,武雄温泉,博多    ,博多運転区    ,43,8,,,,,1713,1813,,2059,H,1915,2000
5347,B,,2059,H,博多    ,武雄温泉,博多運転区    ,43,9,,,,1915,2000,2103,,2064,H,2143,2148
5348,B,,2064,H,武雄温泉,博多    ,博多運転区    ,43,10,,,,2143,2148,2247,回,2064,M,,2255
5349,B,回,2064,M,博多    ,竹下小  ,博多運転区    ,43,11,,,,,2255,2300,回,2003,M,,622
5350,B,回,2003,M,竹下小  ,博多    ,博多運転区    ,43,12,,,,,622,625,,2003,H,,632
5351,B,,2003,H,博多    ,武雄温泉,博多運転区    ,43,13,,,,,632,739,,2008,H,814,819
5352,B,,2008,H,武雄温泉,博多    ,博多運転区    ,43,14,,,,814,819,925,終,,,,
5353,B,,128,M,博多    ,門司港  ,博多運転区    ,44,1,,,,709,714,903,,3123,M,954,1023
5354,B,,3123,M,門司港  ,博多    ,博多運転区    ,44,2,,,,954,1023,1159,回,3123,M,,1216
5355,B,回,3123,M,博多    ,南福岡  ,博多運転区    ,44,3,,,,,1216,1223,便,4134,M,,1324
5356,B,便,4134,M,南福岡  ,博多    ,博多運転区    ,44,4,,,,,1324,1331,,4139,M,1458,1459
5357,B,,4139,M,博多    ,羽犬塚  ,博多運転区    ,44,5,,,,1458,1459,1546,,4148,M,,1609
5358,B,,4148,M,羽犬塚  ,博多    ,博多運転区    ,44,6,,,,,1609,1711,終,,,,
5359,B,,4129,M,博多    ,鳥栖    ,博多運転区    ,45,1,,,,1225,1226,1305,,4136,M,,1333
5360,B,,4136,M,鳥栖    ,南福岡  ,博多運転区    ,45,2,,,,,1333,1401,便,4136,M,,1402
5361,B,便,4136,M,南福岡  ,博多    ,博多運転区    ,45,3,,,,,1402,1408,回,2034,M,1514,1527
5362,B,回,2034,M,博多    ,吉塚　鹿,博多運転区    ,45,4,,,,1514,1527,1530,回,2041,M,,1541
5363,B,回,2041,M,吉塚　鹿,博多    ,博多運転区    ,45,5,,,,,1541,1544,,2047,H,1614,1700
5364,B,,2047,H,博多    ,武雄温泉,博多運転区    ,45,6,,,,1614,1700,1758,,2050,H,,1815
5365,B,,2050,H,武雄温泉,博多    ,博多運転区    ,45,7,,,,,1815,1915,,2178,M,2009,2011
5366,B,,2178,M,博多    ,福間    ,博多運転区    ,45,8,,,,2009,2011,2051,,2351,M,,2108
5367,B,,2351,M,福間    ,博多    ,博多運転区    ,45,9,,,,,2108,2143,,2829,M,615,635
5368,B,,2829,M,博多    ,鳥栖    ,博多運転区    ,45,10,,,,615,635,716,,331,M,753,831
5369,B,,331,M,鳥栖    ,荒尾    ,博多運転区    ,45,11,,,,753,831,920,,2342,M,,946
5370,B,,2342,M,荒尾    ,南福岡  ,博多運転区    ,45,12,,,,,946,1124,便,2342,M,,1130
5371,B,便,2342,M,南福岡  ,博多    ,博多運転区    ,45,13,,,,,1130,1139,終,,,,
5372,B,,2132,M,博多    ,福間    ,博多運転区    ,46,1,,,,907,916,956,,2331,M,,1002
5373,B,,2331,M,福間    ,博多    ,博多運転区    ,46,2,,,,,1002,1034,,2025,H,1142,1153
5374,B,,2025,H,博多    ,武雄温泉,博多運転区    ,46,3,,,,1142,1153,1253,,2030,H,,1315
5375,B,,2030,H,武雄温泉,博多    ,博多運転区    ,46,4,,,,,1315,1414,,4144,M,1608,1610
5376,B,,4144,M,博多    ,門司港  ,博多運転区    ,46,5,,,,1608,1610,1746,便,2559,M,,1756
5377,B,便,2559,M,門司港  ,小倉    ,博多運転区    ,46,6,,,,,1756,1810,,4157,M,1900,1914
5378,B,,4157,M,小倉    ,博多    ,博多運転区    ,46,7,,,,1900,1914,2041,,2185,M,2126,2128
5379,B,,2185,M,博多    ,二日市  ,博多運転区    ,46,8,,,,2126,2128,2155,,144,M,,2227
5380,B,,144,M,二日市  ,博多    ,博多運転区    ,46,9,,,,,2227,2253,,2066,H,2341,2344
5381,B,,2066,H,博多    ,門司港  ,博多運転区    ,46,10,,,,2341,2344,52,,4223,M,651,702
5382,B,,4223,M,門司港  ,博多    ,博多運転区    ,46,11,,,,651,702,840,終,,,,
5383,B,,3021,M,博多    ,小倉    ,博多運転区    ,47,1,,,,1129,1200,1240,,3038,M,1603,1605
5384,B,,3038,M,小倉    ,博多    ,博多運転区    ,47,2,,,,1603,1605,1651,,3047,M,1749,1820
5385,B,,3047,M,博多    ,小倉    ,博多運転区    ,47,3,,,,1749,1820,1910,便,4150,M,,1917
5386,B,便,4150,M,小倉    ,門司港  ,博多運転区    ,47,4,,,,,1917,1930,,3229,M,2014,2019
5387,B,,3229,M,門司港  ,博多    ,博多運転区    ,47,5,,,,2014,2019,2148,回,3229,M,,2155
5388,B,回,3229,M,博多    ,南福岡  ,博多運転区    ,47,6,,,,,2155,2203,,4159,M,2300,2301
5389,B,,4159,M,南福岡  ,荒尾    ,博多運転区    ,47,7,,,,2300,2301,21,,4120,M,,654
5390,B,,4120,M,荒尾    ,博多    ,博多運転区    ,47,8,,,,,654,831,,135,M,855,857
5391,B,,135,M,博多    ,鳥栖    ,博多運転区    ,47,9,,,,855,857,947,,4126,M,,956
5392,B,,4126,M,鳥栖    ,南福岡  ,博多運転区    ,47,10,,,,,956,1019,便,4126,M,,1022
5393,B,便,4126,M,南福岡  ,博多    ,博多運転区    ,47,11,,,,,1022,1029,終,,,,
5394,B,便,4007,M,博多    ,早岐    ,博多運転区    ,48,1,,,,,728,908,,6011,H,1007,1016
5395,B,,6011,H,早岐    ,テンボス,博多運転区    ,48,2,,,,1007,1016,1022,,6024,H,,1050
5396,B,,6024,H,テンボス,早岐    ,博多運転区    ,48,3,,,,,1050,1055,,6015,H,1109,1111
5397,B,,6015,H,早岐    ,テンボス,博多運転区    ,48,4,,,,1109,1111,1117,,6028,H,,1144
5398,B,,6028,H,テンボス,早岐    ,博多運転区    ,48,5,,,,,1144,1150,,6019,H,1209,1216
5399,B,,6019,H,早岐    ,テンボス,博多運転区    ,48,6,,,,1209,1216,1222,,6032,H,,1242
5400,B,,6032,H,テンボス,早岐    ,博多運転区    ,48,7,,,,,1242,1247,,4036,M,1353,1359
5401,B,,4036,M,早岐    ,博多    ,博多運転区    ,48,8,,,,1353,1359,1528,終,,,,
5402,B,回,4024,M,博多    ,吉塚（電,博多運転区    ,49,1,,,,1236,1246,1251,回,4031,M,,1316
5403,B,回,4031,M,吉塚（電,博多    ,博多運転区    ,49,2,,,,,1316,1321,,4031,M,,1337
5404,B,,4031,M,博多    ,早岐    ,博多運転区    ,49,3,,,,,1337,1510,,4048,H,1704,1715
5405,B,,4048,H,早岐    ,博多    ,博多運転区    ,49,4,,,,1704,1715,1851,,2349,M,1947,1954
5406,B,,2349,M,博多    ,久留米  ,博多運転区    ,49,5,,,,1947,1954,2053,,4236,M,,2121
5407,B,,4236,M,久留米  ,南福岡  ,博多運転区    ,49,6,,,,,2121,2156,,2184,M,2335,2341
5408,B,,2184,M,南福岡  ,福間    ,博多運転区    ,49,7,,,,2335,2341,34,,2125,M,,648
5409,B,,2125,M,福間    ,南福岡  ,博多運転区    ,49,8,,,,,648,734,,2327,M,807,808
5410,B,,2327,M,南福岡  ,久留米  ,博多運転区    ,49,9,,,,807,808,853,,4124,M,,908
5411,B,,4124,M,久留米  ,南福岡  ,博多運転区    ,49,10,,,,,908,953,便,4124,M,,955
5412,B,便,4124,M,南福岡  ,博多    ,博多運転区    ,49,11,,,,,955,1003,終,,,,
5413,B,,4015,M,博多    ,早岐    ,博多運転区    ,50,1,,,,922,932,1105,,4028,M,1155,1159
5414,B,,4028,M,早岐    ,博多    ,博多運転区    ,50,2,,,,1155,1159,1328,便,2149,M,,1343
5415,B,便,2149,M,博多    ,南福岡  ,博多運転区    ,50,3,,,,,1343,1352,回,2341,M,,1558
5416,B,回,2341,M,南福岡  ,博多    ,博多運転区    ,50,4,,,,,1558,1604,,2341,M,,1610
5417,B,,2341,M,博多    ,久留米  ,博多運転区    ,50,5,,,,,1610,1702,,4228,M,,1709
5418,B,,4228,M,久留米  ,博多    ,博多運転区    ,50,6,,,,,1709,1749,,2171,M,1807,1814
5419,B,,2171,M,博多    ,鳥栖    ,博多運転区    ,50,7,,,,1807,1814,1908,,2178,M,,1924
5420,B,,2178,M,鳥栖    ,博多    ,博多運転区    ,50,8,,,,,1924,2009,便,4231,M,,2022
5421,B,便,4231,M,博多    ,南福岡  ,博多運転区    ,50,9,,,,,2022,2029,回,2321,M,,500
5422,B,回,2321,M,南福岡  ,博多    ,博多運転区    ,50,10,,,,,500,508,,2321,M,,513
5423,B,,2321,M,博多    ,大牟田  ,博多運転区    ,50,11,,,,,513,646,回,4222,M,,709
5424,B,回,4222,M,大牟田  ,荒尾    ,博多運転区    ,50,12,,,,,709,713,,4222,M,,722
5425,B,,4222,M,荒尾    ,鳥栖    ,博多運転区    ,50,13,,,,,722,809,,4222,M,,815
5426,B,,4222,M,鳥栖    ,博多    ,博多運転区    ,50,14,,,,,815,847,構,3006,M,902,902
5427,B,構,3006,M,博多    ,博多    ,博多運転区    ,50,15,,,,902,902,914,終,,,,
5428,B,,2141,M,博多    ,二日市  ,博多運転区    ,51,1,,,,1132,1133,1202,,2148,M,,1216
5429,B,,2148,M,二日市  ,南福岡  ,博多運転区    ,51,2,,,,,1216,1228,,2151,M,1423,1427
5430,B,,2151,M,南福岡  ,二日市  ,博多運転区    ,51,3,,,,1423,1427,1439,,2158,M,,1455
5431,B,,2158,M,二日市  ,博多    ,博多運転区    ,51,4,,,,,1455,1523,,4145,M,1702,1704
5432,B,,4145,M,博多    ,羽犬塚  ,博多運転区    ,51,5,,,,1702,1704,1753,,2358,M,,1800
5433,B,,2358,M,羽犬塚  ,南福岡  ,博多運転区    ,51,6,,,,,1800,1907,,138,M,2026,2031
5434,B,,138,M,南福岡  ,小倉    ,博多運転区    ,51,7,,,,2026,2031,2220,便,60,M,,2226
5435,B,便,60,M,小倉    ,門司港  ,博多運転区    ,51,8,,,,,2226,2239,,51,M,,544
5436,B,,51,M,門司港  ,博多    ,博多運転区    ,51,9,,,,,544,653,,3220,M,745,746
5437,B,,3220,M,博多    ,小倉    ,博多運転区    ,51,10,,,,745,746,853,,3012,M,937,939
5438,B,,3012,M,小倉    ,博多    ,博多運転区    ,51,11,,,,937,939,1027,終,,,,
5439,B,,5638,H,博多    ,篠栗    ,博多運転区    ,71,1,,,,1636,1640,1659,,5643,H,,1704
5440,B,,5643,H,篠栗    ,博多    ,博多運転区    ,71,2,,,,,1704,1728,,2668,H,1829,1833
5441,B,,2668,H,博多    ,直方    ,博多運転区    ,71,3,,,,1829,1833,1941,,2683,H,,2001
5442,B,,2683,H,直方    ,博多    ,博多運転区    ,71,4,,,,,2001,2107,,2680,H,2136,2144
5443,B,,2680,H,博多    ,直方    ,博多運転区    ,71,5,,,,2136,2144,2249,,2621,H,,510
5444,B,,2621,H,直方    ,博多    ,博多運転区    ,71,6,,,,,510,616,,5620,H,703,710
5445,B,,5620,H,博多    ,篠栗    ,博多運転区    ,71,7,,,,703,710,730,,5625,H,,750
5446,B,,5625,H,篠栗    ,博多    ,博多運転区    ,71,8,,,,,750,811,,5630,H,832,835
5447,B,,5630,H,博多    ,篠栗    ,博多運転区    ,71,9,,,,832,835,854,,5635,H,,906
5448,B,,5635,H,篠栗    ,博多    ,博多運転区    ,71,10,,,,,906,927,回,2637,H,1014,1023
5449,B,回,2637,H,博多    ,竹下小  ,博多運転区    ,71,11,,,,1014,1023,1027,便,2140,M,,1058
5450,B,移動,,,竹下小  ,竹下    ,博多運転区    ,71,12,,,,,,,便,2140,M,,1058
5451,B,便,2140,M,竹下    ,博多    ,博多運転区    ,71,13,,,,,1058,1101,終,,,,
5452,B,便,465,C,博多　地,姪浜    ,博多運転区    ,72,1,,,,,1002,1022,,465,C,1022,1024
5453,B,,465,C,姪浜    ,筑前前原,博多運転区    ,72,2,,,,1022,1024,1044,,468,C,,1112
5454,B,,468,C,筑前前原,姪浜    ,博多運転区    ,72,3,,,,,1112,1135,,479,C,1217,1219
5455,B,,479,C,姪浜    ,筑前前原,博多運転区    ,72,4,,,,1217,1219,1239,,632,C,1255,1257
5456,B,,632,C,筑前前原,姪浜    ,博多運転区    ,72,5,,,,1255,1257,1320,,491,C,1346,1348
5457,B,,491,C,姪浜    ,筑前前原,博多運転区    ,72,6,,,,1346,1348,1408,,492,C,,1413
5458,B,,492,C,筑前前原,姪浜    ,博多運転区    ,72,7,,,,,1413,1435,,521,C,1502,1504
5459,B,,521,C,姪浜    ,筑前前原,博多運転区    ,72,8,,,,1502,1504,1523,,522,C,,1529
5460,B,,522,C,筑前前原,姪浜    ,博多運転区    ,72,9,,,,,1529,1550,,535,C,1647,1649
5461,B,,535,C,姪浜    ,筑前前原,博多運転区    ,72,10,,,,1647,1649,1710,,538,C,,1737
5462,B,,538,C,筑前前原,姪浜    ,博多運転区    ,72,11,,,,,1737,1759,,545,C,1845,1847
5463,B,,545,C,姪浜    ,筑前前原,博多運転区    ,72,12,,,,1845,1847,1908,,548,C,,1913
5464,B,,548,C,筑前前原,姪浜    ,博多運転区    ,72,13,,,,,1913,1935,,553,C,2001,2003
5465,B,,553,C,姪浜    ,筑前前原,博多運転区    ,72,14,,,,2001,2003,2024,,558,C,,2042
5466,B,,558,C,筑前前原,姪浜    ,博多運転区    ,72,15,,,,,2042,2104,,563,C,2128,2130
5467,B,,563,C,姪浜    ,筑前前原,博多運転区    ,72,16,,,,2128,2130,2150,,566,C,,2158
5468,B,,566,C,筑前前原,姪浜    ,博多運転区    ,72,17,,,,,2158,2219,,569,C,2259,2301
5469,B,,569,C,姪浜    ,筑前前原,博多運転区    ,72,18,,,,2259,2301,2321,,420,C,,507
5470,B,,420,C,筑前前原,姪浜    ,博多運転区    ,72,19,,,,,507,529,,423,C,607,609
5471,B,,423,C,姪浜    ,筑前前原,博多運転区    ,72,20,,,,607,609,629,,426,C,,635
5472,B,,426,C,筑前前原,姪浜    ,博多運転区    ,72,21,,,,,635,656,,433,C,710,712
5473,B,,433,C,姪浜    ,筑前前原,博多運転区    ,72,22,,,,710,712,735,,438,C,,740
5474,B,,438,C,筑前前原,姪浜    ,博多運転区    ,72,23,,,,,740,804,便,438,C,,806
5475,B,便,438,C,姪浜    ,博多　地,博多運転区    ,72,24,,,,,806,827,終,,,,
5476,B,便,477,C,博多　地,姪浜    ,博多運転区    ,73,1,,,,,1142,1202,便,477,C,,1204
5477,B,便,477,C,姪浜    ,筑前前原,博多運転区    ,73,2,,,,,1204,1224,,480,C,1238,1243
5478,B,,480,C,筑前前原,姪浜    ,博多運転区    ,73,3,,,,1238,1243,1305,,493,C,1402,1404
5479,B,,493,C,姪浜    ,筑前前原,博多運転区    ,73,4,,,,1402,1404,1424,,494,C,,1430
5480,B,,494,C,筑前前原,姪浜    ,博多運転区    ,73,5,,,,,1430,1450,,531,C,1616,1618
5481,B,,531,C,姪浜    ,筑前前原,博多運転区    ,73,6,,,,1616,1618,1638,,534,C,1709,1714
5482,B,,534,C,筑前前原,姪浜    ,博多運転区    ,73,7,,,,1709,1714,1736,,543,C,1833,1835
5483,B,,543,C,姪浜    ,筑前前原,博多運転区    ,73,8,,,,1833,1835,1855,,550,C,1943,1948
5484,B,,550,C,筑前前原,姪浜    ,博多運転区    ,73,9,,,,1943,1948,2011,,557,C,2031,2033
5485,B,,557,C,姪浜    ,筑前前原,博多運転区    ,73,10,,,,2031,2033,2056,,562,C,,2124
5486,B,,562,C,筑前前原,姪浜    ,博多運転区    ,73,11,,,,,2124,2145,,565,C,2206,2208
5487,B,,565,C,姪浜    ,筑前前原,博多運転区    ,73,12,,,,2206,2208,2228,,570,C,,2242
5488,B,,570,C,筑前前原,姪浜    ,博多運転区    ,73,13,,,,,2242,2302,,421,C,549,551
5489,B,,421,C,姪浜    ,筑前前原,博多運転区    ,73,14,,,,549,551,611,,424,C,,616
5490,B,,424,C,筑前前原,姪浜    ,博多運転区    ,73,15,,,,,616,637,,429,C,647,649
5491,B,,429,C,姪浜    ,筑前前原,博多運転区    ,73,16,,,,647,649,710,,432,C,,718
5492,B,,432,C,筑前前原,姪浜    ,博多運転区    ,73,17,,,,,718,742,,445,C,829,831
5493,B,,445,C,姪浜    ,筑前前原,博多運転区    ,73,18,,,,829,831,852,,450,C,,857
5494,B,,450,C,筑前前原,姪浜    ,博多運転区    ,73,19,,,,,857,919,,457,C,938,940
5495,B,,457,C,姪浜    ,筑前前原,博多運転区    ,73,20,,,,938,940,1002,,460,C,,1008
5496,B,,460,C,筑前前原,姪浜    ,博多運転区    ,73,21,,,,,1008,1029,便,460,C,,1030
5497,B,便,460,C,姪浜    ,博多　地,博多運転区    ,73,22,,,,,1030,1049,終,,,,
5498,B,便,469,C,博多　地,姪浜    ,博多運転区    ,74,1,,,,,1046,1106,,469,C,1106,1108
5499,B,,469,C,姪浜    ,筑前前原,博多運転区    ,74,2,,,,1106,1108,1128,,472,C,,1143
5500,B,,472,C,筑前前原,姪浜    ,博多運転区    ,74,3,,,,,1143,1205,,481,C,1232,1234
5501,B,,481,C,姪浜    ,筑前前原,博多運転区    ,74,4,,,,1232,1234,1254,,484,C,,1312
5502,B,,484,C,筑前前原,姪浜    ,博多運転区    ,74,5,,,,,1312,1335,,495,C,1417,1419
5503,B,,495,C,姪浜    ,筑前前原,博多運転区    ,74,6,,,,1417,1419,1439,,498,C,,1457
5504,B,,498,C,筑前前原,姪浜    ,博多運転区    ,74,7,,,,,1457,1520,,527,C,1546,1548
5505,B,,527,C,姪浜    ,筑前前原,博多運転区    ,74,8,,,,1546,1548,1608,,528,C,,1614
5506,B,,528,C,筑前前原,姪浜    ,博多運転区    ,74,9,,,,,1614,1635,,825,C,1702,1704
5507,B,,825,C,姪浜    ,筑前深江,博多運転区    ,74,10,,,,1702,1704,1736,,826,C,,1747
5508,B,,826,C,筑前深江,筑前前原,博多運転区    ,74,11,,,,,1747,1758,,542,C,,1822
5509,B,,542,C,筑前前原,姪浜    ,博多運転区    ,74,12,,,,,1822,1844,,555,C,2019,2021
5510,B,,555,C,姪浜    ,筑前前原,博多運転区    ,74,13,,,,2019,2021,2041,,560,C,,2103
5511,B,,560,C,筑前前原,姪浜    ,博多運転区    ,74,14,,,,,2103,2125,,567,C,2223,2225
5512,B,,567,C,姪浜    ,筑前前原,博多運転区    ,74,15,,,,2223,2225,2246,,572,C,,2310
5513,B,,572,C,筑前前原,姪浜    ,博多運転区    ,74,16,,,,,2310,2330,,571,C,2357,2359
5514,B,,571,C,姪浜    ,筑前前原,博多運転区    ,74,17,,,,2357,2359,21,,422,C,,526
5515,B,,422,C,筑前前原,姪浜    ,博多運転区    ,74,18,,,,,526,547,,425,C,626,628
5516,B,,425,C,姪浜    ,筑前前原,博多運転区    ,74,19,,,,626,628,649,,428,C,,655
5517,B,,428,C,筑前前原,姪浜    ,博多運転区    ,74,20,,,,,655,716,,437,C,741,743
5518,B,,437,C,姪浜    ,筑前前原,博多運転区    ,74,21,,,,741,743,805,,442,C,,810
5519,B,,442,C,筑前前原,姪浜    ,博多運転区    ,74,22,,,,,810,832,便,442,C,,834
5520,B,便,442,C,姪浜    ,博多　地,博多運転区    ,74,23,,,,,834,854,終,,,,
5521,B,便,475,C,博多　地,姪浜    ,博多運転区    ,75,1,,,,,1127,1146,,475,C,1146,1148
5522,B,,475,C,姪浜    ,筑前前原,博多運転区    ,75,2,,,,1146,1148,1208,,476,C,,1213
5523,B,,476,C,筑前前原,姪浜    ,博多運転区    ,75,3,,,,,1213,1235,,489,C,1331,1333
5524,B,,489,C,姪浜    ,筑前前原,博多運転区    ,75,4,,,,1331,1333,1353,,496,C,1438,1443
5525,B,,496,C,筑前前原,姪浜    ,博多運転区    ,75,5,,,,1438,1443,1505,,525,C,1531,1533
5526,B,,525,C,姪浜    ,筑前前原,博多運転区    ,75,6,,,,1531,1533,1553,,530,C,1626,1631
5527,B,,530,C,筑前前原,姪浜    ,博多運転区    ,75,7,,,,1626,1631,1652,,537,C,1735,1737
5528,B,,537,C,姪浜    ,筑前前原,博多運転区    ,75,8,,,,1735,1737,1759,,540,C,,1810
5529,B,,540,C,筑前前原,姪浜    ,博多運転区    ,75,9,,,,,1810,1831,,547,C,1858,1900
5530,B,,547,C,姪浜    ,筑前前原,博多運転区    ,75,10,,,,1858,1900,1920,,552,C,1951,1956
5531,B,,552,C,筑前前原,姪浜    ,博多運転区    ,75,11,,,,1951,1956,2017,,559,C,2107,2109
5532,B,,559,C,姪浜    ,筑前前原,博多運転区    ,75,12,,,,2107,2109,2129,,568,C,2213,2218
5533,B,,568,C,筑前前原,姪浜    ,博多運転区    ,75,13,,,,2213,2218,2239,,573,C,25,27
5534,B,,573,C,姪浜    ,筑前前原,博多運転区    ,75,14,,,,25,27,49,,821,C,,615
5535,B,,821,C,筑前前原,筑前深江,博多運転区    ,75,15,,,,,615,628,,820,C,,643
5536,B,,820,C,筑前深江,筑前前原,博多運転区    ,75,16,,,,,643,653,回,1331,S,,702
5537,B,回,1331,S,筑前前原,筑前深江,博多運転区    ,75,17,,,,,702,710,,822,C,,717
5538,B,,822,C,筑前深江,筑前前原,博多運転区    ,75,18,,,,,717,728,,436,C,,736
5539,B,,436,C,筑前前原,姪浜    ,博多運転区    ,75,19,,,,,736,759,,447,C,836,838
5540,B,,447,C,姪浜    ,筑前前原,博多運転区    ,75,20,,,,836,838,901,,456,C,934,939
5541,B,,456,C,筑前前原,姪浜    ,博多運転区    ,75,21,,,,934,939,959,便,456,C,,1001
5542,B,便,456,C,姪浜    ,博多　地,博多運転区    ,75,22,,,,,1001,1021,終,,,,
5543,B,便,461,C,博多　地,姪浜    ,博多運転区    ,76,1,,,,,941,1001,,461,C,1001,1003
5544,B,,461,C,姪浜    ,筑前前原,博多運転区    ,76,2,,,,1001,1003,1023,,462,C,,1030
5545,B,,462,C,筑前前原,姪浜    ,博多運転区    ,76,3,,,,,1030,1051,,471,C,1115,1117
5546,B,,471,C,姪浜    ,筑前前原,博多運転区    ,76,4,,,,1115,1117,1137,,474,C,,1157
5547,B,,474,C,筑前前原,姪浜    ,博多運転区    ,76,5,,,,,1157,1220,,485,C,1302,1304
5548,B,,485,C,姪浜    ,筑前前原,博多運転区    ,76,6,,,,1302,1304,1324,,488,C,,1343
5549,B,,488,C,筑前前原,姪浜    ,博多運転区    ,76,7,,,,,1343,1405,,499,C,1447,1449
5550,B,,499,C,姪浜    ,筑前前原,博多運転区    ,76,8,,,,1447,1449,1509,,524,C,1539,1544
5551,B,,524,C,筑前前原,姪浜    ,博多運転区    ,76,9,,,,1539,1544,1606,,533,C,1631,1633
5552,B,,533,C,姪浜    ,筑前前原,博多運転区    ,76,10,,,,1631,1633,1655,,536,C,,1724
5553,B,,536,C,筑前前原,姪浜    ,博多運転区    ,76,11,,,,,1724,1746,,1625,C,1820,1822
5554,B,,1625,C,姪浜    ,西唐津  ,博多運転区    ,76,12,,,,1820,1822,1922,回,620,S,,505
5555,B,回,620,S,西唐津  ,唐津    ,博多運転区    ,76,13,,,,,505,508,,620,C,,518
5556,B,,620,C,唐津    ,姪浜    ,博多運転区    ,76,14,,,,,518,620,,427,C,636,638
5557,B,,427,C,姪浜    ,筑前前原,博多運転区    ,76,15,,,,636,638,658,,430,C,,704
5558,B,,430,C,筑前前原,姪浜    ,博多運転区    ,76,16,,,,,704,725,,439,C,752,754
5559,B,,439,C,姪浜    ,筑前前原,博多運転区    ,76,17,,,,752,754,814,,444,C,,820
5560,B,,444,C,筑前前原,姪浜    ,博多運転区    ,76,18,,,,,820,841,便,444,C,,843
5561,B,便,444,C,姪浜    ,博多　地,博多運転区    ,76,19,,,,,843,902,終,,,,
5562,B,,4634,H,博多    ,直方    ,博多運転区    ,77,1,,,,1434,1451,1552,,2669,H,1634,1644
5563,B,,2669,H,直方    ,博多    ,博多運転区    ,77,2,,,,1634,1644,1749,,5642,H,1839,1843
5564,B,,5642,H,博多    ,篠栗    ,博多運転区    ,77,3,,,,1839,1843,1907,,5647,H,,1919
5565,B,,5647,H,篠栗    ,博多    ,博多運転区    ,77,4,,,,,1919,1939,,5648,H,2041,2046
5566,B,,5648,H,博多    ,篠栗    ,博多運転区    ,77,5,,,,2041,2046,2106,,5653,H,,2124
5567,B,,5653,H,篠栗    ,博多    ,博多運転区    ,77,6,,,,,2124,2150,,2684,H,2223,2228
5568,B,,2684,H,博多    ,直方    ,博多運転区    ,77,7,,,,2223,2228,2336,,2623,H,,530
5569,B,,2623,H,直方    ,博多    ,博多運転区    ,77,8,,,,,530,631,,5622,H,731,735
5570,B,,5622,H,博多    ,篠栗    ,博多運転区    ,77,9,,,,731,735,758,,5629,H,,809
5571,B,,5629,H,篠栗    ,博多    ,博多運転区    ,77,10,,,,,809,832,,5634,H,900,912
5572,B,,5634,H,博多    ,篠栗    ,博多運転区    ,77,11,,,,900,912,933,,5639,H,,958
5573,B,,5639,H,篠栗    ,博多    ,博多運転区    ,77,12,,,,,958,1018,終,,,,
5574,B,便,625,C,博多　地,姪浜    ,博多運転区    ,78,1,,,,,1028,1048,,625,C,1048,1050
5575,B,,625,C,姪浜    ,西唐津  ,博多運転区    ,78,2,,,,1048,1050,1205,,632,C,,1210
5576,B,,632,C,西唐津  ,筑前前原,博多運転区    ,78,3,,,,,1210,1253,,486,C,1323,1328
5577,B,,486,C,筑前前原,姪浜    ,博多運転区    ,78,4,,,,1323,1328,1350,,497,C,1432,1434
5578,B,,497,C,姪浜    ,筑前前原,博多運転区    ,78,5,,,,1432,1434,1454,,520,C,,1512
5579,B,,520,C,筑前前原,姪浜    ,博多運転区    ,78,6,,,,,1512,1535,,529,C,1602,1604
5580,B,,529,C,姪浜    ,筑前前原,博多運転区    ,78,7,,,,1602,1604,1624,,532,C,,1650
5581,B,,532,C,筑前前原,姪浜    ,博多運転区    ,78,8,,,,,1650,1711,,539,C,1750,1752
5582,B,,539,C,姪浜    ,筑前前原,博多運転区    ,78,9,,,,1750,1752,1814,,546,C,1853,1858
5583,B,,546,C,筑前前原,姪浜    ,博多運転区    ,78,10,,,,1853,1858,1920,,551,C,1946,1948
5584,B,,551,C,姪浜    ,筑前前原,博多運転区    ,78,11,,,,1946,1948,2009,,556,C,,2025
5585,B,,556,C,筑前前原,姪浜    ,博多運転区    ,78,12,,,,,2025,2047,,633,C,2145,2147
5586,B,,633,C,姪浜    ,唐津    ,博多運転区    ,78,13,,,,2145,2147,2250,回,633,S,,2258
5587,B,回,633,S,唐津    ,西唐津  ,博多運転区    ,78,14,,,,,2258,2302,,1620,C,,548
5588,B,,1620,C,西唐津  ,姪浜    ,博多運転区    ,78,15,,,,,548,646,,431,C,702,704
5589,B,,431,C,姪浜    ,筑前前原,博多運転区    ,78,16,,,,702,704,724,,434,C,,731
5590,B,,434,C,筑前前原,姪浜    ,博多運転区    ,78,17,,,,,731,753,,443,C,816,818
5591,B,,443,C,姪浜    ,筑前前原,博多運転区    ,78,18,,,,816,818,838,,448,C,,845
5592,B,,448,C,筑前前原,姪浜    ,博多運転区    ,78,19,,,,,845,907,便,448,C,,908
5593,B,便,448,C,姪浜    ,博多　地,博多運転区    ,78,20,,,,,908,928,終,,,,
5594,B,構,2008,H,博多    ,博多    ,博多運転区    ,81,1,,,,931,931,956,,2021,H,1026,1053
5595,B,,2021,H,博多    ,武雄温泉,博多運転区    ,81,2,,,,1026,1053,1155,,2026,H,,1216
5596,B,,2026,H,武雄温泉,博多    ,博多運転区    ,81,3,,,,,1216,1314,,2153,M,1437,1441
5597,B,,2153,M,博多    ,二日市  ,博多運転区    ,81,4,,,,1437,1441,1502,,2160,M,,1517
5598,B,,2160,M,二日市  ,南福岡  ,博多運転区    ,81,5,,,,,1517,1529,便,2160,M,,1530
5599,B,便,2160,M,南福岡  ,博多    ,博多運転区    ,81,6,,,,,1530,1538,終,,,,
5600,B,回,2338,M,博多    ,吉塚（電,博多運転区    ,91,1,,,,935,941,946,回,2142,M,1042,1047
5601,B,回,2142,M,吉塚（電,博多    ,博多運転区    ,91,2,,,,1042,1047,1056,,2142,M,,1102
5602,B,,2142,M,博多    ,福間    ,博多運転区    ,91,3,,,,,1102,1133,,2145,M,,1204
5603,B,,2145,M,福間    ,博多    ,博多運転区    ,91,4,,,,,1204,1238,便,2145,M,,1243
5604,B,便,2145,M,博多    ,南福岡  ,博多運転区    ,91,5,,,,,1243,1252,,4133,M,1333,1334
5605,B,,4133,M,南福岡  ,鳥栖    ,博多運転区    ,91,6,,,,1333,1334,1405,,4140,M,,1433
5606,B,,4140,M,鳥栖    ,南福岡  ,博多運転区    ,91,7,,,,,1433,1501,,4142,M,1520,1524
5607,B,,4142,M,南福岡  ,博多    ,博多運転区    ,91,8,,,,1520,1524,1531,終,,,,
5608,B,,2350,M,南福岡  ,福間    ,南福岡運転区  ,1,1,,,,1446,1449,1532,,2163,M,,1603
5609,B,,2163,M,福間    ,博多    ,南福岡運転区  ,1,2,,,,,1603,1636,,2345,M,1743,1745
5610,B,,2345,M,博多    ,大牟田  ,南福岡運転区  ,1,3,,,,1743,1745,1919,,2364,M,,1939
5611,B,,2364,M,大牟田  ,南福岡  ,南福岡運転区  ,1,4,,,,,1939,2102,,140,M,2139,2140
5612,B,,140,M,南福岡  ,門司港  ,南福岡運転区  ,1,5,,,,2139,2140,2352,,53,M,,722
5613,B,,53,M,門司港  ,博多    ,南福岡運転区  ,1,6,,,,,722,844,回,3006,M,936,944
5614,B,回,3006,M,博多    ,竹下小  ,南福岡運転区  ,1,7,,,,936,944,948,回,1131,M,1037,1049
5615,B,回,1131,M,竹下小  ,南福岡  ,南福岡運転区  ,1,8,,,,1037,1049,1055,終,,,,
5616,B,便,4224,M,南福岡  ,博多    ,南福岡運転区  ,2,1,,,,,939,945,,2017,H,956,1003
5617,B,,2017,H,博多    ,武雄温泉,南福岡運転区  ,2,2,,,,956,1003,1100,,2022,H,,1118
5618,B,,2022,H,武雄温泉,博多    ,南福岡運転区  ,2,3,,,,,1118,1214,回,2022,M,,1225
5619,B,回,2022,M,博多    ,吉塚（電,南福岡運転区  ,2,4,,,,,1225,1230,回,2029,M,,1240
5620,B,回,2029,M,吉塚（電,博多    ,南福岡運転区  ,2,5,,,,,1240,1245,,4133,M,1324,1326
5621,B,,4133,M,博多    ,南福岡  ,南福岡運転区  ,2,6,,,,1324,1326,1333,回,2923,M,,1630
5622,B,回,2923,M,南福岡  ,鳥栖    ,南福岡運転区  ,2,7,,,,,1630,1702,,2923,M,,1712
5623,B,,2923,M,鳥栖    ,江北    ,南福岡運転区  ,2,8,,,,,1712,1803,,2868,M,1831,1836
5624,B,,2868,M,江北    ,鳥栖    ,南福岡運転区  ,2,9,,,,1831,1836,1921,便,4052,H,,1932
5625,B,便,4052,H,鳥栖    ,二日市  ,南福岡運転区  ,2,10,,,,,1932,1942,便,2178,M,,1947
5626,B,便,2178,M,二日市  ,南福岡  ,南福岡運転区  ,2,11,,,,,1947,1959,終,,,,
5627,B,回,2005,M,南福岡  ,博多    ,南福岡運転区  ,3,1,,,,,652,700,,4007,M,720,728
5628,B,,4007,M,博多    ,早岐    ,南福岡運転区  ,3,2,,,,720,728,908,,4011,M,1007,1012
5629,B,,4011,M,早岐    ,佐世保  ,南福岡運転区  ,3,3,,,,1007,1012,1022,,4024,M,,1047
5630,B,,4024,M,佐世保  ,早岐    ,南福岡運転区  ,3,4,,,,,1047,1059,,4019,M,1209,1215
5631,B,,4019,M,早岐    ,佐世保  ,南福岡運転区  ,3,5,,,,1209,1215,1225,,4032,M,,1239
5632,B,,4032,M,佐世保  ,早岐    ,南福岡運転区  ,3,6,,,,,1239,1251,,4032,M,,1259
5633,B,,4032,M,早岐    ,博多    ,南福岡運転区  ,3,7,,,,,1259,1428,回,4032,M,,1438
5634,B,回,4032,M,博多    ,吉塚（電,南福岡運転区  ,3,8,,,,,1438,1443,回,4039,M,1510,1515
5635,B,回,4039,M,吉塚（電,博多    ,南福岡運転区  ,3,9,,,,1510,1515,1520,便,4141,M,,1526
5636,B,便,4141,M,博多    ,南福岡  ,南福岡運転区  ,3,10,,,,,1526,1532,終,,,,
5637,B,,2335,M,南福岡  ,久留米  ,南福岡運転区  ,4,1,,,,1310,1311,1355,,2350,M,,1406
5638,B,,2350,M,久留米  ,南福岡  ,南福岡運転区  ,4,2,,,,,1406,1446,便,2350,M,,1449
5639,B,便,2350,M,南福岡  ,博多    ,南福岡運転区  ,4,3,,,,,1449,1500,,2163,M,1636,1638
5640,B,,2163,M,博多    ,二日市  ,南福岡運転区  ,4,4,,,,1636,1638,1700,,2168,M,,1716
5641,B,,2168,M,二日市  ,福間    ,南福岡運転区  ,4,5,,,,,1716,1823,,2175,M,,1839
5642,B,,2175,M,福間    ,博多    ,南福岡運転区  ,4,6,,,,,1839,1911,,4232,M,1949,1950
5643,B,,4232,M,博多    ,門司港  ,南福岡運転区  ,4,7,,,,1949,1950,2115,,2239,M,2236,2241
5644,B,,2239,M,門司港  ,福間    ,南福岡運転区  ,4,8,,,,2236,2241,2355,回,2239,M,,5
5645,B,回,2239,M,福間    ,南福岡  ,南福岡運転区  ,4,9,,,,,5,30,回,2323,M,,641
5646,B,回,2323,M,南福岡  ,博多    ,南福岡運転区  ,4,10,,,,,641,650,,2323,M,,656
5647,B,,2323,M,博多    ,大牟田  ,南福岡運転区  ,4,11,,,,,656,824,,330,M,,853
5648,B,,330,M,大牟田  ,鳥栖    ,南福岡運転区  ,4,12,,,,,853,938,便,2140,M,,1013
5649,B,便,2140,M,鳥栖    ,南福岡  ,南福岡運転区  ,4,13,,,,,1013,1051,終,,,,
5650,B,,139,M,南福岡  ,鳥栖    ,南福岡運転区  ,5,1,,,,945,949,1020,,2841,M,1037,1053
5651,B,,2841,M,鳥栖    ,肥前浜  ,南福岡運転区  ,5,2,,,,1037,1053,1205,,2846,M,,1216
5652,B,,2846,M,肥前浜  ,鳥栖    ,南福岡運転区  ,5,3,,,,,1216,1323,,2859,M,1538,1549
5653,B,,2859,M,鳥栖    ,肥前浜  ,南福岡運転区  ,5,4,,,,1538,1549,1708,,2864,M,,1720
5654,B,,2864,M,肥前浜  ,江北    ,南福岡運転区  ,5,5,,,,,1720,1740,,2925,M,1956,2014
5655,B,,2925,M,江北    ,早岐    ,南福岡運転区  ,5,6,,,,1956,2014,2122,回,4952,M,,543
5656,B,回,4952,M,早岐    ,佐世保  ,南福岡運転区  ,5,7,,,,,543,554,,4002,H,,608
5657,B,,4002,H,佐世保  ,博多    ,南福岡運転区  ,5,8,,,,,608,755,便回,1127,M,,920
5658,B,便回,1127,M,博多    ,南福岡  ,南福岡運転区  ,5,9,,,,,920,930,構回,1127,M,930,930
5659,B,構回,1127,M,南福岡  ,南福岡  ,南福岡運転区  ,5,10,,,,930,930,930,終,,,,
5660,B,,2154,M,南福岡  ,折尾　鹿,南福岡運転区  ,6,1,,,,1407,1414,1535,,2343,M,,1558
5661,B,,2343,M,折尾　鹿,博多    ,南福岡運転区  ,6,2,,,,,1558,1710,便,2343,M,,1712
5662,B,便,2343,M,博多    ,南福岡  ,南福岡運転区  ,6,3,,,,,1712,1721,,2174,M,1826,1829
5663,B,,2174,M,南福岡  ,福間    ,南福岡運転区  ,6,4,,,,1826,1829,1923,,2179,M,,1937
5664,B,,2179,M,福間    ,鳥栖    ,南福岡運転区  ,6,5,,,,,1937,2105,回,1145,M,2158,2212
5665,B,回,1145,M,鳥栖    ,羽犬塚  ,南福岡運転区  ,6,6,,,,2158,2212,2228,回,1134,M,,2232
5666,B,回,1134,M,羽犬塚  ,荒木    ,南福岡運転区  ,6,7,,,,,2232,2238,,2324,M,,548
5667,B,,2324,M,荒木    ,博多    ,南福岡運転区  ,6,8,,,,,548,645,回,1072,M,707,712
5668,B,回,1072,M,博多    ,竹下小  ,南福岡運転区  ,6,9,,,,707,712,716,回,5005,M,,723
5669,B,回,5005,M,竹下小  ,博多    ,南福岡運転区  ,6,10,,,,,723,726,,5005,M,,731
5670,B,,5005,M,博多    ,小倉    ,南福岡運転区  ,6,11,,,,,731,833,,3010,M,915,919
5671,B,,3010,M,小倉    ,博多    ,南福岡運転区  ,6,12,,,,915,919,1004,回,3012,M,1027,1034
5672,B,回,3012,M,博多    ,南福岡  ,南福岡運転区  ,6,13,,,,1027,1034,1041,終,,,,
5673,B,,2824,M,南福岡  ,門司港  ,南福岡運転区  ,7,1,,,,807,809,1035,便,629,H,,1105
5674,B,便,629,H,門司港  ,小倉    ,南福岡運転区  ,7,2,,,,,1105,1119,,3022,M,1203,1205
5675,B,,3022,M,小倉    ,博多    ,南福岡運転区  ,7,3,,,,1203,1205,1249,,2043,H,1604,1616
5676,B,,2043,H,博多    ,武雄温泉,南福岡運転区  ,7,4,,,,1604,1616,1719,,4094,M,,1736
5677,B,,4094,M,武雄温泉,博多    ,南福岡運転区  ,7,5,,,,,1736,1833,,4229,M,1924,1926
5678,B,,4229,M,博多    ,荒尾    ,南福岡運転区  ,7,6,,,,1924,1926,2041,,1220,M,,543
5679,B,,1220,M,荒尾    ,博多    ,南福岡運転区  ,7,7,,,,,543,715,便,2125,M,,725
5680,B,便,2125,M,博多    ,南福岡  ,南福岡運転区  ,7,8,,,,,725,734,終,,,,
5681,B,便,4133,M,南福岡  ,鳥栖    ,南福岡運転区  ,8,1,,,,,1334,1405,,355,M,1427,1439
5682,B,,355,M,鳥栖    ,大牟田  ,南福岡運転区  ,8,2,,,,1427,1439,1533,便,356,M,,1614
5683,B,便,356,M,大牟田  ,鳥栖    ,南福岡運転区  ,8,3,,,,,1614,1659,,367,M,1659,1741
5684,B,,367,M,鳥栖    ,大牟田  ,南福岡運転区  ,8,4,,,,1659,1741,1825,,364,M,,1829
5685,B,,364,M,大牟田  ,鳥栖    ,南福岡運転区  ,8,5,,,,,1829,1913,,2873,M,2012,2028
5686,B,,2873,M,鳥栖    ,肥前浜  ,南福岡運転区  ,8,6,,,,2012,2028,2132,回,2873,M,,2144
5687,B,回,2873,M,肥前浜  ,江北    ,南福岡運転区  ,8,7,,,,,2144,2200,,2875,M,,2206
5688,B,,2875,M,江北    ,肥前鹿島,南福岡運転区  ,8,8,,,,,2206,2220,回,2875,M,,2225
5689,B,回,2875,M,肥前鹿島,江北    ,南福岡運転区  ,8,9,,,,,2225,2236,,923,M,,610
5690,B,,923,M,江北    ,佐世保  ,南福岡運転区  ,8,10,,,,,610,726,,4016,M,,905
5691,B,,4016,M,佐世保  ,博多    ,南福岡運転区  ,8,11,,,,,905,1049,回,4016,M,,1057
5692,B,回,4016,M,博多    ,吉塚　鹿,南福岡運転区  ,8,12,,,,,1057,1100,回,4023,M,,1122
5693,B,回,4023,M,吉塚　鹿,博多    ,南福岡運転区  ,8,13,,,,,1122,1126,,1325,M,1156,1202
5694,B,,1325,M,博多    ,南福岡  ,南福岡運転区  ,8,14,,,,1156,1202,1208,終,,,,
5695,B,,2136,M,南福岡  ,福間    ,南福岡運転区  ,9,1,,,,944,947,1032,,2141,M,,1050
5696,B,,2141,M,福間    ,博多    ,南福岡運転区  ,9,2,,,,,1050,1132,回,1130,M,1209,1215
5697,B,回,1130,M,博多    ,吉塚　鹿,南福岡運転区  ,9,3,,,,1209,1215,1219,回,1141,M,,1239
5698,B,回,1141,M,吉塚　鹿,南福岡  ,南福岡運転区  ,9,4,,,,,1239,1255,,2352,M,1547,1550
5699,B,,2352,M,南福岡  ,福間    ,南福岡運転区  ,9,5,,,,1547,1550,1633,,2167,M,,1647
5700,B,,2167,M,福間    ,鳥栖    ,南福岡運転区  ,9,6,,,,,1647,1815,,379,M,1913,1929
5701,B,,379,M,鳥栖    ,荒尾    ,南福岡運転区  ,9,7,,,,1913,1929,2025,,376,M,,2046
5702,B,,376,M,荒尾    ,鳥栖    ,南福岡運転区  ,9,8,,,,,2046,2142,構,1331,M,2220,2220
5703,B,構,1331,M,鳥栖    ,鳥栖    ,南福岡運転区  ,9,9,,,,2220,2220,2254,,2186,M,2328,2338
5704,B,,2186,M,鳥栖    ,博多    ,南福岡運転区  ,9,10,,,,2328,2338,22,回,2186,M,,27
5705,B,回,2186,M,博多    ,南福岡  ,南福岡運転区  ,9,11,,,,,27,35,回,3223,M,,622
5706,B,回,3223,M,南福岡  ,福間    ,南福岡運転区  ,9,12,,,,,622,659,,3223,M,,708
5707,B,,3223,M,福間    ,南福岡  ,南福岡運転区  ,9,13,,,,,708,756,構,131,M,833,833
5708,B,構,131,M,南福岡  ,南福岡  ,南福岡運転区  ,9,14,,,,833,833,844,終,,,,
5709,B,便,4127,M,南福岡  ,二日市  ,南福岡運転区  ,10,1,,,,,1135,1143,便,4023,M,,1149
5710,B,便,4023,M,二日市  ,鳥栖    ,南福岡運転区  ,10,2,,,,,1149,1158,,2847,M,1241,1246
5711,B,,2847,M,鳥栖    ,肥前浜  ,南福岡運転区  ,10,3,,,,1241,1246,1356,,2850,M,,1403
5712,B,,2850,M,肥前浜  ,鳥栖    ,南福岡運転区  ,10,4,,,,,1403,1514,回,4230,M,1605,1619
5713,B,回,4230,M,鳥栖    ,荒尾    ,南福岡運転区  ,10,5,,,,1605,1619,1700,,4230,M,,1732
5714,B,,4230,M,荒尾    ,南福岡  ,南福岡運転区  ,10,6,,,,,1732,1837,便,4230,M,,1838
5715,B,便,4230,M,南福岡  ,博多    ,南福岡運転区  ,10,7,,,,,1838,1844,,4154,M,1924,1928
5716,B,,4154,M,博多    ,小倉    ,南福岡運転区  ,10,8,,,,1924,1928,2055,,3058,M,2139,2141
5717,B,,3058,M,小倉    ,博多    ,南福岡運転区  ,10,9,,,,2139,2141,2230,回,3058,M,,2242
5718,B,回,3058,M,博多    ,竹下小  ,南福岡運転区  ,10,10,,,,,2242,2246,回,3001,M,,608
5719,B,回,3001,M,竹下小  ,博多    ,南福岡運転区  ,10,11,,,,,608,611,,3001,M,,621
5720,B,,3001,M,博多    ,小倉    ,南福岡運転区  ,10,12,,,,,621,711,,139,M,805,812
5721,B,,139,M,小倉    ,南福岡  ,南福岡運転区  ,10,13,,,,805,812,945,構回,4010,M,1016,1016
5722,B,構回,4010,M,南福岡  ,南福岡  ,南福岡運転区  ,10,14,,,,1016,1016,1016,終,,,,
5723,B,,3121,M,南福岡  ,二日市  ,南福岡運転区  ,11,1,,,,1022,1023,1036,,3124,M,,1047
5724,B,,3124,M,二日市  ,南福岡  ,南福岡運転区  ,11,2,,,,,1047,1056,便,3124,M,,1057
5725,B,便,3124,M,南福岡  ,博多    ,南福岡運転区  ,11,3,,,,,1057,1104,回,4092,M,1142,1151
5726,B,回,4092,M,博多    ,吉塚（電,南福岡運転区  ,11,4,,,,1142,1151,1156,回,1139,M,,1212
5727,B,回,1139,M,吉塚（電,南福岡  ,南福岡運転区  ,11,5,,,,,1212,1230,,2339,M,1510,1511
5728,B,,2339,M,南福岡  ,久留米  ,南福岡運転区  ,11,6,,,,1510,1511,1551,,2354,M,,1604
5729,B,,2354,M,久留米  ,南福岡  ,南福岡運転区  ,11,7,,,,,1604,1645,,2170,M,1746,1757
5730,B,,2170,M,南福岡  ,福間    ,南福岡運転区  ,11,8,,,,1746,1757,1846,,2177,M,,1851
5731,B,,2177,M,福間    ,鳥栖    ,南福岡運転区  ,11,9,,,,,1851,2026,,140,M,,2104
5732,B,,140,M,鳥栖    ,南福岡  ,南福岡運転区  ,11,10,,,,,2104,2139,回,2180,M,,2227
5733,B,回,2180,M,南福岡  ,博多    ,南福岡運転区  ,11,11,,,,,2227,2240,,2180,M,,2244
5734,B,,2180,M,博多    ,赤間    ,南福岡運転区  ,11,12,,,,,2244,2329,,2220,M,,529
5735,B,,2220,M,赤間    ,門司港  ,南福岡運転区  ,11,13,,,,,529,625,,4121,M,728,734
5736,B,,4121,M,門司港  ,南福岡  ,南福岡運転区  ,11,14,,,,728,734,932,終,,,,
5737,B,便,2344,M,南福岡  ,竹下    ,南福岡運転区  ,12,1,,,,,1150,1156,回,1003,M,,1304
5738,B,移動,,,竹下    ,竹下小  ,南福岡運転区  ,12,2,,,,,,,回,1003,M,,1304
5739,B,回,1003,M,竹下小  ,博多    ,南福岡運転区  ,12,3,,,,,1304,1308,,1003,M,,1316
5740,B,,1003,M,博多    ,肥前鹿島,南福岡運転区  ,12,4,,,,,1316,1417,,1008,M,,1450
5741,B,,1008,M,肥前鹿島,博多    ,南福岡運転区  ,12,5,,,,,1450,1553,,2164,M,1646,1648
5742,B,,2164,M,博多    ,福間    ,南福岡運転区  ,12,6,,,,1646,1648,1730,,2171,M,,1737
5743,B,,2171,M,福間    ,博多    ,南福岡運転区  ,12,7,,,,,1737,1807,,4151,M,1902,1907
5744,B,,4151,M,博多    ,久留米  ,南福岡運転区  ,12,8,,,,1902,1907,1944,回,4151,M,,1950
5745,B,回,4151,M,久留米  ,鳥栖    ,南福岡運転区  ,12,9,,,,,1950,1958,,2927,M,,2005
5746,B,,2927,M,鳥栖    ,江北    ,南福岡運転区  ,12,10,,,,,2005,2046,,2931,M,2252,2253
5747,B,,2931,M,江北    ,早岐    ,南福岡運転区  ,12,11,,,,2252,2253,2340,回,4956,M,,639
5748,B,回,4956,M,早岐    ,佐世保  ,南福岡運転区  ,12,12,,,,,639,651,,4006,M,,718
5749,B,,4006,M,佐世保  ,博多    ,南福岡運転区  ,12,13,,,,,718,902,回,4006,M,,911
5750,B,回,4006,M,博多    ,吉塚（電,南福岡運転区  ,12,14,,,,,911,917,回,3017,M,1036,1041
5751,B,回,3017,M,吉塚（電,博多    ,南福岡運転区  ,12,15,,,,1036,1041,1046,便,2139,M,,1106
5752,B,便,2139,M,博多    ,南福岡  ,南福岡運転区  ,12,16,,,,,1106,1115,終,,,,
5753,B,,4141,M,南福岡  ,鳥栖    ,南福岡運転区  ,21,1,,,,1532,1533,1605,,2863,M,1646,1652
5754,B,,2863,M,鳥栖    ,江北    ,南福岡運転区  ,21,2,,,,1646,1652,1739,,2866,M,,1752
5755,B,,2866,M,江北    ,南福岡  ,南福岡運転区  ,21,3,,,,,1752,1929,,4234,M,2041,2042
5756,B,,4234,M,南福岡  ,小倉    ,南福岡運転区  ,21,4,,,,2041,2042,2203,回,4234,M,,2215
5757,B,回,4234,M,小倉    ,門司港  ,南福岡運転区  ,21,5,,,,,2215,2227,回,3221,M,,454
5758,B,回,3221,M,門司港  ,小倉    ,南福岡運転区  ,21,6,,,,,454,504,,3221,M,,510
5759,B,,3221,M,小倉    ,博多    ,南福岡運転区  ,21,7,,,,,510,618,,2123,M,711,720
5760,B,,2123,M,博多    ,二日市  ,南福岡運転区  ,21,8,,,,711,720,742,,2126,M,,749
5761,B,,2126,M,二日市  ,福間    ,南福岡運転区  ,21,9,,,,,749,849,,2329,M,,920
5762,B,,2329,M,福間    ,博多    ,南福岡運転区  ,21,10,,,,,920,950,便,2329,M,,954
5763,B,便,2329,M,博多    ,南福岡  ,南福岡運転区  ,21,11,,,,,954,1004,構,2329,M,1004,1004
5764,B,構,2329,M,南福岡  ,南福岡  ,南福岡運転区  ,21,12,,,,1004,1004,1016,終,,,,
5765,B,便,4122,M,南福岡  ,博多    ,南福岡運転区  ,22,1,,,,,913,922,,2134,M,932,937
5766,B,,2134,M,博多    ,折尾　鹿,南福岡運転区  ,22,2,,,,932,937,1050,,2143,M,,1058
5767,B,,2143,M,折尾　鹿,博多    ,南福岡運転区  ,22,3,,,,,1058,1207,,4142,M,1531,1532
5768,B,,4142,M,博多    ,門司港  ,南福岡運転区  ,22,4,,,,1531,1532,1711,,4155,M,1746,1813
5769,B,,4155,M,門司港  ,博多    ,南福岡運転区  ,22,5,,,,1746,1813,1958,,4157,M,2041,2043
5770,B,,4157,M,博多    ,荒木    ,南福岡運転区  ,22,6,,,,2041,2043,2126,,2368,M,,2153
5771,B,,2368,M,荒木    ,博多    ,南福岡運転区  ,22,7,,,,,2153,2314,回,2368,M,,2320
5772,B,回,2368,M,博多    ,南福岡  ,南福岡運転区  ,22,8,,,,,2320,2333,回,2120,M,,612
5773,B,回,2120,M,南福岡  ,博多    ,南福岡運転区  ,22,9,,,,,612,619,,2120,M,,623
5774,B,,2120,M,博多    ,海老津  ,南福岡運転区  ,22,10,,,,,623,716,,2131,M,,730
5775,B,,2131,M,海老津  ,南福岡  ,南福岡運転区  ,22,11,,,,,730,837,終,,,,
5776,B,,2148,M,南福岡  ,博多    ,南福岡運転区  ,23,1,,,,1228,1232,1242,,2033,H,1347,1354
5777,B,,2033,H,博多    ,武雄温泉,南福岡運転区  ,23,2,,,,1347,1354,1454,,2038,H,,1516
5778,B,,2038,H,武雄温泉,博多    ,南福岡運転区  ,23,3,,,,,1516,1614,,1007,M,1813,1838
5779,B,,1007,M,博多    ,肥前鹿島,南福岡運転区  ,23,4,,,,1813,1838,1942,回,2892,M,,1959
5780,B,回,2892,M,肥前鹿島,南福岡  ,南福岡運転区  ,23,5,,,,,1959,2121,,2879,M,2210,2211
5781,B,,2879,M,南福岡  ,鳥栖    ,南福岡運転区  ,23,6,,,,2210,2211,2250,,2881,M,2314,2336
5782,B,,2881,M,鳥栖    ,江北    ,南福岡運転区  ,23,7,,,,2314,2336,17,,2921,M,716,729
5783,B,,2921,M,江北    ,佐世保  ,南福岡運転区  ,23,8,,,,716,729,835,,2924,M,,851
5784,B,,2924,M,佐世保  ,鳥栖    ,南福岡運転区  ,23,9,,,,,851,1046,便,4128,M,,1103
5785,B,便,4128,M,鳥栖    ,南福岡  ,南福岡運転区  ,23,10,,,,,1103,1125,終,,,,
5786,B,,2133,M,南福岡  ,二日市  ,南福岡運転区  ,24,1,,,,858,903,915,,2136,M,,932
5787,B,,2136,M,二日市  ,南福岡  ,南福岡運転区  ,24,2,,,,,932,944,,2144,M,1104,1107
5788,B,,2144,M,南福岡  ,博多    ,南福岡運転区  ,24,3,,,,1104,1107,1123,回,4020,M,1154,1201
5789,B,回,4020,M,博多    ,竹下小  ,南福岡運転区  ,24,4,,,,1154,1201,1205,回,4027,M,,1222
5790,B,回,4027,M,竹下小  ,博多    ,南福岡運転区  ,24,5,,,,,1222,1225,,2335,M,1255,1301
5791,B,,2335,M,博多    ,南福岡  ,南福岡運転区  ,24,6,,,,1255,1301,1310,便,2160,M,,1530
5792,B,便,2160,M,南福岡  ,博多    ,南福岡運転区  ,24,7,,,,,1530,1538,,2159,M,1557,1558
5793,B,,2159,M,博多    ,鳥栖    ,南福岡運転区  ,24,8,,,,1557,1558,1646,,4150,M,,1654
5794,B,,4150,M,鳥栖    ,南福岡  ,南福岡運転区  ,24,9,,,,,1654,1723,,2172,M,1802,1810
5795,B,,2172,M,南福岡  ,海老津  ,南福岡運転区  ,24,10,,,,1802,1810,1922,,2181,M,,1934
5796,B,,2181,M,海老津  ,二日市  ,南福岡運転区  ,24,11,,,,,1934,2057,回,2181,M,,2119
5797,B,回,2181,M,二日市  ,南福岡  ,南福岡運転区  ,24,12,,,,,2119,2127,,2182,M,,2318
5798,B,,2182,M,南福岡  ,折尾　鹿,南福岡運転区  ,24,13,,,,,2318,31,,2327,M,,636
5799,B,,2327,M,折尾　鹿,南福岡  ,南福岡運転区  ,24,14,,,,,636,807,構,3225,M,826,826
5800,B,構,3225,M,南福岡  ,南福岡  ,南福岡運転区  ,24,15,,,,826,826,826,終,,,,
5801,B,便,2144,M,南福岡  ,竹下    ,南福岡運転区  ,25,1,,,,,1107,1114,回,3126,M,,1202
5802,B,回,3126,M,竹下    ,博多    ,南福岡運転区  ,25,2,,,,,1202,1206,,3126,M,,1210
5803,B,,3126,M,博多    ,小倉    ,南福岡運転区  ,25,3,,,,,1210,1337,,3036,M,1537,1540
5804,B,,3036,M,小倉    ,博多    ,南福岡運転区  ,25,4,,,,1537,1540,1628,,4049,H,1725,1732
5805,B,,4049,H,博多    ,佐世保  ,南福岡運転区  ,25,5,,,,1725,1732,1919,,4060,H,2010,2015
5806,B,,4060,H,佐世保  ,早岐    ,南福岡運転区  ,25,6,,,,2010,2015,2025,便,4060,H,,2031
5807,B,便,4060,H,早岐    ,江北    ,南福岡運転区  ,25,7,,,,,2031,2107,,4822,M,2236,2244
5808,B,,4822,M,江北    ,鳥栖    ,南福岡運転区  ,25,8,,,,2236,2244,2328,,325,M,,645
5809,B,,325,M,鳥栖    ,大牟田  ,南福岡運転区  ,25,9,,,,,645,731,,2336,M,,736
5810,B,,2336,M,大牟田  ,博多    ,南福岡運転区  ,25,10,,,,,736,915,回,2336,M,,923
5811,B,回,2336,M,博多    ,吉塚　鹿,南福岡運転区  ,25,11,,,,,923,926,回,1129,M,,940
5812,B,回,1129,M,吉塚　鹿,南福岡  ,南福岡運転区  ,25,12,,,,,940,955,終,,,,
5813,B,便,131,M,南福岡  ,二日市  ,南福岡運転区  ,26,1,,,,,838,849,便,4011,M,,852
5814,B,便,4011,M,二日市  ,鳥栖    ,南福岡運転区  ,26,2,,,,,852,902,,2837,M,915,922
5815,B,,2837,M,鳥栖    ,肥前浜  ,南福岡運転区  ,26,3,,,,915,922,1030,,2840,M,,1036
5816,B,,2840,M,肥前浜  ,鳥栖    ,南福岡運転区  ,26,4,,,,,1036,1149,,347,M,1256,1309
5817,B,,347,M,鳥栖    ,荒尾    ,南福岡運転区  ,26,5,,,,1256,1309,1358,,350,M,,1404
5818,B,,350,M,荒尾    ,鳥栖    ,南福岡運転区  ,26,6,,,,,1404,1453,,363,M,1659,1706
5819,B,,363,M,鳥栖    ,大牟田  ,南福岡運転区  ,26,7,,,,1659,1706,1752,,362,M,,1758
5820,B,,362,M,大牟田  ,鳥栖    ,南福岡運転区  ,26,8,,,,,1758,1843,,4156,M,1920,1958
5821,B,,4156,M,鳥栖    ,南福岡  ,南福岡運転区  ,26,9,,,,1920,1958,2019,,2364,M,2102,2103
5822,B,,2364,M,南福岡  ,門司港  ,南福岡運転区  ,26,10,,,,2102,2103,2258,,131,M,,621
5823,B,,131,M,門司港  ,博多    ,南福岡運転区  ,26,11,,,,,621,823,便,131,M,,824
5824,B,便,131,M,博多    ,南福岡  ,南福岡運転区  ,26,12,,,,,824,833,終,,,,
5825,B,便,2350,M,南福岡  ,博多    ,南福岡運転区  ,27,1,,,,,1449,1500,,4039,M,1520,1533
5826,B,,4039,M,博多    ,早岐    ,南福岡運転区  ,27,2,,,,1520,1533,1710,,4052,H,1810,1819
5827,B,,4052,H,早岐    ,博多    ,南福岡運転区  ,27,3,,,,1810,1819,1953,回,4052,M,,2005
5828,B,回,4052,M,博多    ,竹下小  ,南福岡運転区  ,27,4,,,,,2005,2009,回,60,M,2059,2116
5829,B,回,60,M,竹下小  ,博多    ,南福岡運転区  ,27,5,,,,2059,2116,2119,,60,M,,2130
5830,B,,60,M,博多    ,門司港  ,南福岡運転区  ,27,6,,,,,2130,2239,,125,M,,525
5831,B,,125,M,門司港  ,博多    ,南福岡運転区  ,27,7,,,,,525,709,,2009,H,808,812
5832,B,,2009,H,博多    ,武雄温泉,南福岡運転区  ,27,8,,,,808,812,920,,2014,H,,942
5833,B,,2014,H,武雄温泉,博多    ,南福岡運転区  ,27,9,,,,,942,1043,便,4125,M,,1056
5834,B,便,4125,M,博多    ,南福岡  ,南福岡運転区  ,27,10,,,,,1056,1103,終,,,,
5835,B,便,4121,M,南福岡  ,二日市  ,南福岡運転区  ,28,1,,,,,933,940,便,4015,M,,945
5836,B,便,4015,M,二日市  ,早岐    ,南福岡運転区  ,28,2,,,,,945,1105,,4015,M,1105,1110
5837,B,,4015,M,早岐    ,佐世保  ,南福岡運転区  ,28,3,,,,1105,1110,1122,,4028,M,,1141
5838,B,,4028,M,佐世保  ,早岐    ,南福岡運転区  ,28,4,,,,,1141,1153,,4027,M,1410,1416
5839,B,,4027,M,早岐    ,佐世保  ,南福岡運転区  ,28,5,,,,1410,1416,1427,,4040,M,,1441
5840,B,,4040,M,佐世保  ,早岐    ,南福岡運転区  ,28,6,,,,,1441,1453,,4035,M,1610,1618
5841,B,,4035,M,早岐    ,佐世保  ,南福岡運転区  ,28,7,,,,1610,1618,1630,,4048,H,,1654
5842,B,,4048,H,佐世保  ,早岐    ,南福岡運転区  ,28,8,,,,,1654,1704,便,4048,H,,1715
5843,B,便,4048,H,早岐    ,江北    ,南福岡運転区  ,28,9,,,,,1715,1757,回,2870,M,1812,1817
5844,B,回,2870,M,江北    ,肥前浜  ,南福岡運転区  ,28,10,,,,1812,1817,1831,,2870,M,,1838
5845,B,,2870,M,肥前浜  ,鳥栖    ,南福岡運転区  ,28,11,,,,,1838,1947,,2929,M,2051,2109
5846,B,,2929,M,鳥栖    ,早岐    ,南福岡運転区  ,28,12,,,,2051,2109,2258,,4920,M,,533
5847,B,,4920,M,早岐    ,江北    ,南福岡運転区  ,28,13,,,,,533,621,,2824,M,,632
5848,B,,2824,M,江北    ,南福岡  ,南福岡運転区  ,28,14,,,,,632,807,終,,,,
5849,B,,3124,M,南福岡  ,門司港  ,南福岡運転区  ,29,1,,,,1056,1057,1256,,4145,M,1501,1524
5850,B,,4145,M,門司港  ,博多    ,南福岡運転区  ,29,2,,,,1501,1524,1702,便,4145,M,,1704
5851,B,便,4145,M,博多    ,南福岡  ,南福岡運転区  ,29,3,,,,,1704,1711,回,56,M,,1823
5852,B,回,56,M,南福岡  ,博多    ,南福岡運転区  ,29,4,,,,,1823,1830,,56,M,,1839
5853,B,,56,M,博多    ,門司港  ,南福岡運転区  ,29,5,,,,,1839,1950,,2355,M,2057,2120
5854,B,,2355,M,門司港  ,博多    ,南福岡運転区  ,29,6,,,,2057,2120,2315,便,2355,M,,2316
5855,B,便,2355,M,博多    ,南福岡  ,南福岡運転区  ,29,7,,,,,2316,2326,回,1120,M,,527
5856,B,回,1120,M,南福岡  ,吉塚　鹿,南福岡運転区  ,29,8,,,,,527,540,回,2001,M,,552
5857,B,回,2001,M,吉塚　鹿,博多    ,南福岡運転区  ,29,9,,,,,552,556,,2001,H,,600
5858,B,,2001,H,博多    ,武雄温泉,南福岡運転区  ,29,10,,,,,600,700,,2004,H,,731
5859,B,,2004,H,武雄温泉,博多    ,南福岡運転区  ,29,11,,,,,731,836,便,3227,M,,903
5860,B,便,3227,M,博多    ,南福岡  ,南福岡運転区  ,29,12,,,,,903,911,終,,,,
5861,B,便,2324,M,南福岡  ,博多    ,南福岡運転区  ,30,1,,,,,635,645,,2325,M,702,705
5862,B,,2325,M,博多    ,鳥栖    ,南福岡運転区  ,30,2,,,,702,705,753,,2325,M,,759
5863,B,,2325,M,鳥栖    ,荒尾    ,南福岡運転区  ,30,3,,,,,759,854,回,1124,M,,859
5864,B,回,1124,M,荒尾    ,久留米  ,南福岡運転区  ,30,4,,,,,859,938,回,1126,M,1019,1024
5865,B,回,1126,M,久留米  ,鳥栖    ,南福岡運転区  ,30,5,,,,1019,1024,1032,,2845,M,1149,1203
5866,B,,2845,M,鳥栖    ,肥前鹿島,南福岡運転区  ,30,6,,,,1149,1203,1304,,2848,M,,1309
5867,B,,2848,M,肥前鹿島,鳥栖    ,南福岡運転区  ,30,7,,,,,1309,1414,便,4140,M,,1433
5868,B,便,4140,M,鳥栖    ,南福岡  ,南福岡運転区  ,30,8,,,,,1433,1501,終,,,,
5869,B,便,2156,M,南福岡  ,博多    ,南福岡運転区  ,31,1,,,,,1432,1441,,2155,M,1509,1513
5870,B,,2155,M,博多    ,二日市  ,南福岡運転区  ,31,2,,,,1509,1513,1536,,2162,M,,1555
5871,B,,2162,M,二日市  ,南福岡  ,南福岡運転区  ,31,3,,,,,1555,1607,回,54,M,,1721
5872,B,回,54,M,南福岡  ,博多    ,南福岡運転区  ,31,4,,,,,1721,1733,,54,M,,1740
5873,B,,54,M,博多    ,小倉    ,南福岡運転区  ,31,5,,,,,1740,1831,回,1254,M,,1849
5874,B,回,1254,M,小倉    ,門司港  ,南福岡運転区  ,31,6,,,,,1849,1900,回,1255,M,,1906
5875,B,回,1255,M,門司港  ,小倉    ,南福岡運転区  ,31,7,,,,,1906,1916,,55,M,,1921
5876,B,,55,M,小倉    ,博多    ,南福岡運転区  ,31,8,,,,,1921,2013,,4065,M,2123,2132
5877,B,,4065,M,博多    ,佐世保  ,南福岡運転区  ,31,9,,,,2123,2132,2318,,2920,M,617,635
5878,B,,2920,M,佐世保  ,鳥栖    ,南福岡運転区  ,31,10,,,,617,635,828,,333,M,853,905
5879,B,,333,M,鳥栖    ,荒尾    ,南福岡運転区  ,31,11,,,,853,905,953,,4128,M,,1002
5880,B,,4128,M,荒尾    ,鳥栖    ,南福岡運転区  ,31,12,,,,,1002,1050,,4128,M,,1103
5881,B,,4128,M,鳥栖    ,南福岡  ,南福岡運転区  ,31,13,,,,,1103,1125,終,,,,
5882,B,,4122,M,南福岡  ,門司港  ,南福岡運転区  ,32,1,,,,912,913,1113,,4137,M,1223,1248
5883,B,,4137,M,門司港  ,博多    ,南福岡運転区  ,32,2,,,,1223,1248,1423,,3125,M,1601,1602
5884,B,,3125,M,博多    ,二日市  ,南福岡運転区  ,32,3,,,,1601,1602,1618,,2164,M,,1625
5885,B,,2164,M,二日市  ,博多    ,南福岡運転区  ,32,4,,,,,1625,1646,,4228,M,1749,1750
5886,B,,4228,M,博多    ,小倉    ,南福岡運転区  ,32,5,,,,1749,1750,1900,,3056,M,2038,2040
5887,B,,3056,M,小倉    ,博多    ,南福岡運転区  ,32,6,,,,2038,2040,2129,,3059,M,,2206
5888,B,,3059,M,博多    ,小倉    ,南福岡運転区  ,32,7,,,,,2206,2257,便,3222,M,,2303
5889,B,便,3222,M,小倉    ,門司港  ,南福岡運転区  ,32,8,,,,,2303,2317,,129,M,,557
5890,B,,129,M,門司港  ,南福岡  ,南福岡運転区  ,32,9,,,,,557,813,構,2133,M,858,858
5891,B,構,2133,M,南福岡  ,南福岡  ,南福岡運転区  ,32,10,,,,858,858,912,終,,,,
5892,B,,2348,M,南福岡  ,博多    ,南福岡運転区  ,33,1,,,,1346,1349,1400,,2339,M,1455,1501
5893,B,,2339,M,博多    ,南福岡  ,南福岡運転区  ,33,2,,,,1455,1501,1510,,4143,M,1632,1633
5894,B,,4143,M,南福岡  ,久留米  ,南福岡運転区  ,33,3,,,,1632,1633,1718,,4152,M,,1728
5895,B,,4152,M,久留米  ,鳥栖    ,南福岡運転区  ,33,4,,,,,1728,1740,,4152,M,,1747
5896,B,,4152,M,鳥栖    ,博多    ,南福岡運転区  ,33,5,,,,,1747,1826,,4057,H,1909,1912
5897,B,,4057,H,博多    ,佐世保  ,南福岡運転区  ,33,6,,,,1909,1912,2112,回,4957,M,2159,2204
5898,B,回,4957,M,佐世保  ,早岐    ,南福岡運転区  ,33,7,,,,2159,2204,2218,,920,M,,612
5899,B,,920,M,早岐    ,江北    ,南福岡運転区  ,33,8,,,,,612,700,,925,M,810,815
5900,B,,925,M,江北    ,早岐    ,南福岡運転区  ,33,9,,,,810,815,902,,4007,M,913,916
5901,B,,4007,M,早岐    ,佐世保  ,南福岡運転区  ,33,10,,,,913,916,927,,4020,M,,1000
5902,B,,4020,M,佐世保  ,博多    ,南福岡運転区  ,33,11,,,,,1000,1154,便,1325,M,,1202
5903,B,便,1325,M,博多    ,南福岡  ,南福岡運転区  ,33,12,,,,,1202,1208,終,,,,
5904,B,,2344,M,南福岡  ,博多    ,南福岡運転区  ,34,1,,,,1148,1150,1201,,4027,M,1225,1237
5905,B,,4027,M,博多    ,早岐    ,南福岡運転区  ,34,2,,,,1225,1237,1410,,4040,M,1454,1500
5906,B,,4040,M,早岐    ,博多    ,南福岡運転区  ,34,3,,,,1454,1500,1635,回,4040,M,,1641
5907,B,回,4040,M,博多    ,竹下小  ,南福岡運転区  ,34,4,,,,,1641,1645,回,4049,M,,1721
5908,B,回,4049,M,竹下小  ,博多    ,南福岡運転区  ,34,5,,,,,1721,1725,,2055,H,1833,1900
5909,B,,2055,H,博多    ,武雄温泉,南福岡運転区  ,34,6,,,,1833,1900,2002,,2058,H,,2020
5910,B,,2058,H,武雄温泉,博多    ,南福岡運転区  ,34,7,,,,,2020,2115,,2355,M,2315,2316
5911,B,,2355,M,博多    ,久留米  ,南福岡運転区  ,34,8,,,,2315,2316,10,,2328,M,,615
5912,B,,2328,M,久留米  ,博多    ,南福岡運転区  ,34,9,,,,,615,711,,1001,M,753,755
5913,B,,1001,M,博多    ,肥前鹿島,南福岡運転区  ,34,10,,,,753,755,858,,1006,M,,926
5914,B,,1006,M,肥前鹿島,博多    ,南福岡運転区  ,34,11,,,,,926,1026,便回,3012,M,,1034
5915,B,便回,3012,M,博多    ,南福岡  ,南福岡運転区  ,34,12,,,,,1034,1041,終,,,,
5916,B,便,4133,M,南福岡  ,鳥栖    ,南福岡運転区  ,35,1,,,,,1334,1405,,2855,M,1435,1449
5917,B,,2855,M,鳥栖    ,肥前浜  ,南福岡運転区  ,35,2,,,,1435,1449,1605,,2860,M,,1616
5918,B,,2860,M,肥前浜  ,鳥栖    ,南福岡運転区  ,35,3,,,,,1616,1736,便,4152,M,,1747
5919,B,便,4152,M,鳥栖    ,南福岡  ,南福岡運転区  ,35,4,,,,,1747,1819,回,1009,M,,1923
5920,B,回,1009,M,南福岡  ,博多    ,南福岡運転区  ,35,5,,,,,1923,1930,,1009,M,,1935
5921,B,,1009,M,博多    ,肥前鹿島,南福岡運転区  ,35,6,,,,,1935,2043,回,2894,M,,2116
5922,B,回,2894,M,肥前鹿島,南福岡  ,南福岡運転区  ,35,7,,,,,2116,2248,回,122,M,,506
5923,B,回,122,M,南福岡  ,博多    ,南福岡運転区  ,35,8,,,,,506,512,,122,M,,522
5924,B,,122,M,博多    ,小倉    ,南福岡運転区  ,35,9,,,,,522,650,,137,M,727,733
5925,B,,137,M,小倉    ,南福岡  ,南福岡運転区  ,35,10,,,,727,733,938,終,,,,
5926,B,便,2130,M,南福岡  ,博多    ,南福岡運転区  ,36,1,,,,,832,841,,2013,H,849,854
5927,B,,2013,H,博多    ,武雄温泉,南福岡運転区  ,36,2,,,,849,854,958,,2018,H,,1016
5928,B,,2018,H,武雄温泉,博多    ,南福岡運転区  ,36,3,,,,,1016,1110,回,2018,M,,1116
5929,B,回,2018,M,博多    ,吉塚（電,南福岡運転区  ,36,4,,,,,1116,1121,回,2025,M,,1137
5930,B,回,2025,M,吉塚（電,博多    ,南福岡運転区  ,36,5,,,,,1137,1142,,2337,M,1355,1401
5931,B,,2337,M,博多    ,久留米  ,南福岡運転区  ,36,6,,,,1355,1401,1454,,2352,M,,1506
5932,B,,2352,M,久留米  ,南福岡  ,南福岡運転区  ,36,7,,,,,1506,1547,,4144,M,1601,1602
5933,B,,4144,M,南福岡  ,博多    ,南福岡運転区  ,36,8,,,,1601,1602,1608,,3043,M,1651,1720
5934,B,,3043,M,博多    ,小倉    ,南福岡運転区  ,36,9,,,,1651,1720,1808,,3054,M,2003,2005
5935,B,,3054,M,小倉    ,博多    ,南福岡運転区  ,36,10,,,,2003,2005,2050,,3222,M,2135,2138
5936,B,,3222,M,博多    ,門司港  ,南福岡運転区  ,36,11,,,,2135,2138,2317,構,3225,M,,558
5937,B,構,3225,M,門司港  ,門司港  ,南福岡運転区  ,36,12,,,,,558,618,,3225,M,639,644
5938,B,,3225,M,門司港  ,南福岡  ,南福岡運転区  ,36,13,,,,639,644,826,終,,,,
5939,B,,2333,M,南福岡  ,久留米  ,南福岡運転区  ,37,1,,,,1157,1200,1251,,2348,M,,1306
5940,B,,2348,M,久留米  ,南福岡  ,南福岡運転区  ,37,2,,,,,1306,1346,回,1143,M,,1616
5941,B,回,1143,M,南福岡  ,原田    ,南福岡運転区  ,37,3,,,,,1616,1636,回,2166,M,,1655
5942,B,回,2166,M,原田    ,二日市  ,南福岡運転区  ,37,4,,,,,1655,1700,,2166,M,,1704
5943,B,,2166,M,二日市  ,南福岡  ,南福岡運転区  ,37,5,,,,,1704,1716,便,2166,M,,1717
5944,B,便,2166,M,南福岡  ,博多    ,南福岡運転区  ,37,6,,,,,1717,1726,,2173,M,1828,1833
5945,B,,2173,M,博多    ,鳥栖    ,南福岡運転区  ,37,7,,,,1828,1833,1929,,138,M,,1943
5946,B,,138,M,鳥栖    ,南福岡  ,南福岡運転区  ,37,8,,,,,1943,2026,回,1092,H,,2117
5947,B,回,1092,H,南福岡  ,博多    ,南福岡運転区  ,37,9,,,,,2117,2124,,4069,M,2221,2235
5948,B,,4069,M,博多    ,佐世保  ,南福岡運転区  ,37,10,,,,2221,2235,9,,2922,M,726,734
5949,B,,2922,M,佐世保  ,鳥栖    ,南福岡運転区  ,37,11,,,,726,734,935,,2144,M,1020,1033
5950,B,,2144,M,鳥栖    ,南福岡  ,南福岡運転区  ,37,12,,,,1020,1033,1104,終,,,,
5951,B,便,3124,M,南福岡  ,博多    ,南福岡運転区  ,38,1,,,,,1057,1104,,4127,M,1123,1126
5952,B,,4127,M,博多    ,鳥栖    ,南福岡運転区  ,38,2,,,,1123,1126,1206,,4132,M,,1233
5953,B,,4132,M,鳥栖    ,博多    ,南福岡運転区  ,38,3,,,,,1233,1309,,2037,H,1445,1454
5954,B,,2037,H,博多    ,武雄温泉,南福岡運転区  ,38,4,,,,1445,1454,1554,,2042,H,,1615
5955,B,,2042,H,武雄温泉,博多    ,南福岡運転区  ,38,5,,,,,1615,1714,,4053,H,1805,1811
5956,B,,4053,H,博多    ,佐世保  ,南福岡運転区  ,38,6,,,,1805,1811,2005,,4062,M,2043,2048
5957,B,,4062,M,佐世保  ,博多    ,南福岡運転区  ,38,7,,,,2043,2048,2229,回,4062,M,,2238
5958,B,回,4062,M,博多    ,南福岡  ,南福岡運転区  ,38,8,,,,,2238,2247,回,2891,M,,517
5959,B,回,2891,M,南福岡  ,肥前鹿島,南福岡運転区  ,38,9,,,,,517,626,,1002,M,,638
5960,B,,1002,M,肥前鹿島,博多    ,南福岡運転区  ,38,10,,,,,638,743,回,1002,M,,750
5961,B,回,1002,M,博多    ,竹下小  ,南福岡運転区  ,38,11,,,,,750,755,回,4015,M,905,918
5962,B,回,4015,M,竹下小  ,博多    ,南福岡運転区  ,38,12,,,,905,918,922,,2329,M,950,954
5963,B,,2329,M,博多    ,南福岡  ,南福岡運転区  ,38,13,,,,950,954,1004,終,,,,
5964,B,,1325,M,南福岡  ,羽犬塚  ,南福岡運転区  ,39,1,,,,1208,1212,1253,,4138,M,,1340
5965,B,,4138,M,羽犬塚  ,博多    ,南福岡運転区  ,39,2,,,,,1340,1431,,4045,M,1553,1634
5966,B,,4045,M,博多    ,佐世保  ,南福岡運転区  ,39,3,,,,1553,1634,1821,,4056,H,1905,1910
5967,B,,4056,H,佐世保  ,早岐    ,南福岡運転区  ,39,4,,,,1905,1910,1921,,4060,H,2025,2031
5968,B,,4060,H,早岐    ,博多    ,南福岡運転区  ,39,5,,,,2025,2031,2156,回,4060,M,,2204
5969,B,回,4060,M,博多    ,南福岡  ,南福岡運転区  ,39,6,,,,,2204,2213,,2357,M,2355,2356
5970,B,,2357,M,南福岡  ,久留米  ,南福岡運転区  ,39,7,,,,2355,2356,36,回,2357,M,,43
5971,B,回,2357,M,久留米  ,荒木    ,南福岡運転区  ,39,8,,,,,43,47,,2330,M,,623
5972,B,,2330,M,荒木    ,南福岡  ,南福岡運転区  ,39,9,,,,,623,712,,2128,M,756,805
5973,B,,2128,M,南福岡  ,福間    ,南福岡運転区  ,39,10,,,,756,805,856,,2137,M,,939
5974,B,,2137,M,福間    ,南福岡  ,南福岡運転区  ,39,11,,,,,939,1028,終,,,,
5975,B,,4128,M,南福岡  ,博多    ,南福岡運転区  ,40,1,,,,1125,1126,1131,,2145,M,1238,1243
5976,B,,2145,M,博多    ,二日市  ,南福岡運転区  ,40,2,,,,1238,1243,1309,,2152,M,,1319
5977,B,,2152,M,二日市  ,博多    ,南福岡運転区  ,40,3,,,,,1319,1340,,4137,M,1423,1426
5978,B,,4137,M,博多    ,鳥栖    ,南福岡運転区  ,40,4,,,,1423,1426,1507,,4144,M,,1533
5979,B,,4144,M,鳥栖    ,南福岡  ,南福岡運転区  ,40,5,,,,,1533,1601,回,1005,M,,1654
5980,B,回,1005,M,南福岡  ,博多    ,南福岡運転区  ,40,6,,,,,1654,1706,,1005,M,,1716
5981,B,,1005,M,博多    ,肥前鹿島,南福岡運転区  ,40,7,,,,,1716,1818,,1010,M,,1832
5982,B,,1010,M,肥前鹿島,博多    ,南福岡運転区  ,40,8,,,,,1832,1935,,2931,M,2102,2105
5983,B,,2931,M,博多    ,鳥栖    ,南福岡運転区  ,40,9,,,,2102,2105,2158,,2184,M,2210,2250
5984,B,,2184,M,鳥栖    ,南福岡  ,南福岡運転区  ,40,10,,,,2210,2250,2335,,2320,M,530,531
5985,B,,2320,M,南福岡  ,小倉    ,南福岡運転区  ,40,11,,,,530,531,705,,3227,M,738,749
5986,B,,3227,M,小倉    ,南福岡  ,南福岡運転区  ,40,12,,,,738,749,911,終,,,,
5987,B,,1222,M,南福岡  ,博多    ,南福岡運転区  ,41,1,,,,1202,1203,1209,回,4028,M,1328,1338
5988,B,回,4028,M,博多    ,吉塚（電,南福岡運転区  ,41,2,,,,1328,1338,1343,回,4035,M,1416,1421
5989,B,回,4035,M,吉塚（電,博多    ,南福岡運転区  ,41,3,,,,1416,1421,1425,,4035,M,,1433
5990,B,,4035,M,博多    ,早岐    ,南福岡運転区  ,41,4,,,,,1433,1610,,4039,M,1710,1716
5991,B,,4039,M,早岐    ,佐世保  ,南福岡運転区  ,41,5,,,,1710,1716,1726,,4052,H,1755,1800
5992,B,,4052,H,佐世保  ,早岐    ,南福岡運転区  ,41,6,,,,1755,1800,1810,,2926,M,,1938
5993,B,,2926,M,早岐    ,江北    ,南福岡運転区  ,41,7,,,,,1938,2027,,2927,M,2046,2055
5994,B,,2927,M,江北    ,早岐    ,南福岡運転区  ,41,8,,,,2046,2055,2152,,922,M,,2156
5995,B,,922,M,早岐    ,江北    ,南福岡運転区  ,41,9,,,,,2156,2243,,2830,M,,708
5996,B,,2830,M,江北    ,吉塚　鹿,南福岡運転区  ,41,10,,,,,708,900,回,2830,M,,906
5997,B,回,2830,M,吉塚　鹿,吉塚（電,南福岡運転区  ,41,11,,,,,906,908,回,1133,M,1051,1056
5998,B,回,1133,M,吉塚（電,南福岡  ,南福岡運転区  ,41,12,,,,1051,1056,1110,終,,,,
5999,B,,4146,M,南福岡  ,博多    ,南福岡運転区  ,51,1,,,,1621,1622,1628,,4225,M,1717,1720
6000,B,,4225,M,博多    ,羽犬塚  ,南福岡運転区  ,51,2,,,,1717,1720,1808,,4154,M,,1831
6001,B,,4154,M,羽犬塚  ,博多    ,南福岡運転区  ,51,3,,,,,1831,1924,,4155,M,1958,2006
6002,B,,4155,M,博多    ,荒尾    ,南福岡運転区  ,51,4,,,,1958,2006,2128,回,4220,M,,634
6003,B,回,4220,M,荒尾    ,大牟田  ,南福岡運転区  ,51,5,,,,,634,639,,4220,M,,649
6004,B,,4220,M,大牟田  ,博多    ,南福岡運転区  ,51,6,,,,,649,806,,2130,M,841,843
6005,B,,2130,M,博多    ,折尾　鹿,南福岡運転区  ,51,7,,,,841,843,952,,2139,M,,1002
6006,B,,2139,M,折尾　鹿,博多    ,南福岡運転区  ,51,8,,,,,1002,1105,便,2139,M,,1106
6007,B,便,2139,M,博多    ,南福岡  ,南福岡運転区  ,51,9,,,,,1106,1115,終,,,,
6008,B,便,4122,M,南福岡  ,博多    ,南福岡運転区  ,52,1,,,,,913,922,,3013,M,939,1000
6009,B,,3013,M,博多    ,小倉    ,南福岡運転区  ,52,2,,,,939,1000,1041,,4133,M,1201,1207
6010,B,,4133,M,小倉    ,博多    ,南福岡運転区  ,52,3,,,,1201,1207,1324,,2151,M,1409,1413
6011,B,,2151,M,博多    ,南福岡  ,南福岡運転区  ,52,4,,,,1409,1413,1423,,2160,M,1529,1530
6012,B,,2160,M,南福岡  ,福間    ,南福岡運転区  ,52,5,,,,1529,1530,1610,,2165,M,,1617
6013,B,,2165,M,福間    ,博多    ,南福岡運転区  ,52,6,,,,,1617,1648,,2051,H,1714,1800
6014,B,,2051,H,博多    ,武雄温泉,南福岡運転区  ,52,7,,,,1714,1800,1901,,2054,H,,1918
6015,B,,2054,H,武雄温泉,博多    ,南福岡運転区  ,52,8,,,,,1918,2017,便,2181,M,,2035
6016,B,便,2181,M,博多    ,南福岡  ,南福岡運転区  ,52,9,,,,,2035,2044,回,2067,M,,2157
6017,B,回,2067,M,南福岡  ,博多    ,南福岡運転区  ,52,10,,,,,2157,2204,,2067,H,,2211
6018,B,,2067,H,博多    ,武雄温泉,南福岡運転区  ,52,11,,,,,2211,2312,回,2992,M,,620
6019,B,回,2992,M,武雄温泉,江北    ,南福岡運転区  ,52,12,,,,,620,630,回,2893,M,,638
6020,B,回,2893,M,江北    ,肥前鹿島,南福岡運転区  ,52,13,,,,,638,702,,1004,M,,713
6021,B,,1004,M,肥前鹿島,吉塚　鹿,南福岡運転区  ,52,14,,,,,713,829,回,1004,M,,834
6022,B,回,1004,M,吉塚　鹿,吉塚（電,南福岡運転区  ,52,15,,,,,834,836,回,4091,M,,901
6023,B,回,4091,M,吉塚（電,博多    ,南福岡運転区  ,52,16,,,,,901,905,便,2135,M,,913
6024,B,便,2135,M,博多    ,南福岡  ,南福岡運転区  ,52,17,,,,,913,922,終,,,,
6025,B,,2156,M,南福岡  ,福間    ,南福岡運転区  ,53,1,,,,1431,1432,1516,,2159,M,,1525
6026,B,,2159,M,福間    ,博多    ,南福岡運転区  ,53,2,,,,,1525,1557,,2165,M,1648,1655
6027,B,,2165,M,博多    ,鳥栖    ,南福岡運転区  ,53,3,,,,1648,1655,1748,,2176,M,,1802
6028,B,,2176,M,鳥栖    ,博多    ,南福岡運転区  ,53,4,,,,,1802,1906,,2063,H,2017,2102
6029,B,,2063,H,博多    ,武雄温泉,南福岡運転区  ,53,5,,,,2017,2102,2201,,2066,H,2238,2243
6030,B,,2066,H,武雄温泉,博多    ,南福岡運転区  ,53,6,,,,2238,2243,2341,,3122,M,645,655
6031,B,,3122,M,博多    ,小倉    ,南福岡運転区  ,53,7,,,,645,655,826,,4123,M,853,901
6032,B,,4123,M,小倉    ,博多    ,南福岡運転区  ,53,8,,,,853,901,1022,回,2014,M,1043,1050
6033,B,回,2014,M,博多    ,吉塚（電,南福岡運転区  ,53,9,,,,1043,1050,1055,回,1135,M,,1104
6034,B,回,1135,M,吉塚（電,南福岡  ,南福岡運転区  ,53,10,,,,,1104,1129,終,,,,
6035,B,,2329,M,南福岡  ,久留米  ,南福岡運転区  ,54,1,,,,1004,1011,1058,,2344,M,,1105
6036,B,,2344,M,久留米  ,南福岡  ,南福岡運転区  ,54,2,,,,,1105,1148,,2147,M,1326,1327
6037,B,,2147,M,南福岡  ,二日市  ,南福岡運転区  ,54,3,,,,1326,1327,1339,,2154,M,,1355
6038,B,,2154,M,二日市  ,南福岡  ,南福岡運転区  ,54,4,,,,,1355,1407,回,1329,M,,1630
6039,B,回,1329,M,南福岡  ,博多    ,南福岡運転区  ,54,5,,,,,1630,1639,,1329,M,,1645
6040,B,,1329,M,博多    ,鳥栖    ,南福岡運転区  ,54,6,,,,,1645,1716,,2172,M,,1729
6041,B,,2172,M,鳥栖    ,南福岡  ,南福岡運転区  ,54,7,,,,,1729,1802,,4149,M,1851,1852
6042,B,,4149,M,南福岡  ,羽犬塚  ,南福岡運転区  ,54,8,,,,1851,1852,1935,,2362,M,,1941
6043,B,,2362,M,羽犬塚  ,博多    ,南福岡運転区  ,54,9,,,,,1941,2101,,1331,M,,2149
6044,B,,1331,M,博多    ,鳥栖    ,南福岡運転区  ,54,10,,,,,2149,2220,便,2184,M,,2250
6045,B,便,2184,M,鳥栖    ,南福岡  ,南福岡運転区  ,54,11,,,,,2250,2335,,2122,M,,623
6046,B,,2122,M,南福岡  ,海老津  ,南福岡運転区  ,54,12,,,,,623,738,,2133,M,,750
6047,B,,2133,M,海老津  ,南福岡  ,南福岡運転区  ,54,13,,,,,750,858,終,,,,
6048,B,便,3124,M,南福岡  ,博多    ,南福岡運転区  ,55,1,,,,,1057,1104,,4023,M,1126,1137
6049,B,,4023,M,博多    ,佐世保  ,南福岡運転区  ,55,2,,,,1126,1137,1326,,4036,M,,1345
6050,B,,4036,M,佐世保  ,早岐    ,南福岡運転区  ,55,3,,,,,1345,1353,,4031,M,1510,1516
6051,B,,4031,M,早岐    ,佐世保  ,南福岡運転区  ,55,4,,,,1510,1516,1527,,4044,M,,1550
6052,B,,4044,M,佐世保  ,早岐    ,南福岡運転区  ,55,5,,,,,1550,1602,,4044,M,,1610
6053,B,,4044,M,早岐    ,博多    ,南福岡運転区  ,55,6,,,,,1610,1746,,2347,M,1848,1854
6054,B,,2347,M,博多    ,荒木    ,南福岡運転区  ,55,7,,,,1848,1854,2002,,4234,M,,2008
6055,B,,4234,M,荒木    ,南福岡  ,南福岡運転区  ,55,8,,,,,2008,2041,,4236,M,,2204
6056,B,,4236,M,南福岡  ,門司港  ,南福岡運転区  ,55,9,,,,,2204,2338,,133,M,625,631
6057,B,,133,M,門司港  ,南福岡  ,南福岡運転区  ,55,10,,,,625,631,843,終,,,,
6058,B,,4124,M,南福岡  ,門司港  ,南福岡運転区  ,56,1,,,,953,955,1146,,4139,M,,1323
6059,B,,4139,M,門司港  ,博多    ,南福岡運転区  ,56,2,,,,,1323,1458,便,4139,M,,1459
6060,B,便,4139,M,博多    ,南福岡  ,南福岡運転区  ,56,3,,,,,1459,1505,回,2169,M,,1643
6061,B,回,2169,M,南福岡  ,吉塚　鹿,南福岡運転区  ,56,4,,,,,1643,1654,,2169,M,,1734
6062,B,,2169,M,吉塚　鹿,二日市  ,南福岡運転区  ,56,5,,,,,1734,1803,,2174,M,,1813
6063,B,,2174,M,二日市  ,南福岡  ,南福岡運転区  ,56,6,,,,,1813,1826,,2358,M,1907,1911
6064,B,,2358,M,南福岡  ,海老津  ,南福岡運転区  ,56,7,,,,1907,1911,2023,,2185,M,,2036
6065,B,,2185,M,海老津  ,博多    ,南福岡運転区  ,56,8,,,,,2036,2126,,2351,M,2143,2144
6066,B,,2351,M,博多    ,羽犬塚  ,南福岡運転区  ,56,9,,,,2143,2144,2258,,2332,M,,632
6067,B,,2332,M,羽犬塚  ,福間    ,南福岡運転区  ,56,10,,,,,632,828,,2135,M,,836
6068,B,,2135,M,福間    ,南福岡  ,南福岡運転区  ,56,11,,,,,836,922,終,,,,
6069,B,便,4123,M,南福岡  ,鳥栖    ,南福岡運転区  ,57,1,,,,,1038,1102,,341,M,1127,1142
6070,B,,341,M,鳥栖    ,荒尾    ,南福岡運転区  ,57,2,,,,1127,1142,1231,,344,M,,1235
6071,B,,344,M,荒尾    ,鳥栖    ,南福岡運転区  ,57,3,,,,,1235,1324,便,2350,M,,1415
6072,B,便,2350,M,鳥栖    ,南福岡  ,南福岡運転区  ,57,4,,,,,1415,1446,,2354,M,,1656
6073,B,,2354,M,南福岡  ,福間    ,南福岡運転区  ,57,5,,,,,1656,1745,,2173,M,,1758
6074,B,,2173,M,福間    ,博多    ,南福岡運転区  ,57,6,,,,,1758,1828,,2175,M,1911,1915
6075,B,,2175,M,博多    ,鳥栖    ,南福岡運転区  ,57,7,,,,1911,1915,2007,回,2175,M,,2020
6076,B,回,2175,M,鳥栖    ,荒尾    ,南福岡運転区  ,57,8,,,,,2020,2113,回,1122,M,,608
6077,B,回,1122,M,荒尾    ,大牟田  ,南福岡運転区  ,57,9,,,,,608,612,,2334,M,,618
6078,B,,2334,M,大牟田  ,吉塚　鹿,南福岡運転区  ,57,10,,,,,618,808,回,2334,M,,814
6079,B,回,2334,M,吉塚　鹿,吉塚（電,南福岡運転区  ,57,11,,,,,814,816,回,1125,M,,845
6080,B,回,1125,M,吉塚（電,竹下小  ,南福岡運転区  ,57,12,,,,,845,904,便,137,M,,932
6081,B,移動,,,竹下小  ,竹下    ,南福岡運転区  ,57,13,,,,,,,便,137,M,,932
6082,B,便,137,M,竹下    ,南福岡  ,南福岡運転区  ,57,14,,,,,932,938,終,,,,
6083,B,,2340,M,南福岡  ,福間    ,南福岡運転区  ,58,1,,,,1029,1030,1110,,2333,M,,1115
6084,B,,2333,M,福間    ,南福岡  ,南福岡運転区  ,58,2,,,,,1115,1157,便,1325,M,,1212
6085,B,便,1325,M,南福岡  ,鳥栖    ,南福岡運転区  ,58,3,,,,,1212,1235,,2851,M,,1348
6086,B,,2851,M,鳥栖    ,江北    ,南福岡運転区  ,58,4,,,,,1348,1438,,2856,M,1557,1602
6087,B,,2856,M,江北    ,鳥栖    ,南福岡運転区  ,58,5,,,,1557,1602,1646,便,4045,M,,1658
6088,B,便,4045,M,鳥栖    ,江北    ,南福岡運転区  ,58,6,,,,,1658,1725,,2923,M,1803,1811
6089,B,,2923,M,江北    ,早岐    ,南福岡運転区  ,58,7,,,,1803,1811,1925,,2928,M,2037,2042
6090,B,,2928,M,早岐    ,鳥栖    ,南福岡運転区  ,58,8,,,,2037,2042,2245,,2823,M,,626
6091,B,,2823,M,鳥栖    ,佐賀    ,南福岡運転区  ,58,9,,,,,626,654,,2826,M,,702
6092,B,,2826,M,佐賀    ,吉塚　鹿,南福岡運転区  ,58,10,,,,,702,832,回,2826,M,,841
6093,B,回,2826,M,吉塚　鹿,吉塚（電,南福岡運転区  ,58,11,,,,,841,844,回,1127,M,,911
6094,B,回,1127,M,吉塚（電,南福岡  ,南福岡運転区  ,58,12,,,,,911,930,終,,,,
6095,B,,2146,M,南福岡  ,折尾　鹿,南福岡運転区  ,59,1,,,,1208,1211,1335,,2155,M,,1358
6096,B,,2155,M,折尾　鹿,博多    ,南福岡運転区  ,59,2,,,,,1358,1509,便,2155,M,,1513
6097,B,便,2155,M,博多    ,南福岡  ,南福岡運転区  ,59,3,,,,,1513,1522,回,1132,M,,1713
6098,B,回,1132,M,南福岡  ,吉塚（電,南福岡運転区  ,59,4,,,,,1713,1729,回,2925,M,,1741
6099,B,回,2925,M,吉塚（電,吉塚　鹿,南福岡運転区  ,59,5,,,,,1741,1743,,2925,M,,1749
6100,B,,2925,M,吉塚　鹿,江北    ,南福岡運転区  ,59,6,,,,,1749,1956,,2820,M,,519
6101,B,,2820,M,江北    ,鳥栖    ,南福岡運転区  ,59,7,,,,,519,559,,2921,M,,606
6102,B,,2921,M,鳥栖    ,江北    ,南福岡運転区  ,59,8,,,,,606,716,回,2831,M,837,842
6103,B,回,2831,M,江北    ,肥前浜  ,南福岡運転区  ,59,9,,,,837,842,856,,2836,M,,905
6104,B,,2836,M,肥前浜  ,鳥栖    ,南福岡運転区  ,59,10,,,,,905,1017,回,1222,M,,1021
6105,B,回,1222,M,鳥栖    ,荒木    ,南福岡運転区  ,59,11,,,,,1021,1033,,1222,M,,1121
6106,B,,1222,M,荒木    ,南福岡  ,南福岡運転区  ,59,12,,,,,1121,1202,終,,,,
6107,B,,4126,M,南福岡  ,門司港  ,南福岡運転区  ,60,1,,,,1019,1022,1210,,3125,M,1418,1423
6108,B,,3125,M,門司港  ,博多    ,南福岡運転区  ,60,2,,,,1418,1423,1601,,2343,M,1710,1712
6109,B,,2343,M,博多    ,荒木    ,南福岡運転区  ,60,3,,,,1710,1712,1822,,4232,M,,1905
6110,B,,4232,M,荒木    ,博多    ,南福岡運転区  ,60,4,,,,,1905,1949,,4061,M,2030,2032
6111,B,,4061,M,博多    ,佐世保  ,南福岡運転区  ,60,5,,,,2030,2032,2219,回,4961,M,,2231
6112,B,回,4961,M,佐世保  ,早岐    ,南福岡運転区  ,60,6,,,,,2231,2243,,921,M,,600
6113,B,,921,M,早岐    ,佐世保  ,南福岡運転区  ,60,7,,,,,600,617,,4010,M,,806
6114,B,,4010,M,佐世保  ,博多    ,南福岡運転区  ,60,8,,,,,806,950,回,4010,M,,957
6115,B,回,4010,M,博多    ,南福岡  ,南福岡運転区  ,60,9,,,,,957,1016,終,,,,
6116,B,,2135,M,南福岡  ,二日市  ,南福岡運転区  ,81,1,,,,922,925,937,回,2135,M,,953
6117,B,回,2135,M,二日市  ,南福岡  ,南福岡運転区  ,81,2,,,,,953,1007,回,1128,M,,1138
6118,B,回,1128,M,南福岡  ,吉塚　鹿,南福岡運転区  ,81,3,,,,,1138,1148,回,1325,M,,1153
6119,B,回,1325,M,吉塚　鹿,博多    ,南福岡運転区  ,81,4,,,,,1153,1156,,2029,H,1245,1254
6120,B,,2029,H,博多    ,武雄温泉,南福岡運転区  ,81,5,,,,1245,1254,1355,,2034,H,,1416
6121,B,,2034,H,武雄温泉,博多    ,南福岡運転区  ,81,6,,,,,1416,1514,便,4141,M,,1526
6122,B,便,4141,M,博多    ,南福岡  ,南福岡運転区  ,81,7,,,,,1526,1532,終,,,,
6123,B,,4121,M,南福岡  ,鳥栖    ,南福岡運転区  ,91,1,,,,932,933,1003,,2140,M,,1013
6124,B,,2140,M,鳥栖    ,博多    ,南福岡運転区  ,91,2,,,,,1013,1101,回,2140,M,,1106
6125,B,回,2140,M,博多    ,吉塚（電,南福岡運転区  ,91,3,,,,,1106,1111,回,1137,M,,1134
6126,B,回,1137,M,吉塚（電,南福岡  ,南福岡運転区  ,91,4,,,,,1134,1153,,2346,M,1250,1251
6127,B,,2346,M,南福岡  ,福間    ,南福岡運転区  ,91,5,,,,1250,1251,1332,,2153,M,,1403
6128,B,,2153,M,福間    ,博多    ,南福岡運転区  ,91,6,,,,,1403,1437,便,2153,M,,1441
6129,B,便,2153,M,博多    ,南福岡  ,南福岡運転区  ,91,7,,,,,1441,1450,終,,,,
6130,B,便,3124,M,博多    ,香椎    ,博多車掌区    ,80,1,,,,,1110,1120,,5745,C,1132,1150
6131,B,,5745,C,香椎    ,宇美    ,博多車掌区    ,80,2,,,,1132,1150,1222,,5742,C,,1235
6132,B,,5742,C,宇美    ,香椎    ,博多車掌区    ,80,3,,,,,1235,1305,,5757,C,1432,1450
6133,B,,5757,C,香椎    ,宇美    ,博多車掌区    ,80,4,,,,1432,1450,1522,,5754,C,,1535
6134,B,,5754,C,宇美    ,香椎    ,博多車掌区    ,80,5,,,,,1535,1610,,5773,C,1709,1735
6135,B,,5773,C,香椎    ,宇美    ,博多車掌区    ,80,6,,,,1709,1735,1805,,5770,C,,1819
6136,B,,5770,C,宇美    ,香椎    ,博多車掌区    ,80,7,,,,,1819,1851,,5783,C,1912,1917
6137,B,,5783,C,香椎    ,宇美    ,博多車掌区    ,80,8,,,,1912,1917,1946,,5780,C,,2000
6138,B,,5780,C,宇美    ,香椎    ,博多車掌区    ,80,9,,,,,2000,2032,,2782,C,2110,2119
6139,B,,2782,C,香椎    ,西戸崎  ,博多車掌区    ,80,10,,,,2110,2119,2141,,2791,C,,2148
6140,B,,2791,C,西戸崎  ,香椎    ,博多車掌区    ,80,11,,,,,2148,2207,,2786,C,,2213
6141,B,,2786,C,香椎    ,西戸崎  ,博多車掌区    ,80,12,,,,,2213,2233,,2795,C,,2242
6142,B,,2795,C,西戸崎  ,香椎    ,博多車掌区    ,80,13,,,,,2242,2301,,5721,C,,518
6143,B,,5721,C,香椎    ,宇美    ,博多車掌区    ,80,14,,,,,518,545,,5722,C,,601
6144,B,,5722,C,宇美    ,香椎    ,博多車掌区    ,80,15,,,,,601,627,,2724,C,728,736
6145,B,,2724,C,香椎    ,西戸崎  ,博多車掌区    ,80,16,,,,728,736,800,,725,C,,813
6146,B,,725,C,西戸崎  ,宇美    ,博多車掌区    ,80,17,,,,,813,927,,5730,C,,933
6147,B,,5730,C,宇美    ,香椎    ,博多車掌区    ,80,18,,,,,933,1007,便,3012,M,,1019
6148,B,便,3012,M,香椎    ,博多    ,博多車掌区    ,80,19,,,,,1019,1027,終,,,,
6149,B,,5836,D,西唐津  ,佐賀    ,唐津乗務セ    ,1,1,,,,,1333,1457,,5839,D,1528,1538
6150,B,,5839,D,佐賀    ,西唐津  ,唐津乗務セ    ,1,2,,,,1528,1538,1650,,5850,D,1802,1811
6151,B,,5850,D,西唐津  ,佐賀    ,唐津乗務セ    ,1,3,,,,1802,1811,1929,,5853,D,,1946
6152,B,,5853,D,佐賀    ,西唐津  ,唐津乗務セ    ,1,4,,,,,1946,2106,,5820,D,,511
6153,B,,5820,D,西唐津  ,佐賀    ,唐津乗務セ    ,1,5,,,,,511,621,,5823,D,,641
6154,B,,5823,D,佐賀    ,西唐津  ,唐津乗務セ    ,1,6,,,,,641,805,終,,,,
6155,B,,5826,D,西唐津  ,佐賀    ,唐津乗務セ    ,2,1,,,,724,725,854,,5829,D,928,938
6156,B,,5829,D,佐賀    ,西唐津  ,唐津乗務セ    ,2,2,,,,928,938,1054,,5834,D,,1223
6157,B,,5834,D,西唐津  ,佐賀    ,唐津乗務セ    ,2,3,,,,,1223,1356,,5837,D,1428,1438
6158,B,,5837,D,佐賀    ,西唐津  ,唐津乗務セ    ,2,4,,,,1428,1438,1551,終,,,,
6159,B,回,2529,D,西唐津  ,唐津    ,唐津乗務セ    ,3,1,,,,,1413,1416,,2529,D,,1426
6160,B,,2529,D,唐津    ,伊万里  ,唐津乗務セ    ,3,2,,,,,1426,1518,,2530,D,1614,1619
6161,B,,2530,D,伊万里  ,唐津    ,唐津乗務セ    ,3,3,,,,1614,1619,1713,,2533,D,,1732
6162,B,,2533,D,唐津    ,伊万里  ,唐津乗務セ    ,3,4,,,,,1732,1824,,2534,D,1850,1855
6163,B,,2534,D,伊万里  ,唐津    ,唐津乗務セ    ,3,5,,,,1850,1855,1947,回,2534,D,,1954
6164,B,回,2534,D,唐津    ,西唐津  ,唐津乗務セ    ,3,6,,,,,1954,1958,構,5856,D,,2037
6165,B,構,5856,D,西唐津  ,西唐津  ,唐津乗務セ    ,3,7,,,,,2037,2037,,5858,D,2120,2124
6166,B,,5858,D,西唐津  ,佐賀    ,唐津乗務セ    ,3,8,,,,2120,2124,2246,,5821,D,,547
6167,B,,5821,D,佐賀    ,西唐津  ,唐津乗務セ    ,3,9,,,,,547,706,構,5826,D,,724
6168,B,構,5826,D,西唐津  ,西唐津  ,唐津乗務セ    ,3,10,,,,,724,724,,2525,D,818,819
6169,B,,2525,D,西唐津  ,伊万里  ,唐津乗務セ    ,3,11,,,,818,819,933,,2526,D,,1103
6170,B,,2526,D,伊万里  ,唐津    ,唐津乗務セ    ,3,12,,,,,1103,1154,便,625,C,,1202
6171,B,便,625,C,唐津    ,西唐津  ,唐津乗務セ    ,3,13,,,,,1202,1205,終,,,,
6172,B,,5832,D,西唐津  ,佐賀    ,唐津乗務セ    ,4,1,,,,1137,1138,1304,,5835,D,1326,1336
6173,B,,5835,D,佐賀    ,西唐津  ,唐津乗務セ    ,4,2,,,,1326,1336,1450,,5842,D,1551,1602
6174,B,,5842,D,西唐津  ,佐賀    ,唐津乗務セ    ,4,3,,,,1551,1602,1731,,5845,D,,1749
6175,B,,5845,D,佐賀    ,西唐津  ,唐津乗務セ    ,4,4,,,,,1749,1901,,2537,D,1952,2001
6176,B,,2537,D,西唐津  ,伊万里  ,唐津乗務セ    ,4,5,,,,1952,2001,2115,,2520,D,,538
6177,B,,2520,D,伊万里  ,唐津    ,唐津乗務セ    ,4,6,,,,,538,636,,2523,D,,641
6178,B,,2523,D,唐津    ,伊万里  ,唐津乗務セ    ,4,7,,,,,641,733,,2524,D,,740
6179,B,,2524,D,伊万里  ,西唐津  ,唐津乗務セ    ,4,8,,,,,740,842,終,,,,
6180,B,,5838,D,西唐津  ,佐賀    ,唐津乗務セ    ,5,1,,,,,1420,1558,,5841,D,1635,1645
6181,B,,5841,D,佐賀    ,西唐津  ,唐津乗務セ    ,5,2,,,,1635,1645,1802,,5852,D,1901,1912
6182,B,,5852,D,西唐津  ,佐賀    ,唐津乗務セ    ,5,3,,,,1901,1912,2034,,5855,D,,2046
6183,B,,5855,D,佐賀    ,西唐津  ,唐津乗務セ    ,5,4,,,,,2046,2204,車,5822,D,604,605
6184,B,車,5822,D,西唐津  ,佐賀    ,唐津乗務セ    ,5,5,,,,604,605,732,車,5825,D,,753
6185,B,車,5825,D,佐賀    ,西唐津  ,唐津乗務セ    ,5,6,,,,,753,909,終,,,,
6186,B,構,5832,D,西唐津  ,西唐津  ,唐津乗務セ    ,6,1,,,,,1137,1137,便,5832,D,,1138
6187,B,便,5832,D,西唐津  ,唐津    ,唐津乗務セ    ,6,2,,,,,1138,1141,,2527,D,1154,1209
6188,B,,2527,D,唐津    ,伊万里  ,唐津乗務セ    ,6,3,,,,1154,1209,1259,,2528,D,,1335
6189,B,,2528,D,伊万里  ,唐津    ,唐津乗務セ    ,6,4,,,,,1335,1425,回,2528,D,,1435
6190,B,回,2528,D,唐津    ,西唐津  ,唐津乗務セ    ,6,5,,,,,1435,1439,構,5839,D,1650,1650
6191,B,構,5839,D,西唐津  ,西唐津  ,唐津乗務セ    ,6,6,,,,1650,1650,1650,,5848,D,,1733
6192,B,,5848,D,西唐津  ,佐賀    ,唐津乗務セ    ,6,7,,,,,1733,1903,,5851,D,,1924
6193,B,,5851,D,佐賀    ,多久    ,唐津乗務セ    ,6,8,,,,,1924,1955,,5854,D,,2023
6194,B,,5854,D,多久    ,佐賀    ,唐津乗務セ    ,6,9,,,,,2023,2054,,5857,D,2136,2146
6195,B,,5857,D,佐賀    ,西唐津  ,唐津乗務セ    ,6,10,,,,2136,2146,2258,,5824,D,,648
6196,B,,5824,D,西唐津  ,佐賀    ,唐津乗務セ    ,6,11,,,,,648,808,,5827,D,828,838
6197,B,,5827,D,佐賀    ,西唐津  ,唐津乗務セ    ,6,12,,,,828,838,950,終,,,,
6198,B,,5830,D,西唐津  ,佐賀    ,唐津乗務セ    ,7,1,,,,,1002,1134,,5833,D,1210,1220
6199,B,,5833,D,佐賀    ,西唐津  ,唐津乗務セ    ,7,2,,,,1210,1220,1341,回,2531,D,,1606
6200,B,回,2531,D,西唐津  ,唐津    ,唐津乗務セ    ,7,3,,,,,1606,1610,,2531,D,,1612
6201,B,,2531,D,唐津    ,伊万里  ,唐津乗務セ    ,7,4,,,,,1612,1702,,2532,D,1737,1742
6202,B,,2532,D,伊万里  ,唐津    ,唐津乗務セ    ,7,5,,,,1737,1742,1835,,2535,D,,1847
6203,B,,2535,D,唐津    ,伊万里  ,唐津乗務セ    ,7,6,,,,,1847,1937,,2536,D,2028,2033
6204,B,,2536,D,伊万里  ,唐津    ,唐津乗務セ    ,7,7,,,,2028,2033,2124,回,2536,D,,2135
6205,B,回,2536,D,唐津    ,西唐津  ,唐津乗務セ    ,7,8,,,,,2135,2139,,5822,D,,605
6206,B,,5822,D,西唐津  ,佐賀    ,唐津乗務セ    ,7,9,,,,,605,732,,5825,D,,753
6207,B,,5825,D,佐賀    ,西唐津  ,唐津乗務セ    ,7,10,,,,,753,909,終,,,,
6208,B,,5844,D,西唐津  ,佐賀    ,唐津乗務セ    ,8,1,,,,,1639,1803,,5847,D,,1824
6209,B,,5847,D,佐賀    ,西唐津  ,唐津乗務セ    ,8,2,,,,,1824,1952,,5856,D,2037,2038
6210,B,,5856,D,西唐津  ,佐賀    ,唐津乗務セ    ,8,3,,,,2037,2038,2158,,5859,D,2230,2240
6211,B,,5859,D,佐賀    ,西唐津  ,唐津乗務セ    ,8,4,,,,2230,2240,2353,車,5824,D,647,648
6212,B,車,5824,D,西唐津  ,佐賀    ,唐津乗務セ    ,8,5,,,,647,648,808,車,5827,D,828,838
6213,B,車,5827,D,佐賀    ,西唐津  ,唐津乗務セ    ,8,6,,,,828,838,950,終,,,,
6214,B,,5828,D,西唐津  ,佐賀    ,唐津乗務セ    ,9,1,,,,842,847,957,,5831,D,1050,1100
6215,B,,5831,D,佐賀    ,西唐津  ,唐津乗務セ    ,9,2,,,,1050,1100,1231,,5840,D,,1541
6216,B,,5840,D,西唐津  ,佐賀    ,唐津乗務セ    ,9,3,,,,,1541,1656,,5843,D,,1726
6217,B,,5843,D,佐賀    ,多久    ,唐津乗務セ    ,9,4,,,,,1726,1802,,5846,D,,1806
6218,B,,5846,D,多久    ,佐賀    ,唐津乗務セ    ,9,5,,,,,1806,1835,,5849,D,,1848
6219,B,,5849,D,佐賀    ,西唐津  ,唐津乗務セ    ,9,6,,,,,1848,2011,,2521,D,,524
6220,B,,2521,D,西唐津  ,伊万里  ,唐津乗務セ    ,9,7,,,,,524,621,,2522,D,,649
6221,B,,2522,D,伊万里  ,唐津    ,唐津乗務セ    ,9,8,,,,,649,745,回,2522,D,,748
6222,B,回,2522,D,唐津    ,西唐津  ,唐津乗務セ    ,9,9,,,,,748,752,構,2525,D,,819
6223,B,構,2525,D,西唐津  ,西唐津  ,唐津乗務セ    ,9,10,,,,,819,819,終,,,,
6224,B,,342,C,西唐津  ,筑前前原,唐津乗務セ    ,21,1,,,,1259,1307,1352,,341,C,,1415
6225,B,,341,C,筑前前原,西唐津  ,唐津乗務セ    ,21,2,,,,,1415,1502,回,356,S,1625,1635
6226,B,回,356,S,西唐津  ,唐津    ,唐津乗務セ    ,21,3,,,,1625,1635,1638,,356,C,,1654
6227,B,,356,C,唐津    ,筑前前原,唐津乗務セ    ,21,4,,,,,1654,1735,,827,C,1823,1828
6228,B,,827,C,筑前前原,筑前深江,唐津乗務セ    ,21,5,,,,1823,1828,1839,,828,C,,1844
6229,B,,828,C,筑前深江,筑前前原,唐津乗務セ    ,21,6,,,,,1844,1854,,829,C,,1909
6230,B,,829,C,筑前前原,筑前深江,唐津乗務セ    ,21,7,,,,,1909,1920,,830,C,,1933
6231,B,,830,C,筑前深江,筑前前原,唐津乗務セ    ,21,8,,,,,1933,1946,,361,C,,1955
6232,B,,361,C,筑前前原,西唐津  ,唐津乗務セ    ,21,9,,,,,1955,2045,,374,C,2131,2157
6233,B,,374,C,西唐津  ,筑前前原,唐津乗務セ    ,21,10,,,,2131,2157,2241,,371,C,,2248
6234,B,,371,C,筑前前原,西唐津  ,唐津乗務セ    ,21,11,,,,,2248,2331,回,1622,S,,628
6235,B,回,1622,S,西唐津  ,唐津    ,唐津乗務セ    ,21,12,,,,,628,631,,1622,C,,634
6236,B,,1622,C,唐津    ,姪浜    ,唐津乗務セ    ,21,13,,,,,634,731,,441,C,802,804
6237,B,,441,C,姪浜    ,筑前前原,唐津乗務セ    ,21,14,,,,802,804,825,,446,C,,832
6238,B,,446,C,筑前前原,姪浜    ,唐津乗務セ    ,21,15,,,,,832,854,,1621,C,930,932
6239,B,,1621,C,姪浜    ,西唐津  ,唐津乗務セ    ,21,16,,,,930,932,1033,終,,,,
6240,B,回,628,S,西唐津  ,唐津    ,唐津乗務セ    ,22,1,,,,829,835,838,,628,C,,841
6241,B,,628,C,唐津    ,姪浜    ,唐津乗務セ    ,22,2,,,,,841,950,,463,C,1015,1017
6242,B,,463,C,姪浜    ,筑前前原,唐津乗務セ    ,22,3,,,,1015,1017,1037,,466,C,1054,1059
6243,B,,466,C,筑前前原,姪浜    ,唐津乗務セ    ,22,4,,,,1054,1059,1120,,477,C,1202,1204
6244,B,,477,C,姪浜    ,筑前前原,唐津乗務セ    ,22,5,,,,1202,1204,1224,,478,C,,1229
6245,B,,478,C,筑前前原,姪浜    ,唐津乗務セ    ,22,6,,,,,1229,1250,,487,C,1317,1319
6246,B,,487,C,姪浜    ,筑前前原,唐津乗務セ    ,22,7,,,,1317,1319,1339,,490,C,,1357
6247,B,,490,C,筑前前原,姪浜    ,唐津乗務セ    ,22,8,,,,,1357,1420,,523,C,1516,1518
6248,B,,523,C,姪浜    ,筑前前原,唐津乗務セ    ,22,9,,,,1516,1518,1537,,526,C,,1601
6249,B,,526,C,筑前前原,姪浜    ,唐津乗務セ    ,22,10,,,,,1601,1622,,629,C,1720,1722
6250,B,,629,C,姪浜    ,西唐津  ,唐津乗務セ    ,22,11,,,,1720,1722,1833,,636,C,,1841
6251,B,,636,C,西唐津  ,姪浜    ,唐津乗務セ    ,22,12,,,,,1841,1956,,631,C,2053,2055
6252,B,,631,C,姪浜    ,唐津    ,唐津乗務セ    ,22,13,,,,2053,2055,2155,回,631,S,,2205
6253,B,回,631,S,唐津    ,西唐津  ,唐津乗務セ    ,22,14,,,,,2205,2208,便,1620,C,,548
6254,B,便,1620,C,西唐津  ,姪浜    ,唐津乗務セ    ,22,15,,,,,548,646,,621,C,720,722
6255,B,,621,C,姪浜    ,西唐津  ,唐津乗務セ    ,22,16,,,,720,722,829,終,,,,
6256,B,,352,C,西唐津  ,筑前前原,唐津乗務セ    ,23,1,,,,1530,1537,1630,,351,C,,1639
6257,B,,351,C,筑前前原,西唐津  ,唐津乗務セ    ,23,2,,,,,1639,1740,便,360,C,,1753
6258,B,便,360,C,西唐津  ,唐津    ,唐津乗務セ    ,23,3,,,,,1753,1756,,362,C,1802,1820
6259,B,,362,C,唐津    ,筑前前原,唐津乗務セ    ,23,4,,,,1802,1820,1908,,359,C,,1923
6260,B,,359,C,筑前前原,唐津    ,唐津乗務セ    ,23,5,,,,,1923,2002,便,1627,C,,2015
6261,B,便,1627,C,唐津    ,西唐津  ,唐津乗務セ    ,23,6,,,,,2015,2018,,370,C,2055,2056
6262,B,,370,C,西唐津  ,筑前前原,唐津乗務セ    ,23,7,,,,2055,2056,2147,,369,C,2225,2230
6263,B,,369,C,筑前前原,西唐津  ,唐津乗務セ    ,23,8,,,,2225,2230,2314,,314,C,,616
6264,B,,314,C,西唐津  ,筑前前原,唐津乗務セ    ,23,9,,,,,616,702,,315,C,,712
6265,B,,315,C,筑前前原,唐津    ,唐津乗務セ    ,23,10,,,,,712,800,回,1321,S,835,842
6266,B,回,1321,S,唐津    ,西唐津  ,唐津乗務セ    ,23,11,,,,835,842,846,構回,1321,S,,930
6267,B,構回,1321,S,西唐津  ,西唐津  ,唐津乗務セ    ,23,12,,,,,930,1007,構,623,C,,1045
6268,B,構,623,C,西唐津  ,西唐津  ,唐津乗務セ    ,23,13,,,,,1045,1145,終,,,,
6269,B,,318,C,西唐津  ,筑前前原,唐津乗務セ    ,24,1,,,,,718,808,,317,C,,818
6270,B,,317,C,筑前前原,唐津    ,唐津乗務セ    ,24,2,,,,,818,903,,328,C,945,949
6271,B,,328,C,唐津    ,筑前前原,唐津乗務セ    ,24,3,,,,945,949,1029,,327,C,,1038
6272,B,,327,C,筑前前原,西唐津  ,唐津乗務セ    ,24,4,,,,,1038,1126,,336,C,,1133
6273,B,,336,C,西唐津  ,筑前前原,唐津乗務セ    ,24,5,,,,,1133,1221,,335,C,,1244
6274,B,,335,C,筑前前原,唐津    ,唐津乗務セ    ,24,6,,,,,1244,1332,便,5833,D,,1337
6275,B,便,5833,D,唐津    ,西唐津  ,唐津乗務セ    ,24,7,,,,,1337,1341,終,,,,
6276,B,,1626,C,西唐津  ,姪浜    ,唐津乗務セ    ,31,1,,,,,1619,1723,,541,C,1804,1806
6277,B,,541,C,姪浜    ,筑前前原,唐津乗務セ    ,31,2,,,,1804,1806,1827,,544,C,,1839
6278,B,,544,C,筑前前原,姪浜    ,唐津乗務セ    ,31,3,,,,,1839,1900,,549,C,1930,1932
6279,B,,549,C,姪浜    ,筑前前原,唐津乗務セ    ,31,4,,,,1930,1932,1953,,554,C,,2010
6280,B,,554,C,筑前前原,姪浜    ,唐津乗務セ    ,31,5,,,,,2010,2031,,561,C,2114,2116
6281,B,,561,C,姪浜    ,筑前前原,唐津乗務セ    ,31,6,,,,2114,2116,2136,,564,C,,2142
6282,B,,564,C,筑前前原,姪浜    ,唐津乗務セ    ,31,7,,,,,2142,2204,,635,C,2335,2337
6283,B,,635,C,姪浜    ,西唐津  ,唐津乗務セ    ,31,8,,,,2335,2337,42,,1624,C,,659
6284,B,,1624,C,西唐津  ,姪浜    ,唐津乗務セ    ,31,9,,,,,659,810,,451,C,856,858
6285,B,,451,C,姪浜    ,筑前前原,唐津乗務セ    ,31,10,,,,856,858,917,回,1333,S,,944
6286,B,回,1333,S,筑前前原,西唐津  ,唐津乗務セ    ,31,11,,,,,944,1042,終,,,,
6287,B,,328,C,西唐津  ,唐津    ,唐津乗務セ    ,32,1,,,,932,943,945,,330,C,959,1008
6288,B,,330,C,唐津    ,筑前前原,唐津乗務セ    ,32,2,,,,959,1008,1058,,331,C,1139,1144
6289,B,,331,C,筑前前原,唐津    ,唐津乗務セ    ,32,3,,,,1139,1144,1223,,340,C,,1245
6290,B,,340,C,唐津    ,筑前前原,唐津乗務セ    ,32,4,,,,,1245,1325,,339,C,,1343
6291,B,,339,C,筑前前原,西唐津  ,唐津乗務セ    ,32,5,,,,,1343,1434,構,634,C,,1657
6292,B,構,634,C,西唐津  ,西唐津  ,唐津乗務セ    ,32,6,,,,,1657,1701,,358,C,1708,1723
6293,B,,358,C,西唐津  ,筑前前原,唐津乗務セ    ,32,7,,,,1708,1723,1809,,355,C,,1816
6294,B,,355,C,筑前前原,唐津    ,唐津乗務セ    ,32,8,,,,,1816,1855,,366,C,1941,1952
6295,B,,366,C,唐津    ,筑前前原,唐津乗務セ    ,32,9,,,,1941,1952,2033,,365,C,,2042
6296,B,,365,C,筑前前原,西唐津  ,唐津乗務セ    ,32,10,,,,,2042,2131,,312,C,,531
6297,B,,312,C,西唐津  ,筑前前原,唐津乗務セ    ,32,11,,,,,531,614,,313,C,,631
6298,B,,313,C,筑前前原,西唐津  ,唐津乗務セ    ,32,12,,,,,631,731,便,320,C,,735
6299,B,便,320,C,西唐津  ,唐津    ,唐津乗務セ    ,32,13,,,,,735,738,,322,C,800,804
6300,B,,322,C,唐津    ,筑前前原,唐津乗務セ    ,32,14,,,,800,804,844,,319,C,,849
6301,B,,319,C,筑前前原,西唐津  ,唐津乗務セ    ,32,15,,,,,849,932,終,,,,
6302,B,,346,C,西唐津  ,筑前前原,唐津乗務セ    ,33,1,,,,,1355,1450,,345,C,,1519
6303,B,,345,C,筑前前原,唐津    ,唐津乗務セ    ,33,2,,,,,1519,1601,,354,C,,1608
6304,B,,354,C,唐津    ,筑前前原,唐津乗務セ    ,33,3,,,,,1608,1648,,353,C,,1712
6305,B,,353,C,筑前前原,唐津    ,唐津乗務セ    ,33,4,,,,,1712,1751,,364,C,1855,1920
6306,B,,364,C,唐津    ,筑前前原,唐津乗務セ    ,33,5,,,,1855,1920,2005,,363,C,,2011
6307,B,,363,C,筑前前原,唐津    ,唐津乗務セ    ,33,6,,,,,2011,2051,,372,C,2130,2135
6308,B,,372,C,唐津    ,筑前前原,唐津乗務セ    ,33,7,,,,2130,2135,2217,,373,C,2320,2325
6309,B,,373,C,筑前前原,西唐津  ,唐津乗務セ    ,33,8,,,,2320,2325,9,,316,C,652,653
6310,B,,316,C,西唐津  ,筑前前原,唐津乗務セ    ,33,9,,,,652,653,739,,1321,C,,800
6311,B,,1321,C,筑前前原,唐津    ,唐津乗務セ    ,33,10,,,,,800,835,,326,C,903,908
6312,B,,326,C,唐津    ,筑前前原,唐津乗務セ    ,33,11,,,,903,908,952,,325,C,,1007
6313,B,,325,C,筑前前原,唐津    ,唐津乗務セ    ,33,12,,,,,1007,1047,回,325,S,,1100
6314,B,回,325,S,唐津    ,西唐津  ,唐津乗務セ    ,33,13,,,,,1100,1103,終,,,,
6315,B,,624,C,西唐津  ,姪浜    ,唐津乗務セ    ,34,1,,,,,635,748,,449,C,847,849
6316,B,,449,C,姪浜    ,筑前前原,唐津乗務セ    ,34,2,,,,847,849,908,,452,C,,913
6317,B,,452,C,筑前前原,姪浜    ,唐津乗務セ    ,34,3,,,,,913,935,,459,C,950,952
6318,B,,459,C,姪浜    ,筑前前原,唐津乗務セ    ,34,4,,,,950,952,1012,,464,C,1037,1045
6319,B,,464,C,筑前前原,姪浜    ,唐津乗務セ    ,34,5,,,,1037,1045,1106,,473,C,1132,1134
6320,B,,473,C,姪浜    ,筑前前原,唐津乗務セ    ,34,6,,,,1132,1134,1154,便,333,C,,1211
6321,B,便,333,C,筑前前原,唐津    ,唐津乗務セ    ,34,7,,,,,1211,1255,,344,C,1332,1345
6322,B,,344,C,唐津    ,筑前前原,唐津乗務セ    ,34,8,,,,1332,1345,1425,,343,C,,1440
6323,B,,343,C,筑前前原,西唐津  ,唐津乗務セ    ,34,9,,,,,1440,1530,終,,,,
6324,B,回,626,S,西唐津  ,唐津    ,唐津乗務セ    ,35,1,,,,,707,710,,626,C,,713
6325,B,,626,C,唐津    ,姪浜    ,唐津乗務セ    ,35,2,,,,,713,818,,455,C,916,918
6326,B,,455,C,姪浜    ,筑前前原,唐津乗務セ    ,35,3,,,,916,918,938,,458,C,,953
6327,B,,458,C,筑前前原,姪浜    ,唐津乗務セ    ,35,4,,,,,953,1014,,1623,C,1033,1035
6328,B,,1623,C,姪浜    ,西唐津  ,唐津乗務セ    ,35,5,,,,1033,1035,1145,終,,,,
6329,B,,334,C,西唐津  ,筑前前原,唐津乗務セ    ,36,1,,,,1103,1108,1152,,333,C,,1211
6330,B,,333,C,筑前前原,西唐津  ,唐津乗務セ    ,36,2,,,,,1211,1259,,348,C,1434,1442
6331,B,,348,C,西唐津  ,筑前前原,唐津乗務セ    ,36,3,,,,1434,1442,1528,,347,C,,1538
6332,B,,347,C,筑前前原,西唐津  ,唐津乗務セ    ,36,4,,,,,1538,1625,,634,C,1701,1702
6333,B,,634,C,西唐津  ,姪浜    ,唐津乗務セ    ,36,5,,,,1701,1702,1816,,1627,C,1915,1917
6334,B,,1627,C,姪浜    ,西唐津  ,唐津乗務セ    ,36,6,,,,1915,1917,2018,,310,C,,441
6335,B,,310,C,西唐津  ,筑前前原,唐津乗務セ    ,36,7,,,,,441,523,,311,C,,528
6336,B,,311,C,筑前前原,西唐津  ,唐津乗務セ    ,36,8,,,,,528,622,構,316,C,,652
6337,B,構,316,C,西唐津  ,西唐津  ,唐津乗務セ    ,36,9,,,,,652,652,,320,C,731,735
6338,B,,320,C,西唐津  ,筑前前原,唐津乗務セ    ,36,10,,,,731,735,827,,823,C,,834
6339,B,,823,C,筑前前原,筑前深江,唐津乗務セ    ,36,11,,,,,834,845,,824,C,,900
6340,B,,824,C,筑前深江,筑前前原,唐津乗務セ    ,36,12,,,,,900,911,,321,C,,919
6341,B,,321,C,筑前前原,唐津    ,唐津乗務セ    ,36,13,,,,,919,959,便,623,C,,1019
6342,B,便,623,C,唐津    ,西唐津  ,唐津乗務セ    ,36,14,,,,,1019,1022,終,,,,
6343,B,,630,C,西唐津  ,姪浜    ,唐津乗務セ    ,37,1,,,,1042,1047,1152,,627,C,1247,1249
6344,B,,627,C,姪浜    ,西唐津  ,唐津乗務セ    ,37,2,,,,1247,1249,1401,,350,C,1502,1512
6345,B,,350,C,西唐津  ,筑前前原,唐津乗務セ    ,37,3,,,,1502,1512,1600,,349,C,,1610
6346,B,,349,C,筑前前原,西唐津  ,唐津乗務セ    ,37,4,,,,,1610,1708,,360,C,1752,1753
6347,B,,360,C,西唐津  ,筑前前原,唐津乗務セ    ,37,5,,,,1752,1753,1837,,357,C,,1858
6348,B,,357,C,筑前前原,唐津    ,唐津乗務セ    ,37,6,,,,,1858,1941,,368,C,2002,2019
6349,B,,368,C,唐津    ,筑前前原,唐津乗務セ    ,37,7,,,,2002,2019,2102,,367,C,2133,2138
6350,B,,367,C,筑前前原,西唐津  ,唐津乗務セ    ,37,8,,,,2133,2138,2225,,622,C,,558
6351,B,,622,C,西唐津  ,姪浜    ,唐津乗務セ    ,37,9,,,,,558,705,,435,C,732,734
6352,B,,435,C,姪浜    ,筑前前原,唐津乗務セ    ,37,10,,,,732,734,755,,440,C,,801
6353,B,,440,C,筑前前原,姪浜    ,唐津乗務セ    ,37,11,,,,,801,824,,623,C,908,910
6354,B,,623,C,姪浜    ,西唐津  ,唐津乗務セ    ,37,12,,,,908,910,1022,終,,,,
6355,B,,1839,D,久留米  ,日田    ,久留米運輸セ  ,1,1,,,,1003,1015,1121,,1852,D,1227,1315
6356,B,,1852,D,日田    ,久留米  ,久留米運輸セ  ,1,2,,,,1227,1315,1414,,1859,D,1602,1607
6357,B,,1859,D,久留米  ,うきは  ,久留米運輸セ  ,1,3,,,,1602,1607,1657,,1864,D,,1702
6358,B,,1864,D,うきは  ,久留米  ,久留米運輸セ  ,1,4,,,,,1702,1757,,1871,D,,1802
6359,B,,1871,D,久留米  ,日田    ,久留米運輸セ  ,1,5,,,,,1802,1911,,1882,D,,2108
6360,B,,1882,D,日田    ,久留米  ,久留米運輸セ  ,1,6,,,,,2108,2207,,1887,D,2320,2325
6361,B,,1887,D,久留米  ,筑後吉井,久留米運輸セ  ,1,7,,,,2320,2325,2357,回,1887,D,,5
6362,B,回,1887,D,筑後吉井,久留米  ,久留米運輸セ  ,1,8,,,,,5,28,,1821,D,,611
6363,B,,1821,D,久留米  ,日田    ,久留米運輸セ  ,1,9,,,,,611,714,,1836,D,749,757
6364,B,,1836,D,日田    ,久留米  ,久留米運輸セ  ,1,10,,,,749,757,903,終,,,,
6365,B,,1841,D,久留米  ,日田    ,久留米運輸セ  ,2,1,,,,1125,1130,1227,構,1849,D,,1353
6366,B,構,1849,D,日田    ,日田    ,久留米運輸セ  ,2,2,,,,,1353,1404,,1849,D,1434,1439
6367,B,,1849,D,日田    ,豊後森  ,久留米運輸セ  ,2,3,,,,1434,1439,1513,,1860,D,,1550
6368,B,,1860,D,豊後森  ,日田    ,久留米運輸セ  ,2,4,,,,,1550,1624,,1861,D,,1740
6369,B,,1861,D,日田    ,豊後森  ,久留米運輸セ  ,2,5,,,,,1740,1815,,86,D,1954,1955
6370,B,,86,D,豊後森  ,博多    ,久留米運輸セ  ,2,6,,,,1954,1955,2134,回,86,D,,2144
6371,B,回,86,D,博多    ,竹下小  ,久留米運輸セ  ,2,7,,,,,2144,2148,回,81,D,,734
6372,B,回,81,D,竹下小  ,博多    ,久留米運輸セ  ,2,8,,,,,734,738,,81,D,,743
6373,B,,81,D,博多    ,日田    ,久留米運輸セ  ,2,9,,,,,743,908,,82,D,959,1000
6374,B,,82,D,日田    ,久留米  ,久留米運輸セ  ,2,10,,,,959,1000,1047,終,,,,
6375,B,,1835,D,久留米  ,日田    ,久留米運輸セ  ,3,1,,,,903,916,1019,構,1850,D,,1055
6376,B,構,1850,D,日田    ,日田    ,久留米運輸セ  ,3,2,,,,,1055,1106,,1850,D,1137,1142
6377,B,,1850,D,日田    ,久留米  ,久留米運輸セ  ,3,3,,,,1137,1142,1301,,1853,D,1414,1425
6378,B,,1853,D,久留米  ,日田    ,久留米運輸セ  ,3,4,,,,1414,1425,1528,,1862,D,1624,1627
6379,B,,1862,D,日田    ,久留米  ,久留米運輸セ  ,3,5,,,,1624,1627,1726,,1869,D,,1743
6380,B,,1869,D,久留米  ,筑後吉井,久留米運輸セ  ,3,6,,,,,1743,1819,,1870,D,,1842
6381,B,,1870,D,筑後吉井,久留米  ,久留米運輸セ  ,3,7,,,,,1842,1920,,1877,D,,1925
6382,B,,1877,D,久留米  ,日田    ,久留米運輸セ  ,3,8,,,,,1925,2027,,1824,D,,550
6383,B,,1824,D,日田    ,久留米  ,久留米運輸セ  ,3,9,,,,,550,651,,1827,D,,700
6384,B,,1827,D,久留米  ,うきは  ,久留米運輸セ  ,3,10,,,,,700,736,,1830,D,,743
6385,B,,1830,D,うきは  ,久留米  ,久留米運輸セ  ,3,11,,,,,743,822,終,,,,
6386,B,,1829,D,久留米  ,日田    ,久留米運輸セ  ,4,1,,,,740,741,841,,1848,D,1030,1040
6387,B,,1848,D,日田    ,久留米  ,久留米運輸セ  ,4,2,,,,1030,1040,1145,,1851,D,1341,1346
6388,B,,1851,D,久留米  ,うきは  ,久留米運輸セ  ,4,3,,,,1341,1346,1427,,1854,D,,1432
6389,B,,1854,D,うきは  ,久留米  ,久留米運輸セ  ,4,4,,,,,1432,1510,終,,,,
6390,B,回,1846,D,久留米  ,鳥栖    ,久留米運輸セ  ,5,1,,,,1130,1131,1139,回,1847,D,1246,1303
6391,B,回,1847,D,鳥栖    ,久留米  ,久留米運輸セ  ,5,2,,,,1246,1303,1310,,1847,D,,1313
6392,B,,1847,D,久留米  ,日田    ,久留米運輸セ  ,5,3,,,,,1313,1421,,84,D,1509,1510
6393,B,,84,D,日田    ,博多    ,久留米運輸セ  ,5,4,,,,1509,1510,1631,回,84,D,,1640
6394,B,回,84,D,博多    ,竹下小  ,久留米運輸セ  ,5,5,,,,,1640,1644,回,85,D,1801,1814
6395,B,回,85,D,竹下小  ,博多    ,久留米運輸セ  ,5,6,,,,1801,1814,1817,,85,D,,1830
6396,B,,85,D,博多    ,豊後森  ,久留米運輸セ  ,5,7,,,,,1830,2020,,4865,D,,2145
6397,B,,4865,D,豊後森  ,由布院  ,久留米運輸セ  ,5,8,,,,,2145,2218,,1838,D,730,732
6398,B,,1838,D,由布院  ,日田    ,久留米運輸セ  ,5,9,,,,730,732,842,便,1842,D,,918
6399,B,便,1842,D,日田    ,久留米  ,久留米運輸セ  ,5,10,,,,,918,1030,終,,,,
6400,B,,82,D,久留米  ,博多    ,久留米運輸セ  ,6,1,,,,1047,1048,1120,回,82,D,,1126
6401,B,回,82,D,博多    ,竹下小  ,久留米運輸セ  ,6,2,,,,,1126,1131,回,83,D,,1206
6402,B,回,83,D,竹下小  ,博多    ,久留米運輸セ  ,6,3,,,,,1206,1209,,83,D,,1214
6403,B,,83,D,博多    ,日田    ,久留米運輸セ  ,6,4,,,,,1214,1336,,1856,D,1425,1430
6404,B,,1856,D,日田    ,久留米  ,久留米運輸セ  ,6,5,,,,1425,1430,1533,便,354,M,,1547
6405,B,便,354,M,久留米  ,鳥栖    ,久留米運輸セ  ,6,6,,,,,1547,1555,回,1867,D,,1645
6406,B,回,1867,D,鳥栖    ,久留米  ,久留米運輸セ  ,6,7,,,,,1645,1652,,1867,D,,1704
6407,B,,1867,D,久留米  ,日田    ,久留米運輸セ  ,6,8,,,,,1704,1819,,1876,D,1927,1928
6408,B,,1876,D,日田    ,久留米  ,久留米運輸セ  ,6,9,,,,1927,1928,2034,,1883,D,2101,2106
6409,B,,1883,D,久留米  ,日田    ,久留米運輸セ  ,6,10,,,,2101,2106,2213,,1826,D,,612
6410,B,,1826,D,日田    ,鳥栖    ,久留米運輸セ  ,6,11,,,,,612,724,,1829,D,,732
6411,B,,1829,D,鳥栖    ,久留米  ,久留米運輸セ  ,6,12,,,,,732,740,,1833,D,822,835
6412,B,,1833,D,久留米  ,うきは  ,久留米運輸セ  ,6,13,,,,822,835,914,,1840,D,,921
6413,B,,1840,D,うきは  ,久留米  ,久留米運輸セ  ,6,14,,,,,921,1003,終,,,,
6414,B,,1845,D,久留米  ,日田    ,久留米運輸セ  ,7,1,,,,1215,1220,1323,,1858,D,1528,1532
6415,B,,1858,D,日田    ,久留米  ,久留米運輸セ  ,7,2,,,,1528,1532,1635,,1863,D,,1640
6416,B,,1863,D,久留米  ,日田    ,久留米運輸セ  ,7,3,,,,,1640,1754,,1872,D,,1830
6417,B,,1872,D,日田    ,久留米  ,久留米運輸セ  ,7,4,,,,,1830,1939,,1881,D,2004,2009
6418,B,,1881,D,久留米  ,日田    ,久留米運輸セ  ,7,5,,,,2004,2009,2116,構,1867,D,,2140
6419,B,構,1867,D,日田    ,日田    ,久留米運輸セ  ,7,6,,,,,2140,2150,,1822,D,,526
6420,B,,1822,D,日田    ,久留米  ,久留米運輸セ  ,7,7,,,,,526,625,,1825,D,,635
6421,B,,1825,D,久留米  ,日田    ,久留米運輸セ  ,7,8,,,,,635,744,,1842,D,,918
6422,B,,1842,D,日田    ,久留米  ,久留米運輸セ  ,7,9,,,,,918,1030,終,,,,
6423,B,便,4120,M,久留米  ,竹下    ,久留米運輸セ  ,8,1,,,,,735,826,回,8001,D,,904
6424,B,移動,,,竹下    ,竹下小  ,久留米運輸セ  ,8,2,,,,,,,回,8001,D,,904
6425,B,回,8001,D,竹下小  ,博多    ,久留米運輸セ  ,8,3,,,,,904,908,,8001,D,,917
6426,B,,8001,D,博多    ,日田    ,久留米運輸セ  ,8,4,,,,,917,1036,構,1839,D,1121,1121
6427,B,構,1839,D,日田    ,日田    ,久留米運輸セ  ,8,5,,,,1121,1121,1220,,8002,D,1259,1301
6428,B,,8002,D,日田    ,博多    ,久留米運輸セ  ,8,6,,,,1259,1301,1419,,8005,D,,1438
6429,B,,8005,D,博多    ,久留米  ,久留米運輸セ  ,8,7,,,,,1438,1511,終,,,,
6430,B,,1855,D,久留米  ,日田    ,久留米運輸セ  ,9,1,,,,1510,1519,1621,,1866,D,,1711
6431,B,,1866,D,日田    ,久留米  ,久留米運輸セ  ,9,2,,,,,1711,1816,,1875,D,,1839
6432,B,,1875,D,久留米  ,日田    ,久留米運輸セ  ,9,3,,,,,1839,1938,,1878,D,2027,2032
6433,B,,1878,D,日田    ,久留米  ,久留米運輸セ  ,9,4,,,,2027,2032,2132,,1885,D,2209,2214
6434,B,,1885,D,久留米  ,日田    ,久留米運輸セ  ,9,5,,,,2209,2214,2313,,1828,D,,649
6435,B,,1828,D,日田    ,久留米  ,久留米運輸セ  ,9,6,,,,,649,756,,1831,D,,807
6436,B,,1831,D,久留米  ,善導寺  ,久留米運輸セ  ,9,7,,,,,807,824,,1834,D,,828
6437,B,,1834,D,善導寺  ,久留米  ,久留米運輸セ  ,9,8,,,,,828,850,,1837,D,,934
6438,B,,1837,D,久留米  ,筑後吉井,久留米運輸セ  ,9,9,,,,,934,1008,,1846,D,,1032
6439,B,,1846,D,筑後吉井,久留米  ,久留米運輸セ  ,9,10,,,,,1032,1110,終,,,,
6440,B,便,330,M,久留米  ,鳥栖    ,久留米運輸セ  ,21,1,,,,,930,938,,2839,M,938,1002
6441,B,,2839,M,鳥栖    ,肥前鹿島,久留米運輸セ  ,21,2,,,,938,1002,1112,回,2842,M,,1120
6442,B,回,2842,M,肥前鹿島,江北    ,久留米運輸セ  ,21,3,,,,,1120,1132,,2842,M,,1134
6443,B,,2842,M,江北    ,鳥栖    ,久留米運輸セ  ,21,4,,,,,1134,1217,,349,M,1324,1336
6444,B,,349,M,鳥栖    ,荒尾    ,久留米運輸セ  ,21,5,,,,1324,1336,1428,,352,M,,1438
6445,B,,352,M,荒尾    ,鳥栖    ,久留米運輸セ  ,21,6,,,,,1438,1527,,359,M,1555,1602
6446,B,,359,M,鳥栖    ,大牟田  ,久留米運輸セ  ,21,7,,,,1555,1602,1646,,360,M,,1714
6447,B,,360,M,大牟田  ,鳥栖    ,久留米運輸セ  ,21,8,,,,,1714,1758,,2869,M,1808,1832
6448,B,,2869,M,鳥栖    ,肥前浜  ,久留米運輸セ  ,21,9,,,,1808,1832,1939,,2874,M,,1944
6449,B,,2874,M,肥前浜  ,鳥栖    ,久留米運輸セ  ,21,10,,,,,1944,2051,,2879,M,2250,2300
6450,B,,2879,M,鳥栖    ,江北    ,久留米運輸セ  ,21,11,,,,2250,2300,2343,,1820,M,,613
6451,B,,1820,M,江北    ,鳥栖    ,久留米運輸セ  ,21,12,,,,,613,654,,2829,M,716,720
6452,B,,2829,M,鳥栖    ,江北    ,久留米運輸セ  ,21,13,,,,716,720,805,,2832,M,,811
6453,B,,2832,M,江北    ,鳥栖    ,久留米運輸セ  ,21,14,,,,,811,853,便,333,M,,905
6454,B,便,333,M,鳥栖    ,久留米  ,久留米運輸セ  ,21,15,,,,,905,912,終,,,,
6455,B,便,2328,M,久留米  ,鳥栖    ,久留米運輸セ  ,22,1,,,,,615,623,,2827,M,,700
6456,B,,2827,M,鳥栖    ,佐賀    ,久留米運輸セ  ,22,2,,,,,700,728,回,2827,M,,732
6457,B,回,2827,M,佐賀    ,鳥栖    ,久留米運輸セ  ,22,3,,,,,732,759,,2833,M,,809
6458,B,,2833,M,鳥栖    ,佐賀    ,久留米運輸セ  ,22,4,,,,,809,841,,2834,M,,848
6459,B,,2834,M,佐賀    ,鳥栖    ,久留米運輸セ  ,22,5,,,,,848,915,,335,M,1001,1006
6460,B,,335,M,鳥栖    ,大牟田  ,久留米運輸セ  ,22,6,,,,1001,1006,1050,,336,M,,1108
6461,B,,336,M,大牟田  ,久留米  ,久留米運輸セ  ,22,7,,,,,1108,1145,終,,,,
6462,B,便,338,M,久留米  ,鳥栖    ,久留米運輸セ  ,23,1,,,,,1217,1226,,2849,M,1256,1307
6463,B,,2849,M,鳥栖    ,肥前鹿島,久留米運輸セ  ,23,2,,,,1256,1307,1427,,2852,M,,1433
6464,B,,2852,M,肥前鹿島,鳥栖    ,久留米運輸セ  ,23,3,,,,,1433,1538,,2861,M,1619,1626
6465,B,,2861,M,鳥栖    ,江北    ,久留米運輸セ  ,23,4,,,,1619,1626,1714,,2862,M,,1726
6466,B,,2862,M,江北    ,鳥栖    ,久留米運輸セ  ,23,5,,,,,1726,1808,,2871,M,1921,1931
6467,B,,2871,M,鳥栖    ,肥前浜  ,久留米運輸セ  ,23,6,,,,1921,1931,2036,,2876,M,,2044
6468,B,,2876,M,肥前浜  ,鳥栖    ,久留米運輸セ  ,23,7,,,,,2044,2150,回,1121,M,,544
6469,B,回,1121,M,鳥栖    ,荒尾    ,久留米運輸セ  ,23,8,,,,,544,618,回,322,M,,624
6470,B,回,322,M,荒尾    ,大牟田  ,久留米運輸セ  ,23,9,,,,,624,628,,322,M,,632
6471,B,,322,M,大牟田  ,鳥栖    ,久留米運輸セ  ,23,10,,,,,632,717,,2831,M,743,751
6472,B,,2831,M,鳥栖    ,江北    ,久留米運輸セ  ,23,11,,,,743,751,837,,2835,M,939,947
6473,B,,2835,M,江北    ,肥前浜  ,久留米運輸セ  ,23,12,,,,939,947,1005,,2838,M,,1010
6474,B,,2838,M,肥前浜  ,鳥栖    ,久留米運輸セ  ,23,13,,,,,1010,1112,便,341,M,,1142
6475,B,便,341,M,鳥栖    ,久留米  ,久留米運輸セ  ,23,14,,,,,1142,1150,終,,,,
6476,B,,336,M,久留米  ,鳥栖    ,久留米運輸セ  ,24,1,,,,1145,1146,1154,,345,M,1226,1231
6477,B,,345,M,鳥栖    ,荒尾    ,久留米運輸セ  ,24,2,,,,1226,1231,1327,,348,M,,1338
6478,B,,348,M,荒尾    ,鳥栖    ,久留米運輸セ  ,24,3,,,,,1338,1427,,2857,M,1514,1531
6479,B,,2857,M,鳥栖    ,江北    ,久留米運輸セ  ,24,4,,,,1514,1531,1613,,2858,M,,1630
6480,B,,2858,M,江北    ,鳥栖    ,久留米運輸セ  ,24,5,,,,,1630,1712,,2867,M,1736,1810
6481,B,,2867,M,鳥栖    ,江北    ,久留米運輸セ  ,24,6,,,,1736,1810,1901,,2926,M,2027,2033
6482,B,,2926,M,江北    ,鳥栖    ,久留米運輸セ  ,24,7,,,,2027,2033,2113,,2931,M,2158,2210
6483,B,,2931,M,鳥栖    ,江北    ,久留米運輸セ  ,24,8,,,,2158,2210,2252,,2822,M,,542
6484,B,,2822,M,江北    ,鳥栖    ,久留米運輸セ  ,24,9,,,,,542,622,,2825,M,,642
6485,B,,2825,M,鳥栖    ,佐賀    ,久留米運輸セ  ,24,10,,,,,642,709,,2828,M,,713
6486,B,,2828,M,佐賀    ,鳥栖    ,久留米運輸セ  ,24,11,,,,,713,743,,2835,M,828,849
6487,B,,2835,M,鳥栖    ,江北    ,久留米運輸セ  ,24,12,,,,828,849,939,便,4016,M,,1003
6488,B,便,4016,M,江北    ,鳥栖    ,久留米運輸セ  ,24,13,,,,,1003,1028,便,1323,M,,1033
6489,B,便,1323,M,鳥栖    ,久留米  ,久留米運輸セ  ,24,14,,,,,1033,1039,終,,,,
6490,B,便,2342,M,久留米  ,鳥栖    ,久留米運輸セ  ,25,1,,,,,1033,1041,,2843,M,1046,1122
6491,B,,2843,M,鳥栖    ,江北    ,久留米運輸セ  ,25,2,,,,1046,1122,1202,,2844,M,,1209
6492,B,,2844,M,江北    ,鳥栖    ,久留米運輸セ  ,25,3,,,,,1209,1256,,2853,M,1414,1420
6493,B,,2853,M,鳥栖    ,肥前鹿島,久留米運輸セ  ,25,4,,,,1414,1420,1514,,2854,M,,1519
6494,B,,2854,M,肥前鹿島,鳥栖    ,久留米運輸セ  ,25,5,,,,,1519,1619,,2865,M,1712,1744
6495,B,,2865,M,鳥栖    ,江北    ,久留米運輸セ  ,25,6,,,,1712,1744,1831,,2872,M,1901,1931
6496,B,,2872,M,江北    ,鳥栖    ,久留米運輸セ  ,25,7,,,,1901,1931,2012,,2877,M,2131,2146
6497,B,,2877,M,鳥栖    ,江北    ,久留米運輸セ  ,25,8,,,,2131,2146,2236,回,2890,M,,455
6498,B,回,2890,M,江北    ,神埼    ,久留米運輸セ  ,25,9,,,,,455,510,回,2821,M,,514
6499,B,回,2821,M,神埼    ,佐賀    ,久留米運輸セ  ,25,10,,,,,514,521,,2821,M,,524
6500,B,,2821,M,佐賀    ,肥前浜  ,久留米運輸セ  ,25,11,,,,,524,558,,2824,M,,602
6501,B,,2824,M,肥前浜  ,江北    ,久留米運輸セ  ,25,12,,,,,602,625,,4820,M,,720
6502,B,,4820,M,江北    ,鳥栖    ,久留米運輸セ  ,25,13,,,,,720,806,便,4221,M,,827
6503,B,便,4221,M,鳥栖    ,久留米  ,久留米運輸セ  ,25,14,,,,,827,833,終,,,,
6504,B,回,1557,D,直方    ,後藤寺  ,直方運輸セ    ,1,1,,,,,1508,1545,,968,D,,1633
6505,B,,968,D,後藤寺  ,小倉    ,直方運輸セ    ,1,2,,,,,1633,1734,,963,D,,1748
6506,B,,963,D,小倉    ,後藤寺  ,直方運輸セ    ,1,3,,,,,1748,1844,,1570,D,1914,1917
6507,B,,1570,D,後藤寺  ,新飯塚  ,直方運輸セ    ,1,4,,,,1914,1917,1938,,1573,D,,1950
6508,B,,1573,D,新飯塚  ,後藤寺  ,直方運輸セ    ,1,5,,,,,1950,2011,,986,D,2150,2159
6509,B,,986,D,後藤寺  ,小倉    ,直方運輸セ    ,1,6,,,,2150,2159,2253,,981,D,,2258
6510,B,,981,D,小倉    ,後藤寺  ,直方運輸セ    ,1,7,,,,,2258,2352,,924,D,611,638
6511,B,,924,D,後藤寺  ,田川伊田,直方運輸セ    ,1,8,,,,611,638,642,,925,D,,703
6512,B,,925,D,田川伊田,後藤寺  ,直方運輸セ    ,1,9,,,,,703,707,,932,D,,718
6513,B,,932,D,後藤寺  ,小倉    ,直方運輸セ    ,1,10,,,,,718,817,回,621,D,,908
6514,B,回,621,D,小倉    ,直方    ,直方運輸セ    ,1,11,,,,,908,949,終,,,,
6515,B,便,4627,H,直方    ,新飯塚  ,直方運輸セ    ,2,1,,,,,927,941,,1545,D,949,951
6516,B,,1545,D,新飯塚  ,後藤寺  ,直方運輸セ    ,2,2,,,,949,951,1013,,946,D,1022,1023
6517,B,,946,D,後藤寺  ,小倉    ,直方運輸セ    ,2,3,,,,1022,1023,1115,,947,D,,1159
6518,B,,947,D,小倉    ,後藤寺  ,直方運輸セ    ,2,4,,,,,1159,1256,,1554,D,1407,1414
6519,B,,1554,D,後藤寺  ,新飯塚  ,直方運輸セ    ,2,5,,,,1407,1414,1435,,1555,D,,1446
6520,B,,1555,D,新飯塚  ,後藤寺  ,直方運輸セ    ,2,6,,,,,1446,1507,,1560,D,,1639
6521,B,,1560,D,後藤寺  ,新飯塚  ,直方運輸セ    ,2,7,,,,,1639,1703,,1563,D,,1718
6522,B,,1563,D,新飯塚  ,後藤寺  ,直方運輸セ    ,2,8,,,,,1718,1742,,976,D,1842,1847
6523,B,,976,D,後藤寺  ,小倉    ,直方運輸セ    ,2,9,,,,1842,1847,1945,,971,D,,1959
6524,B,,971,D,小倉    ,後藤寺  ,直方運輸セ    ,2,10,,,,,1959,2056,回,1578,D,,2334
6525,B,回,1578,D,後藤寺  ,直方    ,直方運輸セ    ,2,11,,,,,2334,4,回,1537,D,,609
6526,B,回,1537,D,直方    ,新飯塚  ,直方運輸セ    ,2,12,,,,,609,623,,1537,D,,644
6527,B,,1537,D,新飯塚  ,後藤寺  ,直方運輸セ    ,2,13,,,,,644,708,,1536,D,,733
6528,B,,1536,D,後藤寺  ,新飯塚  ,直方運輸セ    ,2,14,,,,,733,754,便,2624,H,,759
6529,B,便,2624,H,新飯塚  ,直方    ,直方運輸セ    ,2,15,,,,,759,815,終,,,,
6530,B,回,6627,D,直方    ,桂川    ,直方運輸セ    ,3,1,,,,,1358,1424,,6627,D,,1430
6531,B,,6627,D,桂川    ,原田    ,直方運輸セ    ,3,2,,,,,1430,1458,,6626,D,1553,1558
6532,B,,6626,D,原田    ,桂川    ,直方運輸セ    ,3,3,,,,1553,1558,1626,,6629,D,,1646
6533,B,,6629,D,桂川    ,原田    ,直方運輸セ    ,3,4,,,,,1646,1714,,6628,D,,1719
6534,B,,6628,D,原田    ,桂川    ,直方運輸セ    ,3,5,,,,,1719,1748,,6631,D,,1753
6535,B,,6631,D,桂川    ,原田    ,直方運輸セ    ,3,6,,,,,1753,1821,,6630,D,,1827
6536,B,,6630,D,原田    ,桂川    ,直方運輸セ    ,3,7,,,,,1827,1855,,6633,D,,1900
6537,B,,6633,D,桂川    ,原田    ,直方運輸セ    ,3,8,,,,,1900,1929,,6632,D,2013,2018
6538,B,,6632,D,原田    ,桂川    ,直方運輸セ    ,3,9,,,,2013,2018,2048,,6635,D,,2104
6539,B,,6635,D,桂川    ,原田    ,直方運輸セ    ,3,10,,,,,2104,2133,,6634,D,,2141
6540,B,,6634,D,原田    ,桂川    ,直方運輸セ    ,3,11,,,,,2141,2211,回,6634,D,,2215
6541,B,回,6634,D,桂川    ,直方    ,直方運輸セ    ,3,12,,,,,2215,2236,回,1533,D,,526
6542,B,回,1533,D,直方    ,後藤寺  ,直方運輸セ    ,3,13,,,,,526,611,,1534,D,,711
6543,B,,1534,D,後藤寺  ,新飯塚  ,直方運輸セ    ,3,14,,,,,711,732,,1539,D,,736
6544,B,,1539,D,新飯塚  ,後藤寺  ,直方運輸セ    ,3,15,,,,,736,800,,1540,D,845,850
6545,B,,1540,D,後藤寺  ,新飯塚  ,直方運輸セ    ,3,16,,,,845,850,911,便,4622,H,,1012
6546,B,便,4622,H,新飯塚  ,直方    ,直方運輸セ    ,3,17,,,,,1012,1027,終,,,,
6547,B,便,2633,H,直方    ,新飯塚  ,直方運輸セ    ,4,1,,,,,716,732,,3531,D,754,802
6548,B,,3531,D,新飯塚  ,後藤寺  ,直方運輸セ    ,4,2,,,,754,802,818,,942,D,910,919
6549,B,,942,D,後藤寺  ,小倉    ,直方運輸セ    ,4,3,,,,910,919,1017,,943,D,,1046
6550,B,,943,D,小倉    ,後藤寺  ,直方運輸セ    ,4,4,,,,,1046,1202,,945,D,1218,1228
6551,B,,945,D,後藤寺  ,添田    ,直方運輸セ    ,4,5,,,,1218,1228,1242,,952,D,,1252
6552,B,,952,D,添田    ,後藤寺  ,直方運輸セ    ,4,6,,,,,1252,1306,便,1554,D,,1414
6553,B,便,1554,D,後藤寺  ,新飯塚  ,直方運輸セ    ,4,7,,,,,1414,1435,便,4632,H,,1439
6554,B,便,4632,H,新飯塚  ,直方    ,直方運輸セ    ,4,8,,,,,1439,1454,終,,,,
6555,B,便,4637,H,直方    ,新飯塚  ,直方運輸セ    ,5,1,,,,,1414,1430,便,1555,D,,1446
6556,B,便,1555,D,新飯塚  ,後藤寺  ,直方運輸セ    ,5,2,,,,,1446,1507,,953,D,1517,1519
6557,B,,953,D,後藤寺  ,添田    ,直方運輸セ    ,5,3,,,,1517,1519,1533,,964,D,,1540
6558,B,,964,D,添田    ,後藤寺  ,直方運輸セ    ,5,4,,,,,1540,1554,,970,D,1649,1711
6559,B,,970,D,後藤寺  ,小倉    ,直方運輸セ    ,5,5,,,,1649,1711,1818,,965,D,,1823
6560,B,,965,D,小倉    ,後藤寺  ,直方運輸セ    ,5,6,,,,,1823,1921,,1572,D,2014,2019
6561,B,,1572,D,後藤寺  ,新飯塚  ,直方運輸セ    ,5,7,,,,2014,2019,2040,,1575,D,,2051
6562,B,,1575,D,新飯塚  ,後藤寺  ,直方運輸セ    ,5,8,,,,,2051,2112,,1576,D,2156,2202
6563,B,,1576,D,後藤寺  ,新飯塚  ,直方運輸セ    ,5,9,,,,2156,2202,2223,,1579,D,,2244
6564,B,,1579,D,新飯塚  ,後藤寺  ,直方運輸セ    ,5,10,,,,,2244,2305,,922,D,620,625
6565,B,,922,D,後藤寺  ,小倉    ,直方運輸セ    ,5,11,,,,620,625,721,,931,D,,726
6566,B,,931,D,小倉    ,添田    ,直方運輸セ    ,5,12,,,,,726,848,,940,D,,902
6567,B,,940,D,添田    ,後藤寺  ,直方運輸セ    ,5,13,,,,,902,916,回,1546,D,1037,1042
6568,B,回,1546,D,後藤寺  ,直方    ,直方運輸セ    ,5,14,,,,1037,1042,1134,終,,,,
6569,B,便回,1533,D,直方    ,後藤寺  ,直方運輸セ    ,6,1,,,,,526,611,構回,1533,D,611,611
6570,B,構回,1533,D,後藤寺  ,後藤寺  ,直方運輸セ    ,6,2,,,,611,611,625,回,934,D,716,721
6571,B,回,934,D,後藤寺  ,添田    ,直方運輸セ    ,6,3,,,,716,721,736,,934,D,,742
6572,B,,934,D,添田    ,小倉    ,直方運輸セ    ,6,4,,,,,742,905,,937,D,,922
6573,B,,937,D,小倉    ,後藤寺  ,直方運輸セ    ,6,5,,,,,922,1017,,941,D,1050,1100
6574,B,,941,D,後藤寺  ,添田    ,直方運輸セ    ,6,6,,,,1050,1100,1114,,948,D,,1122
6575,B,,948,D,添田    ,後藤寺  ,直方運輸セ    ,6,7,,,,,1122,1137,,1552,D,1307,1314
6576,B,,1552,D,後藤寺  ,新飯塚  ,直方運輸セ    ,6,8,,,,1307,1314,1335,便,4630,H,,1339
6577,B,便,4630,H,新飯塚  ,直方    ,直方運輸セ    ,6,9,,,,,1339,1354,終,,,,
6578,B,便,4637,H,直方    ,新飯塚  ,直方運輸セ    ,7,1,,,,,1414,1430,便,1555,D,,1446
6579,B,便,1555,D,新飯塚  ,後藤寺  ,直方運輸セ    ,7,2,,,,,1446,1507,,962,D,1513,1523
6580,B,,962,D,後藤寺  ,小倉    ,直方運輸セ    ,7,3,,,,1513,1523,1617,,959,D,,1649
6581,B,,959,D,小倉    ,後藤寺  ,直方運輸セ    ,7,4,,,,,1649,1747,,1566,D,1814,1816
6582,B,,1566,D,後藤寺  ,新飯塚  ,直方運輸セ    ,7,5,,,,1814,1816,1837,,1569,D,,1851
6583,B,,1569,D,新飯塚  ,後藤寺  ,直方運輸セ    ,7,6,,,,,1851,1914,,982,D,2012,2017
6584,B,,982,D,後藤寺  ,小倉    ,直方運輸セ    ,7,7,,,,2012,2017,2119,,977,D,,2138
6585,B,,977,D,小倉    ,添田    ,直方運輸セ    ,7,8,,,,,2138,2250,回,977,D,,2320
6586,B,回,977,D,添田    ,後藤寺  ,直方運輸セ    ,7,9,,,,,2320,2331,,920,D,,550
6587,B,,920,D,後藤寺  ,小倉    ,直方運輸セ    ,7,10,,,,,550,647,,929,D,,700
6588,B,,929,D,小倉    ,後藤寺  ,直方運輸セ    ,7,11,,,,,700,758,,1538,D,818,820
6589,B,,1538,D,後藤寺  ,新飯塚  ,直方運輸セ    ,7,12,,,,818,820,844,,1543,D,,853
6590,B,,1543,D,新飯塚  ,後藤寺  ,直方運輸セ    ,7,13,,,,,853,916,,1544,D,1013,1020
6591,B,,1544,D,後藤寺  ,新飯塚  ,直方運輸セ    ,7,14,,,,1013,1020,1041,便,4624,H,,1046
6592,B,便,4624,H,新飯塚  ,直方    ,直方運輸セ    ,7,15,,,,,1046,1101,終,,,,
6593,B,便,4629,H,直方    ,新飯塚  ,直方運輸セ    ,8,1,,,,,1015,1031,,1547,D,1041,1050
6594,B,,1547,D,新飯塚  ,後藤寺  ,直方運輸セ    ,8,2,,,,1041,1050,1111,,954,D,1302,1312
6595,B,,954,D,後藤寺  ,小倉    ,直方運輸セ    ,8,3,,,,1302,1312,1414,,953,D,,1422
6596,B,,953,D,小倉    ,後藤寺  ,直方運輸セ    ,8,4,,,,,1422,1517,,966,D,1545,1558
6597,B,,966,D,後藤寺  ,小倉    ,直方運輸セ    ,8,5,,,,1545,1558,1700,,961,D,,1716
6598,B,,961,D,小倉    ,後藤寺  ,直方運輸セ    ,8,6,,,,,1716,1813,,1568,D,1843,1848
6599,B,,1568,D,後藤寺  ,新飯塚  ,直方運輸セ    ,8,7,,,,1843,1848,1909,,1571,D,,1919
6600,B,,1571,D,新飯塚  ,後藤寺  ,直方運輸セ    ,8,8,,,,,1919,1943,,971,D,2056,2116
6601,B,,971,D,後藤寺  ,添田    ,直方運輸セ    ,8,9,,,,2056,2116,2130,,986,D,,2136
6602,B,,986,D,添田    ,後藤寺  ,直方運輸セ    ,8,10,,,,,2136,2150,回,926,D,,610
6603,B,回,926,D,後藤寺  ,添田    ,直方運輸セ    ,8,11,,,,,610,625,,926,D,,629
6604,B,,926,D,添田    ,後藤寺  ,直方運輸セ    ,8,12,,,,,629,644,回,3920,D,,657
6605,B,回,3920,D,後藤寺  ,添田    ,直方運輸セ    ,8,13,,,,,657,713,,3920,D,,717
6606,B,,3920,D,添田    ,小倉    ,直方運輸セ    ,8,14,,,,,717,834,便回,621,D,,908
6607,B,便回,621,D,小倉    ,直方    ,直方運輸セ    ,8,15,,,,,908,949,終,,,,
6608,B,便,4633,H,直方    ,新飯塚  ,直方運輸セ    ,9,1,,,,,1213,1230,,1551,D,1235,1246
6609,B,,1551,D,新飯塚  ,後藤寺  ,直方運輸セ    ,9,2,,,,1235,1246,1307,,956,D,1402,1412
6610,B,,956,D,後藤寺  ,小倉    ,直方運輸セ    ,9,3,,,,1402,1412,1514,,955,D,,1522
6611,B,,955,D,小倉    ,後藤寺  ,直方運輸セ    ,9,4,,,,,1522,1621,,1562,D,1708,1716
6612,B,,1562,D,後藤寺  ,新飯塚  ,直方運輸セ    ,9,5,,,,1708,1716,1736,,1565,D,,1750
6613,B,,1565,D,新飯塚  ,後藤寺  ,直方運輸セ    ,9,6,,,,,1750,1814,,963,D,1902,1904
6614,B,,963,D,後藤寺  ,添田    ,直方運輸セ    ,9,7,,,,1902,1904,1921,,980,D,,1930
6615,B,,980,D,添田    ,小倉    ,直方運輸セ    ,9,8,,,,,1930,2049,,975,D,,2058
6616,B,,975,D,小倉    ,後藤寺  ,直方運輸セ    ,9,9,,,,,2058,2156,,988,D,2229,2241
6617,B,,988,D,後藤寺  ,田川伊田,直方運輸セ    ,9,10,,,,2229,2241,2245,回,988,D,,2251
6618,B,回,988,D,田川伊田,後藤寺  ,直方運輸セ    ,9,11,,,,,2251,2255,回,930,D,,633
6619,B,回,930,D,後藤寺  ,添田    ,直方運輸セ    ,9,12,,,,,633,649,,930,D,,653
6620,B,,930,D,添田    ,香春    ,直方運輸セ    ,9,13,,,,,653,722,,927,D,,732
6621,B,,927,D,香春    ,添田    ,直方運輸セ    ,9,14,,,,,732,804,,936,D,,813
6622,B,,936,D,添田    ,後藤寺  ,直方運輸セ    ,9,15,,,,,813,828,,1542,D,930,942
6623,B,,1542,D,後藤寺  ,新飯塚  ,直方運輸セ    ,9,16,,,,930,942,1007,回,1542,D,,1019
6624,B,回,1542,D,新飯塚  ,直方    ,直方運輸セ    ,9,17,,,,,1019,1034,終,,,,
6625,B,便回,1557,D,直方    ,後藤寺  ,直方運輸セ    ,21,1,,,,,1508,1545,,1558,D,1607,1616
6626,B,,1558,D,後藤寺  ,新飯塚  ,直方運輸セ    ,21,2,,,,1607,1616,1637,,1561,D,,1647
6627,B,,1561,D,新飯塚  ,後藤寺  ,直方運輸セ    ,21,3,,,,,1647,1708,,1564,D,1742,1748
6628,B,,1564,D,後藤寺  ,新飯塚  ,直方運輸セ    ,21,4,,,,1742,1748,1809,,1567,D,,1819
6629,B,,1567,D,新飯塚  ,後藤寺  ,直方運輸セ    ,21,5,,,,,1819,1843,,967,D,1948,1954
6630,B,,967,D,後藤寺  ,添田    ,直方運輸セ    ,21,6,,,,1948,1954,2009,,984,D,,2042
6631,B,,984,D,添田    ,小倉    ,直方運輸セ    ,21,7,,,,,2042,2202,,979,D,,2212
6632,B,,979,D,小倉    ,後藤寺  ,直方運輸セ    ,21,8,,,,,2212,2317,回,923,D,538,603
6633,B,回,923,D,後藤寺  ,採銅所  ,直方運輸セ    ,21,9,,,,538,603,619,,923,D,,630
6634,B,,923,D,採銅所  ,後藤寺  ,直方運輸セ    ,21,10,,,,,630,651,,938,D,829,834
6635,B,,938,D,後藤寺  ,小倉    ,直方運輸セ    ,21,11,,,,829,834,927,,939,D,,959
6636,B,,939,D,小倉    ,後藤寺  ,直方運輸セ    ,21,12,,,,,959,1058,便,1548,D,,1114
6637,B,便,1548,D,後藤寺  ,新飯塚  ,直方運輸セ    ,21,13,,,,,1114,1135,便,4626,H,,1139
6638,B,便,4626,H,新飯塚  ,直方    ,直方運輸セ    ,21,14,,,,,1139,1155,終,,,,
6639,B,便,2643,H,直方    ,新飯塚  ,直方運輸セ    ,22,1,,,,,1029,1046,便,1547,D,,1050
6640,B,便,1547,D,新飯塚  ,後藤寺  ,直方運輸セ    ,22,2,,,,,1050,1111,,950,D,1128,1138
6641,B,,950,D,後藤寺  ,小倉    ,直方運輸セ    ,22,3,,,,1128,1138,1234,,949,D,,1247
6642,B,,949,D,小倉    ,後藤寺  ,直方運輸セ    ,22,4,,,,,1247,1349,,1556,D,1507,1520
6643,B,,1556,D,後藤寺  ,新飯塚  ,直方運輸セ    ,22,5,,,,1507,1520,1540,,1559,D,,1546
6644,B,,1559,D,新飯塚  ,後藤寺  ,直方運輸セ    ,22,6,,,,,1546,1607,,957,D,1709,1722
6645,B,,957,D,後藤寺  ,添田    ,直方運輸セ    ,22,7,,,,1709,1722,1737,,974,D,,1758
6646,B,,974,D,添田    ,小倉    ,直方運輸セ    ,22,8,,,,,1758,1916,,969,D,,1926
6647,B,,969,D,小倉    ,後藤寺  ,直方運輸セ    ,22,9,,,,,1926,2025,便,1574,D,,2127
6648,B,便,1574,D,後藤寺  ,新飯塚  ,直方運輸セ    ,22,10,,,,,2127,2148,便,2678,H,,2159
6649,B,便,2678,H,新飯塚  ,直方    ,直方運輸セ    ,22,11,,,,,2159,2215,回,1531,D,,507
6650,B,回,1531,D,直方    ,後藤寺  ,直方運輸セ    ,22,12,,,,,507,538,便回,923,D,,603
6651,B,便回,923,D,後藤寺  ,採銅所  ,直方運輸セ    ,22,13,,,,,603,619,車,923,D,,630
6652,B,車,923,D,採銅所  ,後藤寺  ,直方運輸セ    ,22,14,,,,,630,651,車,928,D,,658
6653,B,車,928,D,後藤寺  ,小倉    ,直方運輸セ    ,22,15,,,,,658,757,車,933,D,,811
6654,B,車,933,D,小倉    ,後藤寺  ,直方運輸セ    ,22,16,,,,,811,910,便,1542,D,,942
6655,B,便,1542,D,後藤寺  ,新飯塚  ,直方運輸セ    ,22,17,,,,,942,1007,便,4622,H,,1012
6656,B,便,4622,H,新飯塚  ,直方    ,直方運輸セ    ,22,18,,,,,1012,1027,終,,,,
6657,B,便,4631,H,直方    ,新飯塚  ,直方運輸セ    ,23,1,,,,,1115,1130,,1549,D,1135,1146
6658,B,,1549,D,新飯塚  ,後藤寺  ,直方運輸セ    ,23,2,,,,1135,1146,1207,,1550,D,,1214
6659,B,,1550,D,後藤寺  ,新飯塚  ,直方運輸セ    ,23,3,,,,,1214,1235,便,1551,D,,1246
6660,B,便,1551,D,新飯塚  ,後藤寺  ,直方運輸セ    ,23,4,,,,,1246,1307,,951,D,,1414
6661,B,,951,D,後藤寺  ,添田    ,直方運輸セ    ,23,5,,,,,1414,1428,,958,D,,1436
6662,B,,958,D,添田    ,後藤寺  ,直方運輸セ    ,23,6,,,,,1436,1450,,955,D,1621,1624
6663,B,,955,D,後藤寺  ,添田    ,直方運輸セ    ,23,7,,,,1621,1624,1639,,972,D,,1712
6664,B,,972,D,添田    ,小倉    ,直方運輸セ    ,23,8,,,,,1712,1835,,967,D,,1852
6665,B,,967,D,小倉    ,後藤寺  ,直方運輸セ    ,23,9,,,,,1852,1948,,1574,D,2112,2127
6666,B,,1574,D,後藤寺  ,新飯塚  ,直方運輸セ    ,23,10,,,,2112,2127,2148,,1577,D,,2203
6667,B,,1577,D,新飯塚  ,後藤寺  ,直方運輸セ    ,23,11,,,,,2203,2229,回,921,D,,525
6668,B,回,921,D,後藤寺  ,田川伊田,直方運輸セ    ,23,12,,,,,525,529,,921,D,,534
6669,B,,921,D,田川伊田,添田    ,直方運輸セ    ,23,13,,,,,534,559,,922,D,,606
6670,B,,922,D,添田    ,後藤寺  ,直方運輸セ    ,23,14,,,,,606,620,,928,D,651,658
6671,B,,928,D,後藤寺  ,小倉    ,直方運輸セ    ,23,15,,,,651,658,757,,933,D,,811
6672,B,,933,D,小倉    ,後藤寺  ,直方運輸セ    ,23,16,,,,,811,910,便,1542,D,,942
6673,B,便,1542,D,後藤寺  ,新飯塚  ,直方運輸セ    ,23,17,,,,,942,1007,便,4622,H,,1012
6674,B,便,4622,H,新飯塚  ,直方    ,直方運輸セ    ,23,18,,,,,1012,1027,終,,,,
6675,B,回,6621,D,直方    ,桂川    ,直方運輸セ    ,24,1,,,,,541,606,,6621,D,,620
6676,B,,6621,D,桂川    ,原田    ,直方運輸セ    ,24,2,,,,,620,648,,6620,D,,659
6677,B,,6620,D,原田    ,桂川    ,直方運輸セ    ,24,3,,,,,659,727,,6623,D,,734
6678,B,,6623,D,桂川    ,原田    ,直方運輸セ    ,24,4,,,,,734,802,,6622,D,,928
6679,B,,6622,D,原田    ,桂川    ,直方運輸セ    ,24,5,,,,,928,957,,6625,D,,1021
6680,B,,6625,D,桂川    ,原田    ,直方運輸セ    ,24,6,,,,,1021,1049,,6624,D,,1104
6681,B,,6624,D,原田    ,桂川    ,直方運輸セ    ,24,7,,,,,1104,1133,回,6624,D,,1143
6682,B,回,6624,D,桂川    ,直方    ,直方運輸セ    ,24,8,,,,,1143,1211,終,,,,
6683,B,便,4635,H,直方    ,新飯塚  ,直方運輸セ    ,25,1,,,,,1313,1329,,1553,D,1335,1346
6684,B,,1553,D,新飯塚  ,後藤寺  ,直方運輸セ    ,25,2,,,,1335,1346,1407,,960,D,1444,1454
6685,B,,960,D,後藤寺  ,小倉    ,直方運輸セ    ,25,3,,,,1444,1454,1552,,957,D,,1602
6686,B,,957,D,小倉    ,後藤寺  ,直方運輸セ    ,25,4,,,,,1602,1709,,961,D,1813,1818
6687,B,,961,D,後藤寺  ,添田    ,直方運輸セ    ,25,5,,,,1813,1818,1833,,978,D,,1859
6688,B,,978,D,添田    ,小倉    ,直方運輸セ    ,25,6,,,,,1859,2021,,973,D,,2027
6689,B,,973,D,小倉    ,後藤寺  ,直方運輸セ    ,25,7,,,,,2027,2121,,1530,D,,541
6690,B,,1530,D,後藤寺  ,新飯塚  ,直方運輸セ    ,25,8,,,,,541,601,,1535,D,,614
6691,B,,1535,D,新飯塚  ,後藤寺  ,直方運輸セ    ,25,9,,,,,614,635,,1532,D,,641
6692,B,,1532,D,後藤寺  ,新飯塚  ,直方運輸セ    ,25,10,,,,,641,702,,1541,D,816,828
6693,B,,1541,D,新飯塚  ,後藤寺  ,直方運輸セ    ,25,11,,,,816,828,849,,935,D,915,920
6694,B,,935,D,後藤寺  ,添田    ,直方運輸セ    ,25,12,,,,915,920,935,,944,D,,1002
6695,B,,944,D,添田    ,後藤寺  ,直方運輸セ    ,25,13,,,,,1002,1016,,1548,D,1111,1114
6696,B,,1548,D,後藤寺  ,新飯塚  ,直方運輸セ    ,25,14,,,,1111,1114,1135,便回,6624,D,,1157
6697,B,便回,6624,D,新飯塚  ,直方    ,直方運輸セ    ,25,15,,,,,1157,1211,終,,,,
6698,B,,4633,H,直方    ,博多    ,直方運輸セ    ,31,1,,,,,1213,1317,,2654,H,1417,1428
6699,B,,2654,H,博多    ,新飯塚  ,直方運輸セ    ,31,2,,,,1417,1428,1520,,2663,H,,1544
6700,B,,2663,H,新飯塚  ,博多    ,直方運輸セ    ,31,3,,,,,1544,1636,,5640,H,1739,1743
6701,B,,5640,H,博多    ,篠栗    ,直方運輸セ    ,31,4,,,,1739,1743,1807,,5645,H,,1815
6702,B,,5645,H,篠栗    ,博多    ,直方運輸セ    ,31,5,,,,,1815,1839,,2672,H,1926,1933
6703,B,,2672,H,博多    ,直方    ,直方運輸セ    ,31,6,,,,1926,1933,2043,,2691,H,2135,2203
6704,B,,2691,H,直方    ,博多    ,直方運輸セ    ,31,7,,,,2135,2203,2310,,1620,H,616,625
6705,B,,1620,H,博多    ,直方    ,直方運輸セ    ,31,8,,,,616,625,732,,2626,H,840,853
6706,B,,2626,H,直方    ,折尾　筑,直方運輸セ    ,31,9,,,,840,853,914,,6535,H,,943
6707,B,,6535,H,折尾　筑,直方    ,直方運輸セ    ,31,10,,,,,943,1003,終,,,,
6708,B,,6536,H,直方    ,折尾　筑,直方運輸セ    ,32,1,,,,932,934,954,,6642,M,1014,1031
6709,B,,6642,M,折尾　筑,若松    ,直方運輸セ    ,32,2,,,,1014,1031,1046,,6645,M,,1059
6710,B,,6645,M,若松    ,直方    ,直方運輸セ    ,32,3,,,,,1059,1136,,4635,H,1245,1313
6711,B,,4635,H,直方    ,博多    ,直方運輸セ    ,32,4,,,,1245,1313,1417,,2656,H,1459,1508
6712,B,,2656,H,博多    ,直方    ,直方運輸セ    ,32,5,,,,1459,1508,1616,,6672,M,1711,1725
6713,B,,6672,M,直方    ,若松    ,直方運輸セ    ,32,6,,,,1711,1725,1806,,6675,M,,1813
6714,B,,6675,M,若松    ,折尾　筑,直方運輸セ    ,32,7,,,,,1813,1829,,6676,M,,1841
6715,B,,6676,M,折尾　筑,若松    ,直方運輸セ    ,32,8,,,,,1841,1857,,6679,M,,1904
6716,B,,6679,M,若松    ,折尾　筑,直方運輸セ    ,32,9,,,,,1904,1919,,6682,M,2000,2012
6717,B,,6682,M,折尾　筑,若松    ,直方運輸セ    ,32,10,,,,2000,2012,2027,,6685,M,,2033
6718,B,,6685,M,若松    ,折尾　筑,直方運輸セ    ,32,11,,,,,2033,2049,,6686,M,,2107
6719,B,,6686,M,折尾　筑,若松    ,直方運輸セ    ,32,12,,,,,2107,2122,,6689,M,,2128
6720,B,,6689,M,若松    ,折尾　筑,直方運輸セ    ,32,13,,,,,2128,2143,便,6561,H,,2200
6721,B,便,6561,H,折尾　筑,直方    ,直方運輸セ    ,32,14,,,,,2200,2220,,2627,H,,613
6722,B,,2627,H,直方    ,博多    ,直方運輸セ    ,32,15,,,,,613,717,,2626,H,,726
6723,B,,2626,H,博多    ,直方    ,直方運輸セ    ,32,16,,,,,726,840,終,,,,
6724,B,便,6654,M,直方    ,折尾　筑,直方運輸セ    ,33,1,,,,,1304,1325,,6656,M,1344,1402
6725,B,,6656,M,折尾　筑,若松    ,直方運輸セ    ,33,2,,,,1344,1402,1418,,6659,M,,1428
6726,B,,6659,M,若松    ,折尾　筑,直方運輸セ    ,33,3,,,,,1428,1444,,6660,M,,1502
6727,B,,6660,M,折尾　筑,若松    ,直方運輸セ    ,33,4,,,,,1502,1518,,6663,M,,1526
6728,B,,6663,M,若松    ,折尾　筑,直方運輸セ    ,33,5,,,,,1526,1542,,6664,M,,1602
6729,B,,6664,M,折尾　筑,若松    ,直方運輸セ    ,33,6,,,,,1602,1618,,6667,M,,1629
6730,B,,6667,M,若松    ,直方    ,直方運輸セ    ,33,7,,,,,1629,1711,,6544,H,1812,1830
6731,B,,6544,H,直方    ,折尾　筑,直方運輸セ    ,33,8,,,,1812,1830,1850,,6545,H,,1900
6732,B,,6545,H,折尾　筑,直方    ,直方運輸セ    ,33,9,,,,,1900,1921,,6552,H,,1944
6733,B,,6552,H,直方    ,折尾　筑,直方運輸セ    ,33,10,,,,,1944,2004,,6553,H,,2011
6734,B,,6553,H,折尾　筑,直方    ,直方運輸セ    ,33,11,,,,,2011,2031,,6560,H,2119,2131
6735,B,,6560,H,直方    ,折尾　筑,直方運輸セ    ,33,12,,,,2119,2131,2151,,6561,H,,2200
6736,B,,6561,H,折尾　筑,直方    ,直方運輸セ    ,33,13,,,,,2200,2220,,6620,M,,533
6737,B,,6620,M,直方    ,若松    ,直方運輸セ    ,33,14,,,,,533,611,,6623,M,,616
6738,B,,6623,M,若松    ,折尾　筑,直方運輸セ    ,33,15,,,,,616,632,,6624,M,,640
6739,B,,6624,M,折尾　筑,若松    ,直方運輸セ    ,33,16,,,,,640,655,,6627,M,,659
6740,B,,6627,M,若松    ,折尾　筑,直方運輸セ    ,33,17,,,,,659,715,,6628,M,,725
6741,B,,6628,M,折尾　筑,若松    ,直方運輸セ    ,33,18,,,,,725,740,,6631,M,,745
6742,B,,6631,M,若松    ,折尾　筑,直方運輸セ    ,33,19,,,,,745,800,,6634,M,826,836
6743,B,,6634,M,折尾　筑,若松    ,直方運輸セ    ,33,20,,,,826,836,851,,6637,M,,857
6744,B,,6637,M,若松    ,折尾　筑,直方運輸セ    ,33,21,,,,,857,912,,6640,M,948,958
6745,B,,6640,M,折尾　筑,若松    ,直方運輸セ    ,33,22,,,,948,958,1014,,6643,M,,1024
6746,B,,6643,M,若松    ,折尾　筑,直方運輸セ    ,33,23,,,,,1024,1039,便,627,H,,1053
6747,B,便,627,H,折尾　筑,直方    ,直方運輸セ    ,33,24,,,,,1053,1114,終,,,,
6748,B,便,4627,H,直方    ,博多    ,直方運輸セ    ,34,1,,,,,927,1027,,4626,H,1049,1053
6749,B,,4626,H,博多    ,直方    ,直方運輸セ    ,34,2,,,,1049,1053,1155,,634,H,1311,1327
6750,B,,634,H,直方    ,門司港  ,直方運輸セ    ,34,3,,,,1311,1327,1432,,637,H,,1459
6751,B,,637,H,門司港  ,直方    ,直方運輸セ    ,34,4,,,,,1459,1611,,2673,H,1721,1739
6752,B,,2673,H,直方    ,博多    ,直方運輸セ    ,34,5,,,,1721,1739,1849,便,2175,M,,1915
6753,B,便,2175,M,博多    ,竹下    ,直方運輸セ    ,34,6,,,,,1915,1919,回,2676,H,,2025
6754,B,移動,,,竹下    ,竹下小  ,直方運輸セ    ,34,7,,,,,,,回,2676,H,,2025
6755,B,回,2676,H,竹下小  ,博多    ,直方運輸セ    ,34,8,,,,,2025,2029,,2676,H,,2034
6756,B,,2676,H,博多    ,直方    ,直方運輸セ    ,34,9,,,,,2034,2141,,6562,H,2228,2233
6757,B,,6562,H,直方    ,折尾　筑,直方運輸セ    ,34,10,,,,2228,2233,2254,,6565,H,,2258
6758,B,,6565,H,折尾　筑,新飯塚  ,直方運輸セ    ,34,11,,,,,2258,2336,回,6520,H,,451
6759,B,回,6520,H,新飯塚  ,飯塚    ,直方運輸セ    ,34,12,,,,,451,454,,6520,H,,458
6760,B,,6520,H,飯塚    ,折尾　筑,直方運輸セ    ,34,13,,,,,458,539,,6521,H,,544
6761,B,,6521,H,折尾　筑,直方    ,直方運輸セ    ,34,14,,,,,544,604,,6530,H,645,716
6762,B,,6530,H,直方    ,折尾　筑,直方運輸セ    ,34,15,,,,645,716,738,,6531,H,,744
6763,B,,6531,H,折尾　筑,直方    ,直方運輸セ    ,34,16,,,,,744,805,終,,,,
6764,B,便,2641,H,直方    ,博多    ,直方運輸セ    ,35,1,,,,,942,1049,便,4125,M,,1056
6765,B,便,4125,M,博多    ,南福岡  ,直方運輸セ    ,35,2,,,,,1056,1103,,4130,M,1222,1224
6766,B,,4130,M,南福岡  ,小倉    ,直方運輸セ    ,35,3,,,,1222,1224,1350,回,4130,M,,1401
6767,B,回,4130,M,小倉    ,門司港  ,直方運輸セ    ,35,4,,,,,1401,1413,,141,M,1536,1541
6768,B,,141,M,門司港  ,南福岡  ,直方運輸セ    ,35,5,,,,1536,1541,1746,,4230,M,1837,1838
6769,B,,4230,M,南福岡  ,門司港  ,直方運輸セ    ,35,6,,,,1837,1838,2024,,641,H,2132,2137
6770,B,,641,H,門司港  ,直方    ,直方運輸セ    ,35,7,,,,2132,2137,2250,,2629,H,,627
6771,B,,2629,H,直方    ,博多    ,直方運輸セ    ,35,8,,,,,627,731,,2628,H,758,803
6772,B,,2628,H,博多    ,直方    ,直方運輸セ    ,35,9,,,,758,803,913,終,,,,
6773,B,,2649,H,直方    ,博多    ,直方運輸セ    ,36,1,,,,1129,1146,1303,,2648,H,,1308
6774,B,,2648,H,博多    ,直方    ,直方運輸セ    ,36,2,,,,,1308,1420,,2667,H,1611,1628
6775,B,,2667,H,直方    ,博多    ,直方運輸セ    ,36,3,,,,1611,1628,1739,,4646,H,1816,1822
6776,B,,4646,H,博多    ,直方    ,直方運輸セ    ,36,4,,,,1816,1822,1923,,2687,H,,2054
6777,B,,2687,H,直方    ,博多    ,直方運輸セ    ,36,5,,,,,2054,2207,,2688,H,2310,2320
6778,B,,2688,H,博多    ,直方    ,直方運輸セ    ,36,6,,,,2310,2320,25,便,6528,H,,703
6779,B,便,6528,H,直方    ,折尾　筑,直方運輸セ    ,36,7,,,,,703,723,,6632,M,800,811
6780,B,,6632,M,折尾　筑,若松    ,直方運輸セ    ,36,8,,,,800,811,827,,6635,M,,831
6781,B,,6635,M,若松    ,折尾　筑,直方運輸セ    ,36,9,,,,,831,846,,6636,M,,856
6782,B,,6636,M,折尾　筑,若松    ,直方運輸セ    ,36,10,,,,,856,911,,6639,M,,920
6783,B,,6639,M,若松    ,折尾　筑,直方運輸セ    ,36,11,,,,,920,935,,6537,H,1001,1006
6784,B,,6537,H,折尾　筑,直方    ,直方運輸セ    ,36,12,,,,1001,1006,1026,終,,,,
6785,B,,6646,M,直方    ,若松    ,直方運輸セ    ,37,1,,,,1059,1104,1147,,6649,M,,1159
6786,B,,6649,M,若松    ,直方    ,直方運輸セ    ,37,2,,,,,1159,1236,,638,H,1511,1527
6787,B,,638,H,直方    ,門司港  ,直方運輸セ    ,37,3,,,,1511,1527,1631,,639,H,1732,1737
6788,B,,639,H,門司港  ,直方    ,直方運輸セ    ,37,4,,,,1732,1737,1846,,2681,H,1908,1946
6789,B,,2681,H,直方    ,博多    ,直方運輸セ    ,37,5,,,,1908,1946,2053,,5650,H,2120,2123
6790,B,,5650,H,博多    ,篠栗    ,直方運輸セ    ,37,6,,,,2120,2123,2143,,5655,H,,2205
6791,B,,5655,H,篠栗    ,博多    ,直方運輸セ    ,37,7,,,,,2205,2223,,5652,H,2248,2256
6792,B,,5652,H,博多    ,篠栗    ,直方運輸セ    ,37,8,,,,2248,2256,2315,,5621,H,,528
6793,B,,5621,H,篠栗    ,博多    ,直方運輸セ    ,37,9,,,,,528,545,,2620,H,,610
6794,B,,2620,H,博多    ,直方    ,直方運輸セ    ,37,10,,,,,610,714,終,,,,
6795,B,,6538,H,直方    ,折尾　筑,直方運輸セ    ,38,1,,,,1003,1009,1029,,6644,M,1039,1102
6796,B,,6644,M,折尾　筑,若松    ,直方運輸セ    ,38,2,,,,1039,1102,1118,,6647,M,,1128
6797,B,,6647,M,若松    ,折尾　筑,直方運輸セ    ,38,3,,,,,1128,1144,,6648,M,,1202
6798,B,,6648,M,折尾　筑,若松    ,直方運輸セ    ,38,4,,,,,1202,1218,,6651,M,,1228
6799,B,,6651,M,若松    ,折尾　筑,直方運輸セ    ,38,5,,,,,1228,1244,,6652,M,,1302
6800,B,,6652,M,折尾　筑,若松    ,直方運輸セ    ,38,6,,,,,1302,1318,,6655,M,,1328
6801,B,,6655,M,若松    ,折尾　筑,直方運輸セ    ,38,7,,,,,1328,1344,便,637,H,,1551
6802,B,便,637,H,折尾　筑,直方    ,直方運輸セ    ,38,8,,,,,1551,1611,,6670,M,1638,1653
6803,B,,6670,M,直方    ,若松    ,直方運輸セ    ,38,9,,,,1638,1653,1732,,6673,M,,1753
6804,B,,6673,M,若松    ,直方    ,直方運輸セ    ,38,10,,,,,1753,1832,,6546,H,,1849
6805,B,,6546,H,直方    ,折尾　筑,直方運輸セ    ,38,11,,,,,1849,1910,,6547,H,,1920
6806,B,,6547,H,折尾　筑,直方    ,直方運輸セ    ,38,12,,,,,1920,1941,,6554,H,,2004
6807,B,,6554,H,直方    ,折尾　筑,直方運輸セ    ,38,13,,,,,2004,2024,,6555,H,,2031
6808,B,,6555,H,折尾　筑,直方    ,直方運輸セ    ,38,14,,,,,2031,2052,終,,,,
6809,B,,2637,H,直方    ,博多    ,直方運輸セ    ,39,1,,,,757,811,918,,2638,H,1027,1036
6810,B,,2638,H,博多    ,新飯塚  ,直方運輸セ    ,39,2,,,,1027,1036,1128,,2647,H,,1143
6811,B,,2647,H,新飯塚  ,博多    ,直方運輸セ    ,39,3,,,,,1143,1234,,4632,H,1334,1351
6812,B,,4632,H,博多    ,直方    ,直方運輸セ    ,39,4,,,,1334,1351,1454,終,,,,
6813,B,,6666,M,直方    ,若松    ,直方運輸セ    ,40,1,,,,1536,1603,1647,,6669,M,,1655
6814,B,,6669,M,若松    ,直方    ,直方運輸セ    ,40,2,,,,,1655,1735,,6674,M,,1743
6815,B,,6674,M,直方    ,若松    ,直方運輸セ    ,40,3,,,,,1743,1827,,6677,M,,1835
6816,B,,6677,M,若松    ,折尾　筑,直方運輸セ    ,40,4,,,,,1835,1850,,6678,M,,1914
6817,B,,6678,M,折尾　筑,若松    ,直方運輸セ    ,40,5,,,,,1914,1930,,6681,M,,1937
6818,B,,6681,M,若松    ,折尾　筑,直方運輸セ    ,40,6,,,,,1937,1953,,6557,H,2055,2100
6819,B,,6557,H,折尾　筑,直方    ,直方運輸セ    ,40,7,,,,2055,2100,2121,,2676,H,2141,2151
6820,B,,2676,H,直方    ,折尾　筑,直方運輸セ    ,40,8,,,,2141,2151,2212,,6563,H,,2220
6821,B,,6563,H,折尾　筑,直方    ,直方運輸セ    ,40,9,,,,,2220,2240,,4621,H,,639
6822,B,,4621,H,直方    ,博多    ,直方運輸セ    ,40,10,,,,,639,749,,5628,H,811,817
6823,B,,5628,H,博多    ,篠栗    ,直方運輸セ    ,40,11,,,,811,817,836,,5633,H,,841
6824,B,,5633,H,篠栗    ,博多    ,直方運輸セ    ,40,12,,,,,841,859,,4624,H,953,1000
6825,B,,4624,H,博多    ,直方    ,直方運輸セ    ,40,13,,,,953,1000,1101,終,,,,
6826,B,,2657,H,直方    ,博多    ,直方運輸セ    ,51,1,,,,1344,1349,1459,,2658,H,1534,1545
6827,B,,2658,H,博多    ,直方    ,直方運輸セ    ,51,2,,,,1534,1545,1650,,6542,H,1757,1804
6828,B,,6542,H,直方    ,折尾　筑,直方運輸セ    ,51,3,,,,1757,1804,1824,,6543,H,,1837
6829,B,,6543,H,折尾　筑,直方    ,直方運輸セ    ,51,4,,,,,1837,1858,,6548,H,,1906
6830,B,,6548,H,直方    ,折尾　筑,直方運輸セ    ,51,5,,,,,1906,1927,,6549,H,,1936
6831,B,,6549,H,折尾　筑,直方    ,直方運輸セ    ,51,6,,,,,1936,1956,,6558,H,,2108
6832,B,,6558,H,直方    ,折尾　筑,直方運輸セ    ,51,7,,,,,2108,2128,,6559,H,,2141
6833,B,,6559,H,折尾　筑,直方    ,直方運輸セ    ,51,8,,,,,2141,2201,,6564,H,2240,2302
6834,B,,6564,H,直方    ,折尾　筑,直方運輸セ    ,51,9,,,,2240,2302,2322,,6567,H,,2332
6835,B,,6567,H,折尾　筑,直方    ,直方運輸セ    ,51,10,,,,,2332,2352,,2633,H,,716
6836,B,,2633,H,直方    ,博多    ,直方運輸セ    ,51,11,,,,,716,823,,5632,H,851,854
6837,B,,5632,H,博多    ,篠栗    ,直方運輸セ    ,51,12,,,,851,854,912,,5637,H,,917
6838,B,,5637,H,篠栗    ,博多    ,直方運輸セ    ,51,13,,,,,917,936,,2636,H,1006,1011
6839,B,,2636,H,博多    ,直方    ,直方運輸セ    ,51,14,,,,1006,1011,1119,終,,,,
6840,B,,2639,H,直方    ,博多    ,直方運輸セ    ,52,1,,,,839,841,953,,2144,M,1123,1125
6841,B,,2144,M,博多    ,折尾　鹿,直方運輸セ    ,52,2,,,,1123,1125,1235,,2151,M,,1258
6842,B,,2151,M,折尾　鹿,博多    ,直方運輸セ    ,52,3,,,,,1258,1409,,2660,H,,1630
6843,B,,2660,H,博多    ,直方    ,直方運輸セ    ,52,4,,,,,1630,1739,,2677,H,1842,1844
6844,B,,2677,H,直方    ,博多    ,直方運輸セ    ,52,5,,,,1842,1844,1950,,2674,H,2003,2008
6845,B,,2674,H,博多    ,直方    ,直方運輸セ    ,52,6,,,,2003,2008,2119,,2695,H,2220,2242
6846,B,,2695,H,直方    ,博多    ,直方運輸セ    ,52,7,,,,2220,2242,2345,,2622,H,631,637
6847,B,,2622,H,博多    ,直方    ,直方運輸セ    ,52,8,,,,631,637,757,終,,,,
6848,B,,630,H,直方    ,門司港  ,直方運輸セ    ,53,1,,,,1125,1127,1232,,633,H,1300,1305
6849,B,,633,H,門司港  ,直方    ,直方運輸セ    ,53,2,,,,1300,1305,1412,,4643,H,1652,1657
6850,B,,4643,H,直方    ,博多    ,直方運輸セ    ,53,3,,,,1652,1657,1801,,4648,H,1855,1857
6851,B,,4648,H,博多    ,直方    ,直方運輸セ    ,53,4,,,,1855,1857,2001,,2685,H,,2033
6852,B,,2685,H,直方    ,博多    ,直方運輸セ    ,53,5,,,,,2033,2136,,2686,H,2253,2305
6853,B,,2686,H,博多    ,直方    ,直方運輸セ    ,53,6,,,,2253,2305,12,,1091,H,,705
6854,B,,1091,H,直方    ,博多    ,直方運輸セ    ,53,7,,,,,705,802,回,1091,H,,807
6855,B,回,1091,H,博多    ,竹下小  ,直方運輸セ    ,53,8,,,,,807,811,便,2130,M,,838
6856,B,移動,,,竹下小  ,竹下    ,直方運輸セ    ,53,9,,,,,,,便,2130,M,,838
6857,B,便,2130,M,竹下    ,博多    ,直方運輸セ    ,53,10,,,,,838,841,,4620,H,859,902
6858,B,,4620,H,博多    ,直方    ,直方運輸セ    ,53,11,,,,859,902,1003,終,,,,
6859,B,,6658,M,直方    ,若松    ,直方運輸セ    ,54,1,,,,1336,1404,1447,,6661,M,,1459
6860,B,,6661,M,若松    ,直方    ,直方運輸セ    ,54,2,,,,,1459,1536,,6668,M,,1635
6861,B,,6668,M,直方    ,若松    ,直方運輸セ    ,54,3,,,,,1635,1715,,6671,M,,1728
6862,B,,6671,M,若松    ,直方    ,直方運輸セ    ,54,4,,,,,1728,1812,,6550,H,,1925
6863,B,,6550,H,直方    ,折尾　筑,直方運輸セ    ,54,5,,,,,1925,1949,,6551,H,,1954
6864,B,,6551,H,折尾　筑,直方    ,直方運輸セ    ,54,6,,,,,1954,2014,,6556,H,,2035
6865,B,,6556,H,直方    ,折尾　筑,直方運輸セ    ,54,7,,,,,2035,2055,,6688,M,2114,2135
6866,B,,6688,M,折尾　筑,若松    ,直方運輸セ    ,54,8,,,,2114,2135,2151,,6691,M,,2202
6867,B,,6691,M,若松    ,折尾　筑,直方運輸セ    ,54,9,,,,,2202,2218,,6692,M,,2233
6868,B,,6692,M,折尾　筑,若松    ,直方運輸セ    ,54,10,,,,,2233,2249,,6695,M,,2302
6869,B,,6695,M,若松    ,折尾　筑,直方運輸セ    ,54,11,,,,,2302,2317,回,6621,M,,535
6870,B,回,6621,M,折尾　筑,若松    ,直方運輸セ    ,54,12,,,,,535,545,,6621,M,,550
6871,B,,6621,M,若松    ,折尾　筑,直方運輸セ    ,54,13,,,,,550,605,,6622,M,,613
6872,B,,6622,M,折尾　筑,若松    ,直方運輸セ    ,54,14,,,,,613,628,,6625,M,,632
6873,B,,6625,M,若松    ,折尾　筑,直方運輸セ    ,54,15,,,,,632,647,,6626,M,,705
6874,B,,6626,M,折尾　筑,若松    ,直方運輸セ    ,54,16,,,,,705,721,,6629,M,,725
6875,B,,6629,M,若松    ,折尾　筑,直方運輸セ    ,54,17,,,,,725,740,,6630,M,,751
6876,B,,6630,M,折尾　筑,若松    ,直方運輸セ    ,54,18,,,,,751,807,,6633,M,,811
6877,B,,6633,M,若松    ,折尾　筑,直方運輸セ    ,54,19,,,,,811,826,,6638,M,912,920
6878,B,,6638,M,折尾　筑,若松    ,直方運輸セ    ,54,20,,,,912,920,935,,6641,M,,947
6879,B,,6641,M,若松    ,折尾　筑,直方運輸セ    ,54,21,,,,,947,1003,,6539,H,1029,1036
6880,B,,6539,H,折尾　筑,直方    ,直方運輸セ    ,54,22,,,,1029,1036,1057,終,,,,
6881,B,,628,H,直方    ,門司港  ,直方運輸セ    ,55,1,,,,959,1028,1137,,631,H,,1205
6882,B,,631,H,門司港  ,直方    ,直方運輸セ    ,55,2,,,,,1205,1311,,636,H,1412,1427
6883,B,,636,H,直方    ,門司港  ,直方運輸セ    ,55,3,,,,1412,1427,1531,,4149,M,1630,1642
6884,B,,4149,M,門司港  ,南福岡  ,直方運輸セ    ,55,4,,,,1630,1642,1851,,4156,M,2019,2020
6885,B,,4156,M,南福岡  ,小倉    ,直方運輸セ    ,55,5,,,,2019,2020,2200,便,570,M,,2206
6886,B,便,570,M,小倉    ,門司港  ,直方運輸セ    ,55,6,,,,,2206,2220,回,121,M,,437
6887,B,回,121,M,門司港  ,小倉    ,直方運輸セ    ,55,7,,,,,437,447,,121,M,,451
6888,B,,121,M,小倉    ,博多    ,直方運輸セ    ,55,8,,,,,451,615,,5624,H,717,742
6889,B,,5624,H,博多    ,長者原篠,直方運輸セ    ,55,9,,,,717,742,754,,5627,H,,804
6890,B,,5627,H,長者原篠,博多    ,直方運輸セ    ,55,10,,,,,804,816,,2632,H,841,845
6891,B,,2632,H,博多    ,直方    ,直方運輸セ    ,55,11,,,,841,845,953,終,,,,
6892,B,,6654,M,直方    ,若松    ,直方運輸セ    ,56,1,,,,1236,1304,1347,,6657,M,,1359
6893,B,,6657,M,若松    ,直方    ,直方運輸セ    ,56,2,,,,,1359,1436,,4641,H,1545,1605
6894,B,,4641,H,直方    ,博多    ,直方運輸セ    ,56,3,,,,1545,1605,1715,,2666,H,1801,1810
6895,B,,2666,H,博多    ,新飯塚  ,直方運輸セ    ,56,4,,,,1801,1810,1900,,2679,H,,1910
6896,B,,2679,H,新飯塚  ,博多    ,直方運輸セ    ,56,5,,,,,1910,2015,,4656,H,2053,2100
6897,B,,4656,H,博多    ,直方    ,直方運輸セ    ,56,6,,,,2053,2100,2159,,6524,H,,616
6898,B,,6524,H,直方    ,折尾　筑,直方運輸セ    ,56,7,,,,,616,636,,6525,H,,649
6899,B,,6525,H,折尾　筑,直方    ,直方運輸セ    ,56,8,,,,,649,710,,4623,H,,739
6900,B,,4623,H,直方    ,博多    ,直方運輸セ    ,56,9,,,,,739,841,便,2632,H,,845
6901,B,便,2632,H,博多    ,直方    ,直方運輸セ    ,56,10,,,,,845,953,終,,,,
6902,B,便,4631,H,直方    ,博多    ,直方運輸セ    ,57,1,,,,,1115,1217,,4132,M,1309,1310
6903,B,,4132,M,博多    ,門司港  ,直方運輸セ    ,57,2,,,,1309,1310,1447,,2227,M,,1623
6904,B,,2227,M,門司港  ,遠賀川  ,直方運輸セ    ,57,3,,,,,1623,1717,,2230,M,,1732
6905,B,,2230,M,遠賀川  ,門司港  ,直方運輸セ    ,57,4,,,,,1732,1833,,2879,M,1955,2000
6906,B,,2879,M,門司港  ,南福岡  ,直方運輸セ    ,57,5,,,,1955,2000,2210,,2326,M,647,648
6907,B,,2326,M,南福岡  ,門司港  ,直方運輸セ    ,57,6,,,,647,648,849,便,4125,M,,914
6908,B,便,4125,M,門司港  ,小倉    ,直方運輸セ    ,57,7,,,,,914,927,便,3012,M,,939
6909,B,便,3012,M,小倉    ,折尾　鹿,直方運輸セ    ,57,8,,,,,939,954,便,6537,H,,1006
6910,B,移動,,,折尾　鹿,折尾　筑,直方運輸セ    ,57,9,,,,,,,便,6537,H,,1006
6911,B,便,6537,H,折尾　筑,直方    ,直方運輸セ    ,57,10,,,,,1006,1026,終,,,,
6912,B,,6650,M,直方    ,若松    ,直方運輸セ    ,58,1,,,,1136,1204,1247,,6653,M,,1259
6913,B,,6653,M,若松    ,直方    ,直方運輸セ    ,58,2,,,,,1259,1336,,4639,H,,1515
6914,B,,4639,H,直方    ,博多    ,直方運輸セ    ,58,3,,,,,1515,1616,,2662,H,1704,1708
6915,B,,2662,H,博多    ,新飯塚  ,直方運輸セ    ,58,4,,,,1704,1708,1800,回,2662,H,,1805
6916,B,回,2662,H,新飯塚  ,直方    ,直方運輸セ    ,58,5,,,,,1805,1817,,4649,H,,1822
6917,B,,4649,H,直方    ,博多    ,直方運輸セ    ,58,6,,,,,1822,1926,,5646,H,2015,2019
6918,B,,5646,H,博多    ,篠栗    ,直方運輸セ    ,58,7,,,,2015,2019,2039,,5651,H,,2057
6919,B,,5651,H,篠栗    ,博多    ,直方運輸セ    ,58,8,,,,,2057,2120,,2682,H,2207,2210
6920,B,,2682,H,博多    ,直方    ,直方運輸セ    ,58,9,,,,2207,2210,2313,,622,H,604,653
6921,B,,622,H,直方    ,門司港  ,直方運輸セ    ,58,10,,,,604,653,758,,623,H,,811
6922,B,,623,H,門司港  ,直方    ,直方運輸セ    ,58,11,,,,,811,911,終,,,,
6923,B,,6532,H,直方    ,折尾　筑,直方運輸セ    ,59,1,,,,737,747,808,,4625,H,,831
6924,B,,4625,H,折尾　筑,博多    ,直方運輸セ    ,59,2,,,,,831,1006,,2640,H,1056,1108
6925,B,,2640,H,博多    ,直方    ,直方運輸セ    ,59,3,,,,1056,1108,1220,,4637,H,,1414
6926,B,,4637,H,直方    ,博多    ,直方運輸セ    ,59,4,,,,,1414,1517,,4636,H,,1528
6927,B,,4636,H,博多    ,直方    ,直方運輸セ    ,59,5,,,,,1528,1632,終,,,,
6928,B,,2661,H,直方    ,博多    ,直方運輸セ    ,61,1,,,,1412,1449,1600,,4642,H,1715,1722
6929,B,,4642,H,博多    ,直方    ,直方運輸セ    ,61,2,,,,1715,1722,1827,便,6546,H,,1849
6930,B,便,6546,H,直方    ,折尾　筑,直方運輸セ    ,61,3,,,,,1849,1910,,6680,M,1919,1946
6931,B,,6680,M,折尾　筑,若松    ,直方運輸セ    ,61,4,,,,1919,1946,2002,,6683,M,,2013
6932,B,,6683,M,若松    ,折尾　筑,直方運輸セ    ,61,5,,,,,2013,2028,,6684,M,,2036
6933,B,,6684,M,折尾　筑,若松    ,直方運輸セ    ,61,6,,,,,2036,2051,,6687,M,,2058
6934,B,,6687,M,若松    ,折尾　筑,直方運輸セ    ,61,7,,,,,2058,2114,,6690,M,2143,2209
6935,B,,6690,M,折尾　筑,若松    ,直方運輸セ    ,61,8,,,,2143,2209,2224,,6693,M,,2233
6936,B,,6693,M,若松    ,折尾　筑,直方運輸セ    ,61,9,,,,,2233,2249,,6694,M,,2311
6937,B,,6694,M,折尾　筑,若松    ,直方運輸セ    ,61,10,,,,,2311,2327,,6697,M,,2331
6938,B,,6697,M,若松    ,直方    ,直方運輸セ    ,61,11,,,,,2331,14,,2635,H,,754
6939,B,,2635,H,直方    ,博多    ,直方運輸セ    ,61,12,,,,,754,910,,2634,H,936,939
6940,B,,2634,H,博多    ,直方    ,直方運輸セ    ,61,13,,,,936,939,1043,終,,,,
6941,B,,2643,H,直方    ,博多    ,直方運輸セ    ,62,1,,,,1003,1029,1141,,2646,H,1226,1228
6942,B,,2646,H,博多    ,新飯塚  ,直方運輸セ    ,62,2,,,,1226,1228,1320,,2655,H,,1343
6943,B,,2655,H,新飯塚  ,博多    ,直方運輸セ    ,62,3,,,,,1343,1434,,4638,H,1616,1622
6944,B,,4638,H,博多    ,直方    ,直方運輸セ    ,62,4,,,,1616,1622,1721,,4647,H,1743,1758
6945,B,,4647,H,直方    ,博多    ,直方運輸セ    ,62,5,,,,1743,1758,1903,,4652,H,1950,1957
6946,B,,4652,H,博多    ,直方    ,直方運輸セ    ,62,6,,,,1950,1957,2104,,6522,H,,549
6947,B,,6522,H,直方    ,折尾　筑,直方運輸セ    ,62,7,,,,,549,610,,6523,H,,624
6948,B,,6523,H,折尾　筑,直方    ,直方運輸セ    ,62,8,,,,,624,645,,1620,H,732,736
6949,B,,1620,H,直方    ,小倉    ,直方運輸セ    ,62,9,,,,732,736,839,,625,H,,847
6950,B,,625,H,小倉    ,直方    ,直方運輸セ    ,62,10,,,,,847,937,終,,,,
6951,B,,4631,H,直方    ,博多    ,直方運輸セ    ,63,1,,,,1027,1115,1217,,2650,H,1317,1328
6952,B,,2650,H,博多    ,新飯塚  ,直方運輸セ    ,63,2,,,,1317,1328,1420,,2659,H,,1442
6953,B,,2659,H,新飯塚  ,博多    ,直方運輸セ    ,63,3,,,,,1442,1534,,4640,H,1653,1656
6954,B,,4640,H,博多    ,直方    ,直方運輸セ    ,63,4,,,,1653,1656,1800,回,2675,H,,1806
6955,B,回,2675,H,直方    ,新飯塚  ,直方運輸セ    ,63,5,,,,,1806,1817,,2675,H,,1821
6956,B,,2675,H,新飯塚  ,博多    ,直方運輸セ    ,63,6,,,,,1821,1915,,5644,H,1939,1943
6957,B,,5644,H,博多    ,篠栗    ,直方運輸セ    ,63,7,,,,1939,1943,2008,,5649,H,,2013
6958,B,,5649,H,篠栗    ,博多    ,直方運輸セ    ,63,8,,,,,2013,2041,,1092,H,2124,2137
6959,B,,1092,H,博多    ,直方    ,直方運輸セ    ,63,9,,,,2124,2137,2229,,2631,H,,652
6960,B,,2631,H,直方    ,博多    ,直方運輸セ    ,63,10,,,,,652,758,,2630,H,823,827
6961,B,,2630,H,博多    ,直方    ,直方運輸セ    ,63,11,,,,823,827,930,終,,,,
6962,B,,632,H,直方    ,門司港  ,直方運輸セ    ,64,1,,,,,1228,1332,,635,H,1400,1405
6963,B,,635,H,門司港  ,直方    ,直方運輸セ    ,64,2,,,,1400,1405,1511,,4645,H,1650,1723
6964,B,,4645,H,直方    ,博多    ,直方運輸セ    ,64,3,,,,1650,1723,1829,,4650,H,1915,1919
6965,B,,4650,H,博多    ,直方    ,直方運輸セ    ,64,4,,,,1915,1919,2028,,2693,H,,2225
6966,B,,2693,H,直方    ,博多    ,直方運輸セ    ,64,5,,,,,2225,2335,回,5623,H,,601
6967,B,回,5623,H,博多    ,篠栗    ,直方運輸セ    ,64,6,,,,,601,624,,5623,H,,644
6968,B,,5623,H,篠栗    ,博多    ,直方運輸セ    ,64,7,,,,,644,703,,5626,H,749,752
6969,B,,5626,H,博多    ,篠栗    ,直方運輸セ    ,64,8,,,,749,752,816,,5631,H,,829
6970,B,,5631,H,篠栗    ,博多    ,直方運輸セ    ,64,9,,,,,829,851,,4622,H,927,930
6971,B,,4622,H,博多    ,直方    ,直方運輸セ    ,64,10,,,,927,930,1027,終,,,,
6972,B,,2645,H,直方    ,博多    ,直方運輸セ    ,65,1,,,,1035,1050,1203,,4630,H,1249,1251
6973,B,,4630,H,博多    ,直方    ,直方運輸セ    ,65,2,,,,1249,1251,1354,,2671,H,,1707
6974,B,,2671,H,直方    ,博多    ,直方運輸セ    ,65,3,,,,,1707,1816,,2670,H,1903,1909
6975,B,,2670,H,博多    ,直方    ,直方運輸セ    ,65,4,,,,1903,1909,2018,,2689,H,2126,2135
6976,B,,2689,H,直方    ,博多    ,直方運輸セ    ,65,5,,,,2126,2135,2248,,2690,H,2345,2349
6977,B,,2690,H,博多    ,新飯塚  ,直方運輸セ    ,65,6,,,,2345,2349,35,回,6528,H,,620
6978,B,回,6528,H,新飯塚  ,飯塚    ,直方運輸セ    ,65,7,,,,,620,623,,6528,H,,627
6979,B,,6528,H,飯塚    ,折尾　筑,直方運輸セ    ,65,8,,,,,627,723,,6529,H,,730
6980,B,,6529,H,折尾　筑,直方    ,直方運輸セ    ,65,9,,,,,730,753,,6534,H,805,823
6981,B,,6534,H,直方    ,折尾　筑,直方運輸セ    ,65,10,,,,805,823,844,,6533,H,,901
6982,B,,6533,H,折尾　筑,直方    ,直方運輸セ    ,65,11,,,,,901,922,終,,,,
6983,B,,4627,H,直方    ,博多    ,直方運輸セ    ,66,1,,,,913,927,1027,,2642,H,1117,1128
6984,B,,2642,H,博多    ,新飯塚  ,直方運輸セ    ,66,2,,,,1117,1128,1218,,2651,H,,1243
6985,B,,2651,H,新飯塚  ,博多    ,直方運輸セ    ,66,3,,,,,1243,1334,,5636,H,1600,1603
6986,B,,5636,H,博多    ,篠栗    ,直方運輸セ    ,66,4,,,,1600,1603,1623,,5641,H,,1644
6987,B,,5641,H,篠栗    ,博多    ,直方運輸セ    ,66,5,,,,,1644,1704,,4644,H,1749,1754
6988,B,,4644,H,博多    ,直方    ,直方運輸セ    ,66,6,,,,1749,1754,1900,終,,,,
6989,B,,6526,H,直方    ,折尾　筑,直方運輸セ    ,67,1,,,,,641,702,,6527,H,,716
6990,B,,6527,H,折尾　筑,直方    ,直方運輸セ    ,67,2,,,,,716,737,,624,H,753,802
6991,B,,624,H,直方    ,小倉    ,直方運輸セ    ,67,3,,,,753,802,902,回,624,H,,910
6992,B,回,624,H,小倉    ,門司港  ,直方運輸セ    ,67,4,,,,,910,924,,629,H,1043,1105
6993,B,,629,H,門司港  ,直方    ,直方運輸セ    ,67,5,,,,1043,1105,1211,終,,,,
6994,B,,4629,H,直方    ,博多    ,直方運輸セ    ,68,1,,,,1010,1015,1117,,4628,H,1141,1151
6995,B,,4628,H,博多    ,直方    ,直方運輸セ    ,68,2,,,,1141,1151,1256,,2665,H,1530,1545
6996,B,,2665,H,直方    ,博多    ,直方運輸セ    ,68,3,,,,1530,1545,1653,,2664,H,1728,1733
6997,B,,2664,H,博多    ,直方    ,直方運輸セ    ,68,4,,,,1728,1733,1843,,4653,H,,1924
6998,B,,4653,H,直方    ,博多    ,直方運輸セ    ,68,5,,,,,1924,2025,,2678,H,2107,2111
6999,B,,2678,H,博多    ,直方    ,直方運輸セ    ,68,6,,,,2107,2111,2215,回,620,H,,522
7000,B,回,620,H,直方    ,桂川    ,直方運輸セ    ,68,7,,,,,522,553,,620,H,,558
7001,B,,620,H,桂川    ,小倉    ,直方運輸セ    ,68,8,,,,,558,721,,621,H,,743
7002,B,,621,H,小倉    ,直方    ,直方運輸セ    ,68,9,,,,,743,837,終,,,,
7003,B,,626,H,直方    ,小倉    ,直方運輸セ    ,69,1,,,,913,918,1020,,627,H,,1027
7004,B,,627,H,小倉    ,直方    ,直方運輸セ    ,69,2,,,,,1027,1114,,2653,H,1245,1250
7005,B,,2653,H,直方    ,博多    ,直方運輸セ    ,69,3,,,,1245,1250,1359,,2652,H,,1408
7006,B,,2652,H,博多    ,直方    ,直方運輸セ    ,69,4,,,,,1408,1520,,6540,H,,1705
7007,B,,6540,H,直方    ,折尾　筑,直方運輸セ    ,69,5,,,,,1705,1726,,6541,H,,1736
7008,B,,6541,H,折尾　筑,直方    ,直方運輸セ    ,69,6,,,,,1736,1757,,4651,H,1846,1900
7009,B,,4651,H,直方    ,博多    ,直方運輸セ    ,69,7,,,,1846,1900,2003,,4654,H,2025,2028
7010,B,,4654,H,博多    ,直方    ,直方運輸セ    ,69,8,,,,2025,2028,2126,,2625,H,,545
7011,B,,2625,H,直方    ,博多    ,直方運輸セ    ,69,9,,,,,545,652,,2624,H,,656
7012,B,,2624,H,博多    ,直方    ,直方運輸セ    ,69,10,,,,,656,815,終,,,,
7013,B,,2641,H,直方    ,博多    ,直方運輸セ    ,71,1,,,,930,942,1049,,2644,H,1203,1208
7014,B,,2644,H,博多    ,直方    ,直方運輸セ    ,71,2,,,,1203,1208,1320,,6662,M,1449,1503
7015,B,,6662,M,直方    ,若松    ,直方運輸セ    ,71,3,,,,1449,1503,1547,,6665,M,,1557
7016,B,,6665,M,若松    ,直方    ,直方運輸セ    ,71,4,,,,,1557,1638,終,,,,
7017,B,,5126,D,長崎    ,長与    ,長崎総合乗務セ,1,1,,,,,1424,1440,,5135,D,,1528
7018,B,,5135,D,長与    ,長崎    ,長崎総合乗務セ,1,2,,,,,1528,1546,,5130,D,1732,1737
7019,B,,5130,D,長崎    ,長与    ,長崎総合乗務セ,1,3,,,,1732,1737,1755,,5139,D,,1822
7020,B,,5139,D,長与    ,長崎    ,長崎総合乗務セ,1,4,,,,,1822,1838,,4132,D,,1900
7021,B,,4132,D,長崎    ,諫早    ,長崎総合乗務セ,1,5,,,,,1900,1933,,142,D,,2049
7022,B,,142,D,諫早    ,湯江    ,長崎総合乗務セ,1,6,,,,,2049,2107,,149,D,,2134
7023,B,,149,D,湯江    ,長崎    ,長崎総合乗務セ,1,7,,,,,2134,2230,,5142,D,2325,2330
7024,B,,5142,D,長崎    ,長与    ,長崎総合乗務セ,1,8,,,,2325,2330,2346,回,5142,D,,2351
7025,B,回,5142,D,長与    ,長崎    ,長崎総合乗務セ,1,9,,,,,2351,2,,3224,D,725,740
7026,B,,3224,D,長崎    ,佐世保  ,長崎総合乗務セ,1,10,,,,725,740,942,,4223,D,,1011
7027,B,,4223,D,佐世保  ,長崎    ,長崎総合乗務セ,1,11,,,,,1011,1206,終,,,,
7028,B,,226,D,長崎    ,早岐    ,長崎総合乗務セ,2,1,,,,806,818,1010,,6922,D,1035,1040
7029,B,,6922,D,早岐    ,江北    ,長崎総合乗務セ,2,2,,,,1035,1040,1138,,6931,D,1250,1255
7030,B,,6931,D,江北    ,早岐    ,長崎総合乗務セ,2,3,,,,1250,1255,1349,,6930,D,,1645
7031,B,,6930,D,早岐    ,江北    ,長崎総合乗務セ,2,4,,,,,1645,1736,,4133,D,,1750
7032,B,,4133,D,江北    ,諫早    ,長崎総合乗務セ,2,5,,,,,1750,1907,,247,D,2046,2101
7033,B,,247,D,諫早    ,長崎    ,長崎総合乗務セ,2,6,,,,2046,2101,2151,回,5121,D,,529
7034,B,回,5121,D,長崎    ,諫早    ,長崎総合乗務セ,2,7,,,,,529,551,,5121,D,,556
7035,B,,5121,D,諫早    ,長崎    ,長崎総合乗務セ,2,8,,,,,556,642,終,,,,
7036,B,,4126,D,長崎    ,肥前浜  ,長崎総合乗務セ,3,1,,,,,1220,1350,,4127,D,,1359
7037,B,,4127,D,肥前浜  ,諫早    ,長崎総合乗務セ,3,2,,,,,1359,1455,,137,D,1603,1608
7038,B,,137,D,諫早    ,長崎    ,長崎総合乗務セ,3,3,,,,1603,1608,1642,,134,D,,1753
7039,B,,134,D,長崎    ,諫早    ,長崎総合乗務セ,3,4,,,,,1753,1826,,143,D,1940,1945
7040,B,,143,D,諫早    ,長崎    ,長崎総合乗務セ,3,5,,,,1940,1945,2027,,4134,D,2142,2147
7041,B,,4134,D,長崎    ,諫早    ,長崎総合乗務セ,3,6,,,,2142,2147,2223,回,2122,D,,528
7042,B,回,2122,D,諫早    ,肥前大浦,長崎総合乗務セ,3,7,,,,,528,555,,2122,D,,615
7043,B,,2122,D,肥前大浦,江北    ,長崎総合乗務セ,3,8,,,,,615,659,,4125,D,,727
7044,B,,4125,D,江北    ,長崎    ,長崎総合乗務セ,3,9,,,,,727,932,終,,,,
7045,B,,130,D,長崎    ,諫早    ,長崎総合乗務セ,4,1,,,,,934,1005,,133,D,1101,1106
7046,B,,133,D,諫早    ,長崎    ,長崎総合乗務セ,4,2,,,,1101,1106,1139,,4226,D,,1303
7047,B,,4226,D,長崎    ,早岐    ,長崎総合乗務セ,4,3,,,,,1303,1441,,241,D,,1602
7048,B,,241,D,早岐    ,長崎    ,長崎総合乗務セ,4,4,,,,,1602,1812,構,139,D,1904,1904
7049,B,構,139,D,長崎    ,長崎    ,長崎総合乗務セ,4,5,,,,1904,1904,1904,,144,D,,2035
7050,B,,144,D,長崎    ,諫早    ,長崎総合乗務セ,4,6,,,,,2035,2107,回,144,D,,2112
7051,B,回,144,D,諫早    ,長崎    ,長崎総合乗務セ,4,7,,,,,2112,2137,,5138,D,,2159
7052,B,,5138,D,長崎    ,長与    ,長崎総合乗務セ,4,8,,,,,2159,2215,,5143,D,,2223
7053,B,,5143,D,長与    ,長崎    ,長崎総合乗務セ,4,9,,,,,2223,2240,,3220,D,,615
7054,B,,3220,D,長崎    ,竹松    ,長崎総合乗務セ,4,10,,,,,615,712,,3221,D,,727
7055,B,,3221,D,竹松    ,長崎    ,長崎総合乗務セ,4,11,,,,,727,829,終,,,,
7056,B,,230,D,長崎    ,竹松    ,長崎総合乗務セ,5,1,,,,1114,1119,1227,,233,D,,1242
7057,B,,233,D,竹松    ,諫早    ,長崎総合乗務セ,5,2,,,,,1242,1304,,4127,D,1455,1456
7058,B,,4127,D,諫早    ,長崎    ,長崎総合乗務セ,5,3,,,,1455,1456,1532,,132,D,,1647
7059,B,,132,D,長崎    ,諫早    ,長崎総合乗務セ,5,4,,,,,1647,1720,,243,D,1815,1822
7060,B,,243,D,諫早    ,長崎    ,長崎総合乗務セ,5,5,,,,1815,1822,1908,,3234,D,,1928
7061,B,,3234,D,長崎    ,早岐    ,長崎総合乗務セ,5,6,,,,,1928,2102,,2227,D,2208,2210
7062,B,,2227,D,早岐    ,長崎    ,長崎総合乗務セ,5,7,,,,2208,2210,2348,,120,D,,548
7063,B,,120,D,長崎    ,諫早    ,長崎総合乗務セ,5,8,,,,,548,619,,5123,D,,630
7064,B,,5123,D,諫早    ,長崎    ,長崎総合乗務セ,5,9,,,,,630,725,回,5127,D,756,802
7065,B,回,5127,D,長崎    ,長与    ,長崎総合乗務セ,5,10,,,,756,802,815,,5127,D,,834
7066,B,,5127,D,長与    ,長崎    ,長崎総合乗務セ,5,11,,,,,834,850,終,,,,
7067,B,,122,D,長崎    ,諫早    ,長崎総合乗務セ,6,1,,,,,600,630,,4124,D,751,756
7068,B,,4124,D,諫早    ,肥前浜  ,長崎総合乗務セ,6,2,,,,751,756,854,,2123,D,1002,1007
7069,B,,2123,D,肥前浜  ,多良    ,長崎総合乗務セ,6,3,,,,1002,1007,1022,,2126,D,,1044
7070,B,,2126,D,多良    ,江北    ,長崎総合乗務セ,6,4,,,,,1044,1118,,6929,D,1146,1151
7071,B,,6929,D,江北    ,早岐    ,長崎総合乗務セ,6,5,,,,1146,1151,1242,,4226,D,1441,1453
7072,B,,4226,D,早岐    ,佐世保  ,長崎総合乗務セ,6,6,,,,1441,1453,1506,,4233,D,,1511
7073,B,,4233,D,佐世保  ,長崎    ,長崎総合乗務セ,6,7,,,,,1511,1654,終,,,,
7074,B,便,4224,D,長崎    ,諫早    ,長崎総合乗務セ,7,1,,,,,1200,1228,,232,D,1304,1312
7075,B,,232,D,諫早    ,竹松    ,長崎総合乗務セ,7,2,,,,1304,1312,1336,,235,D,,1342
7076,B,,235,D,竹松    ,長崎    ,長崎総合乗務セ,7,3,,,,,1342,1500,,3230,D,,1708
7077,B,,3230,D,長崎    ,佐世保  ,長崎総合乗務セ,7,4,,,,,1708,1902,,247,D,,1924
7078,B,,247,D,佐世保  ,諫早    ,長崎総合乗務セ,7,5,,,,,1924,2046,,4134,D,2223,2233
7079,B,,4134,D,諫早    ,江北    ,長崎総合乗務セ,7,6,,,,2223,2233,2350,,4121,D,,514
7080,B,,4121,D,江北    ,諫早    ,長崎総合乗務セ,7,7,,,,,514,634,,125,D,651,652
7081,B,,125,D,諫早    ,長崎    ,長崎総合乗務セ,7,8,,,,651,652,732,終,,,,
7082,B,,5124,D,長崎    ,諫早    ,長崎総合乗務セ,8,1,,,,1152,1212,1305,,5133,D,,1310
7083,B,,5133,D,諫早    ,長崎    ,長崎総合乗務セ,8,2,,,,,1310,1355,,236,D,,1512
7084,B,,236,D,長崎    ,竹松    ,長崎総合乗務セ,8,3,,,,,1512,1624,,2225,D,,1638
7085,B,,2225,D,竹松    ,長崎    ,長崎総合乗務セ,8,4,,,,,1638,1735,,5132,D,1829,1834
7086,B,,5132,D,長崎    ,長与    ,長崎総合乗務セ,8,5,,,,1829,1834,1850,,5141,D,,1922
7087,B,,5141,D,長与    ,長崎    ,長崎総合乗務セ,8,6,,,,,1922,1940,,246,D,2010,2015
7088,B,,246,D,長崎    ,佐世保  ,長崎総合乗務セ,8,7,,,,2010,2015,2240,,6940,D,,2255
7089,B,,6940,D,佐世保  ,早岐    ,長崎総合乗務セ,8,8,,,,,2255,2308,,6921,D,,618
7090,B,,6921,D,早岐    ,佐世保  ,長崎総合乗務セ,8,9,,,,,618,631,,225,D,,652
7091,B,,225,D,佐世保  ,長崎    ,長崎総合乗務セ,8,10,,,,,652,913,終,,,,
7092,B,,4220,D,長崎    ,佐世保  ,長崎総合乗務セ,9,1,,,,1002,1007,1157,,4227,D,,1202
7093,B,,4227,D,佐世保  ,早岐    ,長崎総合乗務セ,9,2,,,,,1202,1215,,6926,D,,1425
7094,B,,6926,D,早岐    ,江北    ,長崎総合乗務セ,9,3,,,,,1425,1514,,4129,D,1600,1605
7095,B,,4129,D,江北    ,諫早    ,長崎総合乗務セ,9,4,,,,1600,1605,1722,,139,D,1824,1829
7096,B,,139,D,諫早    ,長崎    ,長崎総合乗務セ,9,5,,,,1824,1829,1904,,5134,D,,1936
7097,B,,5134,D,長崎    ,長与    ,長崎総合乗務セ,9,6,,,,,1936,1953,回,5134,D,,2001
7098,B,回,5134,D,長与    ,長崎    ,長崎総合乗務セ,9,7,,,,,2001,2014,,3236,D,2048,2112
7099,B,,3236,D,長崎    ,佐世保  ,長崎総合乗務セ,9,8,,,,2048,2112,2312,,6942,D,,2331
7100,B,,6942,D,佐世保  ,早岐    ,長崎総合乗務セ,9,9,,,,,2331,2343,,2223,D,,621
7101,B,,2223,D,早岐    ,長崎    ,長崎総合乗務セ,9,10,,,,,621,822,終,,,,
7102,B,,5128,D,長崎    ,長与    ,長崎総合乗務セ,21,1,,,,,1657,1713,,5137,D,,1729
7103,B,,5137,D,長与    ,長崎    ,長崎総合乗務セ,21,2,,,,,1729,1745,,3232,D,1809,1814
7104,B,,3232,D,長崎    ,佐世保  ,長崎総合乗務セ,21,3,,,,1809,1814,2014,,6936,D,,2023
7105,B,,6936,D,佐世保  ,早岐    ,長崎総合乗務セ,21,4,,,,,2023,2036,,3233,D,2147,2153
7106,B,,3233,D,早岐    ,長崎    ,長崎総合乗務セ,21,5,,,,2147,2153,2320,,146,D,,2325
7107,B,,146,D,長崎    ,諫早    ,長崎総合乗務セ,21,6,,,,,2325,2355,,220,D,,531
7108,B,,220,D,諫早    ,早岐    ,長崎総合乗務セ,21,7,,,,,531,636,,6923,D,722,730
7109,B,,6923,D,早岐    ,佐世保  ,長崎総合乗務セ,21,8,,,,722,730,744,,3223,D,,751
7110,B,,3223,D,佐世保  ,長崎    ,長崎総合乗務セ,21,9,,,,,751,958,構,125,D,1104,1104
7111,B,構,125,D,長崎    ,長崎    ,長崎総合乗務セ,21,10,,,,1104,1104,1108,終,,,,
7112,B,,4224,D,長崎    ,佐世保  ,長崎総合乗務セ,22,1,,,,1139,1200,1406,,4231,D,,1412
7113,B,,4231,D,佐世保  ,早岐    ,長崎総合乗務セ,22,2,,,,,1412,1424,,6937,D,,1550
7114,B,,6937,D,早岐    ,佐世保  ,長崎総合乗務セ,22,3,,,,,1550,1606,,3225,D,,1613
7115,B,,3225,D,佐世保  ,長崎    ,長崎総合乗務セ,22,4,,,,,1613,1817,,244,D,1901,1906
7116,B,,244,D,長崎    ,佐世保  ,長崎総合乗務セ,22,5,,,,1901,1906,2144,,2227,D,,2155
7117,B,,2227,D,佐世保  ,早岐    ,長崎総合乗務セ,22,6,,,,,2155,2208,,221,D,,510
7118,B,,221,D,早岐    ,長崎    ,長崎総合乗務セ,22,7,,,,,510,713,,5120,D,,719
7119,B,,5120,D,長崎    ,諫早    ,長崎総合乗務セ,22,8,,,,,719,818,便,4125,D,,858
7120,B,便,4125,D,諫早    ,長崎    ,長崎総合乗務セ,22,9,,,,,858,932,構,4125,D,932,932
7121,B,構,4125,D,長崎    ,長崎    ,長崎総合乗務セ,22,10,,,,932,932,932,終,,,,
7122,B,便,4220,D,長崎    ,早岐    ,長崎総合乗務セ,23,1,,,,,1007,1140,,6924,D,1218,1219
7123,B,,6924,D,早岐    ,江北    ,長崎総合乗務セ,23,2,,,,1218,1219,1313,,6935,D,,1453
7124,B,,6935,D,江北    ,早岐    ,長崎総合乗務セ,23,3,,,,,1453,1546,構,6932,D,,1706
7125,B,構,6932,D,早岐    ,早岐    ,長崎総合乗務セ,23,4,,,,,1706,1706,,6932,D,1726,1731
7126,B,,6932,D,早岐    ,江北    ,長崎総合乗務セ,23,5,,,,1726,1731,1822,,2125,D,,1827
7127,B,,2125,D,江北    ,肥前大浦,長崎総合乗務セ,23,6,,,,,1827,1910,,2130,D,,1919
7128,B,,2130,D,肥前大浦,肥前浜  ,長崎総合乗務セ,23,7,,,,,1919,1942,,2127,D,,1948
7129,B,,2127,D,肥前浜  ,肥前大浦,長崎総合乗務セ,23,8,,,,,1948,2011,,2132,D,,2112
7130,B,,2132,D,肥前大浦,江北    ,長崎総合乗務セ,23,9,,,,,2112,2155,,2133,D,2301,2306
7131,B,,2133,D,江北    ,肥前浜  ,長崎総合乗務セ,23,10,,,,2301,2306,2325,回,2120,D,,508
7132,B,回,2120,D,肥前浜  ,肥前大浦,長崎総合乗務セ,23,11,,,,,508,527,,2120,D,,538
7133,B,,2120,D,肥前大浦,肥前浜  ,長崎総合乗務セ,23,12,,,,,538,600,,4123,D,,611
7134,B,,4123,D,肥前浜  ,諫早    ,長崎総合乗務セ,23,13,,,,,611,720,,129,D,802,803
7135,B,,129,D,諫早    ,長崎    ,長崎総合乗務セ,23,14,,,,802,803,837,終,,,,
7136,B,,5122,D,長崎    ,長与    ,長崎総合乗務セ,24,1,,,,,1040,1057,,5131,D,,1135
7137,B,,5131,D,長与    ,長崎    ,長崎総合乗務セ,24,2,,,,,1135,1152,,4230,D,1500,1508
7138,B,,4230,D,長崎    ,早岐    ,長崎総合乗務セ,24,3,,,,1500,1508,1642,,3228,D,1733,1746
7139,B,,3228,D,早岐    ,佐世保  ,長崎総合乗務セ,24,4,,,,1733,1746,1759,,245,D,,1810
7140,B,,245,D,佐世保  ,長崎    ,長崎総合乗務セ,24,5,,,,,1810,2048,終,,,,
7141,B,,224,D,長崎    ,佐世保  ,長崎総合乗務セ,25,1,,,,,635,920,回,224,D,,942
7142,B,回,224,D,佐世保  ,早岐    ,長崎総合乗務セ,25,2,,,,,942,953,,4227,D,1215,1223
7143,B,,4227,D,早岐    ,長崎    ,長崎総合乗務セ,25,3,,,,1215,1223,1402,終,,,,
7144,B,,4228,D,長崎    ,佐世保  ,長崎総合乗務セ,26,1,,,,,1403,1559,,243,D,1626,1631
7145,B,,243,D,佐世保  ,諫早    ,長崎総合乗務セ,26,2,,,,1626,1631,1815,,136,D,1850,1851
7146,B,,136,D,諫早    ,小長井  ,長崎総合乗務セ,26,3,,,,1850,1851,1916,回,136,D,,1923
7147,B,回,136,D,小長井  ,土井崎信,長崎総合乗務セ,26,4,,,,,1923,1927,回,145,D,,1944
7148,B,回,145,D,土井崎信,小長井  ,長崎総合乗務セ,26,5,,,,,1944,1948,,145,D,,1951
7149,B,,145,D,小長井  ,諫早    ,長崎総合乗務セ,26,6,,,,,1951,2018,回,151,D,,2028
7150,B,回,151,D,諫早    ,長崎    ,長崎総合乗務セ,26,7,,,,,2028,2058,,2224,D,2220,2225
7151,B,,2224,D,長崎    ,早岐    ,長崎総合乗務セ,26,8,,,,2220,2225,2359,,220,D,636,648
7152,B,,220,D,早岐    ,佐世保  ,長崎総合乗務セ,26,9,,,,636,648,701,,6920,D,,709
7153,B,,6920,D,佐世保  ,早岐    ,長崎総合乗務セ,26,10,,,,,709,722,,222,D,745,748
7154,B,,222,D,早岐    ,佐世保  ,長崎総合乗務セ,26,11,,,,745,748,801,,227,D,,826
7155,B,,227,D,佐世保  ,早岐    ,長崎総合乗務セ,26,12,,,,,826,839,,4221,D,924,933
7156,B,,4221,D,早岐    ,長崎    ,長崎総合乗務セ,26,13,,,,924,933,1109,終,,,,
7157,B,便,2014,G,長崎　幹,武温　幹,長崎総合乗務セ,27,1,,,,,908,939,便,4016,M,,953
7158,B,便,4016,M,武雄温泉,江北    ,長崎総合乗務セ,27,2,,,,,953,1002,回,2128,D,1017,1018
7159,B,回,2128,D,江北    ,肥前浜  ,長崎総合乗務セ,27,3,,,,1017,1018,1045,,2128,D,1131,1136
7160,B,,2128,D,肥前浜  ,江北    ,長崎総合乗務セ,27,4,,,,1131,1136,1157,,6933,D,1344,1349
7161,B,,6933,D,江北    ,早岐    ,長崎総合乗務セ,27,5,,,,1344,1349,1445,,4230,D,1642,1648
7162,B,,4230,D,早岐    ,佐世保  ,長崎総合乗務セ,27,6,,,,1642,1648,1703,,3227,D,,1715
7163,B,,3227,D,佐世保  ,長崎    ,長崎総合乗務セ,27,7,,,,,1715,1927,,5136,D,2050,2055
7164,B,,5136,D,長崎    ,諫早    ,長崎総合乗務セ,27,8,,,,2050,2055,2142,回,5136,D,,2149
7165,B,回,5136,D,諫早    ,長崎    ,長崎総合乗務セ,27,9,,,,,2149,2213,回,150,D,,542
7166,B,回,150,D,長崎    ,土井崎信,長崎総合乗務セ,27,10,,,,,542,647,回,127,D,,654
7167,B,回,127,D,土井崎信,小長井  ,長崎総合乗務セ,27,11,,,,,654,659,,127,D,,704
7168,B,,127,D,小長井  ,長崎    ,長崎総合乗務セ,27,12,,,,,704,806,終,,,,
7169,B,,3226,D,長崎    ,早岐    ,長崎総合乗務セ,28,1,,,,903,908,1044,構,6924,D,,1212
7170,B,構,6924,D,早岐    ,早岐    ,長崎総合乗務セ,28,2,,,,,1212,1218,,4229,D,1323,1325
7171,B,,4229,D,早岐    ,長崎    ,長崎総合乗務セ,28,3,,,,1323,1325,1456,,238,D,1546,1609
7172,B,,238,D,長崎    ,早岐    ,長崎総合乗務セ,28,4,,,,1546,1609,1817,,240,D,1924,1929
7173,B,,240,D,早岐    ,佐世保  ,長崎総合乗務セ,28,5,,,,1924,1929,1941,,3231,D,,1954
7174,B,,3231,D,佐世保  ,長崎    ,長崎総合乗務セ,28,6,,,,,1954,2155,,124,D,,629
7175,B,,124,D,長崎    ,諫早    ,長崎総合乗務セ,28,7,,,,,629,659,,5125,D,,721
7176,B,,5125,D,諫早    ,長崎    ,長崎総合乗務セ,28,8,,,,,721,810,終,,,,
7177,B,,240,D,長崎    ,早岐    ,長崎総合乗務セ,31,1,,,,,1713,1924,,249,D,2103,2115
7178,B,,249,D,早岐    ,長崎    ,長崎総合乗務セ,31,2,,,,2103,2115,2316,,222,D,,545
7179,B,,222,D,長崎    ,早岐    ,長崎総合乗務セ,31,3,,,,,545,745,,227,D,839,841
7180,B,,227,D,早岐    ,長崎    ,長崎総合乗務セ,31,4,,,,839,841,1036,終,,,,
7181,B,,228,D,長崎    ,竹松    ,長崎総合乗務セ,32,1,,,,910,916,1036,,229,D,,1042
7182,B,,229,D,竹松    ,諫早    ,長崎総合乗務セ,32,2,,,,,1042,1104,,135,D,,1305
7183,B,,135,D,諫早    ,長崎    ,長崎総合乗務セ,32,3,,,,,1305,1339,,2222,D,1425,1430
7184,B,,2222,D,長崎    ,竹松    ,長崎総合乗務セ,32,4,,,,1425,1430,1526,,239,D,,1540
7185,B,,239,D,竹松    ,長崎    ,長崎総合乗務セ,32,5,,,,,1540,1704,,138,D,1814,1839
7186,B,,138,D,長崎    ,諫早    ,長崎総合乗務セ,32,6,,,,1814,1839,1911,,141,D,,1918
7187,B,,141,D,諫早    ,長崎    ,長崎総合乗務セ,32,7,,,,,1918,1953,,140,D,,2003
7188,B,,140,D,長崎    ,諫早    ,長崎総合乗務セ,32,8,,,,,2003,2034,,147,D,,2042
7189,B,,147,D,諫早    ,長崎    ,長崎総合乗務セ,32,9,,,,,2042,2116,,5140,D,,2242
7190,B,,5140,D,長崎    ,諫早    ,長崎総合乗務セ,32,10,,,,,2242,2327,回,223,D,,549
7191,B,回,223,D,諫早    ,竹松    ,長崎総合乗務セ,32,11,,,,,549,606,,223,D,,618
7192,B,,223,D,竹松    ,長崎    ,長崎総合乗務セ,32,12,,,,,618,756,終,,,,
7193,B,,4128,D,長崎    ,諫早    ,長崎総合乗務セ,33,1,,,,1532,1541,1613,,4130,D,1722,1733
7194,B,,4130,D,諫早    ,肥前浜  ,長崎総合乗務セ,33,2,,,,1722,1733,1836,回,4130,D,1928,1933
7195,B,回,4130,D,肥前浜  ,多良    ,長崎総合乗務セ,33,3,,,,1928,1933,1945,回,2131,D,,2033
7196,B,回,2131,D,多良    ,肥前浜  ,長崎総合乗務セ,33,4,,,,,2033,2052,,2131,D,2130,2135
7197,B,,2131,D,肥前浜  ,肥前大浦,長崎総合乗務セ,33,5,,,,2130,2135,2159,回,2150,D,,2205
7198,B,回,2150,D,肥前大浦,肥前浜  ,長崎総合乗務セ,33,6,,,,,2205,2225,回,121,D,,517
7199,B,回,121,D,肥前浜  ,肥前大浦,長崎総合乗務セ,33,7,,,,,517,536,,121,D,,539
7200,B,,121,D,肥前大浦,諫早    ,長崎総合乗務セ,33,8,,,,,539,612,,4122,D,634,704
7201,B,,4122,D,諫早    ,江北    ,長崎総合乗務セ,33,9,,,,634,704,830,,6925,D,928,933
7202,B,,6925,D,江北    ,早岐    ,長崎総合乗務セ,33,10,,,,928,933,1026,便,4024,M,,1106
7203,B,便,4024,M,早岐    ,武雄温泉,長崎総合乗務セ,33,11,,,,,1106,1133,便,2021,G,,1158
7204,B,便,2021,G,武温　幹,長崎　幹,長崎総合乗務セ,33,12,,,,,1158,1229,終,,,,
7205,B,,2220,D,長崎    ,竹松    ,長崎総合乗務セ,34,1,,,,1027,1032,1136,,231,D,,1142
7206,B,,231,D,竹松    ,長崎    ,長崎総合乗務セ,34,2,,,,,1142,1253,,3228,D,,1602
7207,B,,3228,D,長崎    ,早岐    ,長崎総合乗務セ,34,3,,,,,1602,1733,,238,D,1817,1831
7208,B,,238,D,早岐    ,佐世保  ,長崎総合乗務セ,34,4,,,,1817,1831,1844,,3229,D,,1853
7209,B,,3229,D,佐世保  ,長崎    ,長崎総合乗務セ,34,5,,,,,1853,2041,終,,,,
7210,B,,3222,D,長崎    ,佐世保  ,長崎総合乗務セ,35,1,,,,642,649,845,,4221,D,,911
7211,B,,4221,D,佐世保  ,早岐    ,長崎総合乗務セ,35,2,,,,,911,924,,6927,D,1010,1047
7212,B,,6927,D,早岐    ,佐世保  ,長崎総合乗務セ,35,3,,,,1010,1047,1103,,4225,D,,1112
7213,B,,4225,D,佐世保  ,長崎    ,長崎総合乗務セ,35,4,,,,,1112,1257,終,,,,
7214,B,,234,D,長崎    ,竹松    ,長崎総合乗務セ,36,1,,,,,1318,1435,,237,D,,1443
7215,B,,237,D,竹松    ,諫早    ,長崎総合乗務セ,36,2,,,,,1443,1504,,4128,D,1613,1615
7216,B,,4128,D,諫早    ,肥前浜  ,長崎総合乗務セ,36,3,,,,1613,1615,1711,,4131,D,,1724
7217,B,,4131,D,肥前浜  ,諫早    ,長崎総合乗務セ,36,4,,,,,1724,1821,,4132,D,1933,1941
7218,B,,4132,D,諫早    ,肥前浜  ,長崎総合乗務セ,36,5,,,,1933,1941,2039,,2129,D,,2044
7219,B,,2129,D,肥前浜  ,肥前大浦,長崎総合乗務セ,36,6,,,,,2044,2107,回,2129,D,,2113
7220,B,回,2129,D,肥前大浦,諫早    ,長崎総合乗務セ,36,7,,,,,2113,2138,,4120,D,612,635
7221,B,,4120,D,諫早    ,江北    ,長崎総合乗務セ,36,8,,,,612,635,801,,2121,D,,817
7222,B,,2121,D,江北    ,肥前大浦,長崎総合乗務セ,36,9,,,,,817,901,,2124,D,,915
7223,B,,2124,D,肥前大浦,江北    ,長崎総合乗務セ,36,10,,,,,915,958,便,4015,M,,1027
7224,B,便,4015,M,江北    ,武雄温泉,長崎総合乗務セ,36,11,,,,,1027,1037,便,2017,G,,1103
7225,B,便,2017,G,武温　幹,長崎　幹,長崎総合乗務セ,36,12,,,,,1103,1128,終,,,,
7226,B,,4222,D,長崎    ,佐世保  ,長崎総合乗務セ,37,1,,,,1058,1103,1304,,4229,D,,1310
7227,B,,4229,D,佐世保  ,早岐    ,長崎総合乗務セ,37,2,,,,,1310,1323,,4231,D,1424,1425
7228,B,,4231,D,早岐    ,長崎    ,長崎総合乗務セ,37,3,,,,1424,1425,1605,,242,D,,1805
7229,B,,242,D,長崎    ,佐世保  ,長崎総合乗務セ,37,4,,,,,1805,2041,,6938,D,,2102
7230,B,,6938,D,佐世保  ,早岐    ,長崎総合乗務セ,37,5,,,,,2102,2114,回,281,D,,502
7231,B,回,281,D,早岐    ,諫早    ,長崎総合乗務セ,37,6,,,,,502,605,,123,D,,621
7232,B,,123,D,諫早    ,長崎    ,長崎総合乗務セ,37,7,,,,,621,654,,126,D,,707
7233,B,,126,D,長崎    ,諫早    ,長崎総合乗務セ,37,8,,,,,707,743,,5129,D,857,902
7234,B,,5129,D,諫早    ,長崎    ,長崎総合乗務セ,37,9,,,,857,902,949,終,,,,
7235,B,,128,D,長崎    ,湯江    ,長崎総合乗務セ,38,1,,,,827,832,923,,131,D,,928
7236,B,,131,D,湯江    ,長崎    ,長崎総合乗務セ,38,2,,,,,928,1031,便,4222,D,,1103
7237,B,便,4222,D,長崎    ,早岐    ,長崎総合乗務セ,38,3,,,,,1103,1238,,6928,D,1521,1526
7238,B,,6928,D,早岐    ,江北    ,長崎総合乗務セ,38,4,,,,1521,1526,1617,,6939,D,,1647
7239,B,,6939,D,江北    ,早岐    ,長崎総合乗務セ,38,5,,,,,1647,1741,,6934,D,1822,1827
7240,B,,6934,D,早岐    ,江北    ,長崎総合乗務セ,38,6,,,,1822,1827,1919,,6941,D,,1927
7241,B,,6941,D,江北    ,早岐    ,長崎総合乗務セ,38,7,,,,,1927,2015,,3234,D,2102,2106
7242,B,,3234,D,早岐    ,佐世保  ,長崎総合乗務セ,38,8,,,,2102,2106,2119,,3233,D,,2134
7243,B,,3233,D,佐世保  ,早岐    ,長崎総合乗務セ,38,9,,,,,2134,2147,回,2221,D,,529
7244,B,回,2221,D,早岐    ,佐世保  ,長崎総合乗務セ,38,10,,,,,529,539,,2221,D,,545
7245,B,,2221,D,佐世保  ,長崎    ,長崎総合乗務セ,38,11,,,,,545,747,終,,,,
7246,B,,4637,M,大分    ,幸崎    ,大分乗務セ    ,1,1,,,,1217,1223,1245,,4646,M,,1328
7247,B,,4646,M,幸崎    ,大分    ,大分乗務セ    ,1,2,,,,,1328,1351,,4649,M,1523,1528
7248,B,,4649,M,大分    ,佐伯    ,大分乗務セ    ,1,3,,,,1523,1528,1651,,5011,M,1721,1722
7249,B,,5011,M,佐伯    ,延岡    ,大分乗務セ    ,1,4,,,,1721,1722,1818,,5016,M,1842,1844
7250,B,,5016,M,延岡    ,大分    ,大分乗務セ    ,1,5,,,,1842,1844,2053,,648,M,2131,2136
7251,B,,648,M,大分    ,亀川    ,大分乗務セ    ,1,6,,,,2131,2136,2155,,4675,M,,2207
7252,B,,4675,M,亀川    ,幸崎    ,大分乗務セ    ,1,7,,,,,2207,2310,,4620,M,,609
7253,B,,4620,M,幸崎    ,大分    ,大分乗務セ    ,1,8,,,,,609,631,,4622,M,655,703
7254,B,,4622,M,大分    ,杵築    ,大分乗務セ    ,1,9,,,,655,703,748,,629,M,,800
7255,B,,629,M,杵築    ,大分    ,大分乗務セ    ,1,10,,,,,800,841,,624,M,,849
7256,B,,624,M,大分    ,亀川    ,大分乗務セ    ,1,11,,,,,849,908,,4631,M,,913
7257,B,,4631,M,亀川    ,大分    ,大分乗務セ    ,1,12,,,,,913,942,終,,,,
7258,B,,3018,M,大分    ,小倉    ,大分乗務セ    ,2,1,,,,925,939,1103,,3019,M,1207,1209
7259,B,,3019,M,小倉    ,大分    ,大分乗務セ    ,2,2,,,,1207,1209,1337,,4648,M,1429,1435
7260,B,,4648,M,大分    ,中山香  ,大分乗務セ    ,2,3,,,,1429,1435,1531,,4651,M,,1548
7261,B,,4651,M,中山香  ,大分    ,大分乗務セ    ,2,4,,,,,1548,1646,便,4651,M,,1650
7262,B,便,4651,M,大分    ,牧      ,大分乗務セ    ,2,5,,,,,1650,1653,回,1643,M,,1815
7263,B,移動,,,牧      ,下郡信  ,大分乗務セ    ,2,6,,,,,,,回,1643,M,,1815
7264,B,回,1643,M,下郡信  ,大分    ,大分乗務セ    ,2,7,,,,,1815,1819,,1643,M,,1827
7265,B,,1643,M,大分    ,佐伯    ,大分乗務セ    ,2,8,,,,,1827,1943,,1638,M,2012,2020
7266,B,,1638,M,佐伯    ,大分    ,大分乗務セ    ,2,9,,,,2012,2020,2148,回,1638,M,,2201
7267,B,回,1638,M,大分    ,下郡信  ,大分乗務セ    ,2,10,,,,,2201,2205,回,1621,M,,624
7268,B,回,1621,M,下郡信  ,大分    ,大分乗務セ    ,2,11,,,,,624,628,,1621,M,,635
7269,B,,1621,M,大分    ,幸崎    ,大分乗務セ    ,2,12,,,,,635,656,,4626,M,,701
7270,B,,4626,M,幸崎    ,亀川    ,大分乗務セ    ,2,13,,,,,701,756,,627,M,,808
7271,B,,627,M,亀川    ,大分    ,大分乗務セ    ,2,14,,,,,808,829,終,,,,
7272,B,,628,M,大分    ,亀川    ,大分乗務セ    ,3,1,,,,,1230,1250,,4641,M,,1257
7273,B,,4641,M,亀川    ,大分    ,大分乗務セ    ,3,2,,,,,1257,1318,回,5008,M,1341,1346
7274,B,回,5008,M,大分    ,下郡信  ,大分乗務セ    ,3,3,,,,1341,1346,1350,回,1633,M,,1530
7275,B,回,1633,M,下郡信  ,大分    ,大分乗務セ    ,3,4,,,,,1530,1534,,4651,M,1646,1650
7276,B,,4651,M,大分    ,幸崎    ,大分乗務セ    ,3,5,,,,1646,1650,1711,,4664,M,,1739
7277,B,,4664,M,幸崎    ,中山香  ,大分乗務セ    ,3,6,,,,,1739,1904,,647,M,1932,1942
7278,B,,647,M,中山香  ,大分    ,大分乗務セ    ,3,7,,,,1932,1942,2027,回,647,M,,2032
7279,B,回,647,M,大分    ,下郡信  ,大分乗務セ    ,3,8,,,,,2032,2036,回,4621,M,,521
7280,B,回,4621,M,下郡信  ,亀川    ,大分乗務セ    ,3,9,,,,,521,541,,4621,M,,546
7281,B,,4621,M,亀川    ,大分    ,大分乗務セ    ,3,10,,,,,546,607,,4620,M,631,646
7282,B,,4620,M,大分    ,中津    ,大分乗務セ    ,3,11,,,,631,646,820,,631,M,903,913
7283,B,,631,M,中津    ,大分    ,大分乗務セ    ,3,12,,,,903,913,1051,終,,,,
7284,B,,4633,M,大分    ,幸崎    ,大分乗務セ    ,4,1,,,,1024,1033,1102,,1624,M,,1109
7285,B,,1624,M,幸崎    ,大分    ,大分乗務セ    ,4,2,,,,,1109,1135,回,1624,M,,1140
7286,B,回,1624,M,大分    ,下郡信  ,大分乗務セ    ,4,3,,,,,1140,1144,回,5009,M,,1353
7287,B,回,5009,M,下郡信  ,大分    ,大分乗務セ    ,4,4,,,,,1353,1357,,5009,M,,1411
7288,B,,5009,M,大分    ,延岡    ,大分乗務セ    ,4,5,,,,,1411,1618,,5014,M,1733,1740
7289,B,,5014,M,延岡    ,大分    ,大分乗務セ    ,4,6,,,,1733,1740,1941,,644,M,2039,2050
7290,B,,644,M,大分    ,亀川    ,大分乗務セ    ,4,7,,,,2039,2050,2115,,4671,M,,2120
7291,B,,4671,M,亀川    ,佐伯    ,大分乗務セ    ,4,8,,,,,2120,2313,,4628,M,,625
7292,B,,4628,M,佐伯    ,大分    ,大分乗務セ    ,4,9,,,,,625,743,,1625,M,804,822
7293,B,,1625,M,大分    ,幸崎    ,大分乗務セ    ,4,10,,,,804,822,850,,4636,M,,906
7294,B,,4636,M,幸崎    ,大分    ,大分乗務セ    ,4,11,,,,,906,934,終,,,,
7295,B,,4644,M,大分    ,日出    ,大分乗務セ    ,5,1,,,,1243,1304,1342,,4645,M,,1353
7296,B,,4645,M,日出    ,大分    ,大分乗務セ    ,5,2,,,,,1353,1424,,1631,M,,1548
7297,B,,1631,M,大分    ,臼杵    ,大分乗務セ    ,5,3,,,,,1548,1634,回,1635,M,,1640
7298,B,回,1635,M,臼杵    ,佐伯    ,大分乗務セ    ,5,4,,,,,1640,1712,,1635,M,,1728
7299,B,,1635,M,佐伯    ,重岡    ,大分乗務セ    ,5,5,,,,,1728,1756,,1628,M,,1822
7300,B,,1628,M,重岡    ,佐伯    ,大分乗務セ    ,5,6,,,,,1822,1854,,1641,M,,1902
7301,B,,1641,M,佐伯    ,重岡    ,大分乗務セ    ,5,7,,,,,1902,1934,回,1641,M,,1945
7302,B,回,1641,M,重岡    ,佐伯    ,大分乗務セ    ,5,8,,,,,1945,2012,,4674,M,2105,2115
7303,B,,4674,M,佐伯    ,大分    ,大分乗務セ    ,5,9,,,,2105,2115,2242,便回,6155,M,,2253
7304,B,便回,6155,M,大分    ,下郡信  ,大分乗務セ    ,5,10,,,,,2253,2257,回,5001,M,,648
7305,B,回,5001,M,下郡信  ,大分    ,大分乗務セ    ,5,11,,,,,648,652,,4623,M,658,714
7306,B,,4623,M,大分    ,佐伯    ,大分乗務セ    ,5,12,,,,658,714,835,,4640,M,930,940
7307,B,,4640,M,佐伯    ,大分    ,大分乗務セ    ,5,13,,,,930,940,1101,終,,,,
7308,B,,626,M,大分    ,杵築    ,大分乗務セ    ,6,1,,,,1131,1152,1230,,4643,M,,1256
7309,B,,4643,M,杵築    ,大分    ,大分乗務セ    ,6,2,,,,,1256,1343,,4645,M,1424,1432
7310,B,,4645,M,大分    ,佐伯    ,大分乗務セ    ,6,3,,,,1424,1432,1600,,4666,M,1651,1658
7311,B,,4666,M,佐伯    ,大分    ,大分乗務セ    ,6,4,,,,1651,1658,1827,便回,4575,D,,1921
7312,B,便回,4575,D,大分    ,下郡信  ,大分乗務セ    ,6,5,,,,,1921,1925,回,5017,M,,2003
7313,B,回,5017,M,下郡信  ,大分    ,大分乗務セ    ,6,6,,,,,2003,2007,,5017,M,,2016
7314,B,,5017,M,大分    ,延岡    ,大分乗務セ    ,6,7,,,,,2016,2223,,5004,M,803,806
7315,B,,5004,M,延岡    ,大分    ,大分乗務セ    ,6,8,,,,803,806,1006,終,,,,
7316,B,,3032,M,大分    ,小倉    ,大分乗務セ    ,7,1,,,,1307,1312,1437,,3033,M,1540,1542
7317,B,,3033,M,小倉    ,大分    ,大分乗務セ    ,7,2,,,,1540,1542,1701,,4660,M,1724,1737
7318,B,,4660,M,大分    ,亀川    ,大分乗務セ    ,7,3,,,,1724,1737,1803,,4659,M,,1808
7319,B,,4659,M,亀川    ,臼杵    ,大分乗務セ    ,7,4,,,,,1808,1928,,1636,M,2022,2032
7320,B,,1636,M,臼杵    ,大分    ,大分乗務セ    ,7,5,,,,2022,2032,2119,回,1636,M,,2131
7321,B,回,1636,M,大分    ,下郡信  ,大分乗務セ    ,7,6,,,,,2131,2135,回,6106,M,,612
7322,B,回,6106,M,下郡信  ,大分    ,大分乗務セ    ,7,7,,,,,612,616,,3006,M,,637
7323,B,,3006,M,大分    ,小倉    ,大分乗務セ    ,7,8,,,,,637,806,,3007,M,914,916
7324,B,,3007,M,小倉    ,大分    ,大分乗務セ    ,7,9,,,,914,916,1044,終,,,,
7325,B,回,5006,M,大分    ,下郡信  ,大分乗務セ    ,8,1,,,,1110,1118,1122,回,630,M,,1406
7326,B,回,630,M,下郡信  ,大分    ,大分乗務セ    ,8,2,,,,,1406,1410,,630,M,,1414
7327,B,,630,M,大分    ,日出    ,大分乗務セ    ,8,3,,,,,1414,1443,,4649,M,,1452
7328,B,,4649,M,日出    ,大分    ,大分乗務セ    ,8,4,,,,,1452,1523,,4656,M,1642,1650
7329,B,,4656,M,大分    ,大神    ,大分乗務セ    ,8,5,,,,1642,1650,1723,,4657,M,,1731
7330,B,,4657,M,大神    ,大分    ,大分乗務セ    ,8,6,,,,,1731,1811,,4661,M,1847,1852
7331,B,,4661,M,大分    ,幸崎    ,大分乗務セ    ,8,7,,,,1847,1852,1914,,4672,M,,1929
7332,B,,4672,M,幸崎    ,亀川    ,大分乗務セ    ,8,8,,,,,1929,2018,,4669,M,,2041
7333,B,,4669,M,亀川    ,大分    ,大分乗務セ    ,8,9,,,,,2041,2102,,650,M,2206,2215
7334,B,,650,M,大分    ,中津    ,大分乗務セ    ,8,10,,,,2206,2215,2336,回,672,M,,2339
7335,B,回,672,M,中津    ,宇島    ,大分乗務セ    ,8,11,,,,,2339,2345,回,4623,M,,525
7336,B,回,4623,M,宇島    ,中津    ,大分乗務セ    ,8,12,,,,,525,531,,4623,M,,534
7337,B,,4623,M,中津    ,大分    ,大分乗務セ    ,8,13,,,,,534,658,回,4632,M,736,744
7338,B,回,4632,M,大分    ,大在    ,大分乗務セ    ,8,14,,,,736,744,755,,4632,M,,801
7339,B,,4632,M,大在    ,中山香  ,大分乗務セ    ,8,15,,,,,801,926,,4633,M,,934
7340,B,,4633,M,中山香  ,大分    ,大分乗務セ    ,8,16,,,,,934,1024,終,,,,
7341,B,,4638,M,大分    ,亀川    ,大分乗務セ    ,11,1,,,,1032,1034,1054,,633,M,,1059
7342,B,,633,M,亀川    ,大分    ,大分乗務セ    ,11,2,,,,,1059,1120,,4639,M,1252,1258
7343,B,,4639,M,大分    ,佐伯    ,大分乗務セ    ,11,3,,,,1252,1258,1417,,4656,M,1457,1507
7344,B,,4656,M,佐伯    ,大分    ,大分乗務セ    ,11,4,,,,1457,1507,1642,,4658,M,1703,1714
7345,B,,4658,M,大分    ,中山香  ,大分乗務セ    ,11,5,,,,1703,1714,1803,,4663,M,,1812
7346,B,,4663,M,中山香  ,幸崎    ,大分乗務セ    ,11,6,,,,,1812,1946,,1632,M,,2009
7347,B,,1632,M,幸崎    ,大分    ,大分乗務セ    ,11,7,,,,,2009,2034,回,1632,M,,2038
7348,B,回,1632,M,大分    ,下郡信  ,大分乗務セ    ,11,8,,,,,2038,2042,回,622,M,,605
7349,B,回,622,M,下郡信  ,大分    ,大分乗務セ    ,11,9,,,,,605,609,,622,M,,615
7350,B,,622,M,大分    ,日出    ,大分乗務セ    ,11,10,,,,,615,643,,4625,M,,650
7351,B,,4625,M,日出    ,幸崎    ,大分乗務セ    ,11,11,,,,,650,800,,1620,M,,822
7352,B,,1620,M,幸崎    ,大分    ,大分乗務セ    ,11,12,,,,,822,848,回,1620,M,,859
7353,B,回,1620,M,大分    ,下郡信  ,大分乗務セ    ,11,13,,,,,859,903,便,4636,M,,930
7354,B,移動,,,下郡信  ,牧      ,大分乗務セ    ,11,14,,,,,,,便,4636,M,,930
7355,B,便,4636,M,牧      ,大分    ,大分乗務セ    ,11,15,,,,,930,934,終,,,,
7356,B,回,5004,M,大分    ,下郡信  ,大分乗務セ    ,12,1,,,,1019,1021,1025,便,4640,M,,1057
7357,B,移動,,,下郡信  ,牧      ,大分乗務セ    ,12,2,,,,,,,便,4640,M,,1057
7358,B,便,4640,M,牧      ,大分    ,大分乗務セ    ,12,3,,,,,1057,1101,,4642,M,1206,1216
7359,B,,4642,M,大分    ,中津    ,大分乗務セ    ,12,4,,,,1206,1216,1353,,635,M,1505,1515
7360,B,,635,M,中津    ,宇佐    ,大分乗務セ    ,12,5,,,,1505,1515,1539,,632,M,,1543
7361,B,,632,M,宇佐    ,中津    ,大分乗務セ    ,12,6,,,,,1543,1613,,641,M,,1619
7362,B,,641,M,中津    ,宇佐    ,大分乗務セ    ,12,7,,,,,1619,1643,,634,M,,1651
7363,B,,634,M,宇佐    ,中津    ,大分乗務セ    ,12,8,,,,,1651,1715,,4665,M,1740,1750
7364,B,,4665,M,中津    ,大分    ,大分乗務セ    ,12,9,,,,1740,1750,1927,,4667,M,2003,2020
7365,B,,4667,M,大分    ,幸崎    ,大分乗務セ    ,12,10,,,,2003,2020,2045,回,1680,M,,2112
7366,B,回,1680,M,幸崎    ,大分    ,大分乗務セ    ,12,11,,,,,2112,2139,,4674,M,2242,2250
7367,B,,4674,M,大分    ,日出    ,大分乗務セ    ,12,12,,,,2242,2250,2324,,655,M,,2329
7368,B,,655,M,日出    ,大分    ,大分乗務セ    ,12,13,,,,,2329,2358,,4621,M,607,610
7369,B,,4621,M,大分    ,臼杵    ,大分乗務セ    ,12,14,,,,607,610,655,,4630,M,,715
7370,B,,4630,M,臼杵    ,亀川    ,大分乗務セ    ,12,15,,,,,715,833,,4629,M,,845
7371,B,,4629,M,亀川    ,大分    ,大分乗務セ    ,12,16,,,,,845,906,終,,,,
7372,B,,4634,M,大分    ,中津    ,大分乗務セ    ,13,1,,,,906,915,1042,,4639,M,1108,1118
7373,B,,4639,M,中津    ,大分    ,大分乗務セ    ,13,2,,,,1108,1118,1252,便回,4843,D,,1314
7374,B,便回,4843,D,大分    ,下郡信  ,大分乗務セ    ,13,3,,,,,1314,1318,回,636,M,,1542
7375,B,回,636,M,下郡信  ,大分    ,大分乗務セ    ,13,4,,,,,1542,1546,,1637,M,1613,1623
7376,B,,1637,M,大分    ,佐伯    ,大分乗務セ    ,13,5,,,,1613,1623,1747,,4670,M,,1801
7377,B,,4670,M,佐伯    ,大分    ,大分乗務セ    ,13,6,,,,,1801,1931,終,,,,
7378,B,,5001,M,大分    ,延岡    ,大分乗務セ    ,14,1,,,,652,701,912,便,5008,M,,1144
7379,B,便,5008,M,延岡    ,佐伯    ,大分乗務セ    ,14,2,,,,,1144,1240,,4648,M,1249,1310
7380,B,,4648,M,佐伯    ,大分    ,大分乗務セ    ,14,3,,,,1249,1310,1429,,4647,M,1454,1506
7381,B,,4647,M,大分    ,幸崎    ,大分乗務セ    ,14,4,,,,1454,1506,1532,,4654,M,,1537
7382,B,,4654,M,幸崎    ,大分    ,大分乗務セ    ,14,5,,,,,1537,1602,終,,,,
7383,B,,1629,M,大分    ,佐伯    ,大分乗務セ    ,15,1,,,,1051,1122,1249,,5010,M,1441,1442
7384,B,,5010,M,佐伯    ,大分    ,大分乗務セ    ,15,2,,,,1441,1442,1541,,638,M,1619,1632
7385,B,,638,M,大分    ,亀川    ,大分乗務セ    ,15,3,,,,1619,1632,1652,,4653,M,,1657
7386,B,,4653,M,亀川    ,大分    ,大分乗務セ    ,15,4,,,,,1657,1718,,5015,M,1743,1807
7387,B,,5015,M,大分    ,延岡    ,大分乗務セ    ,15,5,,,,1743,1807,2017,,2720,M,532,553
7388,B,,2720,M,延岡    ,大分    ,大分乗務セ    ,15,6,,,,532,553,836,回,2720,M,,842
7389,B,回,2720,M,大分    ,下郡信  ,大分乗務セ    ,15,7,,,,,842,846,便,4636,M,,930
7390,B,移動,,,下郡信  ,牧      ,大分乗務セ    ,15,8,,,,,,,便,4636,M,,930
7391,B,便,4636,M,牧      ,大分    ,大分乗務セ    ,15,9,,,,,930,934,終,,,,
7392,B,,4636,M,大分    ,中津    ,大分乗務セ    ,16,1,,,,934,957,1154,,4647,M,1306,1316
7393,B,,4647,M,中津    ,大分    ,大分乗務セ    ,16,2,,,,1306,1316,1454,,3048,M,1705,1710
7394,B,,3048,M,大分    ,小倉    ,大分乗務セ    ,16,3,,,,1705,1710,1838,,2565,M,1926,1932
7395,B,,2565,M,小倉    ,中津    ,大分乗務セ    ,16,4,,,,1926,1932,2038,,2572,M,2059,2109
7396,B,,2572,M,中津    ,小倉    ,大分乗務セ    ,16,5,,,,2059,2109,2211,,3081,M,2323,2325
7397,B,,3081,M,小倉    ,中津    ,大分乗務セ    ,16,6,,,,2323,2325,2359,,3091,M,,646
7398,B,,3091,M,中津    ,大分    ,大分乗務セ    ,16,7,,,,,646,750,構,3091,M,850,850
7399,B,構,3091,M,大分    ,大分    ,大分乗務セ    ,16,8,,,,850,850,857,終,,,,
7400,B,,1627,M,大分    ,臼杵    ,大分乗務セ    ,17,1,,,,829,852,936,,4638,M,,945
7401,B,,4638,M,臼杵    ,大分    ,大分乗務セ    ,17,2,,,,,945,1032,,4635,M,1151,1153
7402,B,,4635,M,大分    ,幸崎    ,大分乗務セ    ,17,3,,,,1151,1153,1215,,4644,M,,1220
7403,B,,4644,M,幸崎    ,大分    ,大分乗務セ    ,17,4,,,,,1220,1243,,4643,M,1343,1353
7404,B,,4643,M,大分    ,臼杵    ,大分乗務セ    ,17,5,,,,1343,1353,1438,,4652,M,,1443
7405,B,,4652,M,臼杵    ,大分    ,大分乗務セ    ,17,6,,,,,1443,1526,,4654,M,1602,1614
7406,B,,4654,M,大分    ,杵築    ,大分乗務セ    ,17,7,,,,1602,1614,1652,,4655,M,,1657
7407,B,,4655,M,杵築    ,大分    ,大分乗務セ    ,17,8,,,,,1657,1746,便,4655,M,,1748
7408,B,便,4655,M,大分    ,牧      ,大分乗務セ    ,17,9,,,,,1748,1752,回,642,M,,1837
7409,B,移動,,,牧      ,下郡信  ,大分乗務セ    ,17,10,,,,,,,回,642,M,,1837
7410,B,回,642,M,下郡信  ,大分    ,大分乗務セ    ,17,11,,,,,1837,1841,,642,M,,1848
7411,B,,642,M,大分    ,中津    ,大分乗務セ    ,17,12,,,,,1848,2032,回,671,M,,2039
7412,B,回,671,M,中津    ,柳ヶ浦  ,大分乗務セ    ,17,13,,,,,2039,2053,回,670,M,,524
7413,B,回,670,M,柳ヶ浦  ,宇島    ,大分乗務セ    ,17,14,,,,,524,546,回,621,M,,550
7414,B,回,621,M,宇島    ,中津    ,大分乗務セ    ,17,15,,,,,550,556,,621,M,,603
7415,B,,621,M,中津    ,大分    ,大分乗務セ    ,17,16,,,,,603,736,終,,,,
7416,B,,4631,M,大分    ,臼杵    ,大分乗務セ    ,18,1,,,,942,946,1034,,4642,M,1105,1115
7417,B,,4642,M,臼杵    ,大分    ,大分乗務セ    ,18,2,,,,1105,1115,1206,,4646,M,1351,1354
7418,B,,4646,M,大分    ,杵築    ,大分乗務セ    ,18,3,,,,1351,1354,1430,,637,M,,1516
7419,B,,637,M,杵築    ,大分    ,大分乗務セ    ,18,4,,,,,1516,1556,,4653,M,1718,1725
7420,B,,4653,M,大分    ,佐伯    ,大分乗務セ    ,18,5,,,,1718,1725,1850,,1630,M,,1857
7421,B,,1630,M,佐伯    ,大分    ,大分乗務セ    ,18,6,,,,,1857,2015,,646,M,2049,2105
7422,B,,646,M,大分    ,中山香  ,大分乗務セ    ,18,7,,,,2049,2105,2203,,653,M,,2221
7423,B,,653,M,中山香  ,大分    ,大分乗務セ    ,18,8,,,,,2221,2309,,620,M,,532
7424,B,,620,M,大分    ,柳ヶ浦  ,大分乗務セ    ,18,9,,,,,532,644,,625,M,,659
7425,B,,625,M,柳ヶ浦  ,大分    ,大分乗務セ    ,18,10,,,,,659,812,回,625,M,,831
7426,B,回,625,M,大分    ,下郡信  ,大分乗務セ    ,18,11,,,,,831,835,便,4634,M,,902
7427,B,移動,,,下郡信  ,牧      ,大分乗務セ    ,18,12,,,,,,,便,4634,M,,902
7428,B,便,4634,M,牧      ,大分    ,大分乗務セ    ,18,13,,,,,902,906,終,,,,
7429,B,,3012,M,大分    ,小倉    ,大分乗務セ    ,19,1,,,,809,811,937,,3013,M,1041,1043
7430,B,,3013,M,小倉    ,大分    ,大分乗務セ    ,19,2,,,,1041,1043,1204,便回,1843,D,,1509
7431,B,便回,1843,D,大分    ,下郡信  ,大分乗務セ    ,19,3,,,,,1509,1513,回,5011,M,,1605
7432,B,回,5011,M,下郡信  ,大分    ,大分乗務セ    ,19,4,,,,,1605,1609,,5011,M,,1614
7433,B,,5011,M,大分    ,佐伯    ,大分乗務セ    ,19,5,,,,,1614,1721,便,4670,M,,1801
7434,B,便,4670,M,佐伯    ,大分    ,大分乗務セ    ,19,6,,,,,1801,1931,,4670,M,1931,1934
7435,B,,4670,M,大分    ,中山香  ,大分乗務セ    ,19,7,,,,1931,1934,2024,,651,M,,2032
7436,B,,651,M,中山香  ,大分    ,大分乗務セ    ,19,8,,,,,2032,2131,,4673,M,2208,2222
7437,B,,4673,M,大分    ,佐伯    ,大分乗務セ    ,19,9,,,,2208,2222,2343,,3012,M,,658
7438,B,,3012,M,佐伯    ,大分    ,大分乗務セ    ,19,10,,,,,658,809,終,,,,
7439,B,,4640,M,大分    ,日出    ,大分乗務セ    ,20,1,,,,1101,1104,1138,,4637,M,,1148
7440,B,,4637,M,日出    ,大分    ,大分乗務セ    ,20,2,,,,,1148,1217,,3040,M,1506,1511
7441,B,,3040,M,大分    ,小倉    ,大分乗務セ    ,20,3,,,,1506,1511,1638,,3041,M,1741,1744
7442,B,,3041,M,小倉    ,佐伯    ,大分乗務セ    ,20,4,,,,1741,1744,2010,便,5017,M,,2126
7443,B,便,5017,M,佐伯    ,延岡    ,大分乗務セ    ,20,5,,,,,2126,2223,構,5075,M,,619
7444,B,構,5075,M,延岡    ,延岡    ,大分乗務セ    ,20,6,,,,,619,629,,5002,M,704,706
7445,B,,5002,M,延岡    ,大分    ,大分乗務セ    ,20,7,,,,704,706,909,回,5002,M,,918
7446,B,回,5002,M,大分    ,下郡信  ,大分乗務セ    ,20,8,,,,,918,922,便,1622,M,,957
7447,B,移動,,,下郡信  ,牧      ,大分乗務セ    ,20,9,,,,,,,便,1622,M,,957
7448,B,便,1622,M,牧      ,大分    ,大分乗務セ    ,20,10,,,,,957,1001,終,,,,
7449,B,回,5521,M,大分    ,下郡信  ,大分乗務セ    ,21,1,,,,926,935,939,回,5007,M,,1157
7450,B,回,5007,M,下郡信  ,大分    ,大分乗務セ    ,21,2,,,,,1157,1201,,5007,M,,1209
7451,B,,5007,M,大分    ,延岡    ,大分乗務セ    ,21,3,,,,,1209,1419,,5012,M,1542,1543
7452,B,,5012,M,延岡    ,大分    ,大分乗務セ    ,21,4,,,,1542,1543,1743,,4666,M,1827,1829
7453,B,,4666,M,大分    ,亀川    ,大分乗務セ    ,21,5,,,,1827,1829,1849,,645,M,,1918
7454,B,,645,M,亀川    ,大分    ,大分乗務セ    ,21,6,,,,,1918,1946,,2574,M,,2020
7455,B,,2574,M,大分    ,小倉    ,大分乗務セ    ,21,7,,,,,2020,2257,,5521,M,631,642
7456,B,,5521,M,小倉    ,大分    ,大分乗務セ    ,21,8,,,,631,642,926,終,,,,
7457,B,,636,M,大分    ,柳ヶ浦  ,大分乗務セ    ,22,1,,,,1546,1550,1708,,4661,M,,1729
7458,B,,4661,M,柳ヶ浦  ,大分    ,大分乗務セ    ,22,2,,,,,1729,1847,,4665,M,1927,1942
7459,B,,4665,M,大分    ,佐伯    ,大分乗務セ    ,22,3,,,,1927,1942,2103,,4676,M,,2157
7460,B,,4676,M,佐伯    ,大分    ,大分乗務セ    ,22,4,,,,,2157,2323,回,4622,M,,531
7461,B,回,4622,M,大分    ,臼杵    ,大分乗務セ    ,22,5,,,,,531,600,,4622,M,,606
7462,B,,4622,M,臼杵    ,大分    ,大分乗務セ    ,22,6,,,,,606,655,,4628,M,743,756
7463,B,,4628,M,大分    ,中津    ,大分乗務セ    ,22,7,,,,743,756,950,,4635,M,,1019
7464,B,,4635,M,中津    ,大分    ,大分乗務セ    ,22,8,,,,,1019,1151,終,,,,
7465,B,回,4584,D,大分    ,別府    ,大分乗務セ    ,31,1,,,,1255,1256,1308,,84,D,,1313
7466,B,,84,D,別府    ,大分    ,大分乗務セ    ,31,2,,,,,1313,1324,,4436,D,1422,1434
7467,B,,4436,D,大分    ,三重町  ,大分乗務セ    ,31,3,,,,1422,1434,1531,,2426,D,1650,1700
7468,B,,2426,D,三重町  ,宮地    ,大分乗務セ    ,31,4,,,,1650,1700,1830,,2429,D,,2001
7469,B,,2429,D,宮地    ,豊後竹田,大分乗務セ    ,31,5,,,,,2001,2045,,2428,D,,2059
7470,B,,2428,D,豊後竹田,宮地    ,大分乗務セ    ,31,6,,,,,2059,2147,,2421,D,,704
7471,B,,2421,D,宮地    ,豊後竹田,大分乗務セ    ,31,7,,,,,704,749,,4439,D,,951
7472,B,,4439,D,豊後竹田,大分    ,大分乗務セ    ,31,8,,,,,951,1106,終,,,,
7473,B,,4834,D,大分    ,向之原  ,大分乗務セ    ,32,1,,,,1137,1143,1202,,4841,D,,1207
7474,B,,4841,D,向之原  ,大分    ,大分乗務セ    ,32,2,,,,,1207,1227,回,4841,D,,1232
7475,B,回,4841,D,大分    ,下郡信  ,大分乗務セ    ,32,3,,,,,1232,1236,回,4840,D,,1401
7476,B,回,4840,D,下郡信  ,大分    ,大分乗務セ    ,32,4,,,,,1401,1405,,4840,D,,1419
7477,B,,4840,D,大分    ,由布院  ,大分乗務セ    ,32,5,,,,,1419,1525,,1868,D,1608,1623
7478,B,,1868,D,由布院  ,日田    ,大分乗務セ    ,32,6,,,,1608,1623,1730,,1865,D,1803,1813
7479,B,,1865,D,日田    ,大分    ,大分乗務セ    ,32,7,,,,1803,1813,2035,,4868,D,2140,2155
7480,B,,4868,D,大分    ,由布院  ,大分乗務セ    ,32,8,,,,2140,2155,2255,,1832,D,,645
7481,B,,1832,D,由布院  ,日田    ,大分乗務セ    ,32,9,,,,,645,749,,81,D,908,909
7482,B,,81,D,日田    ,大分    ,大分乗務セ    ,32,10,,,,908,909,1051,終,,,,
7483,B,,8003,D,大分    ,別府    ,大分乗務セ    ,33,1,,,,1318,1320,1331,,8004,D,,1436
7484,B,,8004,D,別府    ,由布院  ,大分乗務セ    ,33,2,,,,,1436,1546,便,1849,D,,1601
7485,B,便,1849,D,由布院  ,大分    ,大分乗務セ    ,33,3,,,,,1601,1705,,4444,D,1718,1728
7486,B,,4444,D,大分    ,三重町  ,大分乗務セ    ,33,4,,,,1718,1728,1823,,4457,D,1845,1855
7487,B,,4457,D,三重町  ,大分    ,大分乗務セ    ,33,5,,,,1845,1855,1939,,4864,D,2038,2053
7488,B,,4864,D,大分    ,庄内    ,大分乗務セ    ,33,6,,,,2038,2053,2144,,4863,D,,2200
7489,B,,4863,D,庄内    ,大分    ,大分乗務セ    ,33,7,,,,,2200,2237,,4422,D,627,639
7490,B,,4422,D,大分    ,豊後竹田,大分乗務セ    ,33,8,,,,627,639,757,,4433,D,,802
7491,B,,4433,D,豊後竹田,大分    ,大分乗務セ    ,33,9,,,,,802,926,回,4433,D,,931
7492,B,回,4433,D,大分    ,下郡信  ,大分乗務セ    ,33,10,,,,,931,935,便,1622,M,,957
7493,B,移動,,,下郡信  ,牧      ,大分乗務セ    ,33,11,,,,,,,便,1622,M,,957
7494,B,便,1622,M,牧      ,大分    ,大分乗務セ    ,33,12,,,,,957,1001,終,,,,
7495,B,,5424,D,大分    ,犬飼    ,大分乗務セ    ,34,1,,,,851,852,927,,5425,D,,1000
7496,B,,5425,D,犬飼    ,大分    ,大分乗務セ    ,34,2,,,,,1000,1029,回,5425,D,,1033
7497,B,回,5425,D,大分    ,下郡信  ,大分乗務セ    ,34,3,,,,,1033,1037,回,2424,D,,1329
7498,B,回,2424,D,下郡信  ,大分    ,大分乗務セ    ,34,4,,,,,1329,1333,,2424,D,,1346
7499,B,,2424,D,大分    ,宮地    ,大分乗務セ    ,34,5,,,,,1346,1546,,2427,D,,1731
7500,B,,2427,D,宮地    ,豊後竹田,大分乗務セ    ,34,6,,,,,1731,1815,,4459,D,1845,1855
7501,B,,4459,D,豊後竹田,大分    ,大分乗務セ    ,34,7,,,,1845,1855,2024,,4458,D,2111,2136
7502,B,,4458,D,大分    ,豊後竹田,大分乗務セ    ,34,8,,,,2111,2136,2253,,4423,D,,535
7503,B,,4423,D,豊後竹田,大分    ,大分乗務セ    ,34,9,,,,,535,652,便,4623,M,,714
7504,B,便,4623,M,大分    ,牧      ,大分乗務セ    ,34,10,,,,,714,718,回,4582,D,,811
7505,B,移動,,,牧      ,下郡信  ,大分乗務セ    ,34,11,,,,,,,回,4582,D,,811
7506,B,回,4582,D,下郡信  ,大分    ,大分乗務セ    ,34,12,,,,,811,815,終,,,,
7507,B,回,4439,D,大分    ,下郡信  ,大分乗務セ    ,35,1,,,,1106,1117,1121,回,4434,D,,1205
7508,B,回,4434,D,下郡信  ,大分    ,大分乗務セ    ,35,2,,,,,1205,1209,,4438,D,1447,1452
7509,B,,4438,D,大分    ,豊後竹田,大分乗務セ    ,35,3,,,,1447,1452,1613,,4451,D,,1632
7510,B,,4451,D,豊後竹田,大分    ,大分乗務セ    ,35,4,,,,,1632,1741,,5438,D,,1801
7511,B,,5438,D,大分    ,中判田  ,大分乗務セ    ,35,5,,,,,1801,1818,,5439,D,,1840
7512,B,,5439,D,中判田  ,大分    ,大分乗務セ    ,35,6,,,,,1840,1857,,4452,D,1947,1949
7513,B,,4452,D,大分    ,豊後竹田,大分乗務セ    ,35,7,,,,1947,1949,2116,,4421,D,,515
7514,B,,4421,D,豊後竹田,大分    ,大分乗務セ    ,35,8,,,,,515,627,,4426,D,718,725
7515,B,,4426,D,大分    ,三重町  ,大分乗務セ    ,35,9,,,,718,725,816,,4435,D,845,855
7516,B,,4435,D,三重町  ,大分    ,大分乗務セ    ,35,10,,,,845,855,947,終,,,,
7517,B,,4828,D,大分    ,由布院  ,大分乗務セ    ,36,1,,,,912,922,1029,,4839,D,,1042
7518,B,,4839,D,由布院  ,大分    ,大分乗務セ    ,36,2,,,,,1042,1137,便,1074,D,,1209
7519,B,便,1074,D,大分    ,豊後竹田,大分乗務セ    ,36,3,,,,,1209,1309,,1073,D,1406,1407
7520,B,,1073,D,豊後竹田,大分    ,大分乗務セ    ,36,4,,,,1406,1407,1507,便回,4447,D,,1535
7521,B,便回,4447,D,大分    ,下郡信  ,大分乗務セ    ,36,5,,,,,1535,1539,回,4848,D,,1630
7522,B,回,4848,D,下郡信  ,大分    ,大分乗務セ    ,36,6,,,,,1630,1634,,4848,D,,1645
7523,B,,4848,D,大分    ,由布院  ,大分乗務セ    ,36,7,,,,,1645,1745,,4853,D,,1758
7524,B,,4853,D,由布院  ,大分    ,大分乗務セ    ,36,8,,,,,1758,1900,,4862,D,1939,1945
7525,B,,4862,D,大分    ,向之原  ,大分乗務セ    ,36,9,,,,1939,1945,2005,,4859,D,,2044
7526,B,,4859,D,向之原  ,大分    ,大分乗務セ    ,36,10,,,,,2044,2110,便回,1636,M,,2131
7527,B,便回,1636,M,大分    ,下郡信  ,大分乗務セ    ,36,11,,,,,2131,2135,回,5420,D,,559
7528,B,回,5420,D,下郡信  ,大分    ,大分乗務セ    ,36,12,,,,,559,603,,5420,D,,614
7529,B,,5420,D,大分    ,犬飼    ,大分乗務セ    ,36,13,,,,,614,656,,5421,D,,710
7530,B,,5421,D,犬飼    ,大分    ,大分乗務セ    ,36,14,,,,,710,739,回,5421,D,,751
7531,B,回,5421,D,大分    ,下郡信  ,大分乗務セ    ,36,15,,,,,751,755,便回,6114,M,,826
7532,B,便回,6114,M,下郡信  ,大分    ,大分乗務セ    ,36,16,,,,,826,830,終,,,,
7533,B,便,4832,D,大分    ,由布院  ,大分乗務セ    ,37,1,,,,,1035,1139,,8002,D,1150,1201
7534,B,,8002,D,由布院  ,日田    ,大分乗務セ    ,37,2,,,,1150,1201,1259,,83,D,1336,1339
7535,B,,83,D,日田    ,大分    ,大分乗務セ    ,37,3,,,,1336,1339,1529,,4442,D,1627,1640
7536,B,,4442,D,大分    ,豊後竹田,大分乗務セ    ,37,4,,,,1627,1640,1758,,4455,D,,1808
7537,B,,4455,D,豊後竹田,大分    ,大分乗務セ    ,37,5,,,,,1808,1919,,1884,D,2001,2018
7538,B,,1884,D,大分    ,日田    ,大分乗務セ    ,37,6,,,,2001,2018,2227,,1823,D,714,718
7539,B,,1823,D,日田    ,大分    ,大分乗務セ    ,37,7,,,,714,718,940,終,,,,
7540,B,,5426,D,大分    ,中判田  ,大分乗務セ    ,38,1,,,,947,955,1012,,5427,D,,1029
7541,B,,5427,D,中判田  ,大分    ,大分乗務セ    ,38,2,,,,,1029,1046,,4434,D,1209,1222
7542,B,,4434,D,大分    ,豊後竹田,大分乗務セ    ,38,3,,,,1209,1222,1350,,4449,D,1458,1508
7543,B,,4449,D,豊後竹田,大分    ,大分乗務セ    ,38,4,,,,1458,1508,1627,,5436,D,1656,1706
7544,B,,5436,D,大分    ,中判田  ,大分乗務セ    ,38,5,,,,1656,1706,1722,,5437,D,,1745
7545,B,,5437,D,中判田  ,大分    ,大分乗務セ    ,38,6,,,,,1745,1801,,5440,D,1840,1844
7546,B,,5440,D,大分    ,中判田  ,大分乗務セ    ,38,7,,,,1840,1844,1901,回,5480,D,,1906
7547,B,回,5480,D,中判田  ,竹中    ,大分乗務セ    ,38,8,,,,,1906,1913,回,5481,D,,1930
7548,B,回,5481,D,竹中    ,中判田  ,大分乗務セ    ,38,9,,,,,1930,1936,,5441,D,,1945
7549,B,,5441,D,中判田  ,大分    ,大分乗務セ    ,38,10,,,,,1945,2002,,5442,D,,2010
7550,B,,5442,D,大分    ,中判田  ,大分乗務セ    ,38,11,,,,,2010,2028,,5443,D,,2033
7551,B,,5443,D,中判田  ,大分    ,大分乗務セ    ,38,12,,,,,2033,2050,,4866,D,2112,2127
7552,B,,4866,D,大分    ,向之原  ,大分乗務セ    ,38,13,,,,2112,2127,2147,,4861,D,,2152
7553,B,,4861,D,向之原  ,大分    ,大分乗務セ    ,38,14,,,,,2152,2212,回,4420,D,,555
7554,B,回,4420,D,大分    ,三重町  ,大分乗務セ    ,38,15,,,,,555,642,,4420,D,,646
7555,B,,4420,D,三重町  ,豊後竹田,大分乗務セ    ,38,16,,,,,646,717,,4431,D,,724
7556,B,,4431,D,豊後竹田,大分    ,大分乗務セ    ,38,17,,,,,724,905,終,,,,
7557,B,,4432,D,大分    ,豊後竹田,大分乗務セ    ,39,1,,,,1046,1054,1212,,4443,D,,1218
7558,B,,4443,D,豊後竹田,大分    ,大分乗務セ    ,39,2,,,,,1218,1329,回,4443,D,,1336
7559,B,回,4443,D,大分    ,下郡信  ,大分乗務セ    ,39,3,,,,,1336,1340,回,4842,D,,1500
7560,B,回,4842,D,下郡信  ,大分    ,大分乗務セ    ,39,4,,,,,1500,1504,,4846,D,1611,1623
7561,B,,4846,D,大分    ,向之原  ,大分乗務セ    ,39,5,,,,1611,1623,1643,,4847,D,,1718
7562,B,,4847,D,向之原  ,大分    ,大分乗務セ    ,39,6,,,,,1718,1738,,4854,D,1816,1818
7563,B,,4854,D,大分    ,由布院  ,大分乗務セ    ,39,7,,,,1816,1818,1916,,1880,D,,1947
7564,B,,1880,D,由布院  ,日田    ,大分乗務セ    ,39,8,,,,,1947,2051,,1879,D,,2056
7565,B,,1879,D,日田    ,豊後森  ,大分乗務セ    ,39,9,,,,,2056,2127,,4825,D,,612
7566,B,,4825,D,豊後森  ,大分    ,大分乗務セ    ,39,10,,,,,612,743,,4826,D,,803
7567,B,,4826,D,大分    ,豊後国分,大分乗務セ    ,39,11,,,,,803,818,,4831,D,,831
7568,B,,4831,D,豊後国分,大分    ,大分乗務セ    ,39,12,,,,,831,846,回,4831,D,,856
7569,B,回,4831,D,大分    ,下郡信  ,大分乗務セ    ,39,13,,,,,856,900,便,4636,M,,930
7570,B,移動,,,下郡信  ,牧      ,大分乗務セ    ,39,14,,,,,,,便,4636,M,,930
7571,B,便,4636,M,牧      ,大分    ,大分乗務セ    ,39,15,,,,,930,934,終,,,,
7572,B,,5432,D,大分    ,中判田  ,大分乗務セ    ,41,1,,,,1400,1409,1426,,5433,D,,1431
7573,B,,5433,D,中判田  ,大分    ,大分乗務セ    ,41,2,,,,,1431,1447,,83,D,1529,1536
7574,B,,83,D,大分    ,別府    ,大分乗務セ    ,41,3,,,,1529,1536,1546,回,4583,D,,1611
7575,B,回,4583,D,別府    ,下郡信  ,大分乗務セ    ,41,4,,,,,1611,1630,回,4448,D,,1847
7576,B,回,4448,D,下郡信  ,大分    ,大分乗務セ    ,41,5,,,,,1847,1851,,4448,D,,1903
7577,B,,4448,D,大分    ,豊後竹田,大分乗務セ    ,41,6,,,,,1903,2022,,4463,D,,2047
7578,B,,4463,D,豊後竹田,大分    ,大分乗務セ    ,41,7,,,,,2047,2212,,4462,D,2235,2250
7579,B,,4462,D,大分    ,豊後竹田,大分乗務セ    ,41,8,,,,2235,2250,6,,2420,D,,643
7580,B,,2420,D,豊後竹田,宮地    ,大分乗務セ    ,41,9,,,,,643,732,,1071,D,1000,1008
7581,B,,1071,D,宮地    ,大分    ,大分乗務セ    ,41,10,,,,1000,1008,1149,終,,,,
7582,B,,1072,D,大分    ,宮地    ,大分乗務セ    ,42,1,,,,805,807,956,,2423,D,,1122
7583,B,,2423,D,宮地    ,豊後竹田,大分乗務セ    ,42,2,,,,,1122,1209,,4445,D,1300,1310
7584,B,,4445,D,豊後竹田,大分    ,大分乗務セ    ,42,3,,,,1300,1310,1422,,1076,D,1507,1532
7585,B,,1076,D,大分    ,豊後竹田,大分乗務セ    ,42,4,,,,1507,1532,1631,便,1075,D,,1732
7586,B,便,1075,D,豊後竹田,大分    ,大分乗務セ    ,42,5,,,,,1732,1830,,4858,D,1900,1911
7587,B,,4858,D,大分    ,向之原  ,大分乗務セ    ,42,6,,,,1900,1911,1933,,4855,D,,1940
7588,B,,4855,D,向之原  ,大分    ,大分乗務セ    ,42,7,,,,,1940,2001,,4456,D,2050,2113
7589,B,,4456,D,大分    ,三重町  ,大分乗務セ    ,42,8,,,,2050,2113,2207,,4425,D,,629
7590,B,,4425,D,三重町  ,大分    ,大分乗務セ    ,42,9,,,,,629,715,回,4425,D,,731
7591,B,回,4425,D,大分    ,下郡信  ,大分乗務セ    ,42,10,,,,,731,735,便,4630,M,,759
7592,B,移動,,,下郡信  ,牧      ,大分乗務セ    ,42,11,,,,,,,便,4630,M,,759
7593,B,便,4630,M,牧      ,大分    ,大分乗務セ    ,42,12,,,,,759,804,終,,,,
7594,B,,4830,D,大分    ,向之原  ,大分乗務セ    ,43,1,,,,955,957,1017,,4837,D,,1046
7595,B,,4837,D,向之原  ,大分    ,大分乗務セ    ,43,2,,,,,1046,1106,回,4837,D,,1112
7596,B,回,4837,D,大分    ,下郡信  ,大分乗務セ    ,43,3,,,,,1112,1116,回,5430,D,,1301
7597,B,回,5430,D,下郡信  ,大分    ,大分乗務セ    ,43,4,,,,,1301,1305,,5430,D,,1310
7598,B,,5430,D,大分    ,中判田  ,大分乗務セ    ,43,5,,,,,1310,1333,,5431,D,,1342
7599,B,,5431,D,中判田  ,大分    ,大分乗務セ    ,43,6,,,,,1342,1400,便,4645,M,,1432
7600,B,便,4645,M,大分    ,牧      ,大分乗務セ    ,43,7,,,,,1432,1435,回,4844,D,,1553
7601,B,移動,,,牧      ,下郡信  ,大分乗務セ    ,43,8,,,,,,,回,4844,D,,1553
7602,B,回,4844,D,下郡信  ,大分    ,大分乗務セ    ,43,9,,,,,1553,1557,,4844,D,,1602
7603,B,,4844,D,大分    ,由布院  ,大分乗務セ    ,43,10,,,,,1602,1700,,4849,D,,1706
7604,B,,4849,D,由布院  ,大分    ,大分乗務セ    ,43,11,,,,,1706,1808,,4450,D,1919,1926
7605,B,,4450,D,大分    ,三重町  ,大分乗務セ    ,43,12,,,,1919,1926,2011,,4465,D,2141,2151
7606,B,,4465,D,三重町  ,大分    ,大分乗務セ    ,43,13,,,,2141,2151,2247,,4464,D,2325,2330
7607,B,,4464,D,大分    ,三重町  ,大分乗務セ    ,43,14,,,,2325,2330,15,,4429,D,,731
7608,B,,4429,D,三重町  ,大分    ,大分乗務セ    ,43,15,,,,,731,822,終,,,,
7609,B,,4832,D,大分    ,由布院  ,大分乗務セ    ,44,1,,,,,1035,1139,,4843,D,,1210
7610,B,,4843,D,由布院  ,大分    ,大分乗務セ    ,44,2,,,,,1210,1309,回,4843,D,,1314
7611,B,回,4843,D,大分    ,下郡信  ,大分乗務セ    ,44,3,,,,,1314,1318,回,5434,D,,1558
7612,B,回,5434,D,下郡信  ,大分    ,大分乗務セ    ,44,4,,,,,1558,1602,,5434,D,,1614
7613,B,,5434,D,大分    ,中判田  ,大分乗務セ    ,44,5,,,,,1614,1631,,5435,D,,1659
7614,B,,5435,D,中判田  ,大分    ,大分乗務セ    ,44,6,,,,,1659,1718,,4446,D,1801,1816
7615,B,,4446,D,大分    ,豊後竹田,大分乗務セ    ,44,7,,,,1801,1816,1935,,4461,D,,1951
7616,B,,4461,D,豊後竹田,大分    ,大分乗務セ    ,44,8,,,,,1951,2111,便,4868,D,,2155
7617,B,便,4868,D,大分    ,由布院  ,大分乗務セ    ,44,9,,,,,2155,2255,,4823,D,,623
7618,B,,4823,D,由布院  ,大分    ,大分乗務セ    ,44,10,,,,,623,718,,5422,D,739,746
7619,B,,5422,D,大分    ,中判田  ,大分乗務セ    ,44,11,,,,739,746,803,,5423,D,,823
7620,B,,5423,D,中判田  ,大分    ,大分乗務セ    ,44,12,,,,,823,839,終,,,,
7621,B,回,4835,D,大分    ,下郡信  ,大分乗務セ    ,45,1,,,,1036,1038,1042,回,4836,D,,1228
7622,B,回,4836,D,下郡信  ,大分    ,大分乗務セ    ,45,2,,,,,1228,1232,,4836,D,,1239
7623,B,,4836,D,大分    ,豊後森  ,大分乗務セ    ,45,3,,,,,1239,1414,,1849,D,1513,1518
7624,B,,1849,D,豊後森  ,大分    ,大分乗務セ    ,45,4,,,,1513,1518,1705,,4852,D,1738,1749
7625,B,,4852,D,大分    ,向之原  ,大分乗務セ    ,45,5,,,,1738,1749,1809,,4851,D,,1814
7626,B,,4851,D,向之原  ,大分    ,大分乗務セ    ,45,6,,,,,1814,1835,,4856,D,,1844
7627,B,,4856,D,大分    ,庄内    ,大分乗務セ    ,45,7,,,,,1844,1927,,4857,D,,1936
7628,B,,4857,D,庄内    ,大分    ,大分乗務セ    ,45,8,,,,,1936,2017,便回,647,M,,2032
7629,B,便回,647,M,大分    ,下郡信  ,大分乗務セ    ,45,9,,,,,2032,2036,回,4460,D,,2146
7630,B,回,4460,D,下郡信  ,大分    ,大分乗務セ    ,45,10,,,,,2146,2150,,4460,D,,2213
7631,B,,4460,D,大分    ,豊後竹田,大分乗務セ    ,45,11,,,,,2213,2333,回,4480,D,,547
7632,B,回,4480,D,豊後竹田,豊後荻  ,大分乗務セ    ,45,12,,,,,547,600,,4427,D,,628
7633,B,,4427,D,豊後荻  ,大分    ,大分乗務セ    ,45,13,,,,,628,800,回,4427,D,,816
7634,B,回,4427,D,大分    ,下郡信  ,大分乗務セ    ,45,14,,,,,816,820,便,1620,M,,844
7635,B,移動,,,下郡信  ,牧      ,大分乗務セ    ,45,15,,,,,,,便,1620,M,,844
7636,B,便,1620,M,牧      ,大分    ,大分乗務セ    ,45,16,,,,,844,848,終,,,,
7637,B,,82,D,大分    ,日田    ,大分乗務セ    ,46,1,,,,815,820,959,,8001,D,1036,1037
7638,B,,8001,D,日田    ,由布院  ,大分乗務セ    ,46,2,,,,1036,1037,1131,,8003,D,1227,1232
7639,B,,8003,D,由布院  ,大分    ,大分乗務セ    ,46,3,,,,1227,1232,1318,,4842,D,1504,1512
7640,B,,4842,D,大分    ,由布院  ,大分乗務セ    ,46,4,,,,1504,1512,1615,,1874,D,,1748
7641,B,,1874,D,由布院  ,日田    ,大分乗務セ    ,46,5,,,,,1748,1848,,1873,D,1909,1919
7642,B,,1873,D,日田    ,大分    ,大分乗務セ    ,46,6,,,,1909,1919,2125,,4870,D,2237,2246
7643,B,,4870,D,大分    ,由布院  ,大分乗務セ    ,46,7,,,,2237,2246,2345,,4829,D,,722
7644,B,,4829,D,由布院  ,大分    ,大分乗務セ    ,46,8,,,,,722,819,終,,,,
7645,B,,3020,M,大分    ,小倉    ,大分乗務セ    ,47,1,,,,932,1012,1138,,3023,M,1307,1309
7646,B,,3023,M,小倉    ,大分    ,大分乗務セ    ,47,2,,,,1307,1309,1438,,1633,M,1559,1607
7647,B,,1633,M,大分    ,大在    ,大分乗務セ    ,47,3,,,,1559,1607,1621,,4658,M,,1649
7648,B,,4658,M,大在    ,大分    ,大分乗務セ    ,47,4,,,,,1649,1703,,4655,M,1746,1748
7649,B,,4655,M,大分    ,佐伯    ,大分乗務セ    ,47,5,,,,1746,1748,1912,,1634,M,,1927
7650,B,,1634,M,佐伯    ,大分    ,大分乗務セ    ,47,6,,,,,1927,2049,終,,,,
7651,B,,4641,M,大分    ,臼杵    ,大分乗務セ    ,48,1,,,,1318,1327,1412,,4650,M,,1417
7652,B,,4650,M,臼杵    ,大分    ,大分乗務セ    ,48,2,,,,,1417,1502,便回,1843,D,,1509
7653,B,便回,1843,D,大分    ,下郡信  ,大分乗務セ    ,48,3,,,,,1509,1513,回,1639,M,,1651
7654,B,回,1639,M,下郡信  ,大分    ,大分乗務セ    ,48,4,,,,,1651,1655,,1639,M,,1704
7655,B,,1639,M,大分    ,大在    ,大分乗務セ    ,48,5,,,,,1704,1718,,4662,M,,1725
7656,B,,4662,M,大在    ,中津    ,大分乗務セ    ,48,6,,,,,1725,1927,,4673,M,2018,2028
7657,B,,4673,M,中津    ,大分    ,大分乗務セ    ,48,7,,,,2018,2028,2208,,4676,M,2323,2330
7658,B,,4676,M,大分    ,中山香  ,大分乗務セ    ,48,8,,,,2323,2330,14,,4627,M,,658
7659,B,,4627,M,中山香  ,臼杵    ,大分乗務セ    ,48,9,,,,,658,846,,1622,M,,916
7660,B,,1622,M,臼杵    ,大分    ,大分乗務セ    ,48,10,,,,,916,1001,回,1622,M,,1011
7661,B,回,1622,M,大分    ,下郡信  ,大分乗務セ    ,48,11,,,,,1011,1015,便,4640,M,,1057
7662,B,移動,,,下郡信  ,牧      ,大分乗務セ    ,48,12,,,,,,,便,4640,M,,1057
7663,B,便,4640,M,牧      ,大分    ,大分乗務セ    ,48,13,,,,,1057,1101,終,,,,
7664,B,,3024,M,大分    ,小倉    ,大分乗務セ    ,49,1,,,,1044,1111,1237,,3025,M,1340,1342
7665,B,,3025,M,小倉    ,大分    ,大分乗務セ    ,49,2,,,,1340,1342,1502,回,5010,M,1541,1547
7666,B,回,5010,M,大分    ,下郡信  ,大分乗務セ    ,49,3,,,,1541,1547,1551,回,5013,M,,1656
7667,B,回,5013,M,下郡信  ,大分    ,大分乗務セ    ,49,4,,,,,1656,1700,,5013,M,,1712
7668,B,,5013,M,大分    ,延岡    ,大分乗務セ    ,49,5,,,,,1712,1919,,2760,M,1955,2007
7669,B,,2760,M,延岡    ,佐伯    ,大分乗務セ    ,49,6,,,,1955,2007,2111,回,2721,M,,434
7670,B,回,2721,M,佐伯    ,延岡    ,大分乗務セ    ,49,7,,,,,434,532,回,2790,M,619,626
7671,B,回,2790,M,延岡    ,佐伯    ,大分乗務セ    ,49,8,,,,619,626,729,,5092,M,,733
7672,B,,5092,M,佐伯    ,大分    ,大分乗務セ    ,49,9,,,,,733,839,回,5092,M,,849
7673,B,回,5092,M,大分    ,下郡信  ,大分乗務セ    ,49,10,,,,,849,853,便,4636,M,,930
7674,B,移動,,,下郡信  ,牧      ,大分乗務セ    ,49,11,,,,,,,便,4636,M,,930
7675,B,便,4636,M,牧      ,大分    ,大分乗務セ    ,49,12,,,,,930,934,終,,,,
7676,B,,1074,D,大分    ,阿蘇    ,大分乗務セ    ,51,1,,,,1149,1209,1355,,1075,D,1645,1648
7677,B,,1075,D,阿蘇    ,別府    ,大分乗務セ    ,51,2,,,,1645,1648,1845,回,4575,D,,1905
7678,B,回,4575,D,別府    ,下郡信  ,大分乗務セ    ,51,3,,,,,1905,1925,回,4458,D,,2115
7679,B,回,4458,D,下郡信  ,大分    ,大分乗務セ    ,51,4,,,,,2115,2119,構,4464,D,2243,2243
7680,B,構,4464,D,大分    ,大分    ,大分乗務セ    ,51,5,,,,2243,2243,2251,,4872,D,2315,2330
7681,B,,4872,D,大分    ,庄内    ,大分乗務セ    ,51,6,,,,2315,2330,14,回,4872,D,,19
7682,B,回,4872,D,庄内    ,大分    ,大分乗務セ    ,51,7,,,,,19,47,,4424,D,652,701
7683,B,,4424,D,大分    ,豊後竹田,大分乗務セ    ,51,8,,,,652,701,833,,4437,D,,846
7684,B,,4437,D,豊後竹田,大分    ,大分乗務セ    ,51,9,,,,,846,1008,回,4437,D,,1013
7685,B,回,4437,D,大分    ,下郡信  ,大分乗務セ    ,51,10,,,,,1013,1017,便,4640,M,,1057
7686,B,移動,,,下郡信  ,牧      ,大分乗務セ    ,51,11,,,,,,,便,4640,M,,1057
7687,B,便,4640,M,牧      ,大分    ,大分乗務セ    ,51,12,,,,,1057,1101,終,,,,
7688,B,,4430,D,大分    ,豊後竹田,大分乗務セ    ,52,1,,,,911,913,1031,,2422,D,1051,1101
7689,B,,2422,D,豊後竹田,宮地    ,大分乗務セ    ,52,2,,,,1051,1101,1150,,2425,D,1242,1259
7690,B,,2425,D,宮地    ,豊後竹田,大分乗務セ    ,52,3,,,,1242,1259,1342,,4447,D,,1420
7691,B,,4447,D,豊後竹田,大分    ,大分乗務セ    ,52,4,,,,,1420,1531,回,4447,D,,1535
7692,B,回,4447,D,大分    ,下郡信  ,大分乗務セ    ,52,5,,,,,1535,1539,回,4586,D,,1744
7693,B,回,4586,D,下郡信  ,別府    ,大分乗務セ    ,52,6,,,,,1744,1801,,86,D,,1809
7694,B,,86,D,別府    ,由布院  ,大分乗務セ    ,52,7,,,,,1809,1924,,85,D,2049,2054
7695,B,,85,D,由布院  ,大分    ,大分乗務セ    ,52,8,,,,2049,2054,2143,回,4585,D,,2152
7696,B,回,4585,D,大分    ,下郡信  ,大分乗務セ    ,52,9,,,,,2152,2156,回,1838,D,,607
7697,B,回,1838,D,下郡信  ,大分    ,大分乗務セ    ,52,10,,,,,607,611,,1838,D,,615
7698,B,,1838,D,大分    ,由布院  ,大分乗務セ    ,52,11,,,,,615,730,,4833,D,759,810
7699,B,,4833,D,由布院  ,大分    ,大分乗務セ    ,52,12,,,,759,810,912,終,,,,
7700,B,,5428,D,大分    ,中判田  ,大分乗務セ    ,53,1,,,,1141,1150,1207,,5429,D,,1221
7701,B,,5429,D,中判田  ,大分    ,大分乗務セ    ,53,2,,,,,1221,1238,回,5429,D,,1256
7702,B,回,5429,D,大分    ,下郡信  ,大分乗務セ    ,53,3,,,,,1256,1300,回,4440,D,,1514
7703,B,回,4440,D,下郡信  ,大分    ,大分乗務セ    ,53,4,,,,,1514,1518,,4440,D,,1550
7704,B,,4440,D,大分    ,三重町  ,大分乗務セ    ,53,5,,,,,1550,1639,,4453,D,1717,1727
7705,B,,4453,D,三重町  ,大分    ,大分乗務セ    ,53,6,,,,1717,1727,1815,,4860,D,1915,1930
7706,B,,4860,D,大分    ,由布院  ,大分乗務セ    ,53,7,,,,1915,1930,2035,,4821,D,,537
7707,B,,4821,D,由布院  ,大分    ,大分乗務セ    ,53,8,,,,,537,632,,4822,D,,701
7708,B,,4822,D,大分    ,由布院  ,大分乗務セ    ,53,9,,,,,701,759,構,4824,D,837,837
7709,B,構,4824,D,由布院  ,由布院  ,大分乗務セ    ,53,10,,,,837,837,852,,4835,D,917,932
7710,B,,4835,D,由布院  ,大分    ,大分乗務セ    ,53,11,,,,917,932,1027,終,,,,
7711,B,,4824,D,大分    ,由布院  ,大分乗務セ    ,54,1,,,,715,726,837,,1844,D,909,924
7712,B,,1844,D,由布院  ,日田    ,大分乗務セ    ,54,2,,,,909,924,1030,,1843,D,,1229
7713,B,,1843,D,日田    ,大分    ,大分乗務セ    ,54,3,,,,,1229,1450,回,1843,D,,1509
7714,B,回,1843,D,大分    ,下郡信  ,大分乗務セ    ,54,4,,,,,1509,1513,回,4846,D,,1607
7715,B,回,4846,D,下郡信  ,大分    ,大分乗務セ    ,54,5,,,,,1607,1611,終,,,,
7716,B,便回,4841,D,大分    ,下郡信  ,大分乗務セ    ,55,1,,,,,1232,1236,回,4838,D,,1334
7717,B,回,4838,D,下郡信  ,大分    ,大分乗務セ    ,55,2,,,,,1334,1338,,4838,D,,1348
7718,B,,4838,D,大分    ,由布院  ,大分乗務セ    ,55,3,,,,,1348,1454,,4845,D,,1516
7719,B,,4845,D,由布院  ,大分    ,大分乗務セ    ,55,4,,,,,1516,1619,,4850,D,1705,1721
7720,B,,4850,D,大分    ,由布院  ,大分乗務セ    ,55,5,,,,1705,1721,1823,,86,D,1924,1927
7721,B,,86,D,由布院  ,豊後森  ,大分乗務セ    ,55,6,,,,1924,1927,1954,,85,D,2020,2021
7722,B,,85,D,豊後森  ,由布院  ,大分乗務セ    ,55,7,,,,2020,2021,2049,,4865,D,2218,2227
7723,B,,4865,D,由布院  ,大分    ,大分乗務セ    ,55,8,,,,2218,2227,2327,回,4865,D,,2333
7724,B,回,4865,D,大分    ,下郡信  ,大分乗務セ    ,55,9,,,,,2333,2337,回,4572,D,,716
7725,B,回,4572,D,下郡信  ,別府    ,大分乗務セ    ,55,10,,,,,716,733,,1072,D,,744
7726,B,,1072,D,別府    ,大分    ,大分乗務セ    ,55,11,,,,,744,755,,4428,D,819,824
7727,B,,4428,D,大分    ,三重町  ,大分乗務セ    ,55,12,,,,819,824,910,,4441,D,1043,1053
7728,B,,4441,D,三重町  ,大分    ,大分乗務セ    ,55,13,,,,1043,1053,1141,終,,,,
7729,B,回,4431,D,大分    ,下郡信  ,大分乗務セ    ,56,1,,,,905,917,921,便,1622,M,,957
7730,B,移動,,,下郡信  ,牧      ,大分乗務セ    ,56,2,,,,,,,便,1622,M,,957
7731,B,便,1622,M,牧      ,大分    ,大分乗務セ    ,56,3,,,,,957,1001,,81,D,1051,1053
7732,B,,81,D,大分    ,別府    ,大分乗務セ    ,56,4,,,,1051,1053,1104,回,4581,D,,1110
7733,B,回,4581,D,別府    ,下郡信  ,大分乗務セ    ,56,5,,,,,1110,1131,回,4584,D,,1251
7734,B,回,4584,D,下郡信  ,大分    ,大分乗務セ    ,56,6,,,,,1251,1255,,84,D,1324,1325
7735,B,,84,D,大分    ,日田    ,大分乗務セ    ,56,7,,,,1324,1325,1509,,1857,D,,1655
7736,B,,1857,D,日田    ,大分    ,大分乗務セ    ,56,8,,,,,1655,1929,,4454,D,2024,2033
7737,B,,4454,D,大分    ,豊後竹田,大分乗務セ    ,56,9,,,,2024,2033,2152,,4467,D,,2200
7738,B,,4467,D,豊後竹田,大分    ,大分乗務セ    ,56,10,,,,,2200,2324,,4820,D,,637
7739,B,,4820,D,大分    ,庄内    ,大分乗務セ    ,56,11,,,,,637,718,,4827,D,,723
7740,B,,4827,D,庄内    ,大分    ,大分乗務セ    ,56,12,,,,,723,802,終,,,,
7741,B,,5005,M,大分    ,延岡    ,大分乗務セ    ,57,1,,,,1004,1006,1219,,5010,M,1341,1345
7742,B,,5010,M,延岡    ,佐伯    ,大分乗務セ    ,57,2,,,,1341,1345,1441,,4660,M,1600,1605
7743,B,,4660,M,佐伯    ,大分    ,大分乗務セ    ,57,3,,,,1600,1605,1724,,4657,M,1811,1813
7744,B,,4657,M,大分    ,幸崎    ,大分乗務セ    ,57,4,,,,1811,1813,1835,,4668,M,,1840
7745,B,,4668,M,幸崎    ,大神    ,大分乗務セ    ,57,5,,,,,1840,1947,,649,M,,2005
7746,B,,649,M,大神    ,大分    ,大分乗務セ    ,57,6,,,,,2005,2039,,4669,M,2102,2120
7747,B,,4669,M,大分    ,幸崎    ,大分乗務セ    ,57,7,,,,2102,2120,2141,回,650,M,,2147
7748,B,回,650,M,幸崎    ,大分    ,大分乗務セ    ,57,8,,,,,2147,2206,,3092,M,2251,2256
7749,B,,3092,M,大分    ,中津    ,大分乗務セ    ,57,9,,,,2251,2256,2353,,3082,M,,534
7750,B,,3082,M,中津    ,小倉    ,大分乗務セ    ,57,10,,,,,534,610,,3001,M,711,714
7751,B,,3001,M,小倉    ,大分    ,大分乗務セ    ,57,11,,,,711,714,844,終,,,,
7752,B,,5003,M,大分    ,延岡    ,大分乗務セ    ,58,1,,,,817,819,1031,,5008,M,1136,1144
7753,B,,5008,M,延岡    ,大分    ,大分乗務セ    ,58,2,,,,1136,1144,1341,,4650,M,1502,1504
7754,B,,4650,M,大分    ,中津    ,大分乗務セ    ,58,3,,,,1502,1504,1641,,643,M,,1647
7755,B,,643,M,中津    ,宇佐    ,大分乗務セ    ,58,4,,,,,1647,1712,,640,M,,1743
7756,B,,640,M,宇佐    ,中津    ,大分乗務セ    ,58,5,,,,,1743,1814,,4667,M,,1823
7757,B,,4667,M,中津    ,大分    ,大分乗務セ    ,58,6,,,,,1823,1959,,1645,M,2039,2054
7758,B,,1645,M,大分    ,佐伯    ,大分乗務セ    ,58,7,,,,2039,2054,2231,,4624,M,,551
7759,B,,4624,M,佐伯    ,亀川    ,大分乗務セ    ,58,8,,,,,551,735,,623,M,,740
7760,B,,623,M,亀川    ,大分    ,大分乗務セ    ,58,9,,,,,740,804,終,,,,
7761,B,,3030,M,大分    ,小倉    ,大分乗務セ    ,59,1,,,,1239,1244,1403,,2543,M,1446,1454
7762,B,,2543,M,小倉    ,中津    ,大分乗務セ    ,59,2,,,,1446,1454,1602,,2554,M,,1616
7763,B,,2554,M,中津    ,小倉    ,大分乗務セ    ,59,3,,,,,1616,1721,,3045,M,1846,1848
7764,B,,3045,M,小倉    ,大分    ,大分乗務セ    ,59,4,,,,1846,1848,2010,回,6145,M,,2020
7765,B,回,6145,M,大分    ,下郡信  ,大分乗務セ    ,59,5,,,,,2020,2024,便,1645,M,,2058
7766,B,移動,,,下郡信  ,牧      ,大分乗務セ    ,59,6,,,,,,,便,1645,M,,2058
7767,B,便,1645,M,牧      ,佐伯    ,大分乗務セ    ,59,7,,,,,2058,2231,,2761,M,,617
7768,B,,2761,M,佐伯    ,延岡    ,大分乗務セ    ,59,8,,,,,617,726,,5006,M,913,915
7769,B,,5006,M,延岡    ,大分    ,大分乗務セ    ,59,9,,,,913,915,1110,終,,,,
7770,B,,4629,M,大分    ,佐伯    ,大分乗務セ    ,60,1,,,,906,920,1052,,1626,M,1127,1137
7771,B,,1626,M,佐伯    ,大分    ,大分乗務セ    ,60,2,,,,1127,1137,1311,,4652,M,1526,1528
7772,B,,4652,M,大分    ,亀川    ,大分乗務セ    ,60,3,,,,1526,1528,1549,,639,M,,1556
7773,B,,639,M,亀川    ,大分    ,大分乗務セ    ,60,4,,,,,1556,1619,,3050,M,1739,1744
7774,B,,3050,M,大分    ,小倉    ,大分乗務セ    ,60,5,,,,1739,1744,1903,,3051,M,2009,2012
7775,B,,3051,M,小倉    ,大分    ,大分乗務セ    ,60,6,,,,2009,2012,2147,回,6151,M,,2155
7776,B,回,6151,M,大分    ,下郡信  ,大分乗務セ    ,60,7,,,,,2155,2159,回,1647,M,,2316
7777,B,回,1647,M,下郡信  ,大分    ,大分乗務セ    ,60,8,,,,,2316,2320,,1647,M,,2330
7778,B,,1647,M,大分    ,臼杵    ,大分乗務セ    ,60,9,,,,,2330,13,,1623,M,,701
7779,B,,1623,M,臼杵    ,佐伯    ,大分乗務セ    ,60,10,,,,,701,733,,4634,M,,745
7780,B,,4634,M,佐伯    ,大分    ,大分乗務セ    ,60,11,,,,,745,906,終,,,,
7781,B,回,528,D,熊本    ,熊本操  ,熊本乗務セ    ,1,1,,,,957,1010,1013,回,6429,D,,1155
7782,B,回,6429,D,熊本操  ,熊本    ,熊本乗務セ    ,1,2,,,,,1155,1159,回,429,D,,1218
7783,B,回,429,D,熊本    ,肥後大津,熊本乗務セ    ,1,3,,,,,1218,1307,,429,D,,1323
7784,B,,429,D,肥後大津,宮地    ,熊本乗務セ    ,1,4,,,,,1323,1427,,436,D,,1434
7785,B,,436,D,宮地    ,肥後大津,熊本乗務セ    ,1,5,,,,,1434,1527,,435,D,1713,1718
7786,B,,435,D,肥後大津,宮地    ,熊本乗務セ    ,1,6,,,,1713,1718,1825,,444,D,1917,1943
7787,B,,444,D,宮地    ,肥後大津,熊本乗務セ    ,1,7,,,,1917,1943,2036,,443,D,2127,2132
7788,B,,443,D,肥後大津,宮地    ,熊本乗務セ    ,1,8,,,,2127,2132,2228,,426,D,636,641
7789,B,,426,D,宮地    ,肥後大津,熊本乗務セ    ,1,9,,,,636,641,728,便,1436,M,,744
7790,B,便,1436,M,肥後大津,熊本    ,熊本乗務セ    ,1,10,,,,,744,824,終,,,,
7791,B,,525,D,熊本    ,三角    ,熊本乗務セ    ,2,1,,,,759,804,856,,528,D,,904
7792,B,,528,D,三角    ,熊本    ,熊本乗務セ    ,2,2,,,,,904,957,,1073,D,1121,1151
7793,B,,1073,D,熊本    ,豊後竹田,熊本乗務セ    ,2,3,,,,1121,1151,1406,,1076,D,1631,1635
7794,B,,1076,D,豊後竹田,熊本    ,熊本乗務セ    ,2,4,,,,1631,1635,1848,終,,,,
7795,B,便,1435,M,熊本    ,肥後大津,熊本乗務セ    ,3,1,,,,,725,804,,425,D,831,836
7796,B,,425,D,肥後大津,宮地    ,熊本乗務セ    ,3,2,,,,831,836,934,,430,D,,1021
7797,B,,430,D,宮地    ,肥後大津,熊本乗務セ    ,3,3,,,,,1021,1117,,427,D,,1122
7798,B,,427,D,肥後大津,宮地    ,熊本乗務セ    ,3,4,,,,,1122,1216,便,1074,D,,1351
7799,B,便,1074,D,宮地    ,阿蘇    ,熊本乗務セ    ,3,5,,,,,1351,1355,,1074,D,1355,1357
7800,B,,1074,D,阿蘇    ,熊本    ,熊本乗務セ    ,3,6,,,,1355,1357,1505,終,,,,
7801,B,,431,D,熊本    ,宮地    ,熊本乗務セ    ,4,1,,,,1333,1348,1558,,438,D,1632,1637
7802,B,,438,D,宮地    ,肥後大津,熊本乗務セ    ,4,2,,,,1632,1637,1729,,437,D,1819,1824
7803,B,,437,D,肥後大津,宮地    ,熊本乗務セ    ,4,3,,,,1819,1824,1917,,446,D,2048,2053
7804,B,,446,D,宮地    ,肥後大津,熊本乗務セ    ,4,4,,,,2048,2053,2143,,445,D,2252,2257
7805,B,,445,D,肥後大津,宮地    ,熊本乗務セ    ,4,5,,,,2252,2257,2349,,424,D,,559
7806,B,,424,D,宮地    ,肥後大津,熊本乗務セ    ,4,6,,,,,559,650,,423,D,,659
7807,B,,423,D,肥後大津,宮地    ,熊本乗務セ    ,4,7,,,,,659,753,,1072,D,956,1001
7808,B,,1072,D,宮地    ,熊本    ,熊本乗務セ    ,4,8,,,,956,1001,1121,終,,,,
7809,B,,527,D,熊本    ,三角    ,熊本乗務セ    ,5,1,,,,853,858,956,,530,D,,1014
7810,B,,530,D,三角    ,熊本    ,熊本乗務セ    ,5,2,,,,,1014,1110,,8093,D,1320,1336
7811,B,,8093,D,熊本    ,宮地    ,熊本乗務セ    ,5,3,,,,1320,1336,1511,,8094,D,1543,1548
7812,B,,8094,D,宮地    ,熊本    ,熊本乗務セ    ,5,4,,,,1543,1548,1708,回,8094,D,,1718
7813,B,回,8094,D,熊本    ,熊本操  ,熊本乗務セ    ,5,5,,,,,1718,1721,便回,1489,M,,1756
7814,B,便回,1489,M,熊本操  ,熊本    ,熊本乗務セ    ,5,6,,,,,1756,1759,回,1076,D,1848,1855
7815,B,回,1076,D,熊本    ,熊本操  ,熊本乗務セ    ,5,7,,,,1848,1855,1858,回,547,D,,2020
7816,B,回,547,D,熊本操  ,熊本    ,熊本乗務セ    ,5,8,,,,,2020,2023,,547,D,,2029
7817,B,,547,D,熊本    ,三角    ,熊本乗務セ    ,5,9,,,,,2029,2124,,550,D,,2133
7818,B,,550,D,三角    ,熊本    ,熊本乗務セ    ,5,10,,,,,2133,2225,,551,D,2251,2256
7819,B,,551,D,熊本    ,三角    ,熊本乗務セ    ,5,11,,,,2251,2256,2348,,522,D,,636
7820,B,,522,D,三角    ,熊本    ,熊本乗務セ    ,5,12,,,,,636,734,終,,,,
7821,B,,531,D,熊本    ,三角    ,熊本乗務セ    ,6,1,,,,1110,1130,1227,,534,D,,1238
7822,B,,534,D,三角    ,熊本    ,熊本乗務セ    ,6,2,,,,,1238,1333,,537,D,1500,1505
7823,B,,537,D,熊本    ,三角    ,熊本乗務セ    ,6,3,,,,1500,1505,1557,,540,D,,1609
7824,B,,540,D,三角    ,熊本    ,熊本乗務セ    ,6,4,,,,,1609,1701,,543,D,1804,1826
7825,B,,543,D,熊本    ,三角    ,熊本乗務セ    ,6,5,,,,1804,1826,1918,,546,D,,1928
7826,B,,546,D,三角    ,熊本    ,熊本乗務セ    ,6,6,,,,,1928,2020,回,546,D,,2036
7827,B,回,546,D,熊本    ,熊本操  ,熊本乗務セ    ,6,7,,,,,2036,2039,回,6421,D,,451
7828,B,回,6421,D,熊本操  ,熊本    ,熊本乗務セ    ,6,8,,,,,451,454,回,421,D,,459
7829,B,回,421,D,熊本    ,肥後大津,熊本乗務セ    ,6,9,,,,,459,527,,421,D,,538
7830,B,,421,D,肥後大津,宮地    ,熊本乗務セ    ,6,10,,,,,538,636,,428,D,753,759
7831,B,,428,D,宮地    ,肥後大津,熊本乗務セ    ,6,11,,,,753,759,847,回,428,D,,904
7832,B,回,428,D,肥後大津,熊本    ,熊本乗務セ    ,6,12,,,,,904,939,回,6428,D,,951
7833,B,回,6428,D,熊本    ,熊本操  ,熊本乗務セ    ,6,13,,,,,951,954,便回,6422,M,,1026
7834,B,便回,6422,M,熊本操  ,熊本    ,熊本乗務セ    ,6,14,,,,,1026,1029,終,,,,
7835,B,,1071,D,熊本    ,宮地    ,熊本乗務セ    ,7,1,,,,819,825,1000,,8092,D,1157,1202
7836,B,,8092,D,宮地    ,熊本    ,熊本乗務セ    ,7,2,,,,1157,1202,1320,回,434,D,1457,1501
7837,B,回,434,D,熊本    ,熊本操  ,熊本乗務セ    ,7,3,,,,1457,1501,1504,回,6433,D,,1525
7838,B,回,6433,D,熊本操  ,熊本    ,熊本乗務セ    ,7,4,,,,,1525,1528,回,433,D,,1536
7839,B,回,433,D,熊本    ,肥後大津,熊本乗務セ    ,7,5,,,,,1536,1608,,433,D,,1624
7840,B,,433,D,肥後大津,宮地    ,熊本乗務セ    ,7,6,,,,,1624,1719,,440,D,,1744
7841,B,,440,D,宮地    ,肥後大津,熊本乗務セ    ,7,7,,,,,1744,1836,,439,D,1901,1906
7842,B,,439,D,肥後大津,宮地    ,熊本乗務セ    ,7,8,,,,1901,1906,1958,,420,D,,519
7843,B,,420,D,宮地    ,肥後大津,熊本乗務セ    ,7,9,,,,,519,607,,422,D,,638
7844,B,,422,D,肥後大津,熊本    ,熊本乗務セ    ,7,10,,,,,638,721,回,422,D,,730
7845,B,回,422,D,熊本    ,熊本操  ,熊本乗務セ    ,7,11,,,,,730,733,回,1071,D,,816
7846,B,回,1071,D,熊本操  ,熊本    ,熊本乗務セ    ,7,12,,,,,816,819,終,,,,
7847,B,,529,D,熊本    ,三角    ,熊本乗務セ    ,8,1,,,,945,955,1049,,532,D,,1100
7848,B,,532,D,三角    ,熊本    ,熊本乗務セ    ,8,2,,,,,1100,1152,回,532,D,,1207
7849,B,回,532,D,熊本    ,熊本操  ,熊本乗務セ    ,8,3,,,,,1207,1211,回,535,D,,1325
7850,B,回,535,D,熊本操  ,熊本    ,熊本乗務セ    ,8,4,,,,,1325,1328,,535,D,,1338
7851,B,,535,D,熊本    ,三角    ,熊本乗務セ    ,8,5,,,,,1338,1434,,538,D,,1442
7852,B,,538,D,三角    ,熊本    ,熊本乗務セ    ,8,6,,,,,1442,1535,,541,D,1701,1706
7853,B,,541,D,熊本    ,三角    ,熊本乗務セ    ,8,7,,,,1701,1706,1803,,544,D,,1823
7854,B,,544,D,三角    ,熊本    ,熊本乗務セ    ,8,8,,,,,1823,1918,終,,,,
7855,B,便回,4321,M,熊本    ,熊本操  ,熊本乗務セ    ,9,1,,,,,1105,1108,回,533,D,,1231
7856,B,回,533,D,熊本操  ,熊本    ,熊本乗務セ    ,9,2,,,,,1231,1234,,533,D,,1239
7857,B,,533,D,熊本    ,三角    ,熊本乗務セ    ,9,3,,,,,1239,1333,,536,D,,1340
7858,B,,536,D,三角    ,熊本    ,熊本乗務セ    ,9,4,,,,,1340,1433,,1075,D,1505,1523
7859,B,,1075,D,熊本    ,阿蘇    ,熊本乗務セ    ,9,5,,,,1505,1523,1645,便,1075,D,,1648
7860,B,便,1075,D,阿蘇    ,宮地    ,熊本乗務セ    ,9,6,,,,,1648,1652,,442,D,1825,1836
7861,B,,442,D,宮地    ,肥後大津,熊本乗務セ    ,9,7,,,,1825,1836,1933,,441,D,2020,2025
7862,B,,441,D,肥後大津,宮地    ,熊本乗務セ    ,9,8,,,,2020,2025,2117,,448,D,2145,2150
7863,B,,448,D,宮地    ,熊本    ,熊本乗務セ    ,9,9,,,,2145,2150,2323,回,448,D,,2334
7864,B,回,448,D,熊本    ,熊本操  ,熊本乗務セ    ,9,10,,,,,2334,2337,回,521,D,,607
7865,B,回,521,D,熊本操  ,熊本    ,熊本乗務セ    ,9,11,,,,,607,610,,521,D,,617
7866,B,,521,D,熊本    ,三角    ,熊本乗務セ    ,9,12,,,,,617,712,,524,D,,719
7867,B,,524,D,三角    ,熊本    ,熊本乗務セ    ,9,13,,,,,719,815,便回,6330,M,,834
7868,B,便回,6330,M,熊本    ,熊本操  ,熊本乗務セ    ,9,14,,,,,834,837,回,8091,D,,926
7869,B,回,8091,D,熊本操  ,熊本    ,熊本乗務セ    ,9,15,,,,,926,930,終,,,,
7870,B,,8091,D,熊本    ,宮地    ,熊本乗務セ    ,10,1,,,,930,957,1132,,432,D,1257,1302
7871,B,,432,D,宮地    ,肥後大津,熊本乗務セ    ,10,2,,,,1257,1302,1351,,434,D,,1416
7872,B,,434,D,肥後大津,熊本    ,熊本乗務セ    ,10,3,,,,,1416,1457,,539,D,1601,1606
7873,B,,539,D,熊本    ,三角    ,熊本乗務セ    ,10,4,,,,1601,1606,1703,,542,D,,1711
7874,B,,542,D,三角    ,熊本    ,熊本乗務セ    ,10,5,,,,,1711,1804,,545,D,1918,1925
7875,B,,545,D,熊本    ,三角    ,熊本乗務セ    ,10,6,,,,1918,1925,2020,,548,D,,2032
7876,B,,548,D,三角    ,熊本    ,熊本乗務セ    ,10,7,,,,,2032,2125,,549,D,,2131
7877,B,,549,D,熊本    ,三角    ,熊本乗務セ    ,10,8,,,,,2131,2225,,520,D,,552
7878,B,,520,D,三角    ,熊本    ,熊本乗務セ    ,10,9,,,,,552,644,,523,D,714,719
7879,B,,523,D,熊本    ,三角    ,熊本乗務セ    ,10,10,,,,714,719,814,,526,D,,821
7880,B,,526,D,三角    ,熊本    ,熊本乗務セ    ,10,11,,,,,821,915,終,,,,
7881,B,,5342,M,熊本    ,銀水    ,熊本乗務セ    ,21,1,,,,1244,1246,1341,,5349,M,,1354
7882,B,,5349,M,銀水    ,熊本    ,熊本乗務セ    ,21,2,,,,,1354,1450,,358,M,1552,1558
7883,B,,358,M,熊本    ,鳥栖    ,熊本乗務セ    ,21,3,,,,1552,1558,1733,,5365,M,1949,2016
7884,B,,5365,M,鳥栖    ,熊本    ,熊本乗務セ    ,21,4,,,,1949,2016,2154,,5369,M,2253,2316
7885,B,,5369,M,熊本    ,八代    ,熊本乗務セ    ,21,5,,,,2253,2316,2354,,6324,M,,613
7886,B,,6324,M,八代    ,熊本    ,熊本乗務セ    ,21,6,,,,,613,652,,6329,M,738,742
7887,B,,6329,M,熊本    ,八代    ,熊本乗務セ    ,21,7,,,,738,742,820,,6332,M,,824
7888,B,,6332,M,八代    ,熊本    ,熊本乗務セ    ,21,8,,,,,824,904,回,6332,M,,916
7889,B,回,6332,M,熊本    ,熊本操  ,熊本乗務セ    ,21,9,,,,,916,919,便回,6422,M,,1026
7890,B,便回,6422,M,熊本操  ,熊本    ,熊本乗務セ    ,21,10,,,,,1026,1029,終,,,,
7891,B,,5333,M,熊本    ,八代    ,熊本乗務セ    ,22,1,,,,1011,1014,1051,,5340,M,,1056
7892,B,,5340,M,八代    ,熊本    ,熊本乗務セ    ,22,2,,,,,1056,1134,,5343,M,1327,1329
7893,B,,5343,M,熊本    ,八代    ,熊本乗務セ    ,22,3,,,,1327,1329,1406,,6336,M,1437,1442
7894,B,,6336,M,八代    ,熊本    ,熊本乗務セ    ,22,4,,,,1437,1442,1522,回,6336,M,,1540
7895,B,回,6336,M,熊本    ,熊本操  ,熊本乗務セ    ,22,5,,,,,1540,1543,回,1489,M,,1756
7896,B,回,1489,M,熊本操  ,熊本    ,熊本乗務セ    ,22,6,,,,,1756,1759,,1489,M,,1808
7897,B,,1489,M,熊本    ,肥後大津,熊本乗務セ    ,22,7,,,,,1808,1845,,1496,M,,1907
7898,B,,1496,M,肥後大津,熊本    ,熊本乗務セ    ,22,8,,,,,1907,1941,回,1496,M,,2005
7899,B,回,1496,M,熊本    ,熊本操  ,熊本乗務セ    ,22,9,,,,,2005,2008,回,378,M,,2032
7900,B,回,378,M,熊本操  ,熊本    ,熊本乗務セ    ,22,10,,,,,2032,2035,,380,M,2116,2123
7901,B,,380,M,熊本    ,玉名    ,熊本乗務セ    ,22,11,,,,2116,2123,2154,回,380,M,,2213
7902,B,回,380,M,玉名    ,熊本操  ,熊本乗務セ    ,22,12,,,,,2213,2240,回,6321,M,,547
7903,B,回,6321,M,熊本操  ,熊本    ,熊本乗務セ    ,22,13,,,,,547,550,,6321,M,,559
7904,B,,6321,M,熊本    ,八代    ,熊本乗務セ    ,22,14,,,,,559,637,,6328,M,,657
7905,B,,6328,M,八代    ,熊本    ,熊本乗務セ    ,22,15,,,,,657,738,,5328,M,817,819
7906,B,,5328,M,熊本    ,大牟田  ,熊本乗務セ    ,22,16,,,,817,819,910,,5333,M,,921
7907,B,,5333,M,大牟田  ,熊本    ,熊本乗務セ    ,22,17,,,,,921,1011,終,,,,
7908,B,,6333,M,熊本    ,八代    ,熊本乗務セ    ,23,1,,,,1207,1214,1252,,5346,M,,1303
7909,B,,5346,M,八代    ,熊本    ,熊本乗務セ    ,23,2,,,,,1303,1343,,1471,M,1442,1506
7910,B,,1471,M,熊本    ,肥後大津,熊本乗務セ    ,23,3,,,,1442,1506,1551,,1478,M,,1600
7911,B,,1478,M,肥後大津,熊本    ,熊本乗務セ    ,23,4,,,,,1600,1635,,1483,M,1700,1709
7912,B,,1483,M,熊本    ,肥後大津,熊本乗務セ    ,23,5,,,,1700,1709,1753,,1490,M,,1805
7913,B,,1490,M,肥後大津,熊本    ,熊本乗務セ    ,23,6,,,,,1805,1841,,1495,M,,1908
7914,B,,1495,M,熊本    ,肥後大津,熊本乗務セ    ,23,7,,,,,1908,1942,,1522,M,,2006
7915,B,,1522,M,肥後大津,熊本    ,熊本乗務セ    ,23,8,,,,,2006,2040,,1529,M,2135,2152
7916,B,,1529,M,熊本    ,肥後大津,熊本乗務セ    ,23,9,,,,2135,2152,2225,,1536,M,,2233
7917,B,,1536,M,肥後大津,熊本    ,熊本乗務セ    ,23,10,,,,,2233,2307,,1537,M,2335,2340
7918,B,,1537,M,熊本    ,肥後大津,熊本乗務セ    ,23,11,,,,2335,2340,13,,1426,M,,628
7919,B,,1426,M,肥後大津,熊本    ,熊本乗務セ    ,23,12,,,,,628,706,,1433,M,,711
7920,B,,1433,M,熊本    ,肥後大津,熊本乗務セ    ,23,13,,,,,711,752,,1438,M,,756
7921,B,,1438,M,肥後大津,熊本    ,熊本乗務セ    ,23,14,,,,,756,838,回,1438,M,,844
7922,B,回,1438,M,熊本    ,熊本操  ,熊本乗務セ    ,23,15,,,,,844,847,回,8091,D,,926
7923,B,回,8091,D,熊本操  ,熊本    ,熊本乗務セ    ,23,16,,,,,926,930,終,,,,
7924,B,回,6330,M,熊本    ,熊本操  ,熊本乗務セ    ,24,1,,,,828,834,837,回,334,M,,905
7925,B,回,334,M,熊本操  ,熊本    ,熊本乗務セ    ,24,2,,,,,905,908,,334,M,,910
7926,B,,334,M,熊本    ,大牟田  ,熊本乗務セ    ,24,3,,,,,910,1001,,5337,M,1030,1035
7927,B,,5337,M,大牟田  ,熊本    ,熊本乗務セ    ,24,4,,,,1030,1035,1126,,5339,M,1231,1233
7928,B,,5339,M,熊本    ,八代    ,熊本乗務セ    ,24,5,,,,1231,1233,1311,,5348,M,,1328
7929,B,,5348,M,八代    ,熊本    ,熊本乗務セ    ,24,6,,,,,1328,1407,便回,434,D,,1501
7930,B,便回,434,D,熊本    ,熊本操  ,熊本乗務セ    ,24,7,,,,,1501,1504,回,1479,M,,1625
7931,B,回,1479,M,熊本操  ,熊本    ,熊本乗務セ    ,24,8,,,,,1625,1628,,1479,M,,1636
7932,B,,1479,M,熊本    ,肥後大津,熊本乗務セ    ,24,9,,,,,1636,1712,,1486,M,,1731
7933,B,,1486,M,肥後大津,熊本    ,熊本乗務セ    ,24,10,,,,,1731,1806,,6343,M,1853,1904
7934,B,,6343,M,熊本    ,八代    ,熊本乗務セ    ,24,11,,,,1853,1904,1942,,6352,M,,1947
7935,B,,6352,M,八代    ,熊本    ,熊本乗務セ    ,24,12,,,,,1947,2027,,1525,M,,2049
7936,B,,1525,M,熊本    ,肥後大津,熊本乗務セ    ,24,13,,,,,2049,2122,,1532,M,,2146
7937,B,,1532,M,肥後大津,熊本    ,熊本乗務セ    ,24,14,,,,,2146,2223,回,1422,M,,509
7938,B,回,1422,M,熊本    ,肥後大津,熊本乗務セ    ,24,15,,,,,509,534,,1422,M,,546
7939,B,,1422,M,肥後大津,熊本    ,熊本乗務セ    ,24,16,,,,,546,623,,1429,M,,639
7940,B,,1429,M,熊本    ,肥後大津,熊本乗務セ    ,24,17,,,,,639,725,,1434,M,,732
7941,B,,1434,M,肥後大津,熊本    ,熊本乗務セ    ,24,18,,,,,732,811,終,,,,
7942,B,,5335,M,熊本    ,八代    ,熊本乗務セ    ,25,1,,,,1031,1041,1120,,6334,M,,1127
7943,B,,6334,M,八代    ,熊本    ,熊本乗務セ    ,25,2,,,,,1127,1207,,5344,M,1315,1317
7944,B,,5344,M,熊本    ,玉名    ,熊本乗務セ    ,25,3,,,,1315,1317,1347,,5347,M,,1351
7945,B,,5347,M,玉名    ,熊本    ,熊本乗務セ    ,25,4,,,,,1351,1421,便回,6336,M,,1540
7946,B,便回,6336,M,熊本    ,熊本操  ,熊本乗務セ    ,25,5,,,,,1540,1543,回,6337,M,,1740
7947,B,回,6337,M,熊本操  ,熊本    ,熊本乗務セ    ,25,6,,,,,1740,1742,,6337,M,,1750
7948,B,,6337,M,熊本    ,八代    ,熊本乗務セ    ,25,7,,,,,1750,1827,,6346,M,,1832
7949,B,,6346,M,八代    ,熊本    ,熊本乗務セ    ,25,8,,,,,1832,1912,,5362,M,2005,2007
7950,B,,5362,M,熊本    ,銀水    ,熊本乗務セ    ,25,9,,,,2005,2007,2106,,5367,M,,2136
7951,B,,5367,M,銀水    ,熊本    ,熊本乗務セ    ,25,10,,,,,2136,2230,,5368,M,2334,2336
7952,B,,5368,M,熊本    ,大牟田  ,熊本乗務セ    ,25,11,,,,2334,2336,27,回,5368,M,,32
7953,B,回,5368,M,大牟田  ,荒尾    ,熊本乗務セ    ,25,12,,,,,32,37,回,321,M,,542
7954,B,回,321,M,荒尾    ,玉名    ,熊本乗務セ    ,25,13,,,,,542,555,,321,M,,557
7955,B,,321,M,玉名    ,熊本    ,熊本乗務セ    ,25,14,,,,,557,628,,1431,M,655,658
7956,B,,1431,M,熊本    ,肥後大津,熊本乗務セ    ,25,15,,,,655,658,740,,1436,M,,744
7957,B,,1436,M,肥後大津,熊本    ,熊本乗務セ    ,25,16,,,,,744,824,終,,,,
7958,B,,5329,M,熊本    ,八代    ,熊本乗務セ    ,26,1,,,,904,906,946,,5336,M,,958
7959,B,,5336,M,八代    ,熊本    ,熊本乗務セ    ,26,2,,,,,958,1038,回,4321,M,1100,1105
7960,B,回,4321,M,熊本    ,熊本操  ,熊本乗務セ    ,26,3,,,,1100,1105,1108,回,1465,M,,1303
7961,B,回,1465,M,熊本操  ,熊本    ,熊本乗務セ    ,26,4,,,,,1303,1306,,1465,M,,1321
7962,B,,1465,M,熊本    ,肥後大津,熊本乗務セ    ,26,5,,,,,1321,1356,,1470,M,,1406
7963,B,,1470,M,肥後大津,熊本    ,熊本乗務セ    ,26,6,,,,,1406,1442,,1475,M,1555,1602
7964,B,,1475,M,熊本    ,肥後大津,熊本乗務セ    ,26,7,,,,1555,1602,1638,,1482,M,,1648
7965,B,,1482,M,肥後大津,熊本    ,熊本乗務セ    ,26,8,,,,,1648,1730,,1487,M,1747,1754
7966,B,,1487,M,熊本    ,肥後大津,熊本乗務セ    ,26,9,,,,1747,1754,1833,,1494,M,,1846
7967,B,,1494,M,肥後大津,熊本    ,熊本乗務セ    ,26,10,,,,,1846,1921,,5363,M,2014,2021
7968,B,,5363,M,熊本    ,八代    ,熊本乗務セ    ,26,11,,,,2014,2021,2100,,5364,M,,2109
7969,B,,5364,M,八代    ,熊本    ,熊本乗務セ    ,26,12,,,,,2109,2149,,5367,M,2230,2232
7970,B,,5367,M,熊本    ,八代    ,熊本乗務セ    ,26,13,,,,2230,2232,2310,,6322,M,,556
7971,B,,6322,M,八代    ,熊本    ,熊本乗務セ    ,26,14,,,,,556,636,,6327,M,652,712
7972,B,,6327,M,熊本    ,八代    ,熊本乗務セ    ,26,15,,,,652,712,751,,4320,M,,802
7973,B,,4320,M,八代    ,熊本    ,熊本乗務セ    ,26,16,,,,,802,842,終,,,,
7974,B,,5341,M,熊本    ,八代    ,熊本乗務セ    ,31,1,,,,1248,1256,1334,,5350,M,,1358
7975,B,,5350,M,八代    ,熊本    ,熊本乗務セ    ,31,2,,,,,1358,1437,,6335,M,1550,1557
7976,B,,6335,M,熊本    ,八代    ,熊本乗務セ    ,31,3,,,,1550,1557,1636,,5358,M,,1648
7977,B,,5358,M,八代    ,熊本    ,熊本乗務セ    ,31,4,,,,,1648,1727,,1491,M,1806,1828
7978,B,,1491,M,熊本    ,肥後大津,熊本乗務セ    ,31,5,,,,1806,1828,1901,,1498,M,,1926
7979,B,,1498,M,肥後大津,熊本    ,熊本乗務セ    ,31,6,,,,,1926,2001,,1523,M,2020,2028
7980,B,,1523,M,熊本    ,肥後大津,熊本乗務セ    ,31,7,,,,2020,2028,2103,,1530,M,,2127
7981,B,,1530,M,肥後大津,熊本    ,熊本乗務セ    ,31,8,,,,,2127,2204,回,1530,M,,2210
7982,B,回,1530,M,熊本    ,熊本操  ,熊本乗務セ    ,31,9,,,,,2210,2213,回,6355,M,,2326
7983,B,回,6355,M,熊本操  ,熊本    ,熊本乗務セ    ,31,10,,,,,2326,2329,,6355,M,,2342
7984,B,,6355,M,熊本    ,八代    ,熊本乗務セ    ,31,11,,,,,2342,20,,6326,M,,637
7985,B,,6326,M,八代    ,熊本    ,熊本乗務セ    ,31,12,,,,,637,718,,1435,M,,725
7986,B,,1435,M,熊本    ,肥後大津,熊本乗務セ    ,31,13,,,,,725,804,,1440,M,,809
7987,B,,1440,M,肥後大津,熊本    ,熊本乗務セ    ,31,14,,,,,809,847,回,1440,M,,851
7988,B,回,1440,M,熊本    ,熊本操  ,熊本乗務セ    ,31,15,,,,,851,854,回,8091,D,,926
7989,B,回,8091,D,熊本操  ,熊本    ,熊本乗務セ    ,31,16,,,,,926,930,終,,,,
7990,B,,5327,M,熊本    ,八代    ,熊本乗務セ    ,32,1,,,,846,848,926,,5334,M,,931
7991,B,,5334,M,八代    ,熊本    ,熊本乗務セ    ,32,2,,,,,931,1009,,5336,M,1038,1046
7992,B,,5336,M,熊本    ,銀水    ,熊本乗務セ    ,32,3,,,,1038,1046,1140,,5341,M,,1154
7993,B,,5341,M,銀水    ,熊本    ,熊本乗務セ    ,32,4,,,,,1154,1248,便回,1464,M,,1341
7994,B,便回,1464,M,熊本    ,熊本操  ,熊本乗務セ    ,32,5,,,,,1341,1344,回,356,M,,1516
7995,B,回,356,M,熊本操  ,熊本    ,熊本乗務セ    ,32,6,,,,,1516,1519,,356,M,,1523
7996,B,,356,M,熊本    ,鳥栖    ,熊本乗務セ    ,32,7,,,,,1523,1659,,375,M,1843,1905
7997,B,,375,M,鳥栖    ,大牟田  ,熊本乗務セ    ,32,8,,,,1843,1905,1949,,374,M,,2018
7998,B,,374,M,大牟田  ,鳥栖    ,熊本乗務セ    ,32,9,,,,,2018,2102,,385,M,2142,2152
7999,B,,385,M,鳥栖    ,熊本    ,熊本乗務セ    ,32,10,,,,2142,2152,2332,回,5320,M,546,550
8000,B,回,5320,M,熊本    ,宇土    ,熊本乗務セ    ,32,11,,,,546,550,600,,5320,M,,604
8001,B,,5320,M,宇土    ,大牟田  ,熊本乗務セ    ,32,12,,,,,604,715,,5325,M,,720
8002,B,,5325,M,大牟田  ,熊本    ,熊本乗務セ    ,32,13,,,,,720,812,終,,,,
8003,B,,5349,M,熊本    ,八代    ,熊本乗務セ    ,33,1,,,,1450,1454,1531,,5352,M,,1537
8004,B,,5352,M,八代    ,熊本    ,熊本乗務セ    ,33,2,,,,,1537,1616,,5357,M,1703,1711
8005,B,,5357,M,熊本    ,八代    ,熊本乗務セ    ,33,3,,,,1703,1711,1750,,5360,M,,1755
8006,B,,5360,M,八代    ,熊本    ,熊本乗務セ    ,33,4,,,,,1755,1835,,372,M,1918,1926
8007,B,,372,M,熊本    ,銀水    ,熊本乗務セ    ,33,5,,,,1918,1926,2026,,383,M,,2040
8008,B,,383,M,銀水    ,熊本    ,熊本乗務セ    ,33,6,,,,,2040,2135,,5366,M,2229,2231
8009,B,,5366,M,熊本    ,大牟田  ,熊本乗務セ    ,33,7,,,,2229,2231,2323,,389,M,,2327
8010,B,,389,M,大牟田  ,熊本    ,熊本乗務セ    ,33,8,,,,,2327,17,回,389,M,,22
8011,B,回,389,M,熊本    ,熊本操  ,熊本乗務セ    ,33,9,,,,,22,25,回,6323,M,,623
8012,B,回,6323,M,熊本操  ,熊本    ,熊本乗務セ    ,33,10,,,,,623,626,,6323,M,,630
8013,B,,6323,M,熊本    ,八代    ,熊本乗務セ    ,33,11,,,,,630,708,,5326,M,,712
8014,B,,5326,M,八代    ,長洲    ,熊本乗務セ    ,33,12,,,,,712,841,,5331,M,,854
8015,B,,5331,M,長洲    ,熊本    ,熊本乗務セ    ,33,13,,,,,854,934,終,,,,
8016,B,,5324,M,熊本    ,鳥栖    ,熊本乗務セ    ,34,1,,,,726,729,906,,4321,M,,931
8017,B,,4321,M,鳥栖    ,熊本    ,熊本乗務セ    ,34,2,,,,,931,1100,,342,M,1206,1214
8018,B,,342,M,熊本    ,玉名    ,熊本乗務セ    ,34,3,,,,1206,1214,1245,,5343,M,,1258
8019,B,,5343,M,玉名    ,熊本    ,熊本乗務セ    ,34,4,,,,,1258,1327,便,5346,M,,1348
8020,B,便,5346,M,熊本    ,大牟田  ,熊本乗務セ    ,34,5,,,,,1348,1438,回,355,M,1533,1541
8021,B,回,355,M,大牟田  ,銀水    ,熊本乗務セ    ,34,6,,,,1533,1541,1545,,5357,M,,1606
8022,B,,5357,M,銀水    ,熊本    ,熊本乗務セ    ,34,7,,,,,1606,1703,終,,,,
8023,B,,5334,M,熊本    ,銀水    ,熊本乗務セ    ,35,1,,,,1009,1014,1108,,337,M,,1112
8024,B,,337,M,銀水    ,熊本    ,熊本乗務セ    ,35,2,,,,,1112,1206,,5346,M,1343,1348
8025,B,,5346,M,熊本    ,銀水    ,熊本乗務セ    ,35,3,,,,1343,1348,1442,,353,M,,1454
8026,B,,353,M,銀水    ,熊本    ,熊本乗務セ    ,35,4,,,,,1454,1552,,5354,M,1645,1648
8027,B,,5354,M,熊本    ,植木    ,熊本乗務セ    ,35,5,,,,1645,1648,1702,,5359,M,,1710
8028,B,,5359,M,植木    ,八代    ,熊本乗務セ    ,35,6,,,,,1710,1809,,6344,M,,1814
8029,B,,6344,M,八代    ,熊本    ,熊本乗務セ    ,35,7,,,,,1814,1853,,1521,M,2001,2008
8030,B,,1521,M,熊本    ,肥後大津,熊本乗務セ    ,35,8,,,,2001,2008,2042,,1528,M,,2106
8031,B,,1528,M,肥後大津,熊本    ,熊本乗務セ    ,35,9,,,,,2106,2142,回,1528,M,,2148
8032,B,回,1528,M,熊本    ,熊本操  ,熊本乗務セ    ,35,10,,,,,2148,2152,回,6420,M,,536
8033,B,回,6420,M,熊本操  ,熊本    ,熊本乗務セ    ,35,11,,,,,536,539,回,5324,M,,544
8034,B,回,5324,M,熊本    ,八代    ,熊本乗務セ    ,35,12,,,,,544,609,,5324,M,639,644
8035,B,,5324,M,八代    ,熊本    ,熊本乗務セ    ,35,13,,,,639,644,726,,1443,M,811,815
8036,B,,1443,M,熊本    ,肥後大津,熊本乗務セ    ,35,14,,,,811,815,852,,1448,M,,913
8037,B,,1448,M,肥後大津,熊本    ,熊本乗務セ    ,35,15,,,,,913,950,回,1448,M,,1000
8038,B,回,1448,M,熊本    ,熊本操  ,熊本乗務セ    ,35,16,,,,,1000,1003,回,6422,M,,1026
8039,B,回,6422,M,熊本操  ,熊本    ,熊本乗務セ    ,35,17,,,,,1026,1029,終,,,,
8040,B,,1447,M,熊本    ,肥後大津,熊本乗務セ    ,36,1,,,,900,919,952,,1452,M,,957
8041,B,,1452,M,肥後大津,熊本    ,熊本乗務セ    ,36,2,,,,,957,1036,,1453,M,,1046
8042,B,,1453,M,熊本    ,肥後大津,熊本乗務セ    ,36,3,,,,,1046,1120,,1458,M,,1126
8043,B,,1458,M,肥後大津,熊本    ,熊本乗務セ    ,36,4,,,,,1126,1202,,5345,M,1350,1359
8044,B,,5345,M,熊本    ,八代    ,熊本乗務セ    ,36,5,,,,1350,1359,1437,,5354,M,1559,1604
8045,B,,5354,M,八代    ,熊本    ,熊本乗務セ    ,36,6,,,,1559,1604,1645,,366,M,1743,1809
8046,B,,366,M,熊本    ,銀水    ,熊本乗務セ    ,36,7,,,,1743,1809,1909,,5363,M,,1919
8047,B,,5363,M,銀水    ,熊本    ,熊本乗務セ    ,36,8,,,,,1919,2014,,1527,M,2116,2121
8048,B,,1527,M,熊本    ,肥後大津,熊本乗務セ    ,36,9,,,,2116,2121,2157,,1534,M,,2210
8049,B,,1534,M,肥後大津,熊本    ,熊本乗務セ    ,36,10,,,,,2210,2247,,1535,M,,2313
8050,B,,1535,M,熊本    ,肥後大津,熊本乗務セ    ,36,11,,,,,2313,2348,,1420,M,,511
8051,B,,1420,M,肥後大津,熊本    ,熊本乗務セ    ,36,12,,,,,511,545,,6325,M,636,644
8052,B,,6325,M,熊本    ,八代    ,熊本乗務セ    ,36,13,,,,636,644,722,,5328,M,,727
8053,B,,5328,M,八代    ,熊本    ,熊本乗務セ    ,36,14,,,,,727,805,終,,,,
8054,B,,5338,M,熊本    ,玉名    ,熊本乗務セ    ,37,1,,,,1104,1112,1142,,5339,M,,1201
8055,B,,5339,M,玉名    ,熊本    ,熊本乗務セ    ,37,2,,,,,1201,1231,,1467,M,1357,1410
8056,B,,1467,M,熊本    ,肥後大津,熊本乗務セ    ,37,3,,,,1357,1410,1448,,1472,M,,1455
8057,B,,1472,M,肥後大津,熊本    ,熊本乗務セ    ,37,4,,,,,1455,1532,,5355,M,1645,1647
8058,B,,5355,M,熊本    ,八代    ,熊本乗務セ    ,37,5,,,,1645,1647,1725,,6342,M,,1733
8059,B,,6342,M,八代    ,熊本    ,熊本乗務セ    ,37,6,,,,,1733,1813,,370,M,1855,1904
8060,B,,370,M,熊本    ,銀水    ,熊本乗務セ    ,37,7,,,,1855,1904,2000,,381,M,,2021
8061,B,,381,M,銀水    ,熊本    ,熊本乗務セ    ,37,8,,,,,2021,2116,,5364,M,2149,2151
8062,B,,5364,M,熊本    ,鳥栖    ,熊本乗務セ    ,37,9,,,,2149,2151,2331,,5329,M,717,724
8063,B,,5329,M,鳥栖    ,熊本    ,熊本乗務セ    ,37,10,,,,717,724,904,終,,,,
8064,B,回,6421,M,熊本    ,熊本操  ,熊本乗務セ    ,38,1,,,,1029,1034,1037,便回,6429,D,,1155
8065,B,便回,6429,D,熊本操  ,熊本    ,熊本乗務セ    ,38,2,,,,,1155,1159,,1461,M,1230,1234
8066,B,,1461,M,熊本    ,肥後大津,熊本乗務セ    ,38,3,,,,1230,1234,1313,,1466,M,,1319
8067,B,,1466,M,肥後大津,熊本    ,熊本乗務セ    ,38,4,,,,,1319,1357,,5350,M,1437,1446
8068,B,,5350,M,熊本    ,鳥栖    ,熊本乗務セ    ,38,5,,,,1437,1446,1622,,371,M,1758,1803
8069,B,,371,M,鳥栖    ,大牟田  ,熊本乗務セ    ,38,6,,,,1758,1803,1854,,368,M,,1902
8070,B,,368,M,大牟田  ,鳥栖    ,熊本乗務セ    ,38,7,,,,,1902,1949,,5369,M,2102,2116
8071,B,,5369,M,鳥栖    ,熊本    ,熊本乗務セ    ,38,8,,,,2102,2116,2253,回,385,M,2332,2339
8072,B,回,385,M,熊本    ,熊本操  ,熊本乗務セ    ,38,9,,,,2332,2339,2342,回,1427,M,,611
8073,B,回,1427,M,熊本操  ,熊本    ,熊本乗務セ    ,38,10,,,,,611,614,,1427,M,,624
8074,B,,1427,M,熊本    ,肥後大津,熊本乗務セ    ,38,11,,,,,624,706,,1432,M,,715
8075,B,,1432,M,肥後大津,熊本    ,熊本乗務セ    ,38,12,,,,,715,757,,1445,M,835,848
8076,B,,1445,M,熊本    ,肥後大津,熊本乗務セ    ,38,13,,,,835,848,924,,1450,M,,932
8077,B,,1450,M,肥後大津,熊本    ,熊本乗務セ    ,38,14,,,,,932,1008,終,,,,
8078,B,,5332,M,熊本    ,鳥栖    ,熊本乗務セ    ,39,1,,,,948,953,1127,,343,M,1154,1209
8079,B,,343,M,鳥栖    ,荒尾    ,熊本乗務セ    ,39,2,,,,1154,1209,1258,,346,M,,1302
8080,B,,346,M,荒尾    ,鳥栖    ,熊本乗務セ    ,39,3,,,,,1302,1351,,357,M,1527,1534
8081,B,,357,M,鳥栖    ,大牟田  ,熊本乗務セ    ,39,4,,,,1527,1534,1619,回,357,M,,1627
8082,B,回,357,M,大牟田  ,銀水    ,熊本乗務セ    ,39,5,,,,,1627,1631,,361,M,,1636
8083,B,,361,M,銀水    ,熊本    ,熊本乗務セ    ,39,6,,,,,1636,1743,,5361,M,1817,1823
8084,B,,5361,M,熊本    ,八代    ,熊本乗務セ    ,39,7,,,,1817,1823,1901,,6350,M,,1910
8085,B,,6350,M,八代    ,熊本    ,熊本乗務セ    ,39,8,,,,,1910,1949,,378,M,2035,2043
8086,B,,378,M,熊本    ,鳥栖    ,熊本乗務セ    ,39,9,,,,2035,2043,2218,,387,M,,2222
8087,B,,387,M,鳥栖    ,大牟田  ,熊本乗務セ    ,39,10,,,,,2222,2305,回,387,M,,2310
8088,B,回,387,M,大牟田  ,荒尾    ,熊本乗務セ    ,39,11,,,,,2310,2315,回,323,M,,535
8089,B,回,323,M,荒尾    ,銀水    ,熊本乗務セ    ,39,12,,,,,535,542,,323,M,,547
8090,B,,323,M,銀水    ,熊本    ,熊本乗務セ    ,39,13,,,,,547,642,,1437,M,721,735
8091,B,,1437,M,熊本    ,肥後大津,熊本乗務セ    ,39,14,,,,721,735,817,,1442,M,,826
8092,B,,1442,M,肥後大津,熊本    ,熊本乗務セ    ,39,15,,,,,826,900,終,,,,
8093,B,,1459,M,熊本    ,肥後大津,熊本乗務セ    ,41,1,,,,1202,1209,1246,,1464,M,,1258
8094,B,,1464,M,肥後大津,熊本    ,熊本乗務セ    ,41,2,,,,,1258,1334,回,1464,M,,1341
8095,B,回,1464,M,熊本    ,熊本操  ,熊本乗務セ    ,41,3,,,,,1341,1344,回,5353,M,,1536
8096,B,回,5353,M,熊本操  ,植木    ,熊本乗務セ    ,41,4,,,,,1536,1553,,5353,M,,1604
8097,B,,5353,M,植木    ,八代    ,熊本乗務セ    ,41,5,,,,,1604,1700,,6340,M,,1714
8098,B,,6340,M,八代    ,熊本    ,熊本乗務セ    ,41,6,,,,,1714,1755,,5360,M,1835,1837
8099,B,,5360,M,熊本    ,銀水    ,熊本乗務セ    ,41,7,,,,1835,1837,1933,,377,M,,1938
8100,B,,377,M,銀水    ,熊本    ,熊本乗務セ    ,41,8,,,,,1938,2043,,1533,M,2223,2235
8101,B,,1533,M,熊本    ,肥後大津,熊本乗務セ    ,41,9,,,,2223,2235,2312,回,1533,M,,2317
8102,B,回,1533,M,肥後大津,熊本    ,熊本乗務セ    ,41,10,,,,,2317,2349,,1439,M,734,749
8103,B,,1439,M,熊本    ,肥後大津,熊本乗務セ    ,41,11,,,,734,749,825,,1444,M,,835
8104,B,,1444,M,肥後大津,熊本    ,熊本乗務セ    ,41,12,,,,,835,911,回,1444,M,,932
8105,B,回,1444,M,熊本    ,熊本操  ,熊本乗務セ    ,41,13,,,,,932,935,便回,6422,M,,1026
8106,B,便回,6422,M,熊本操  ,熊本    ,熊本乗務セ    ,41,14,,,,,1026,1029,終,,,,
8107,B,,332,M,熊本    ,鳥栖    ,熊本乗務セ    ,42,1,,,,824,830,1007,,339,M,1056,1110
8108,B,,339,M,鳥栖    ,荒尾    ,熊本乗務セ    ,42,2,,,,1056,1110,1158,,340,M,,1206
8109,B,,340,M,荒尾    ,鳥栖    ,熊本乗務セ    ,42,3,,,,,1206,1256,,5355,M,1453,1510
8110,B,,5355,M,鳥栖    ,熊本    ,熊本乗務セ    ,42,4,,,,1453,1510,1645,,1485,M,1730,1734
8111,B,,1485,M,熊本    ,肥後大津,熊本乗務セ    ,42,5,,,,1730,1734,1813,,1492,M,,1822
8112,B,,1492,M,肥後大津,熊本    ,熊本乗務セ    ,42,6,,,,,1822,1901,,1497,M,,1929
8113,B,,1497,M,熊本    ,肥後大津,熊本乗務セ    ,42,7,,,,,1929,2002,,1524,M,,2026
8114,B,,1524,M,肥後大津,熊本    ,熊本乗務セ    ,42,8,,,,,2026,2102,回,1524,M,,2107
8115,B,回,1524,M,熊本    ,熊本操  ,熊本乗務セ    ,42,9,,,,,2107,2110,回,1421,M,,512
8116,B,回,1421,M,熊本操  ,熊本    ,熊本乗務セ    ,42,10,,,,,512,515,,1421,M,,523
8117,B,,1421,M,熊本    ,肥後大津,熊本乗務セ    ,42,11,,,,,523,557,,1424,M,,612
8118,B,,1424,M,肥後大津,熊本    ,熊本乗務セ    ,42,12,,,,,612,648,,5321,M,721,727
8119,B,,5321,M,熊本    ,有佐    ,熊本乗務セ    ,42,13,,,,721,727,755,,6330,M,,759
8120,B,,6330,M,有佐    ,熊本    ,熊本乗務セ    ,42,14,,,,,759,828,終,,,,
8121,B,,1449,M,熊本    ,肥後大津,熊本乗務セ    ,43,1,,,,932,942,1017,,1454,M,,1031
8122,B,,1454,M,肥後大津,熊本    ,熊本乗務セ    ,43,2,,,,,1031,1107,,1455,M,,1111
8123,B,,1455,M,熊本    ,肥後大津,熊本乗務セ    ,43,3,,,,,1111,1146,,1460,M,,1156
8124,B,,1460,M,肥後大津,熊本    ,熊本乗務セ    ,43,4,,,,,1156,1230,便回,1464,M,,1341
8125,B,便回,1464,M,熊本    ,熊本操  ,熊本乗務セ    ,43,5,,,,,1341,1344,回,6424,M,,1440
8126,B,回,6424,M,熊本操  ,熊本    ,熊本乗務セ    ,43,6,,,,,1440,1443,回,1476,M,,1447
8127,B,回,1476,M,熊本    ,肥後大津,熊本乗務セ    ,43,7,,,,,1447,1529,,1476,M,,1536
8128,B,,1476,M,肥後大津,熊本    ,熊本乗務セ    ,43,8,,,,,1536,1615,,5356,M,1705,1707
8129,B,,5356,M,熊本    ,銀水    ,熊本乗務セ    ,43,9,,,,1705,1707,1807,,369,M,,1814
8130,B,,369,M,銀水    ,熊本    ,熊本乗務セ    ,43,10,,,,,1814,1918,,6349,M,1955,1957
8131,B,,6349,M,熊本    ,八代    ,熊本乗務セ    ,43,11,,,,1955,1957,2035,,6356,M,,2039
8132,B,,6356,M,八代    ,熊本    ,熊本乗務セ    ,43,12,,,,,2039,2118,,5365,M,2154,2200
8133,B,,5365,M,熊本    ,八代    ,熊本乗務セ    ,43,13,,,,2154,2200,2237,,5368,M,,2254
8134,B,,5368,M,八代    ,熊本    ,熊本乗務セ    ,43,14,,,,,2254,2334,回,5322,M,545,607
8135,B,回,5322,M,熊本    ,有佐    ,熊本乗務セ    ,43,15,,,,545,607,630,,5322,M,,637
8136,B,,5322,M,有佐    ,熊本    ,熊本乗務セ    ,43,16,,,,,637,707,,5323,M,748,801
8137,B,,5323,M,熊本    ,八代    ,熊本乗務セ    ,43,17,,,,748,801,839,,5330,M,,846
8138,B,,5330,M,八代    ,熊本    ,熊本乗務セ    ,43,18,,,,,846,925,終,,,,
8139,B,,4320,M,熊本    ,鳥栖    ,熊本乗務セ    ,44,1,,,,842,845,1012,,1323,M,,1033
8140,B,,1323,M,鳥栖    ,荒尾    ,熊本乗務セ    ,44,2,,,,,1033,1112,,338,M,,1137
8141,B,,338,M,荒尾    ,鳥栖    ,熊本乗務セ    ,44,3,,,,,1137,1226,,351,M,1351,1410
8142,B,,351,M,鳥栖    ,荒尾    ,熊本乗務セ    ,44,4,,,,1351,1410,1458,,354,M,,1506
8143,B,,354,M,荒尾    ,鳥栖    ,熊本乗務セ    ,44,5,,,,,1506,1555,,5361,M,1622,1636
8144,B,,5361,M,鳥栖    ,熊本    ,熊本乗務セ    ,44,6,,,,1622,1636,1817,,6345,M,1912,1922
8145,B,,6345,M,熊本    ,八代    ,熊本乗務セ    ,44,7,,,,1912,1922,2000,,6354,M,,2013
8146,B,,6354,M,八代    ,熊本    ,熊本乗務セ    ,44,8,,,,,2013,2055,回,6356,M,2118,2134
8147,B,回,6356,M,熊本    ,熊本操  ,熊本乗務セ    ,44,9,,,,2118,2134,2137,回,324,M,,539
8148,B,回,324,M,熊本操  ,熊本    ,熊本乗務セ    ,44,10,,,,,539,542,,324,M,,554
8149,B,,324,M,熊本    ,大牟田  ,熊本乗務セ    ,44,11,,,,,554,646,,5323,M,,655
8150,B,,5323,M,大牟田  ,熊本    ,熊本乗務セ    ,44,12,,,,,655,748,終,,,,
8151,B,回,5331,M,熊本    ,熊本操  ,熊本乗務セ    ,45,1,,,,934,942,945,回,6331,M,,1056
8152,B,回,6331,M,熊本操  ,熊本    ,熊本乗務セ    ,45,2,,,,,1056,1059,,6331,M,,1109
8153,B,,6331,M,熊本    ,八代    ,熊本乗務セ    ,45,3,,,,,1109,1147,,5342,M,,1204
8154,B,,5342,M,八代    ,熊本    ,熊本乗務セ    ,45,4,,,,,1204,1244,,5348,M,1407,1418
8155,B,,5348,M,熊本    ,玉名    ,熊本乗務セ    ,45,5,,,,1407,1418,1448,,5351,M,,1453
8156,B,,5351,M,玉名    ,熊本    ,熊本乗務セ    ,45,6,,,,,1453,1524,,1477,M,1615,1621
8157,B,,1477,M,熊本    ,肥後大津,熊本乗務セ    ,45,7,,,,1615,1621,1659,,1484,M,,1713
8158,B,,1484,M,肥後大津,熊本    ,熊本乗務セ    ,45,8,,,,,1713,1747,,6341,M,1830,1844
8159,B,,6341,M,熊本    ,八代    ,熊本乗務セ    ,45,9,,,,1830,1844,1921,,5362,M,,1926
8160,B,,5362,M,八代    ,熊本    ,熊本乗務セ    ,45,10,,,,,1926,2005,,6351,M,2040,2046
8161,B,,6351,M,熊本    ,八代    ,熊本乗務セ    ,45,11,,,,2040,2046,2124,,6320,M,,507
8162,B,,6320,M,八代    ,熊本    ,熊本乗務セ    ,45,12,,,,,507,546,,5322,M,707,711
8163,B,,5322,M,熊本    ,長洲    ,熊本乗務セ    ,45,13,,,,707,711,749,,329,M,,754
8164,B,,329,M,長洲    ,熊本    ,熊本乗務セ    ,45,14,,,,,754,833,回,329,M,,840
8165,B,回,329,M,熊本    ,熊本操  ,熊本乗務セ    ,45,15,,,,,840,843,回,8091,D,,926
8166,B,回,8091,D,熊本操  ,熊本    ,熊本乗務セ    ,45,16,,,,,926,930,終,,,,
8167,B,,5331,M,熊本    ,八代    ,熊本乗務セ    ,46,1,,,,934,939,1017,,5338,M,,1023
8168,B,,5338,M,八代    ,熊本    ,熊本乗務セ    ,46,2,,,,,1023,1104,,1457,M,1134,1138
8169,B,,1457,M,熊本    ,肥後大津,熊本乗務セ    ,46,3,,,,1134,1138,1212,,1462,M,,1219
8170,B,,1462,M,肥後大津,熊本    ,熊本乗務セ    ,46,4,,,,,1219,1255,,5347,M,1421,1427
8171,B,,5347,M,熊本    ,八代    ,熊本乗務セ    ,46,5,,,,1421,1427,1505,,6338,M,,1511
8172,B,,6338,M,八代    ,熊本    ,熊本乗務セ    ,46,6,,,,,1511,1550,,5352,M,1616,1621
8173,B,,5352,M,熊本    ,銀水    ,熊本乗務セ    ,46,7,,,,1616,1621,1721,,365,M,,1743
8174,B,,365,M,銀水    ,熊本    ,熊本乗務セ    ,46,8,,,,,1743,1850,,1499,M,1930,1949
8175,B,,1499,M,熊本    ,肥後大津,熊本乗務セ    ,46,9,,,,1930,1949,2022,,1526,M,,2043
8176,B,,1526,M,肥後大津,熊本    ,熊本乗務セ    ,46,10,,,,,2043,2120,回,1526,M,,2127
8177,B,回,1526,M,熊本    ,熊本操  ,熊本乗務セ    ,46,11,,,,,2127,2130,回,320,M,,522
8178,B,回,320,M,熊本操  ,熊本    ,熊本乗務セ    ,46,12,,,,,522,525,,320,M,,527
8179,B,,320,M,熊本    ,大牟田  ,熊本乗務セ    ,46,13,,,,,527,617,,5321,M,,629
8180,B,,5321,M,大牟田  ,熊本    ,熊本乗務セ    ,46,14,,,,,629,721,,5325,M,812,827
8181,B,,5325,M,熊本    ,八代    ,熊本乗務セ    ,46,15,,,,812,827,905,,5332,M,,909
8182,B,,5332,M,八代    ,熊本    ,熊本乗務セ    ,46,16,,,,,909,948,終,,,,
8183,B,,1451,M,熊本    ,肥後大津,熊本乗務セ    ,47,1,,,,1008,1013,1047,,1456,M,,1100
8184,B,,1456,M,肥後大津,熊本    ,熊本乗務セ    ,47,2,,,,,1100,1134,,1463,M,1255,1259
8185,B,,1463,M,熊本    ,肥後大津,熊本乗務セ    ,47,3,,,,1255,1259,1335,,1468,M,,1345
8186,B,,1468,M,肥後大津,熊本    ,熊本乗務セ    ,47,4,,,,,1345,1423,,5351,M,1524,1533
8187,B,,5351,M,熊本    ,八代    ,熊本乗務セ    ,47,5,,,,1524,1533,1611,,5356,M,,1624
8188,B,,5356,M,八代    ,熊本    ,熊本乗務セ    ,47,6,,,,,1624,1705,,5358,M,1727,1734
8189,B,,5358,M,熊本    ,銀水    ,熊本乗務セ    ,47,7,,,,1727,1734,1837,,373,M,,1843
8190,B,,373,M,銀水    ,熊本    ,熊本乗務セ    ,47,8,,,,,1843,1947,回,373,M,,2000
8191,B,回,373,M,熊本    ,熊本操  ,熊本乗務セ    ,47,9,,,,,2000,2003,回,6426,M,,2155
8192,B,回,6426,M,熊本操  ,熊本    ,熊本乗務セ    ,47,10,,,,,2155,2158,,1531,M,,2215
8193,B,,1531,M,熊本    ,肥後大津,熊本乗務セ    ,47,11,,,,,2215,2252,回,1531,M,,2301
8194,B,回,1531,M,肥後大津,熊本    ,熊本乗務セ    ,47,12,,,,,2301,2331,,326,M,642,654
8195,B,,326,M,熊本    ,銀水    ,熊本乗務セ    ,47,13,,,,642,654,748,,5327,M,,752
8196,B,,5327,M,銀水    ,熊本    ,熊本乗務セ    ,47,14,,,,,752,846,終,,,,
8197,B,,5337,M,熊本    ,八代    ,熊本乗務セ    ,48,1,,,,1126,1140,1218,,5344,M,,1235
8198,B,,5344,M,八代    ,熊本    ,熊本乗務セ    ,48,2,,,,,1235,1315,,1469,M,1423,1433
8199,B,,1469,M,熊本    ,肥後大津,熊本乗務セ    ,48,3,,,,1423,1433,1515,,1474,M,,1521
8200,B,,1474,M,肥後大津,熊本    ,熊本乗務セ    ,48,4,,,,,1521,1555,,1481,M,1635,1652
8201,B,,1481,M,熊本    ,肥後大津,熊本乗務セ    ,48,5,,,,1635,1652,1739,,1488,M,,1744
8202,B,,1488,M,肥後大津,熊本    ,熊本乗務セ    ,48,6,,,,,1744,1821,,1493,M,,1848
8203,B,,1493,M,熊本    ,肥後大津,熊本乗務セ    ,48,7,,,,,1848,1923,,1520,M,,1947
8204,B,,1520,M,肥後大津,熊本    ,熊本乗務セ    ,48,8,,,,,1947,2020,,6353,M,2055,2122
8205,B,,6353,M,熊本    ,八代    ,熊本乗務セ    ,48,9,,,,2055,2122,2159,,6358,M,,2225
8206,B,,6358,M,八代    ,熊本    ,熊本乗務セ    ,48,10,,,,,2225,2304,回,6358,M,,2312
8207,B,回,6358,M,熊本    ,熊本操  ,熊本乗務セ    ,48,11,,,,,2312,2315,回,1425,M,,555
8208,B,回,1425,M,熊本操  ,熊本    ,熊本乗務セ    ,48,12,,,,,555,558,,1425,M,,614
8209,B,,1425,M,熊本    ,肥後大津,熊本乗務セ    ,48,13,,,,,614,650,,1428,M,,658
8210,B,,1428,M,肥後大津,熊本    ,熊本乗務セ    ,48,14,,,,,658,734,,1441,M,757,802
8211,B,,1441,M,熊本    ,肥後大津,熊本乗務セ    ,48,15,,,,757,802,844,,1446,M,,852
8212,B,,1446,M,肥後大津,熊本    ,熊本乗務セ    ,48,16,,,,,852,932,終,,,,
8213,B,,5330,M,熊本    ,玉名    ,熊本乗務セ    ,49,1,,,,925,927,957,,5335,M,,1002
8214,B,,5335,M,玉名    ,熊本    ,熊本乗務セ    ,49,2,,,,,1002,1031,,5340,M,1134,1144
8215,B,,5340,M,熊本    ,銀水    ,熊本乗務セ    ,49,3,,,,1134,1144,1240,,5345,M,,1254
8216,B,,5345,M,銀水    ,熊本    ,熊本乗務セ    ,49,4,,,,,1254,1350,,1473,M,1532,1541
8217,B,,1473,M,熊本    ,肥後大津,熊本乗務セ    ,49,5,,,,1532,1541,1616,,1480,M,,1622
8218,B,,1480,M,肥後大津,熊本    ,熊本乗務セ    ,49,6,,,,,1622,1700,,6339,M,1755,1810
8219,B,,6339,M,熊本    ,八代    ,熊本乗務セ    ,49,7,,,,1755,1810,1847,,6348,M,,1853
8220,B,,6348,M,八代    ,熊本    ,熊本乗務セ    ,49,8,,,,,1853,1932,,6347,M,,1943
8221,B,,6347,M,熊本    ,八代    ,熊本乗務セ    ,49,9,,,,,1943,2021,,5366,M,2146,2151
8222,B,,5366,M,八代    ,熊本    ,熊本乗務セ    ,49,10,,,,2146,2151,2229,,1423,M,,550
8223,B,,1423,M,熊本    ,肥後大津,熊本乗務セ    ,49,11,,,,,550,627,,1430,M,702,707
8224,B,,1430,M,肥後大津,熊本    ,熊本乗務セ    ,49,12,,,,702,707,747,,328,M,,749
8225,B,,328,M,熊本    ,植木    ,熊本乗務セ    ,49,13,,,,,749,804,,327,M,,809
8226,B,,327,M,植木    ,熊本    ,熊本乗務セ    ,49,14,,,,,809,823,終,,,,
8227,B,,2444,M,鹿児島中,川内    ,鹿児島乗務セ  ,1,1,,,,1412,1425,1515,,2455,M,1554,1559
8228,B,,2455,M,川内    ,鹿児島中,鹿児島乗務セ  ,1,2,,,,1554,1559,1652,,6954,M,1723,1733
8229,B,,6954,M,鹿児島中,宮崎    ,鹿児島乗務セ  ,1,3,,,,1723,1733,2020,,6891,M,2045,2050
8230,B,,6891,M,宮崎    ,南宮崎  ,鹿児島乗務セ  ,1,4,,,,2045,2050,2053,便,1946,D,,2117
8231,B,便,1946,D,南宮崎  ,宮崎    ,鹿児島乗務セ  ,1,5,,,,,2117,2121,,6863,M,,532
8232,B,,6863,M,宮崎    ,西都城  ,鹿児島乗務セ  ,1,6,,,,,532,631,,6866,M,,653
8233,B,,6866,M,西都城  ,宮崎    ,鹿児島乗務セ  ,1,7,,,,,653,753,,6005,M,902,920
8234,B,,6005,M,宮崎    ,鹿児島中,鹿児島乗務セ  ,1,8,,,,902,920,1128,終,,,,
8235,B,,6006,M,鹿児島中,宮崎    ,鹿児島乗務セ  ,2,1,,,,839,849,1058,,6009,M,1210,1220
8236,B,,6009,M,宮崎    ,鹿児島中,鹿児島乗務セ  ,2,2,,,,1210,1220,1432,,6948,M,,1545
8237,B,,6948,M,鹿児島中,国分    ,鹿児島乗務セ  ,2,3,,,,,1545,1637,,6957,M,1724,1729
8238,B,,6957,M,国分    ,鹿児島中,鹿児島乗務セ  ,2,4,,,,1724,1729,1813,,2464,M,1853,1855
8239,B,,2464,M,鹿児島中,川内    ,鹿児島乗務セ  ,2,5,,,,1853,1855,1949,,2475,M,2032,2037
8240,B,,2475,M,川内    ,鹿児島中,鹿児島乗務セ  ,2,6,,,,2032,2037,2129,,2420,M,,557
8241,B,,2420,M,鹿児島中,川内    ,鹿児島乗務セ  ,2,7,,,,,557,647,,2429,M,,705
8242,B,,2429,M,川内    ,鹿児島中,鹿児島乗務セ  ,2,8,,,,,705,756,終,,,,
8243,B,,6012,M,鹿児島中,宮崎    ,鹿児島乗務セ  ,3,1,,,,1344,1355,1604,回,6012,M,,1612
8244,B,回,6012,M,宮崎    ,宮崎神宮,鹿児島乗務セ  ,3,2,,,,,1612,1616,回,6015,M,,1650
8245,B,回,6015,M,宮崎神宮,宮崎    ,鹿児島乗務セ  ,3,3,,,,,1650,1653,,6015,M,,1720
8246,B,,6015,M,宮崎    ,鹿児島中,鹿児島乗務セ  ,3,4,,,,,1720,1935,,2470,M,2027,2028
8247,B,,2470,M,鹿児島中,川内    ,鹿児島乗務セ  ,3,5,,,,2027,2028,2117,,2479,M,,2143
8248,B,,2479,M,川内    ,鹿児島中,鹿児島乗務セ  ,3,6,,,,,2143,2234,,2480,M,2325,2335
8249,B,,2480,M,鹿児島中,川内    ,鹿児島乗務セ  ,3,7,,,,2325,2335,24,,2427,M,,648
8250,B,,2427,M,川内    ,鹿児島中,鹿児島乗務セ  ,3,8,,,,,648,739,,6928,M,756,809
8251,B,,6928,M,鹿児島中,国分    ,鹿児島乗務セ  ,3,9,,,,756,809,856,,6939,M,954,959
8252,B,,6939,M,国分    ,鹿児島中,鹿児島乗務セ  ,3,10,,,,954,959,1059,終,,,,
8253,B,,6932,M,鹿児島中,国分    ,鹿児島乗務セ  ,4,1,,,,937,942,1023,,6941,M,,1036
8254,B,,6941,M,国分    ,鹿児島中,鹿児島乗務セ  ,4,2,,,,,1036,1118,構,6007,M,1227,1227
8255,B,構,6007,M,鹿児島中,鹿児島中,鹿児島乗務セ  ,4,3,,,,1227,1227,1242,構,6012,M,,1340
8256,B,構,6012,M,鹿児島中,鹿児島中,鹿児島乗務セ  ,4,4,,,,,1340,1344,,2446,M,,1449
8257,B,,2446,M,鹿児島中,串木野  ,鹿児島乗務セ  ,4,5,,,,,1449,1525,,2453,M,,1531
8258,B,,2453,M,串木野  ,鹿児島中,鹿児島乗務セ  ,4,6,,,,,1531,1608,便,6011,M,,1638
8259,B,便,6011,M,鹿児島中,鹿児島車,鹿児島乗務セ  ,4,7,,,,,1638,1642,,6016,M,,1839
8260,B,移動,,,鹿児島車,鹿児島中,鹿児島乗務セ  ,4,8,,,,,,,,6016,M,,1839
8261,B,,6016,M,鹿児島中,宮崎    ,鹿児島乗務セ  ,4,9,,,,,1839,2057,回,6016,M,2216,2221
8262,B,回,6016,M,宮崎    ,南宮崎  ,鹿児島乗務セ  ,4,10,,,,2216,2221,2225,便,5086,M,,2240
8263,B,便,5086,M,南宮崎  ,宮崎    ,鹿児島乗務セ  ,4,11,,,,,2240,2243,,6001,M,,546
8264,B,,6001,M,宮崎    ,鹿児島中,鹿児島乗務セ  ,4,12,,,,,546,810,終,,,,
8265,B,,2443,M,鹿児島中,鹿児島  ,鹿児島乗務セ  ,5,1,,,,1125,1141,1145,,2440,M,,1216
8266,B,,2440,M,鹿児島  ,川内    ,鹿児島乗務セ  ,5,2,,,,,1216,1317,,2449,M,,1323
8267,B,,2449,M,川内    ,鹿児島中,鹿児島乗務セ  ,5,3,,,,,1323,1412,便,338,D,,1430
8268,B,便,338,D,鹿児島中,鹿児島車,鹿児島乗務セ  ,5,4,,,,,1430,1434,,6950,M,,1636
8269,B,移動,,,鹿児島車,鹿児島中,鹿児島乗務セ  ,5,5,,,,,,,,6950,M,,1636
8270,B,,6950,M,鹿児島中,都城    ,鹿児島乗務セ  ,5,6,,,,,1636,1814,,6963,M,,1844
8271,B,,6963,M,都城    ,鹿児島中,鹿児島乗務セ  ,5,7,,,,,1844,2024,,2474,M,2124,2134
8272,B,,2474,M,鹿児島中,川内    ,鹿児島乗務セ  ,5,8,,,,2124,2134,2223,,2481,M,,2239
8273,B,,2481,M,川内    ,鹿児島中,鹿児島乗務セ  ,5,9,,,,,2239,2329,便,1360,D,,2353
8274,B,便,1360,D,鹿児島中,鹿児島車,鹿児島乗務セ  ,5,10,,,,,2353,2357,,420,M,,615
8275,B,移動,,,鹿児島車,鹿児島中,鹿児島乗務セ  ,5,11,,,,,,,,420,M,,615
8276,B,,420,M,鹿児島中,伊集院  ,鹿児島乗務セ  ,5,12,,,,,615,633,,421,M,,641
8277,B,,421,M,伊集院  ,鹿児島中,鹿児島乗務セ  ,5,13,,,,,641,659,,424,M,,713
8278,B,,424,M,鹿児島中,伊集院  ,鹿児島乗務セ  ,5,14,,,,,713,732,,425,M,,747
8279,B,,425,M,伊集院  ,鹿児島中,鹿児島乗務セ  ,5,15,,,,,747,805,終,,,,
8280,B,,6936,M,鹿児島中,国分    ,鹿児島乗務セ  ,6,1,,,,1059,1118,1203,,6947,M,1300,1305
8281,B,,6947,M,国分    ,鹿児島中,鹿児島乗務セ  ,6,2,,,,1300,1305,1348,,432,M,1437,1500
8282,B,,432,M,鹿児島中,伊集院  ,鹿児島乗務セ  ,6,3,,,,1437,1500,1518,,433,M,,1524
8283,B,,433,M,伊集院  ,鹿児島中,鹿児島乗務セ  ,6,4,,,,,1524,1542,,434,M,,1729
8284,B,,434,M,鹿児島中,伊集院  ,鹿児島乗務セ  ,6,5,,,,,1729,1747,,435,M,,1754
8285,B,,435,M,伊集院  ,鹿児島中,鹿児島乗務セ  ,6,6,,,,,1754,1811,,436,M,,1836
8286,B,,436,M,鹿児島中,伊集院  ,鹿児島乗務セ  ,6,7,,,,,1836,1854,,437,M,,1915
8287,B,,437,M,伊集院  ,鹿児島中,鹿児島乗務セ  ,6,8,,,,,1915,1932,,6964,M,2029,2039
8288,B,,6964,M,鹿児島中,国分    ,鹿児島乗務セ  ,6,9,,,,2029,2039,2125,,6969,M,,2138
8289,B,,6969,M,国分    ,鹿児島中,鹿児島乗務セ  ,6,10,,,,,2138,2226,,6970,M,2254,2304
8290,B,,6970,M,鹿児島中,国分    ,鹿児島乗務セ  ,6,11,,,,2254,2304,2345,回,6970,M,,2351
8291,B,回,6970,M,国分    ,隼人    ,鹿児島乗務セ  ,6,12,,,,,2351,2355,回,6081,M,,638
8292,B,回,6081,M,隼人    ,国分    ,鹿児島乗務セ  ,6,13,,,,,638,641,,6081,M,,647
8293,B,,6081,M,国分    ,鹿児島中,鹿児島乗務セ  ,6,14,,,,,647,727,,2432,M,835,856
8294,B,,2432,M,鹿児島中,串木野  ,鹿児島乗務セ  ,6,15,,,,835,856,933,,2439,M,,939
8295,B,,2439,M,串木野  ,鹿児島中,鹿児島乗務セ  ,6,16,,,,,939,1015,終,,,,
8296,B,,6930,M,鹿児島中,宮崎    ,鹿児島乗務セ  ,7,1,,,,859,900,1140,,6877,M,1225,1250
8297,B,,6877,M,宮崎    ,西都城  ,鹿児島乗務セ  ,7,2,,,,1225,1250,1356,,6876,M,,1414
8298,B,,6876,M,西都城  ,宮崎    ,鹿児島乗務セ  ,7,3,,,,,1414,1522,,6883,M,,1550
8299,B,,6883,M,宮崎    ,南宮崎  ,鹿児島乗務セ  ,7,4,,,,,1550,1553,,6878,M,1615,1617
8300,B,,6878,M,南宮崎  ,宮崎    ,鹿児島乗務セ  ,7,5,,,,1615,1617,1620,,6885,M,1645,1650
8301,B,,6885,M,宮崎    ,西都城  ,鹿児島乗務セ  ,7,6,,,,1645,1650,1757,,6884,M,,1820
8302,B,,6884,M,西都城  ,宮崎    ,鹿児島乗務セ  ,7,7,,,,,1820,1933,回,6884,M,,1944
8303,B,回,6884,M,宮崎    ,南宮崎  ,鹿児島乗務セ  ,7,8,,,,,1944,1947,回,6893,M,2120,2125
8304,B,回,6893,M,南宮崎  ,宮崎    ,鹿児島乗務セ  ,7,9,,,,2120,2125,2129,,6893,M,,2136
8305,B,,6893,M,宮崎    ,都城    ,鹿児島乗務セ  ,7,10,,,,,2136,2232,,6927,M,,606
8306,B,,6927,M,都城    ,鹿児島中,鹿児島乗務セ  ,7,11,,,,,606,744,終,,,,
8307,B,,428,M,鹿児島中,伊集院  ,鹿児島乗務セ  ,21,1,,,,,1253,1312,,429,M,,1318
8308,B,,429,M,伊集院  ,鹿児島中,鹿児島乗務セ  ,21,2,,,,,1318,1335,便,338,D,,1430
8309,B,便,338,D,鹿児島中,鹿児島車,鹿児島乗務セ  ,21,3,,,,,1430,1434,,6014,M,,1618
8310,B,移動,,,鹿児島車,鹿児島中,鹿児島乗務セ  ,21,4,,,,,,,,6014,M,,1618
8311,B,,6014,M,鹿児島中,南宮崎  ,鹿児島乗務セ  ,21,5,,,,,1618,1836,,6887,M,1856,1857
8312,B,,6887,M,南宮崎  ,西都城  ,鹿児島乗務セ  ,21,6,,,,1856,1857,2009,回,6887,M,,2014
8313,B,回,6887,M,西都城  ,都城    ,鹿児島乗務セ  ,21,7,,,,,2014,2017,,6888,M,2232,2240
8314,B,,6888,M,都城    ,宮崎    ,鹿児島乗務セ  ,21,8,,,,2232,2240,2339,,6865,M,647,656
8315,B,,6865,M,宮崎    ,西都城  ,鹿児島乗務セ  ,21,9,,,,647,656,759,回,6937,M,,810
8316,B,回,6937,M,西都城  ,都城    ,鹿児島乗務セ  ,21,10,,,,,810,814,,6937,M,,824
8317,B,,6937,M,都城    ,鹿児島中,鹿児島乗務セ  ,21,11,,,,,824,1008,終,,,,
8318,B,,6004,M,鹿児島中,宮崎    ,鹿児島乗務セ  ,22,1,,,,727,740,1000,,6875,M,1140,1150
8319,B,,6875,M,宮崎    ,西都城  ,鹿児島乗務セ  ,22,2,,,,1140,1150,1300,,6874,M,,1318
8320,B,,6874,M,西都城  ,宮崎    ,鹿児島乗務セ  ,22,3,,,,,1318,1437,,6013,M,1608,1620
8321,B,,6013,M,宮崎    ,鹿児島中,鹿児島乗務セ  ,22,4,,,,1608,1620,1831,終,,,,
8322,B,,6002,M,鹿児島中,宮崎    ,鹿児島乗務セ  ,23,1,,,,,549,809,回,6002,M,,816
8323,B,回,6002,M,宮崎    ,宮崎神宮,鹿児島乗務セ  ,23,2,,,,,816,819,回,6005,M,,859
8324,B,回,6005,M,宮崎神宮,宮崎    ,鹿児島乗務セ  ,23,3,,,,,859,902,,6007,M,1000,1020
8325,B,,6007,M,宮崎    ,鹿児島中,鹿児島乗務セ  ,23,4,,,,1000,1020,1227,終,,,,
8326,B,構,6943,M,鹿児島中,鹿児島中,鹿児島乗務セ  ,24,1,,,,1156,1156,1210,構,6942,M,,1258
8327,B,構,6942,M,鹿児島中,鹿児島中,鹿児島乗務セ  ,24,2,,,,,1258,1302,,430,M,1335,1353
8328,B,,430,M,鹿児島中,伊集院  ,鹿児島乗務セ  ,24,3,,,,1335,1353,1411,,431,M,,1419
8329,B,,431,M,伊集院  ,鹿児島中,鹿児島乗務セ  ,24,4,,,,,1419,1437,,6946,M,1512,1514
8330,B,,6946,M,鹿児島中,都城    ,鹿児島乗務セ  ,24,5,,,,1512,1514,1655,,6959,M,,1715
8331,B,,6959,M,都城    ,鹿児島中,鹿児島乗務セ  ,24,6,,,,,1715,1848,,2468,M,1949,1959
8332,B,,2468,M,鹿児島中,川内    ,鹿児島乗務セ  ,24,7,,,,1949,1959,2051,,2477,M,,2100
8333,B,,2477,M,川内    ,鹿児島中,鹿児島乗務セ  ,24,8,,,,,2100,2151,,2478,M,2226,2228
8334,B,,2478,M,鹿児島中,川内    ,鹿児島乗務セ  ,24,9,,,,2226,2228,2318,,2425,M,,620
8335,B,,2425,M,川内    ,鹿児島中,鹿児島乗務セ  ,24,10,,,,,620,712,,6926,M,,718
8336,B,,6926,M,鹿児島中,国分    ,鹿児島乗務セ  ,24,11,,,,,718,809,,6935,M,,815
8337,B,,6935,M,国分    ,鹿児島中,鹿児島乗務セ  ,24,12,,,,,815,858,終,,,,
8338,B,,2430,M,鹿児島中,川内    ,鹿児島乗務セ  ,25,1,,,,822,829,918,,2441,M,949,954
8339,B,,2441,M,川内    ,鹿児島中,鹿児島乗務セ  ,25,2,,,,949,954,1044,便,2438,M,,1122
8340,B,移動,,,鹿児島中,鹿児島車,鹿児島乗務セ  ,25,3,,,,,,,便,2438,M,,1122
8341,B,便,2438,M,鹿児島車,鹿児島中,鹿児島乗務セ  ,25,4,,,,,1122,1126,,6940,M,1216,1224
8342,B,,6940,M,鹿児島中,国分    ,鹿児島乗務セ  ,25,5,,,,1216,1224,1316,,6949,M,1413,1418
8343,B,,6949,M,国分    ,鹿児島中,鹿児島乗務セ  ,25,6,,,,1413,1418,1514,,6952,M,1608,1658
8344,B,,6952,M,鹿児島中,国分    ,鹿児島乗務セ  ,25,7,,,,1608,1658,1744,,6961,M,1832,1837
8345,B,,6961,M,国分    ,鹿児島中,鹿児島乗務セ  ,25,8,,,,1832,1837,1921,,6962,M,1950,1954
8346,B,,6962,M,鹿児島中,都城    ,鹿児島乗務セ  ,25,9,,,,1950,1954,2140,,6973,M,2234,2239
8347,B,,6973,M,都城    ,鹿児島中,鹿児島乗務セ  ,25,10,,,,2234,2239,7,,2422,M,625,635
8348,B,,2422,M,鹿児島中,川内    ,鹿児島乗務セ  ,25,11,,,,625,635,727,,2431,M,,733
8349,B,,2431,M,川内    ,鹿児島中,鹿児島乗務セ  ,25,12,,,,,733,822,終,,,,
8350,B,,6010,M,鹿児島中,宮崎    ,鹿児島乗務セ  ,26,1,,,,1128,1150,1358,,6881,M,1437,1450
8351,B,,6881,M,宮崎    ,西都城  ,鹿児島乗務セ  ,26,2,,,,1437,1450,1551,,6880,M,,1605
8352,B,,6880,M,西都城  ,宮崎    ,鹿児島乗務セ  ,26,3,,,,,1605,1713,回,6880,M,,1728
8353,B,回,6880,M,宮崎    ,南宮崎  ,鹿児島乗務セ  ,26,4,,,,,1728,1731,,6014,M,1836,1838
8354,B,,6014,M,南宮崎  ,宮崎    ,鹿児島乗務セ  ,26,5,,,,1836,1838,1842,,6017,M,,1900
8355,B,,6017,M,宮崎    ,鹿児島中,鹿児島乗務セ  ,26,6,,,,,1900,2118,構,6017,M,,2330
8356,B,構,6017,M,鹿児島中,鹿児島中,鹿児島乗務セ  ,26,7,,,,,2330,2334,構,6973,M,7,7
8357,B,構,6973,M,鹿児島中,鹿児島中,鹿児島乗務セ  ,26,8,,,,7,7,17,,6922,M,,626
8358,B,,6922,M,鹿児島中,国分    ,鹿児島乗務セ  ,26,9,,,,,626,707,,6929,M,,716
8359,B,,6929,M,国分    ,鹿児島中,鹿児島乗務セ  ,26,10,,,,,716,805,終,,,,
8360,B,,6934,M,鹿児島中,国分    ,鹿児島乗務セ  ,27,1,,,,1026,1034,1123,,6945,M,1232,1237
8361,B,,6945,M,国分    ,鹿児島中,鹿児島乗務セ  ,27,2,,,,1232,1237,1316,,2448,M,1514,1521
8362,B,,2448,M,鹿児島中,川内    ,鹿児島乗務セ  ,27,3,,,,1514,1521,1613,,2457,M,,1620
8363,B,,2457,M,川内    ,鹿児島中,鹿児島乗務セ  ,27,4,,,,,1620,1709,,2458,M,1738,1748
8364,B,,2458,M,鹿児島中,川内    ,鹿児島乗務セ  ,27,5,,,,1738,1748,1839,,2467,M,,1900
8365,B,,2467,M,川内    ,鹿児島中,鹿児島乗務セ  ,27,6,,,,,1900,1949,,2472,M,2033,2059
8366,B,,2472,M,鹿児島中,川内    ,鹿児島乗務セ  ,27,7,,,,2033,2059,2157,,2423,M,,600
8367,B,,2423,M,川内    ,鹿児島中,鹿児島乗務セ  ,27,8,,,,,600,649,,2424,M,,700
8368,B,,2424,M,鹿児島中,川内    ,鹿児島乗務セ  ,27,9,,,,,700,752,,2433,M,,803
8369,B,,2433,M,川内    ,鹿児島中,鹿児島乗務セ  ,27,10,,,,,803,854,終,,,,
8370,B,構,6937,M,鹿児島中,鹿児島中,鹿児島乗務セ  ,28,1,,,,1007,1007,1023,,2438,M,,1132
8371,B,,2438,M,鹿児島中,川内    ,鹿児島乗務セ  ,28,2,,,,,1132,1221,,2447,M,,1229
8372,B,,2447,M,川内    ,鹿児島中,鹿児島乗務セ  ,28,3,,,,,1229,1320,便,338,D,,1430
8373,B,便,338,D,鹿児島中,鹿児島車,鹿児島乗務セ  ,28,4,,,,,1430,1434,,2452,M,,1634
8374,B,移動,,,鹿児島車,鹿児島中,鹿児島乗務セ  ,28,5,,,,,,,,2452,M,,1634
8375,B,,2452,M,鹿児島中,川内    ,鹿児島乗務セ  ,28,6,,,,,1634,1730,,2461,M,,1737
8376,B,,2461,M,川内    ,鹿児島  ,鹿児島乗務セ  ,28,7,,,,,1737,1838,,2464,M,,1849
8377,B,,2464,M,鹿児島  ,鹿児島中,鹿児島乗務セ  ,28,8,,,,,1849,1853,,6960,M,1912,1922
8378,B,,6960,M,鹿児島中,国分    ,鹿児島乗務セ  ,28,9,,,,1912,1922,2004,,6967,M,,2103
8379,B,,6967,M,国分    ,鹿児島中,鹿児島乗務セ  ,28,10,,,,,2103,2146,,6972,M,2329,2341
8380,B,,6972,M,鹿児島中,国分    ,鹿児島乗務セ  ,28,11,,,,2329,2341,21,,6923,M,,545
8381,B,,6923,M,国分    ,鹿児島中,鹿児島乗務セ  ,28,12,,,,,545,634,,422,M,,648
8382,B,,422,M,鹿児島中,伊集院  ,鹿児島乗務セ  ,28,13,,,,,648,706,,423,M,,712
8383,B,,423,M,伊集院  ,鹿児島中,鹿児島乗務セ  ,28,14,,,,,712,730,,426,M,,741
8384,B,,426,M,鹿児島中,伊集院  ,鹿児島乗務セ  ,28,15,,,,,741,759,,427,M,,818
8385,B,,427,M,伊集院  ,鹿児島中,鹿児島乗務セ  ,28,16,,,,,818,835,終,,,,
8386,B,,6944,M,鹿児島中,国分    ,鹿児島乗務セ  ,31,1,,,,1348,1400,1448,,6951,M,,1512
8387,B,,6951,M,国分    ,鹿児島中,鹿児島乗務セ  ,31,2,,,,,1512,1553,,2456,M,,1715
8388,B,,2456,M,鹿児島中,川内    ,鹿児島乗務セ  ,31,3,,,,,1715,1808,,2465,M,,1832
8389,B,,2465,M,川内    ,鹿児島中,鹿児島乗務セ  ,31,4,,,,,1832,1922,,2466,M,,1928
8390,B,,2466,M,鹿児島中,串木野  ,鹿児島乗務セ  ,31,5,,,,,1928,2009,,2473,M,,2016
8391,B,,2473,M,串木野  ,鹿児島中,鹿児島乗務セ  ,31,6,,,,,2016,2052,,2476,M,2151,2204
8392,B,,2476,M,鹿児島中,川内    ,鹿児島乗務セ  ,31,7,,,,2151,2204,2254,,2421,M,,528
8393,B,,2421,M,川内    ,鹿児島中,鹿児島乗務セ  ,31,8,,,,,528,617,,2426,M,702,724
8394,B,,2426,M,鹿児島中,川内    ,鹿児島乗務セ  ,31,9,,,,702,724,820,,2437,M,848,858
8395,B,,2437,M,川内    ,鹿児島中,鹿児島乗務セ  ,31,10,,,,848,858,950,便,1335,D,,1047
8396,B,移動,,,鹿児島中,鹿児島車,鹿児島乗務セ  ,31,11,,,,,,,便,1335,D,,1047
8397,B,便,1335,D,鹿児島車,鹿児島中,鹿児島乗務セ  ,31,12,,,,,1047,1051,終,,,,
8398,B,,6008,M,鹿児島中,宮崎    ,鹿児島乗務セ  ,32,1,,,,939,959,1212,,6011,M,1358,1420
8399,B,,6011,M,宮崎    ,鹿児島中,鹿児島乗務セ  ,32,2,,,,1358,1420,1624,,6956,M,,1806
8400,B,,6956,M,鹿児島中,国分    ,鹿児島乗務セ  ,32,3,,,,,1806,1856,,6965,M,2004,2010
8401,B,,6965,M,国分    ,鹿児島中,鹿児島乗務セ  ,32,4,,,,2004,2010,2050,,6968,M,2136,2146
8402,B,,6968,M,鹿児島中,国分    ,鹿児島乗務セ  ,32,5,,,,2136,2146,2225,,6921,M,,507
8403,B,,6921,M,国分    ,鹿児島中,鹿児島乗務セ  ,32,6,,,,,507,548,,6924,M,645,655
8404,B,,6924,M,鹿児島中,隼人    ,鹿児島乗務セ  ,32,7,,,,645,655,745,,6931,M,,751
8405,B,,6931,M,隼人    ,鹿児島中,鹿児島乗務セ  ,32,8,,,,,751,833,終,,,,
8406,B,構,6945,M,鹿児島中,鹿児島中,鹿児島乗務セ  ,33,1,,,,1315,1315,1328,,2450,M,,1552
8407,B,,2450,M,鹿児島中,川内    ,鹿児島乗務セ  ,33,2,,,,,1552,1641,,2459,M,,1648
8408,B,,2459,M,川内    ,鹿児島  ,鹿児島乗務セ  ,33,3,,,,,1648,1755,,2462,M,,1817
8409,B,,2462,M,鹿児島  ,川内    ,鹿児島乗務セ  ,33,4,,,,,1817,1919,,2471,M,,1942
8410,B,,2471,M,川内    ,鹿児島中,鹿児島乗務セ  ,33,5,,,,,1942,2033,便,6017,M,,2123
8411,B,便,6017,M,鹿児島中,鹿児島車,鹿児島乗務セ  ,33,6,,,,,2123,2127,,6082,M,,2217
8412,B,移動,,,鹿児島車,鹿児島中,鹿児島乗務セ  ,33,7,,,,,,,,6082,M,,2217
8413,B,,6082,M,鹿児島中,国分    ,鹿児島乗務セ  ,33,8,,,,,2217,2258,回,6082,M,,2304
8414,B,回,6082,M,国分    ,隼人    ,鹿児島乗務セ  ,33,9,,,,,2304,2307,回,6925,M,,553
8415,B,回,6925,M,隼人    ,国分    ,鹿児島乗務セ  ,33,10,,,,,553,556,,6925,M,,618
8416,B,,6925,M,国分    ,鹿児島中,鹿児島乗務セ  ,33,11,,,,,618,702,,2427,M,739,745
8417,B,,2427,M,鹿児島中,鹿児島  ,鹿児島乗務セ  ,33,12,,,,739,745,749,,2428,M,,755
8418,B,,2428,M,鹿児島  ,串木野  ,鹿児島乗務セ  ,33,13,,,,,755,838,,2435,M,,844
8419,B,,2435,M,串木野  ,鹿児島中,鹿児島乗務セ  ,33,14,,,,,844,922,構,6934,M,,1022
8420,B,構,6934,M,鹿児島中,鹿児島中,鹿児島乗務セ  ,33,15,,,,,1022,1027,終,,,,
8421,B,,2434,M,鹿児島中,川内    ,鹿児島乗務セ  ,34,1,,,,858,930,1019,,2443,M,,1026
8422,B,,2443,M,川内    ,鹿児島中,鹿児島乗務セ  ,34,2,,,,,1026,1116,,6938,M,1140,1159
8423,B,,6938,M,鹿児島中,国分    ,鹿児島乗務セ  ,34,3,,,,1140,1159,1245,回,6938,M,,1250
8424,B,回,6938,M,国分    ,隼人    ,鹿児島乗務セ  ,34,4,,,,,1250,1253,回,6953,M,,1604
8425,B,回,6953,M,隼人    ,国分    ,鹿児島乗務セ  ,34,5,,,,,1604,1607,,6953,M,,1613
8426,B,,6953,M,国分    ,鹿児島中,鹿児島乗務セ  ,34,6,,,,,1613,1703,,6958,M,1813,1855
8427,B,,6958,M,鹿児島中,都城    ,鹿児島乗務セ  ,34,7,,,,1813,1855,2023,,6971,M,2113,2118
8428,B,,6971,M,都城    ,鹿児島中,鹿児島乗務セ  ,34,8,,,,2113,2118,2254,,6920,M,,522
8429,B,,6920,M,鹿児島中,都城    ,鹿児島乗務セ  ,34,9,,,,,522,649,,6933,M,,703
8430,B,,6933,M,都城    ,鹿児島中,鹿児島乗務セ  ,34,10,,,,,703,847,終,,,,
8431,B,,6942,M,鹿児島中,都城    ,鹿児島乗務セ  ,35,1,,,,1302,1308,1444,,6955,M,1556,1601
8432,B,,6955,M,都城    ,鹿児島中,鹿児島乗務セ  ,35,2,,,,1556,1601,1738,,2460,M,,1808
8433,B,,2460,M,鹿児島中,川内    ,鹿児島乗務セ  ,35,3,,,,,1808,1857,,2469,M,1923,1928
8434,B,,2469,M,川内    ,鹿児島中,鹿児島乗務セ  ,35,4,,,,1923,1928,2017,,6966,M,2102,2107
8435,B,,6966,M,鹿児島中,都城    ,鹿児島乗務セ  ,35,5,,,,2102,2107,2235,,6862,M,,543
8436,B,,6862,M,都城    ,宮崎    ,鹿児島乗務セ  ,35,6,,,,,543,647,,6871,M,841,846
8437,B,,6871,M,宮崎    ,都城    ,鹿児島乗務セ  ,35,7,,,,841,846,957,,6943,M,,1018
8438,B,,6943,M,都城    ,鹿児島中,鹿児島乗務セ  ,35,8,,,,,1018,1157,終,,,,
8439,B,,2436,M,鹿児島中,川内    ,鹿児島乗務セ  ,36,1,,,,1019,1029,1119,,2445,M,,1127
8440,B,,2445,M,川内    ,鹿児島中,鹿児島乗務セ  ,36,2,,,,,1127,1216,,2442,M,1320,1326
8441,B,,2442,M,鹿児島中,川内    ,鹿児島乗務セ  ,36,3,,,,1320,1326,1415,,2451,M,,1422
8442,B,,2451,M,川内    ,鹿児島中,鹿児島乗務セ  ,36,4,,,,,1422,1512,,2454,M,1652,1658
8443,B,,2454,M,鹿児島中,川内    ,鹿児島乗務セ  ,36,5,,,,1652,1658,1751,,2463,M,,1802
8444,B,,2463,M,川内    ,鹿児島中,鹿児島乗務セ  ,36,6,,,,,1802,1852,便,1359,D,,1951
8445,B,移動,,,鹿児島中,鹿児島車,鹿児島乗務セ  ,36,7,,,,,,,便,1359,D,,1951
8446,B,便,1359,D,鹿児島車,鹿児島中,鹿児島乗務セ  ,36,8,,,,,1951,1955,,6018,M,2010,2020
8447,B,,6018,M,鹿児島中,宮崎    ,鹿児島乗務セ  ,36,9,,,,2010,2020,2239,,6003,M,701,707
8448,B,,6003,M,宮崎    ,鹿児島中,鹿児島乗務セ  ,36,10,,,,701,707,927,終,,,,
8449,B,便,6010,M,鹿児島中,隼人    ,鹿児島乗務セ  ,51,1,,,,,1150,1223,,5226,D,1242,1247
8450,B,,5226,D,隼人    ,吉松    ,鹿児島乗務セ  ,51,2,,,,1242,1247,1346,,2923,D,1438,1440
8451,B,,2923,D,吉松    ,隼人    ,鹿児島乗務セ  ,51,3,,,,1438,1440,1536,,2922,D,1603,1619
8452,B,,2922,D,隼人    ,都城    ,鹿児島乗務セ  ,51,4,,,,1603,1619,1914,,4929,D,1955,2000
8453,B,,4929,D,都城    ,吉松    ,鹿児島乗務セ  ,51,5,,,,1955,2000,2128,,5221,D,,524
8454,B,,5221,D,吉松    ,隼人    ,鹿児島乗務セ  ,51,6,,,,,524,616,,6750,D,,642
8455,B,,6750,D,隼人    ,国分    ,鹿児島乗務セ  ,51,7,,,,,642,645,,6751,D,,652
8456,B,,6751,D,国分    ,隼人    ,鹿児島乗務セ  ,51,8,,,,,652,656,,5220,D,,707
8457,B,,5220,D,隼人    ,吉松    ,鹿児島乗務セ  ,51,9,,,,,707,805,,5225,D,905,910
8458,B,,5225,D,吉松    ,隼人    ,鹿児島乗務セ  ,51,10,,,,905,910,1002,便,6941,M,,1040
8459,B,便,6941,M,隼人    ,鹿児島中,鹿児島乗務セ  ,51,11,,,,,1040,1118,終,,,,
8460,B,,1329,D,鹿児島中,山川    ,鹿児島乗務セ  ,52,1,,,,826,838,1011,,1333,D,1136,1140
8461,B,,1333,D,山川    ,枕崎    ,鹿児島乗務セ  ,52,2,,,,1136,1140,1256,,5326,D,,1327
8462,B,,5326,D,枕崎    ,指宿    ,鹿児島乗務セ  ,52,3,,,,,1327,1452,,1344,D,1551,1553
8463,B,,1344,D,指宿    ,鹿児島中,鹿児島乗務セ  ,52,4,,,,1551,1553,1710,構,1350,D,1901,1901
8464,B,構,1350,D,鹿児島中,鹿児島中,鹿児島乗務セ  ,52,5,,,,1901,1901,1913,,1359,D,,2000
8465,B,,1359,D,鹿児島中,山川    ,鹿児島乗務セ  ,52,6,,,,,2000,2121,回,1359,D,,2135
8466,B,回,1359,D,山川    ,指宿    ,鹿児島乗務セ  ,52,7,,,,,2135,2141,回,1324,D,,633
8467,B,回,1324,D,指宿    ,山川    ,鹿児島乗務セ  ,52,8,,,,,633,638,,1324,D,,643
8468,B,,1324,D,山川    ,鹿児島中,鹿児島乗務セ  ,52,9,,,,,643,805,終,,,,
8469,B,,1339,D,鹿児島中,指宿    ,鹿児島乗務セ  ,53,1,,,,1253,1302,1417,,1342,D,,1425
8470,B,,1342,D,指宿    ,鹿児島中,鹿児島乗務セ  ,53,2,,,,,1425,1549,,349,D,1632,1657
8471,B,,349,D,鹿児島中,喜入    ,鹿児島乗務セ  ,53,3,,,,1632,1657,1737,,350,D,,1742
8472,B,,350,D,喜入    ,鹿児島中,鹿児島乗務セ  ,53,4,,,,,1742,1822,車,6760,D,1924,1936
8473,B,車,6760,D,鹿児島中,国分    ,鹿児島乗務セ  ,53,5,,,,1924,1936,2030,便回,6760,D,,2047
8474,B,便回,6760,D,国分    ,隼人    ,鹿児島乗務セ  ,53,6,,,,,2047,2051,構回,6760,D,,2148
8475,B,構回,6760,D,隼人    ,隼人    ,鹿児島乗務セ  ,53,7,,,,,2148,2154,構回,4929,D,,2309
8476,B,構回,4929,D,隼人    ,隼人    ,鹿児島乗務セ  ,53,8,,,,,2309,2315,車,6753,D,632,638
8477,B,車,6753,D,隼人    ,鹿児島中,鹿児島乗務セ  ,53,9,,,,632,638,723,,329,D,745,813
8478,B,,329,D,鹿児島中,喜入    ,鹿児島乗務セ  ,53,10,,,,745,813,901,,330,D,,906
8479,B,,330,D,喜入    ,鹿児島中,鹿児島乗務セ  ,53,11,,,,,906,946,終,,,,
8480,B,車,1325,D,鹿児島中,山川    ,鹿児島乗務セ  ,54,1,,,,,654,814,車,1330,D,,832
8481,B,車,1330,D,山川    ,鹿児島中,鹿児島乗務セ  ,54,2,,,,,832,1017,構,1330,D,1017,1017
8482,B,構,1330,D,鹿児島中,鹿児島中,鹿児島乗務セ  ,54,3,,,,1017,1017,1035,構,1337,D,,1151
8483,B,構,1337,D,鹿児島中,鹿児島中,鹿児島乗務セ  ,54,4,,,,,1151,1155,,337,D,1218,1235
8484,B,,337,D,鹿児島中,喜入    ,鹿児島乗務セ  ,54,5,,,,1218,1235,1325,,338,D,,1332
8485,B,,338,D,喜入    ,鹿児島中,鹿児島乗務セ  ,54,6,,,,,1332,1419,終,,,,
8486,B,構,338,D,鹿児島中,鹿児島中,鹿児島乗務セ  ,55,1,,,,1418,1418,1435,,1347,D,,1602
8487,B,,1347,D,鹿児島中,指宿    ,鹿児島乗務セ  ,55,2,,,,,1602,1714,,5325,D,1724,1729
8488,B,,5325,D,指宿    ,山川    ,鹿児島乗務セ  ,55,3,,,,1724,1729,1735,,5328,D,1815,1820
8489,B,,5328,D,山川    ,指宿    ,鹿児島乗務セ  ,55,4,,,,1815,1820,1826,,5327,D,,1835
8490,B,,5327,D,指宿    ,枕崎    ,鹿児島乗務セ  ,55,5,,,,,1835,2002,,1358,D,,2007
8491,B,,1358,D,枕崎    ,指宿    ,鹿児島乗務セ  ,55,6,,,,,2007,2131,,1360,D,2243,2244
8492,B,,1360,D,指宿    ,鹿児島中,鹿児島乗務セ  ,55,7,,,,2243,2244,2349,,323,D,,558
8493,B,,323,D,鹿児島中,喜入    ,鹿児島乗務セ  ,55,8,,,,,558,639,,324,D,,702
8494,B,,324,D,喜入    ,鹿児島中,鹿児島乗務セ  ,55,9,,,,,702,745,,331,D,844,854
8495,B,,331,D,鹿児島中,喜入    ,鹿児島乗務セ  ,55,10,,,,844,854,946,,332,D,,1016
8496,B,,332,D,喜入    ,鹿児島中,鹿児島乗務セ  ,55,11,,,,,1016,1101,終,,,,
8497,B,車,323,D,鹿児島中,喜入    ,鹿児島乗務セ  ,56,1,,,,553,558,639,車,324,D,,702
8498,B,車,324,D,喜入    ,鹿児島中,鹿児島乗務セ  ,56,2,,,,,702,745,車,329,D,,813
8499,B,車,329,D,鹿児島中,喜入    ,鹿児島乗務セ  ,56,3,,,,,813,901,車,330,D,,906
8500,B,車,330,D,喜入    ,鹿児島中,鹿児島乗務セ  ,56,4,,,,,906,946,,333,D,1030,1035
8501,B,,333,D,鹿児島中,喜入    ,鹿児島乗務セ  ,56,5,,,,1030,1035,1114,,334,D,,1204
8502,B,,334,D,喜入    ,鹿児島中,鹿児島乗務セ  ,56,6,,,,,1204,1253,終,,,,
8503,B,,8075,D,鹿児島中,指宿    ,鹿児島乗務セ  ,57,1,,,,1348,1356,1449,,8076,D,,1507
8504,B,,8076,D,指宿    ,鹿児島中,鹿児島乗務セ  ,57,2,,,,,1507,1600,,6758,D,,1746
8505,B,,6758,D,鹿児島中,隼人    ,鹿児島乗務セ  ,57,3,,,,,1746,1837,便,5234,D,,1911
8506,B,便,5234,D,隼人    ,吉松    ,鹿児島乗務セ  ,57,4,,,,,1911,2013,回,5236,D,2112,2118
8507,B,回,5236,D,吉松    ,鹿児島中,鹿児島乗務セ  ,57,5,,,,2112,2118,2305,,321,D,,523
8508,B,,321,D,鹿児島中,喜入    ,鹿児島乗務セ  ,57,6,,,,,523,609,,322,D,,624
8509,B,,322,D,喜入    ,鹿児島中,鹿児島乗務セ  ,57,7,,,,,624,707,,3327,D,748,751
8510,B,,3327,D,鹿児島中,指宿    ,鹿児島乗務セ  ,57,8,,,,748,751,857,,3332,D,,932
8511,B,,3332,D,指宿    ,鹿児島中,鹿児島乗務セ  ,57,9,,,,,932,1035,便,2438,M,,1122
8512,B,移動,,,鹿児島中,鹿児島車,鹿児島乗務セ  ,57,10,,,,,,,便,2438,M,,1122
8513,B,便,2438,M,鹿児島車,鹿児島中,鹿児島乗務セ  ,57,11,,,,,1122,1126,終,,,,
8514,B,便,6932,M,鹿児島中,隼人    ,鹿児島乗務セ  ,58,1,,,,,942,1020,便,5224,D,,1036
8515,B,便,5224,D,隼人    ,吉松    ,鹿児島乗務セ  ,58,2,,,,,1036,1135,,5229,D,,1218
8516,B,,5229,D,吉松    ,隼人    ,鹿児島乗務セ  ,58,3,,,,,1218,1310,,5228,D,1431,1436
8517,B,,5228,D,隼人    ,吉松    ,鹿児島乗務セ  ,58,4,,,,1431,1436,1535,,5231,D,,1551
8518,B,,5231,D,吉松    ,隼人    ,鹿児島乗務セ  ,58,5,,,,,1551,1643,,5234,D,1906,1911
8519,B,,5234,D,隼人    ,吉松    ,鹿児島乗務セ  ,58,6,,,,1906,1911,2013,,5237,D,,2019
8520,B,,5237,D,吉松    ,隼人    ,鹿児島乗務セ  ,58,7,,,,,2019,2109,回,5223,D,,525
8521,B,回,5223,D,隼人    ,吉松    ,鹿児島乗務セ  ,58,8,,,,,525,614,,5223,D,,633
8522,B,,5223,D,吉松    ,隼人    ,鹿児島乗務セ  ,58,9,,,,,633,730,,6752,D,,747
8523,B,,6752,D,隼人    ,国分    ,鹿児島乗務セ  ,58,10,,,,,747,751,,6755,D,852,857
8524,B,,6755,D,国分    ,鹿児島中,鹿児島乗務セ  ,58,11,,,,852,857,950,終,,,,
8525,B,,1337,D,鹿児島中,枕崎    ,鹿児島乗務セ  ,59,1,,,,1155,1202,1449,,1348,D,1553,1558
8526,B,,1348,D,枕崎    ,山川    ,鹿児島乗務セ  ,59,2,,,,1553,1558,1711,,1350,D,1742,1747
8527,B,,1350,D,山川    ,鹿児島中,鹿児島乗務セ  ,59,3,,,,1742,1747,1901,,6795,D,1938,1947
8528,B,,6795,D,鹿児島中,鹿児島  ,鹿児島乗務セ  ,59,4,,,,1938,1947,1952,,6794,D,,1958
8529,B,,6794,D,鹿児島  ,鹿児島中,鹿児島乗務セ  ,59,5,,,,,1958,2002,,359,D,,2020
8530,B,,359,D,鹿児島中,喜入    ,鹿児島乗務セ  ,59,6,,,,,2020,2104,,362,D,,2136
8531,B,,362,D,喜入    ,鹿児島中,鹿児島乗務セ  ,59,7,,,,,2136,2217,,365,D,2241,2301
8532,B,,365,D,鹿児島中,喜入    ,鹿児島乗務セ  ,59,8,,,,2241,2301,2343,,320,D,,508
8533,B,,320,D,喜入    ,鹿児島中,鹿児島乗務セ  ,59,9,,,,,508,548,車,325,D,627,633
8534,B,車,325,D,鹿児島中,喜入    ,鹿児島乗務セ  ,59,10,,,,627,633,719,車,326,D,,739
8535,B,車,326,D,喜入    ,鹿児島中,鹿児島乗務セ  ,59,11,,,,,739,826,終,,,,
8536,B,構,340,D,鹿児島中,鹿児島中,鹿児島乗務セ  ,61,1,,,,1529,1529,1545,便,347,D,,1621
8537,B,移動,,,鹿児島中,鹿児島車,鹿児島乗務セ  ,61,2,,,,,,,便,347,D,,1621
8538,B,便,347,D,鹿児島車,鹿児島中,鹿児島乗務セ  ,61,3,,,,,1621,1625,,351,D,1710,1730
8539,B,,351,D,鹿児島中,喜入    ,鹿児島乗務セ  ,61,4,,,,1710,1730,1815,,352,D,,1837
8540,B,,352,D,喜入    ,鹿児島中,鹿児島乗務セ  ,61,5,,,,,1837,1919,,357,D,,1939
8541,B,,357,D,鹿児島中,五位野  ,鹿児島乗務セ  ,61,6,,,,,1939,2003,,356,D,,2009
8542,B,,356,D,五位野  ,鹿児島中,鹿児島乗務セ  ,61,7,,,,,2009,2033,,1361,D,2058,2111
8543,B,,1361,D,鹿児島中,指宿    ,鹿児島乗務セ  ,61,8,,,,2058,2111,2218,回,5320,D,,429
8544,B,回,5320,D,指宿    ,西頴娃  ,鹿児島乗務セ  ,61,9,,,,,429,509,,5320,D,,531
8545,B,,5320,D,西頴娃  ,山川    ,鹿児島乗務セ  ,61,10,,,,,531,605,,5321,D,,611
8546,B,,5321,D,山川    ,枕崎    ,鹿児島乗務セ  ,61,11,,,,,611,725,,5322,D,,735
8547,B,,5322,D,枕崎    ,指宿    ,鹿児島乗務セ  ,61,12,,,,,735,854,構,5324,D,938,938
8548,B,構,5324,D,指宿    ,指宿    ,鹿児島乗務セ  ,61,13,,,,938,938,945,便,1334,D,,1005
8549,B,便,1334,D,指宿    ,鹿児島中,鹿児島乗務セ  ,61,14,,,,,1005,1129,終,,,,
8550,B,,1331,D,鹿児島中,山川    ,鹿児島乗務セ  ,62,1,,,,907,917,1035,,1336,D,,1100
8551,B,,1336,D,山川    ,鹿児島中,鹿児島乗務セ  ,62,2,,,,,1100,1218,便,6945,M,,1323
8552,B,便,6945,M,鹿児島中,鹿児島車,鹿児島乗務セ  ,62,3,,,,,1323,1327,,347,D,,1635
8553,B,移動,,,鹿児島車,鹿児島中,鹿児島乗務セ  ,62,4,,,,,,,,347,D,,1635
8554,B,,347,D,鹿児島中,慈眼寺  ,鹿児島乗務セ  ,62,5,,,,,1635,1658,,346,D,,1706
8555,B,,346,D,慈眼寺  ,鹿児島中,鹿児島乗務セ  ,62,6,,,,,1706,1724,,1353,D,,1808
8556,B,,1353,D,鹿児島中,指宿    ,鹿児島乗務セ  ,62,7,,,,,1808,1923,,5329,D,2001,2006
8557,B,,5329,D,指宿    ,枕崎    ,鹿児島乗務セ  ,62,8,,,,2001,2006,2127,,1326,D,,604
8558,B,,1326,D,枕崎    ,鹿児島中,鹿児島乗務セ  ,62,9,,,,,604,851,終,,,,
8559,B,便,1338,D,鹿児島中,鹿児島車,鹿児島乗務セ  ,63,1,,,,,1344,1348,,6756,D,,1431
8560,B,移動,,,鹿児島車,鹿児島中,鹿児島乗務セ  ,63,2,,,,,,,,6756,D,,1431
8561,B,,6756,D,鹿児島中,国分    ,鹿児島乗務セ  ,63,3,,,,,1431,1520,,6757,D,1554,1559
8562,B,,6757,D,国分    ,隼人    ,鹿児島乗務セ  ,63,4,,,,1554,1559,1603,便,6948,M,,1634
8563,B,便,6948,M,隼人    ,国分    ,鹿児島乗務セ  ,63,5,,,,,1634,1637,回,6781,D,,1745
8564,B,回,6781,D,国分    ,隼人    ,鹿児島乗務セ  ,63,6,,,,,1745,1749,,5232,D,,1808
8565,B,,5232,D,隼人    ,吉松    ,鹿児島乗務セ  ,63,7,,,,,1808,1907,,5235,D,,1914
8566,B,,5235,D,吉松    ,隼人    ,鹿児島乗務セ  ,63,8,,,,,1914,2005,,5238,D,2119,2124
8567,B,,5238,D,隼人    ,吉松    ,鹿児島乗務セ  ,63,9,,,,2119,2124,2221,,4920,D,,527
8568,B,,4920,D,吉松    ,都城    ,鹿児島乗務セ  ,63,10,,,,,527,653,,4923,D,755,800
8569,B,,4923,D,都城    ,吉松    ,鹿児島乗務セ  ,63,11,,,,755,800,938,,5227,D,1034,1039
8570,B,,5227,D,吉松    ,隼人    ,鹿児島乗務セ  ,63,12,,,,1034,1039,1131,便,6007,M,,1156
8571,B,便,6007,M,隼人    ,鹿児島中,鹿児島乗務セ  ,63,13,,,,,1156,1227,終,,,,
8572,B,,8071,D,鹿児島中,指宿    ,鹿児島乗務セ  ,64,1,,,,,956,1047,,8072,D,,1056
8573,B,,8072,D,指宿    ,鹿児島中,鹿児島乗務セ  ,64,2,,,,,1056,1148,,339,D,1315,1335
8574,B,,339,D,鹿児島中,喜入    ,鹿児島乗務セ  ,64,3,,,,1315,1335,1422,,340,D,,1431
8575,B,,340,D,喜入    ,鹿児島中,鹿児島乗務セ  ,64,4,,,,,1431,1530,便,340,D,,1540
8576,B,便,340,D,鹿児島中,鹿児島車,鹿児島乗務セ  ,64,5,,,,,1540,1544,,1349,D,,1712
8577,B,移動,,,鹿児島車,鹿児島中,鹿児島乗務セ  ,64,6,,,,,,,,1349,D,,1712
8578,B,,1349,D,鹿児島中,指宿    ,鹿児島乗務セ  ,64,7,,,,,1712,1823,,1352,D,,1829
8579,B,,1352,D,指宿    ,鹿児島中,鹿児島乗務セ  ,64,8,,,,,1829,1938,,361,D,2033,2040
8580,B,,361,D,鹿児島中,五位野  ,鹿児島乗務セ  ,64,9,,,,2033,2040,2102,,360,D,,2113
8581,B,,360,D,五位野  ,鹿児島中,鹿児島乗務セ  ,64,10,,,,,2113,2137,構,362,D,2217,2217
8582,B,構,362,D,鹿児島中,鹿児島中,鹿児島乗務セ  ,64,11,,,,2217,2217,2228,便,1321,D,,438
8583,B,移動,,,鹿児島中,鹿児島車,鹿児島乗務セ  ,64,12,,,,,,,便,1321,D,,438
8584,B,便,1321,D,鹿児島車,鹿児島中,鹿児島乗務セ  ,64,13,,,,,438,442,車,1321,D,442,446
8585,B,車,1321,D,鹿児島中,山川    ,鹿児島乗務セ  ,64,14,,,,442,446,602,車,1322,D,,611
8586,B,車,1322,D,山川    ,鹿児島中,鹿児島乗務セ  ,64,15,,,,,611,730,車,6791,D,,732
8587,B,車,6791,D,鹿児島中,鹿児島  ,鹿児島乗務セ  ,64,16,,,,,732,736,車,6790,D,,744
8588,B,車,6790,D,鹿児島  ,鹿児島中,鹿児島乗務セ  ,64,17,,,,,744,748,終,,,,
8589,B,便,338,D,鹿児島中,鹿児島車,鹿児島乗務セ  ,65,1,,,,,1430,1434,,3345,D,,1535
8590,B,移動,,,鹿児島車,鹿児島中,鹿児島乗務セ  ,65,2,,,,,,,,3345,D,,1535
8591,B,,3345,D,鹿児島中,山川    ,鹿児島乗務セ  ,65,3,,,,,1535,1645,,1348,D,1711,1713
8592,B,,1348,D,山川    ,鹿児島中,鹿児島乗務セ  ,65,4,,,,1711,1713,1843,,355,D,1909,1926
8593,B,,355,D,鹿児島中,喜入    ,鹿児島乗務セ  ,65,5,,,,1909,1926,2006,,358,D,,2011
8594,B,,358,D,喜入    ,鹿児島中,鹿児島乗務セ  ,65,6,,,,,2011,2052,,363,D,2137,2147
8595,B,,363,D,鹿児島中,五位野  ,鹿児島乗務セ  ,65,7,,,,2137,2147,2209,,364,D,,2215
8596,B,,364,D,五位野  ,鹿児島中,鹿児島乗務セ  ,65,8,,,,,2215,2241,,367,D,2325,2335
8597,B,,367,D,鹿児島中,五位野  ,鹿児島乗務セ  ,65,9,,,,2325,2335,0,回,367,D,,5
8598,B,回,367,D,五位野  ,鹿児島中,鹿児島乗務セ  ,65,10,,,,,5,22,,325,D,,633
8599,B,,325,D,鹿児島中,喜入    ,鹿児島乗務セ  ,65,11,,,,,633,719,,326,D,,739
8600,B,,326,D,喜入    ,鹿児島中,鹿児島乗務セ  ,65,12,,,,,739,826,便,8071,D,,936
8601,B,移動,,,鹿児島中,鹿児島車,鹿児島乗務セ  ,65,13,,,,,,,便,8071,D,,936
8602,B,便,8071,D,鹿児島車,鹿児島中,鹿児島乗務セ  ,65,14,,,,,936,940,構,6755,D,950,950
8603,B,構,6755,D,鹿児島中,鹿児島中,鹿児島乗務セ  ,65,15,,,,950,950,1001,便,6934,M,,1022
8604,B,移動,,,鹿児島中,鹿児島車,鹿児島乗務セ  ,65,16,,,,,,,便,6934,M,,1022
8605,B,便,6934,M,鹿児島車,鹿児島中,鹿児島乗務セ  ,65,17,,,,,1022,1026,終,,,,
8606,B,便,1338,D,鹿児島中,鹿児島車,鹿児島乗務セ  ,66,1,,,,,1344,1348,,341,D,,1435
8607,B,移動,,,鹿児島車,鹿児島中,鹿児島乗務セ  ,66,2,,,,,,,,341,D,,1435
8608,B,,341,D,鹿児島中,喜入    ,鹿児島乗務セ  ,66,3,,,,,1435,1514,,342,D,,1535
8609,B,,342,D,喜入    ,鹿児島中,鹿児島乗務セ  ,66,4,,,,,1535,1632,,3351,D,1745,1750
8610,B,,3351,D,鹿児島中,山川    ,鹿児島乗務セ  ,66,5,,,,1745,1750,1904,,1354,D,1955,2000
8611,B,,1354,D,山川    ,鹿児島中,鹿児島乗務セ  ,66,6,,,,1955,2000,2110,便,1363,D,,2208
8612,B,移動,,,鹿児島中,鹿児島車,鹿児島乗務セ  ,66,7,,,,,,,便,1363,D,,2208
8613,B,便,1363,D,鹿児島車,鹿児島中,鹿児島乗務セ  ,66,8,,,,,2208,2212,便,1363,D,,2229
8614,B,便,1363,D,鹿児島中,指宿    ,鹿児島乗務セ  ,66,9,,,,,2229,2335,便回,1320,D,,515
8615,B,便回,1320,D,指宿    ,山川    ,鹿児島乗務セ  ,66,10,,,,,515,521,車,1320,D,521,526
8616,B,車,1320,D,山川    ,鹿児島中,鹿児島乗務セ  ,66,11,,,,521,526,646,車,327,D,,733
8617,B,車,327,D,鹿児島中,喜入    ,鹿児島乗務セ  ,66,12,,,,,733,816,車,328,D,,844
8618,B,車,328,D,喜入    ,鹿児島中,鹿児島乗務セ  ,66,13,,,,,844,930,終,,,,
8619,B,,1325,D,鹿児島中,山川    ,鹿児島乗務セ  ,67,1,,,,646,654,814,,1330,D,,832
8620,B,,1330,D,山川    ,鹿児島中,鹿児島乗務セ  ,67,2,,,,,832,1017,構,1334,D,1133,1133
8621,B,構,1334,D,鹿児島中,鹿児島中,鹿児島乗務セ  ,67,3,,,,1133,1133,1142,,6754,D,,1338
8622,B,,6754,D,鹿児島中,国分    ,鹿児島乗務セ  ,67,4,,,,,1338,1425,便,6951,M,,1512
8623,B,便,6951,M,国分    ,隼人    ,鹿児島乗務セ  ,67,5,,,,,1512,1516,回,6780,D,1612,1617
8624,B,回,6780,D,隼人    ,国分    ,鹿児島乗務セ  ,67,6,,,,1612,1617,1621,,6759,D,,1629
8625,B,,6759,D,国分    ,鹿児島中,鹿児島乗務セ  ,67,7,,,,,1629,1726,終,,,,
8626,B,,1323,D,鹿児島中,山川    ,鹿児島乗務セ  ,68,1,,,,610,620,733,,3328,D,,759
8627,B,,3328,D,山川    ,鹿児島中,鹿児島乗務セ  ,68,2,,,,,759,907,,1333,D,943,1002
8628,B,,1333,D,鹿児島中,山川    ,鹿児島乗務セ  ,68,3,,,,943,1002,1136,,1338,D,1155,1200
8629,B,,1338,D,山川    ,鹿児島中,鹿児島乗務セ  ,68,4,,,,1155,1200,1330,終,,,,
8630,B,構,1338,D,鹿児島中,鹿児島中,鹿児島乗務セ  ,71,1,,,,1329,1329,1349,,1343,D,,1502
8631,B,,1343,D,鹿児島中,山川    ,鹿児島乗務セ  ,71,2,,,,,1502,1621,,3346,D,,1633
8632,B,,3346,D,山川    ,鹿児島中,鹿児島乗務セ  ,71,3,,,,,1633,1743,,6760,D,,1936
8633,B,,6760,D,鹿児島中,国分    ,鹿児島乗務セ  ,71,4,,,,,1936,2030,回,6760,D,,2047
8634,B,回,6760,D,国分    ,隼人    ,鹿児島乗務セ  ,71,5,,,,,2047,2051,構回,6760,D,2143,2143
8635,B,構回,6760,D,隼人    ,隼人    ,鹿児島乗務セ  ,71,6,,,,2143,2143,2154,,2920,D,,552
8636,B,,2920,D,隼人    ,吉松    ,鹿児島乗務セ  ,71,7,,,,,552,651,,2921,D,731,747
8637,B,,2921,D,吉松    ,隼人    ,鹿児島乗務セ  ,71,8,,,,731,747,839,,5222,D,,906
8638,B,,5222,D,隼人    ,吉松    ,鹿児島乗務セ  ,71,9,,,,,906,1005,便,5227,D,,1039
8639,B,便,5227,D,吉松    ,隼人    ,鹿児島乗務セ  ,71,10,,,,,1039,1131,便,6007,M,,1156
8640,B,便,6007,M,隼人    ,鹿児島中,鹿児島乗務セ  ,71,11,,,,,1156,1227,終,,,,
8641,B,便,6007,M,鹿児島中,鹿児島車,鹿児島乗務セ  ,72,1,,,,,1238,1242,,1341,D,,1402
8642,B,移動,,,鹿児島車,鹿児島中,鹿児島乗務セ  ,72,2,,,,,,,,1341,D,,1402
8643,B,,1341,D,鹿児島中,山川    ,鹿児島乗務セ  ,72,3,,,,,1402,1534,,1344,D,,1546
8644,B,,1344,D,山川    ,指宿    ,鹿児島乗務セ  ,72,4,,,,,1546,1551,構,5325,D,,1629
8645,B,構,5325,D,指宿    ,指宿    ,鹿児島乗務セ  ,72,5,,,,,1629,1629,,1347,D,1714,1719
8646,B,,1347,D,指宿    ,枕崎    ,鹿児島乗務セ  ,72,6,,,,1714,1719,1839,,5330,D,,1844
8647,B,,5330,D,枕崎    ,山川    ,鹿児島乗務セ  ,72,7,,,,,1844,1957,回,5330,D,,2013
8648,B,回,5330,D,山川    ,指宿    ,鹿児島乗務セ  ,72,8,,,,,2013,2019,構回,1357,D,,2057
8649,B,構回,1357,D,指宿    ,指宿    ,鹿児島乗務セ  ,72,9,,,,,2057,2104,構回,1359,D,,2141
8650,B,構回,1359,D,指宿    ,指宿    ,鹿児島乗務セ  ,72,10,,,,,2141,2153,回,1320,D,,515
8651,B,回,1320,D,指宿    ,山川    ,鹿児島乗務セ  ,72,11,,,,,515,521,,1320,D,,526
8652,B,,1320,D,山川    ,鹿児島中,鹿児島乗務セ  ,72,12,,,,,526,646,,327,D,725,733
8653,B,,327,D,鹿児島中,喜入    ,鹿児島乗務セ  ,72,13,,,,725,733,816,,328,D,,844
8654,B,,328,D,喜入    ,鹿児島中,鹿児島乗務セ  ,72,14,,,,,844,930,終,,,,
8655,B,,335,D,鹿児島中,喜入    ,鹿児島乗務セ  ,73,1,,,,1130,1135,1221,,336,D,,1230
8656,B,,336,D,喜入    ,鹿児島中,鹿児島乗務セ  ,73,2,,,,,1230,1315,,343,D,1501,1518
8657,B,,343,D,鹿児島中,喜入    ,鹿児島乗務セ  ,73,3,,,,1501,1518,1600,,344,D,,1606
8658,B,,344,D,喜入    ,鹿児島中,鹿児島乗務セ  ,73,4,,,,,1606,1651,,6793,D,,1653
8659,B,,6793,D,鹿児島中,鹿児島  ,鹿児島乗務セ  ,73,5,,,,,1653,1658,,6792,D,,1741
8660,B,,6792,D,鹿児島  ,鹿児島中,鹿児島乗務セ  ,73,6,,,,,1741,1745,,1357,D,1843,1905
8661,B,,1357,D,鹿児島中,山川    ,鹿児島乗務セ  ,73,7,,,,1843,1905,2035,回,1357,D,,2040
8662,B,回,1357,D,山川    ,指宿    ,鹿児島乗務セ  ,73,8,,,,,2040,2046,,1358,D,2131,2145
8663,B,,1358,D,指宿    ,鹿児島中,鹿児島乗務セ  ,73,9,,,,2131,2145,2300,車,321,D,514,523
8664,B,車,321,D,鹿児島中,喜入    ,鹿児島乗務セ  ,73,10,,,,514,523,609,車,322,D,,624
8665,B,車,322,D,喜入    ,鹿児島中,鹿児島乗務セ  ,73,11,,,,,624,707,車,3327,D,,751
8666,B,車,3327,D,鹿児島中,指宿    ,鹿児島乗務セ  ,73,12,,,,,751,857,車,3332,D,,932
8667,B,車,3332,D,指宿    ,鹿児島中,鹿児島乗務セ  ,73,13,,,,,932,1035,終,,,,
8668,B,便,6932,M,鹿児島中,隼人    ,鹿児島乗務セ  ,74,1,,,,,942,1020,,5224,D,1031,1036
8669,B,,5224,D,隼人    ,吉松    ,鹿児島乗務セ  ,74,2,,,,1031,1036,1135,,4924,D,,1317
8670,B,,4924,D,吉松    ,都城    ,鹿児島乗務セ  ,74,3,,,,,1317,1447,便,6011,M,,1507
8671,B,便,6011,M,都城    ,隼人    ,鹿児島乗務セ  ,74,4,,,,,1507,1553,,5230,D,1643,1700
8672,B,,5230,D,隼人    ,吉松    ,鹿児島乗務セ  ,74,5,,,,1643,1700,1758,,5233,D,,1812
8673,B,,5233,D,吉松    ,隼人    ,鹿児島乗務セ  ,74,6,,,,,1812,1902,,5236,D,2010,2015
8674,B,,5236,D,隼人    ,吉松    ,鹿児島乗務セ  ,74,7,,,,2010,2015,2112,回,4929,D,2128,2200
8675,B,回,4929,D,吉松    ,隼人    ,鹿児島乗務セ  ,74,8,,,,2128,2200,2245,,6753,D,,638
8676,B,,6753,D,隼人    ,鹿児島中,鹿児島乗務セ  ,74,9,,,,,638,723,終,,,,
8677,B,,8073,D,鹿児島中,指宿    ,鹿児島乗務セ  ,75,1,,,,1148,1156,1248,,8074,D,,1257
8678,B,,8074,D,指宿    ,鹿児島中,鹿児島乗務セ  ,75,2,,,,,1257,1348,,345,D,1549,1618
8679,B,,345,D,鹿児島中,喜入    ,鹿児島乗務セ  ,75,3,,,,1549,1618,1702,,348,D,,1720
8680,B,,348,D,喜入    ,鹿児島中,鹿児島乗務セ  ,75,4,,,,,1720,1803,,353,D,,1828
8681,B,,353,D,鹿児島中,喜入    ,鹿児島乗務セ  ,75,5,,,,,1828,1911,,354,D,,1931
8682,B,,354,D,喜入    ,鹿児島中,鹿児島乗務セ  ,75,6,,,,,1931,2013,,1363,D,,2229
8683,B,,1363,D,鹿児島中,山川    ,鹿児島乗務セ  ,75,7,,,,,2229,2341,回,1363,D,,2347
8684,B,回,1363,D,山川    ,指宿    ,鹿児島乗務セ  ,75,8,,,,,2347,2353,,5323,D,,712
8685,B,,5323,D,指宿    ,西頴娃  ,鹿児島乗務セ  ,75,9,,,,,712,811,,5324,D,,848
8686,B,,5324,D,西頴娃  ,指宿    ,鹿児島乗務セ  ,75,10,,,,,848,929,,1334,D,,1005
8687,B,,1334,D,指宿    ,鹿児島中,鹿児島乗務セ  ,75,11,,,,,1005,1129,終,,,,
8688,B,構,330,D,鹿児島中,鹿児島中,鹿児島乗務セ  ,76,1,,,,945,945,1005,,1335,D,,1102
8689,B,,1335,D,鹿児島中,山川    ,鹿児島乗務セ  ,76,2,,,,,1102,1236,,1340,D,1317,1322
8690,B,,1340,D,山川    ,鹿児島中,鹿児島乗務セ  ,76,3,,,,1317,1322,1501,構,6759,D,1726,1726
8691,B,構,6759,D,鹿児島中,鹿児島中,鹿児島乗務セ  ,76,4,,,,1726,1726,1736,,3355,D,,1847
8692,B,,3355,D,鹿児島中,指宿    ,鹿児島乗務セ  ,76,5,,,,,1847,1947,,1356,D,2046,2051
8693,B,,1356,D,指宿    ,鹿児島中,鹿児島乗務セ  ,76,6,,,,2046,2051,2159,,1321,D,,446
8694,B,,1321,D,鹿児島中,山川    ,鹿児島乗務セ  ,76,7,,,,,446,602,,1322,D,,611
8695,B,,1322,D,山川    ,鹿児島中,鹿児島乗務セ  ,76,8,,,,,611,730,,6791,D,,732
8696,B,,6791,D,鹿児島中,鹿児島  ,鹿児島乗務セ  ,76,9,,,,,732,736,,6790,D,,744
8697,B,,6790,D,鹿児島  ,鹿児島中,鹿児島乗務セ  ,76,10,,,,,744,748,終,,,,
8698,B,,736,M,南宮崎  ,延岡    ,宮崎乗務セ    ,1,1,,,,921,924,1101,,5005,M,1219,1220
8699,B,,5005,M,延岡    ,宮崎空港,宮崎乗務セ    ,1,2,,,,1219,1220,1351,,5012,M,,1415
8700,B,,5012,M,宮崎空港,延岡    ,宮崎乗務セ    ,1,3,,,,,1415,1542,,757,M,1630,1635
8701,B,,757,M,延岡    ,宮崎空港,宮崎乗務セ    ,1,4,,,,1630,1635,1827,,762,M,,1845
8702,B,,762,M,宮崎空港,南宮崎  ,宮崎乗務セ    ,1,5,,,,,1845,1851,回,6889,M,1930,1935
8703,B,回,6889,M,南宮崎  ,宮崎    ,宮崎乗務セ    ,1,6,,,,1930,1935,1939,,6889,M,,1950
8704,B,,6889,M,宮崎    ,南宮崎  ,宮崎乗務セ    ,1,7,,,,,1950,1954,終,,,,
8705,B,回,6519,M,南宮崎  ,宮崎空港,宮崎乗務セ    ,2,1,,,,,627,632,,5004,M,,638
8706,B,,5004,M,宮崎空港,延岡    ,宮崎乗務セ    ,2,2,,,,,638,803,,741,M,930,935
8707,B,,741,M,延岡    ,宮崎空港,宮崎乗務セ    ,2,3,,,,930,935,1130,,742,M,,1145
8708,B,,742,M,宮崎空港,南宮崎  ,宮崎乗務セ    ,2,4,,,,,1145,1153,便,742,M,,1157
8709,B,便,742,M,南宮崎  ,宮崎    ,宮崎乗務セ    ,2,5,,,,,1157,1201,,6571,M,1212,1240
8710,B,,6571,M,宮崎    ,宮崎空港,宮崎乗務セ    ,2,6,,,,1212,1240,1251,,5074,M,,1315
8711,B,,5074,M,宮崎空港,南宮崎  ,宮崎乗務セ    ,2,7,,,,,1315,1320,終,,,,
8712,B,,6873,M,南宮崎  ,西都城  ,宮崎乗務セ    ,3,1,,,,955,956,1054,回,6873,M,,1100
8713,B,回,6873,M,西都城  ,都城    ,宮崎乗務セ    ,3,2,,,,,1100,1103,回,6874,M,1154,1159
8714,B,回,6874,M,都城    ,西都城  ,宮崎乗務セ    ,3,3,,,,1154,1159,1202,,6872,M,,1208
8715,B,,6872,M,西都城  ,宮崎    ,宮崎乗務セ    ,3,4,,,,,1208,1313,,746,M,1402,1405
8716,B,,746,M,宮崎    ,延岡    ,宮崎乗務セ    ,3,5,,,,1402,1405,1557,,5083,M,1730,1735
8717,B,,5083,M,延岡    ,宮崎空港,宮崎乗務セ    ,3,6,,,,1730,1735,1859,,5080,M,,1915
8718,B,,5080,M,宮崎空港,延岡    ,宮崎乗務セ    ,3,7,,,,,1915,2045,回,5080,M,,2052
8719,B,回,5080,M,延岡    ,南延岡  ,宮崎乗務セ    ,3,8,,,,,2052,2056,便,764,M,,2154
8720,B,便,764,M,南延岡  ,延岡    ,宮崎乗務セ    ,3,9,,,,,2154,2158,構,764,M,2205,2205
8721,B,構,764,M,延岡    ,延岡    ,宮崎乗務セ    ,3,10,,,,2205,2205,2208,,723,M,,517
8722,B,,723,M,延岡    ,宮崎空港,宮崎乗務セ    ,3,11,,,,,517,705,,728,M,,715
8723,B,,728,M,宮崎空港,宮崎    ,宮崎乗務セ    ,3,12,,,,,715,724,,6869,M,807,819
8724,B,,6869,M,宮崎    ,田野    ,宮崎乗務セ    ,3,13,,,,807,819,842,,6868,M,,848
8725,B,,6868,M,田野    ,南宮崎  ,宮崎乗務セ    ,3,14,,,,,848,906,終,,,,
8726,B,,6883,M,南宮崎  ,西都城  ,宮崎乗務セ    ,4,1,,,,1553,1600,1659,,6882,M,,1725
8727,B,,6882,M,西都城  ,宮崎    ,宮崎乗務セ    ,4,2,,,,,1725,1828,,6887,M,,1852
8728,B,,6887,M,宮崎    ,南宮崎  ,宮崎乗務セ    ,4,3,,,,,1852,1856,,764,M,1951,1955
8729,B,,764,M,南宮崎  ,延岡    ,宮崎乗務セ    ,4,4,,,,1951,1955,2158,,5071,M,,523
8730,B,,5071,M,延岡    ,宮崎空港,宮崎乗務セ    ,4,5,,,,,523,647,,5006,M,740,745
8731,B,,5006,M,宮崎空港,延岡    ,宮崎乗務セ    ,4,6,,,,740,745,913,,743,M,957,1020
8732,B,,743,M,延岡    ,南宮崎  ,宮崎乗務セ    ,4,7,,,,957,1020,1216,終,,,,
8733,B,,740,M,南宮崎  ,延岡    ,宮崎乗務セ    ,5,1,,,,1053,1059,1257,,5007,M,1419,1421
8734,B,,5007,M,延岡    ,宮崎空港,宮崎乗務セ    ,5,2,,,,1419,1421,1551,回,6524,M,,1559
8735,B,回,6524,M,宮崎空港,宮崎    ,宮崎乗務セ    ,5,3,,,,,1559,1608,便,6013,M,,1620
8736,B,便,6013,M,宮崎    ,南宮崎  ,宮崎乗務セ    ,5,4,,,,,1620,1624,構,755,M,1807,1807
8737,B,構,755,M,南宮崎  ,南宮崎  ,宮崎乗務セ    ,5,5,,,,1807,1807,1847,,6889,M,1954,2000
8738,B,,6889,M,南宮崎  ,西都城  ,宮崎乗務セ    ,5,6,,,,1954,2000,2110,,6886,M,,2150
8739,B,,6886,M,西都城  ,南宮崎  ,宮崎乗務セ    ,5,7,,,,,2150,2250,,5002,M,,541
8740,B,,5002,M,南宮崎  ,延岡    ,宮崎乗務セ    ,5,8,,,,,541,700,,5077,M,758,803
8741,B,,5077,M,延岡    ,宮崎空港,宮崎乗務セ    ,5,9,,,,758,803,928,,5008,M,1010,1015
8742,B,,5008,M,宮崎空港,南宮崎  ,宮崎乗務セ    ,5,10,,,,1010,1015,1021,終,,,,
8743,B,便,740,M,南宮崎  ,宮崎神宮,宮崎乗務セ    ,6,1,,,,,1059,1108,回,6877,M,,1222
8744,B,回,6877,M,宮崎神宮,宮崎    ,宮崎乗務セ    ,6,2,,,,,1222,1225,,6879,M,1345,1350
8745,B,,6879,M,宮崎    ,西都城  ,宮崎乗務セ    ,6,3,,,,1345,1350,1453,,6878,M,,1518
8746,B,,6878,M,西都城  ,南宮崎  ,宮崎乗務セ    ,6,4,,,,,1518,1615,,756,M,1731,1736
8747,B,,756,M,南宮崎  ,高鍋    ,宮崎乗務セ    ,6,5,,,,1731,1736,1806,,759,M,,1833
8748,B,,759,M,高鍋    ,南宮崎  ,宮崎乗務セ    ,6,6,,,,,1833,1907,,766,M,2043,2103
8749,B,,766,M,南宮崎  ,延岡    ,宮崎乗務セ    ,6,7,,,,2043,2103,2247,構,768,M,2342,2342
8750,B,構,768,M,延岡    ,延岡    ,宮崎乗務セ    ,6,8,,,,2342,2342,2352,構,5086,M,5,5
8751,B,構,5086,M,延岡    ,延岡    ,宮崎乗務セ    ,6,9,,,,5,5,8,,5073,M,,548
8752,B,,5073,M,延岡    ,宮崎    ,宮崎乗務セ    ,6,10,,,,,548,701,,728,M,724,729
8753,B,,728,M,宮崎    ,高鍋    ,宮崎乗務セ    ,6,11,,,,724,729,801,,733,M,,816
8754,B,,733,M,高鍋    ,宮崎空港,宮崎乗務セ    ,6,12,,,,,816,906,,738,M,,945
8755,B,,738,M,宮崎空港,南宮崎  ,宮崎乗務セ    ,6,13,,,,,945,953,終,,,,
8756,B,,5003,M,南宮崎  ,宮崎空港,宮崎乗務セ    ,7,1,,,,1144,1148,1152,,5010,M,,1215
8757,B,,5010,M,宮崎空港,延岡    ,宮崎乗務セ    ,7,2,,,,,1215,1341,,751,M,1430,1435
8758,B,,751,M,延岡    ,南宮崎  ,宮崎乗務セ    ,7,3,,,,1430,1435,1616,,758,M,1751,1755
8759,B,,758,M,南宮崎  ,延岡    ,宮崎乗務セ    ,7,4,,,,1751,1755,1942,,771,M,2115,2120
8760,B,,771,M,延岡    ,南宮崎  ,宮崎乗務セ    ,7,5,,,,2115,2120,2300,,720,M,,550
8761,B,,720,M,南宮崎  ,延岡    ,宮崎乗務セ    ,7,6,,,,,550,731,,739,M,823,828
8762,B,,739,M,延岡    ,宮崎空港,宮崎乗務セ    ,7,7,,,,823,828,1028,,740,M,,1045
8763,B,,740,M,宮崎空港,南宮崎  ,宮崎乗務セ    ,7,8,,,,,1045,1053,終,,,,
8764,B,,748,M,南宮崎  ,延岡    ,宮崎乗務セ    ,8,1,,,,1452,1455,1707,,5011,M,1818,1820
8765,B,,5011,M,延岡    ,宮崎空港,宮崎乗務セ    ,8,2,,,,1818,1820,1951,,5082,M,,2015
8766,B,,5082,M,宮崎空港,延岡    ,宮崎乗務セ    ,8,3,,,,,2015,2151,便,5071,M,,523
8767,B,便,5071,M,延岡    ,南延岡  ,宮崎乗務セ    ,8,4,,,,,523,527,回,2790,M,,615
8768,B,回,2790,M,南延岡  ,延岡    ,宮崎乗務セ    ,8,5,,,,,615,619,,5075,M,634,652
8769,B,,5075,M,延岡    ,宮崎空港,宮崎乗務セ    ,8,6,,,,634,652,809,回,6522,M,,846
8770,B,回,6522,M,宮崎空港,宮崎神宮,宮崎乗務セ    ,8,7,,,,,846,920,便,737,M,,946
8771,B,便,737,M,宮崎神宮,南宮崎  ,宮崎乗務セ    ,8,8,,,,,946,952,,737,M,952,956
8772,B,,737,M,南宮崎  ,宮崎空港,宮崎乗務セ    ,8,9,,,,952,956,1005,回,6520,M,,1021
8773,B,回,6520,M,宮崎空港,南宮崎  ,宮崎乗務セ    ,8,10,,,,,1021,1028,終,,,,
8774,B,,742,M,南宮崎  ,延岡    ,宮崎乗務セ    ,9,1,,,,1153,1157,1356,,5081,M,1500,1520
8775,B,,5081,M,延岡    ,宮崎空港,宮崎乗務セ    ,9,2,,,,1500,1520,1651,,5016,M,,1715
8776,B,,5016,M,宮崎空港,延岡    ,宮崎乗務セ    ,9,3,,,,,1715,1842,,767,M,1930,1935
8777,B,,767,M,延岡    ,南宮崎  ,宮崎乗務セ    ,9,4,,,,1930,1935,2116,回,721,M,,520
8778,B,回,721,M,南宮崎  ,高鍋    ,宮崎乗務セ    ,9,5,,,,,520,541,,721,M,,547
8779,B,,721,M,高鍋    ,南宮崎  ,宮崎乗務セ    ,9,6,,,,,547,617,便,6864,M,,725
8780,B,便,6864,M,南宮崎  ,宮崎    ,宮崎乗務セ    ,9,7,,,,,725,728,,6867,M,728,733
8781,B,,6867,M,宮崎    ,西都城  ,宮崎乗務セ    ,9,8,,,,728,733,845,,6870,M,,908
8782,B,,6870,M,西都城  ,南宮崎  ,宮崎乗務セ    ,9,9,,,,,908,1009,終,,,,
8783,B,,5074,M,南宮崎  ,延岡    ,宮崎乗務セ    ,10,1,,,,1320,1322,1444,,753,M,1530,1535
8784,B,,753,M,延岡    ,宮崎空港,宮崎乗務セ    ,10,2,,,,1530,1535,1726,,758,M,,1745
8785,B,,758,M,宮崎空港,南宮崎  ,宮崎乗務セ    ,10,3,,,,,1745,1751,,762,M,1851,1856
8786,B,,762,M,南宮崎  ,延岡    ,宮崎乗務セ    ,10,4,,,,1851,1856,2040,,5017,M,2223,2225
8787,B,,5017,M,延岡    ,南宮崎  ,宮崎乗務セ    ,10,5,,,,2223,2225,2335,,722,M,,604
8788,B,,722,M,南宮崎  ,延岡    ,宮崎乗務セ    ,10,6,,,,,604,757,,5001,M,912,920
8789,B,,5001,M,延岡    ,宮崎空港,宮崎乗務セ    ,10,7,,,,912,920,1052,,5072,M,,1115
8790,B,,5072,M,宮崎空港,南宮崎  ,宮崎乗務セ    ,10,8,,,,,1115,1124,終,,,,
8791,B,,5008,M,南宮崎  ,延岡    ,宮崎乗務セ    ,11,1,,,,1021,1025,1136,,5079,M,1300,1320
8792,B,,5079,M,延岡    ,宮崎空港,宮崎乗務セ    ,11,2,,,,1300,1320,1452,,5076,M,,1515
8793,B,,5076,M,宮崎空港,延岡    ,宮崎乗務セ    ,11,3,,,,,1515,1645,,761,M,1717,1720
8794,B,,761,M,延岡    ,宮崎空港,宮崎乗務セ    ,11,4,,,,1717,1720,1927,,764,M,,1945
8795,B,,764,M,宮崎空港,南宮崎  ,宮崎乗務セ    ,11,5,,,,,1945,1951,,6891,M,2053,2054
8796,B,,6891,M,南宮崎  ,西都城  ,宮崎乗務セ    ,11,6,,,,2053,2054,2157,回,6891,M,,2243
8797,B,回,6891,M,西都城  ,都城    ,宮崎乗務セ    ,11,7,,,,,2243,2246,回,6864,M,,614
8798,B,回,6864,M,都城    ,西都城  ,宮崎乗務セ    ,11,8,,,,,614,617,,6864,M,,624
8799,B,,6864,M,西都城  ,宮崎    ,宮崎乗務セ    ,11,9,,,,,624,728,構,729,M,808,808
8800,B,構,729,M,宮崎    ,宮崎    ,宮崎乗務セ    ,11,10,,,,808,808,815,便,729,M,,815
8801,B,便,729,M,宮崎    ,南宮崎  ,宮崎乗務セ    ,11,11,,,,,815,818,,734,M,818,842
8802,B,,734,M,南宮崎  ,高鍋    ,宮崎乗務セ    ,11,12,,,,818,842,916,,737,M,,922
8803,B,,737,M,高鍋    ,南宮崎  ,宮崎乗務セ    ,11,13,,,,,922,952,終,,,,
8804,B,,749,M,南宮崎  ,宮崎空港,宮崎乗務セ    ,12,1,,,,1517,1521,1527,,750,M,,1545
8805,B,,750,M,宮崎空港,南宮崎  ,宮崎乗務セ    ,12,2,,,,,1545,1551,,751,M,1616,1621
8806,B,,751,M,南宮崎  ,宮崎空港,宮崎乗務セ    ,12,3,,,,1616,1621,1627,,754,M,,1645
8807,B,,754,M,宮崎空港,延岡    ,宮崎乗務セ    ,12,4,,,,,1645,1857,,5015,M,2017,2021
8808,B,,5015,M,延岡    ,南宮崎  ,宮崎乗務セ    ,12,5,,,,2017,2021,2125,,770,M,2244,2253
8809,B,,770,M,南宮崎  ,高鍋    ,宮崎乗務セ    ,12,6,,,,2244,2253,2332,回,770,M,,2338
8810,B,回,770,M,高鍋    ,南宮崎  ,宮崎乗務セ    ,12,7,,,,,2338,0,,721,M,617,628
8811,B,,721,M,南宮崎  ,田野    ,宮崎乗務セ    ,12,8,,,,617,628,645,,726,M,,652
8812,B,,726,M,田野    ,延岡    ,宮崎乗務セ    ,12,9,,,,,652,900,,5003,M,1031,1033
8813,B,,5003,M,延岡    ,南宮崎  ,宮崎乗務セ    ,12,10,,,,1031,1033,1144,終,,,,
8814,B,,6868,M,南宮崎  ,宮崎    ,宮崎乗務セ    ,21,1,,,,906,907,910,,6873,M,947,952
8815,B,,6873,M,宮崎    ,南宮崎  ,宮崎乗務セ    ,21,2,,,,947,952,955,,6870,M,1009,1010
8816,B,,6870,M,南宮崎  ,宮崎    ,宮崎乗務セ    ,21,3,,,,1009,1010,1013,回,6870,M,,1019
8817,B,回,6870,M,宮崎    ,宮崎神宮,宮崎乗務セ    ,21,4,,,,,1019,1022,便,741,M,,1108
8818,B,便,741,M,宮崎神宮,南宮崎  ,宮崎乗務セ    ,21,5,,,,,1108,1116,,743,M,1216,1218
8819,B,,743,M,南宮崎  ,宮崎空港,宮崎乗務セ    ,21,6,,,,1216,1218,1224,,744,M,,1245
8820,B,,744,M,宮崎空港,延岡    ,宮崎乗務セ    ,21,7,,,,,1245,1457,,5009,M,1618,1620
8821,B,,5009,M,延岡    ,宮崎空港,宮崎乗務セ    ,21,8,,,,1618,1620,1752,,5078,M,,1815
8822,B,,5078,M,宮崎空港,延岡    ,宮崎乗務セ    ,21,9,,,,,1815,1947,,769,M,2030,2031
8823,B,,769,M,延岡    ,南宮崎  ,宮崎乗務セ    ,21,10,,,,2030,2031,2214,回,724,M,,530
8824,B,回,724,M,南宮崎  ,田野    ,宮崎乗務セ    ,21,11,,,,,530,545,,724,M,,559
8825,B,,724,M,田野    ,高鍋    ,宮崎乗務セ    ,21,12,,,,,559,706,,727,M,,718
8826,B,,727,M,高鍋    ,宮崎空港,宮崎乗務セ    ,21,13,,,,,718,804,,732,M,,815
8827,B,,732,M,宮崎空港,南宮崎  ,宮崎乗務セ    ,21,14,,,,,815,823,終,,,,
8828,B,,732,M,南宮崎  ,延岡    ,宮崎乗務セ    ,22,1,,,,823,825,957,,745,M,1131,1136
8829,B,,745,M,延岡    ,宮崎空港,宮崎乗務セ    ,22,2,,,,1131,1136,1327,,746,M,,1345
8830,B,,746,M,宮崎空港,宮崎    ,宮崎乗務セ    ,22,3,,,,,1345,1402,便,748,M,,1505
8831,B,便,748,M,宮崎    ,宮崎神宮,宮崎乗務セ    ,22,4,,,,,1505,1508,回,6521,M,,1541
8832,B,回,6521,M,宮崎神宮,宮崎空港,宮崎乗務セ    ,22,5,,,,,1541,1557,,5014,M,,1615
8833,B,,5014,M,宮崎空港,延岡    ,宮崎乗務セ    ,22,6,,,,,1615,1733,,765,M,1830,1835
8834,B,,765,M,延岡    ,宮崎空港,宮崎乗務セ    ,22,7,,,,1830,1835,2026,,766,M,,2045
8835,B,,766,M,宮崎空港,南宮崎  ,宮崎乗務セ    ,22,8,,,,,2045,2050,,5086,M,2225,2240
8836,B,,5086,M,南宮崎  ,延岡    ,宮崎乗務セ    ,22,9,,,,2225,2240,2358,,729,M,,630
8837,B,,729,M,延岡    ,宮崎    ,宮崎乗務セ    ,22,10,,,,,630,807,,729,M,,815
8838,B,,729,M,宮崎    ,南宮崎  ,宮崎乗務セ    ,22,11,,,,,815,818,終,,,,
8839,B,,5072,M,南宮崎  ,延岡    ,宮崎乗務セ    ,23,1,,,,1124,1126,1242,,749,M,1330,1334
8840,B,,749,M,延岡    ,南宮崎  ,宮崎乗務セ    ,23,2,,,,1330,1334,1517,,752,M,,1635
8841,B,,752,M,南宮崎  ,高鍋    ,宮崎乗務セ    ,23,3,,,,,1635,1707,,755,M,,1723
8842,B,,755,M,高鍋    ,南宮崎  ,宮崎乗務セ    ,23,4,,,,,1723,1807,,760,M,,1833
8843,B,,760,M,南宮崎  ,高鍋    ,宮崎乗務セ    ,23,5,,,,,1833,1909,,763,M,,1922
8844,B,,763,M,高鍋    ,南宮崎  ,宮崎乗務セ    ,23,6,,,,,1922,2007,,767,M,2116,2122
8845,B,,767,M,南宮崎  ,宮崎空港,宮崎乗務セ    ,23,7,,,,2116,2122,2128,,768,M,,2155
8846,B,,768,M,宮崎空港,延岡    ,宮崎乗務セ    ,23,8,,,,,2155,2336,,725,M,,555
8847,B,,725,M,延岡    ,南宮崎  ,宮崎乗務セ    ,23,9,,,,,555,732,,730,M,,747
8848,B,,730,M,南宮崎  ,佐土原  ,宮崎乗務セ    ,23,10,,,,,747,815,,731,M,,821
8849,B,,731,M,佐土原  ,宮崎空港,宮崎乗務セ    ,23,11,,,,,821,852,,736,M,,915
8850,B,,736,M,宮崎空港,南宮崎  ,宮崎乗務セ    ,23,12,,,,,915,921,終,,,,
8851,B,,738,M,南宮崎  ,延岡    ,宮崎乗務セ    ,24,1,,,,953,1000,1148,,747,M,1230,1235
8852,B,,747,M,延岡    ,宮崎空港,宮崎乗務セ    ,24,2,,,,1230,1235,1427,,748,M,,1445
8853,B,,748,M,宮崎空港,南宮崎  ,宮崎乗務セ    ,24,3,,,,,1445,1452,,750,M,1551,1557
8854,B,,750,M,南宮崎  ,延岡    ,宮崎乗務セ    ,24,4,,,,1551,1557,1756,,5013,M,1919,1921
8855,B,,5013,M,延岡    ,宮崎空港,宮崎乗務セ    ,24,5,,,,1919,1921,2051,,5084,M,2125,2130
8856,B,,5084,M,宮崎空港,延岡    ,宮崎乗務セ    ,24,6,,,,2125,2130,2304,構,5073,M,,535
8857,B,構,5073,M,延岡    ,延岡    ,宮崎乗務セ    ,24,7,,,,,535,545,構,729,M,624,624
8858,B,構,729,M,延岡    ,延岡    ,宮崎乗務セ    ,24,8,,,,624,624,627,,735,M,731,736
8859,B,,735,M,延岡    ,南宮崎  ,宮崎乗務セ    ,24,9,,,,731,736,916,終,,,,
8860,B,改,1929,D,南宮崎  ,油津    ,宮崎乗務セ    ,25,1,,,,,1205,1323,,1933,D,,1401
8861,B,,1933,D,油津    ,志布志  ,宮崎乗務セ    ,25,2,,,,,1401,1514,,1940,D,,1645
8862,B,,1940,D,志布志  ,油津    ,宮崎乗務セ    ,25,3,,,,,1645,1804,,1945,D,,1824
8863,B,,1945,D,油津    ,志布志  ,宮崎乗務セ    ,25,4,,,,,1824,1937,,1950,D,2017,2022
8864,B,,1950,D,志布志  ,南宮崎  ,宮崎乗務セ    ,25,5,,,,2017,2022,2236,,1923,D,,522
8865,B,,1923,D,南宮崎  ,南郷    ,宮崎乗務セ    ,25,6,,,,,522,707,,1926,D,,720
8866,B,,1926,D,南郷    ,南宮崎  ,宮崎乗務セ    ,25,7,,,,,720,906,終,,,,
8867,B,構,5923,D,南宮崎  ,南宮崎  ,宮崎乗務セ    ,26,1,,,,,746,746,構,5923,D,803,803
8868,B,構,5923,D,南宮崎  ,南宮崎  ,宮崎乗務セ    ,26,2,,,,803,803,811,構,735,M,916,916
8869,B,構,735,M,南宮崎  ,南宮崎  ,宮崎乗務セ    ,26,3,,,,916,916,947,構回,6520,M,1028,1028
8870,B,構回,6520,M,南宮崎  ,南宮崎  ,宮崎乗務セ    ,26,4,,,,1028,1028,1028,構回,6520,M,1211,1211
8871,B,構回,6520,M,南宮崎  ,南宮崎  ,宮崎乗務セ    ,26,5,,,,1211,1211,1211,構回,6773,D,1347,1347
8872,B,構回,6773,D,南宮崎  ,南宮崎  ,宮崎乗務セ    ,26,6,,,,1347,1347,1356,終,,,,
8873,B,,1929,D,南宮崎  ,油津    ,宮崎乗務セ    ,27,1,,,,,1205,1323,,1934,D,,1450
8874,B,,1934,D,油津    ,南宮崎  ,宮崎乗務セ    ,27,2,,,,,1450,1609,回,6773,D,,1732
8875,B,回,6773,D,南宮崎  ,宮崎    ,宮崎乗務セ    ,27,3,,,,,1732,1736,,6773,D,,1750
8876,B,,6773,D,宮崎    ,西都城  ,宮崎乗務セ    ,27,4,,,,,1750,1907,回,6774,D,,1913
8877,B,回,6774,D,西都城  ,都城    ,宮崎乗務セ    ,27,5,,,,,1913,1917,,4931,D,2145,2150
8878,B,,4931,D,都城    ,吉松    ,宮崎乗務セ    ,27,6,,,,2145,2150,2315,,2920,D,651,653
8879,B,,2920,D,吉松    ,都城    ,宮崎乗務セ    ,27,7,,,,651,653,819,,6772,D,,830
8880,B,,6772,D,都城    ,南宮崎  ,宮崎乗務セ    ,27,8,,,,,830,938,終,,,,
8881,B,,1927,D,南宮崎  ,油津    ,宮崎乗務セ    ,28,1,,,,831,835,959,,1932,D,1054,1059
8882,B,,1932,D,油津    ,南宮崎  ,宮崎乗務セ    ,28,2,,,,1054,1059,1215,,5927,D,1300,1305
8883,B,,5927,D,南宮崎  ,青島    ,宮崎乗務セ    ,28,3,,,,1300,1305,1328,,5928,D,,1402
8884,B,,5928,D,青島    ,南宮崎  ,宮崎乗務セ    ,28,4,,,,,1402,1429,,1941,D,1609,1638
8885,B,,1941,D,南宮崎  ,油津    ,宮崎乗務セ    ,28,5,,,,1609,1638,1808,,1942,D,1835,1840
8886,B,,1942,D,油津    ,南宮崎  ,宮崎乗務セ    ,28,6,,,,1835,1840,2005,,1953,D,2134,2135
8887,B,,1953,D,南宮崎  ,油津    ,宮崎乗務セ    ,28,7,,,,2134,2135,2306,回,1922,D,,547
8888,B,回,1922,D,油津    ,南郷    ,宮崎乗務セ    ,28,8,,,,,547,559,,1922,D,,605
8889,B,,1922,D,南郷    ,南宮崎  ,宮崎乗務セ    ,28,9,,,,,605,746,終,,,,
8890,B,,5929,D,南宮崎  ,青島    ,宮崎乗務セ    ,29,1,,,,1700,1705,1730,,5930,D,,1808
8891,B,,5930,D,青島    ,南宮崎  ,宮崎乗務セ    ,29,2,,,,,1808,1832,,1951,D,1930,1934
8892,B,,1951,D,南宮崎  ,南郷    ,宮崎乗務セ    ,29,3,,,,1930,1934,2126,回,1951,D,,2132
8893,B,回,1951,D,南郷    ,油津    ,宮崎乗務セ    ,29,4,,,,,2132,2144,便,1921,D,,621
8894,B,便,1921,D,油津    ,志布志  ,宮崎乗務セ    ,29,5,,,,,621,733,,1928,D,733,739
8895,B,,1928,D,志布志  ,南宮崎  ,宮崎乗務セ    ,29,6,,,,733,739,1012,終,,,,
8896,B,便,6011,M,南宮崎  ,都城    ,宮崎乗務セ    ,31,1,,,,,1425,1506,,4925,D,,1612
8897,B,,4925,D,都城    ,吉松    ,宮崎乗務セ    ,31,2,,,,,1612,1739,,4928,D,,1850
8898,B,,4928,D,吉松    ,都城    ,宮崎乗務セ    ,31,3,,,,,1850,2019,,6774,D,,2027
8899,B,,6774,D,都城    ,南宮崎  ,宮崎乗務セ    ,31,4,,,,,2027,2132,回,6775,D,,2248
8900,B,回,6775,D,南宮崎  ,宮崎    ,宮崎乗務セ    ,31,5,,,,,2248,2253,,6775,D,,2300
8901,B,,6775,D,宮崎    ,南宮崎  ,宮崎乗務セ    ,31,6,,,,,2300,2304,便,6775,D,,2306
8902,B,便,6775,D,南宮崎  ,都城    ,宮崎乗務セ    ,31,7,,,,,2306,7,,2921,D,,539
8903,B,,2921,D,都城    ,吉松    ,宮崎乗務セ    ,31,8,,,,,539,722,,4922,D,810,823
8904,B,,4922,D,吉松    ,都城    ,宮崎乗務セ    ,31,9,,,,810,823,948,便,6006,M,,1008
8905,B,便,6006,M,都城    ,南宮崎  ,宮崎乗務セ    ,31,10,,,,,1008,1054,終,,,,
8906,B,回,6771,D,南宮崎  ,宮崎    ,宮崎乗務セ    ,32,1,,,,,1030,1034,,6771,D,,1050
8907,B,,6771,D,宮崎    ,都城    ,宮崎乗務セ    ,32,2,,,,,1050,1209,,2923,D,1308,1313
8908,B,,2923,D,都城    ,吉松    ,宮崎乗務セ    ,32,3,,,,1308,1313,1438,,4926,D,,1600
8909,B,,4926,D,吉松    ,都城    ,宮崎乗務セ    ,32,4,,,,,1600,1725,,4927,D,,1800
8910,B,,4927,D,都城    ,吉松    ,宮崎乗務セ    ,32,5,,,,,1800,1935,,4930,D,,1948
8911,B,,4930,D,吉松    ,都城    ,宮崎乗務セ    ,32,6,,,,,1948,2115,構回,6774,D,,2244
8912,B,構回,6774,D,都城    ,都城    ,宮崎乗務セ    ,32,7,,,,,2244,2250,構,4923,D,,615
8913,B,構,4923,D,都城    ,都城    ,宮崎乗務セ    ,32,8,,,,,615,626,回,6770,D,653,712
8914,B,回,6770,D,都城    ,西都城  ,宮崎乗務セ    ,32,9,,,,653,712,715,,6770,D,,722
8915,B,,6770,D,西都城  ,南宮崎  ,宮崎乗務セ    ,32,10,,,,,722,839,終,,,,
8916,B,,1937,D,南宮崎  ,南郷    ,宮崎乗務セ    ,33,1,,,,,1538,1714,,1938,D,,1735
8917,B,,1938,D,南郷    ,南宮崎  ,宮崎乗務セ    ,33,2,,,,,1735,1905,回,5931,D,,2008
8918,B,回,5931,D,南宮崎  ,宮崎    ,宮崎乗務セ    ,33,3,,,,,2008,2012,,5931,D,,2030
8919,B,,5931,D,宮崎    ,青島    ,宮崎乗務セ    ,33,4,,,,,2030,2106,回,5980,D,,2120
8920,B,回,5980,D,青島    ,宮崎    ,宮崎乗務セ    ,33,5,,,,,2120,2150,,5933,D,2225,2230
8921,B,,5933,D,宮崎    ,南宮崎  ,宮崎乗務セ    ,33,6,,,,2225,2230,2234,回,5981,D,,514
8922,B,回,5981,D,南宮崎  ,青島    ,宮崎乗務セ    ,33,7,,,,,514,531,,5920,D,,548
8923,B,,5920,D,青島    ,南宮崎  ,宮崎乗務セ    ,33,8,,,,,548,612,,1925,D,,618
8924,B,,1925,D,南宮崎  ,志布志  ,宮崎乗務セ    ,33,9,,,,,618,849,便,1930,D,,925
8925,B,便,1930,D,志布志  ,油津    ,宮崎乗務セ    ,33,10,,,,,925,1036,改,1932,D,,1059
8926,B,改,1932,D,油津    ,南宮崎  ,宮崎乗務セ    ,33,11,,,,,1059,1215,終,,,,
8927,B,構回,1924,D,南宮崎  ,南宮崎  ,宮崎乗務セ    ,34,1,,,,1157,1157,1208,回,1931,D,,1318
8928,B,回,1931,D,南宮崎  ,宮崎    ,宮崎乗務セ    ,34,2,,,,,1318,1322,,1931,D,,1330
8929,B,,1931,D,宮崎    ,南郷    ,宮崎乗務セ    ,34,3,,,,,1330,1523,回,1939,D,,1530
8930,B,回,1939,D,南郷    ,油津    ,宮崎乗務セ    ,34,4,,,,,1530,1541,,1939,D,1613,1618
8931,B,,1939,D,油津    ,志布志  ,宮崎乗務セ    ,34,5,,,,1613,1618,1730,,1944,D,1755,1800
8932,B,,1944,D,志布志  ,油津    ,宮崎乗務セ    ,34,6,,,,1755,1800,1913,,1949,D,,2024
8933,B,,1949,D,油津    ,志布志  ,宮崎乗務セ    ,34,7,,,,,2024,2154,,1924,D,,557
8934,B,,1924,D,志布志  ,宮崎    ,宮崎乗務セ    ,34,8,,,,,557,838,回,1924,D,,855
8935,B,回,1924,D,宮崎    ,南宮崎  ,宮崎乗務セ    ,34,9,,,,,855,858,構回,6771,D,942,942
8936,B,構回,6771,D,南宮崎  ,南宮崎  ,宮崎乗務セ    ,34,10,,,,942,942,948,終,,,,
8937,B,構,5929,D,南宮崎  ,南宮崎  ,宮崎乗務セ    ,35,1,,,,,1700,1700,,1936,D,1807,1809
8938,B,,1936,D,南宮崎  ,宮崎    ,宮崎乗務セ    ,35,2,,,,1807,1809,1813,,1947,D,,1829
8939,B,,1947,D,宮崎    ,南郷    ,宮崎乗務セ    ,35,3,,,,,1829,2012,,1948,D,,2032
8940,B,,1948,D,南郷    ,南宮崎  ,宮崎乗務セ    ,35,4,,,,,2032,2206,,6775,D,2304,2306
8941,B,,6775,D,南宮崎  ,都城    ,宮崎乗務セ    ,35,5,,,,2304,2306,7,,4921,D,,635
8942,B,,4921,D,都城    ,吉松    ,宮崎乗務セ    ,35,6,,,,,635,810,便,4922,D,,823
8943,B,便,4922,D,吉松    ,都城    ,宮崎乗務セ    ,35,7,,,,,823,948,構,2923,D,,1109
8944,B,構,2923,D,都城    ,都城    ,宮崎乗務セ    ,35,8,,,,,1109,1109,便,6008,M,,1124
8945,B,便,6008,M,都城    ,南宮崎  ,宮崎乗務セ    ,35,9,,,,,1124,1207,終,,,,
8946,B,,5923,D,南宮崎  ,青島    ,宮崎乗務セ    ,36,1,,,,,938,1008,,5924,D,,1022
8947,B,,5924,D,青島    ,南宮崎  ,宮崎乗務セ    ,36,2,,,,,1022,1046,,5925,D,,1058
8948,B,,5925,D,南宮崎  ,青島    ,宮崎乗務セ    ,36,3,,,,,1058,1122,,5926,D,,1234
8949,B,,5926,D,青島    ,南宮崎  ,宮崎乗務セ    ,36,4,,,,,1234,1300,回,1935,D,,1407
8950,B,回,1935,D,南宮崎  ,宮崎    ,宮崎乗務セ    ,36,5,,,,,1407,1412,,1935,D,,1430
8951,B,,1935,D,宮崎    ,油津    ,宮崎乗務セ    ,36,6,,,,,1430,1609,,1936,D,1635,1640
8952,B,,1936,D,油津    ,南宮崎  ,宮崎乗務セ    ,36,7,,,,1635,1640,1807,,1938,D,1905,1908
8953,B,,1938,D,南宮崎  ,宮崎    ,宮崎乗務セ    ,36,8,,,,1905,1908,1912,,1951,D,,1926
8954,B,,1951,D,宮崎    ,南宮崎  ,宮崎乗務セ    ,36,9,,,,,1926,1930,便,1951,D,,1934
8955,B,便,1951,D,南宮崎  ,油津    ,宮崎乗務セ    ,36,10,,,,,1934,2105,回,1920,D,,458
8956,B,回,1920,D,油津    ,南郷    ,宮崎乗務セ    ,36,11,,,,,458,509,,1920,D,,515
8957,B,,1920,D,南郷    ,宮崎    ,宮崎乗務セ    ,36,12,,,,,515,704,,5921,D,,716
8958,B,,5921,D,宮崎    ,青島    ,宮崎乗務セ    ,36,13,,,,,716,745,,5922,D,,753
8959,B,,5922,D,青島    ,南宮崎  ,宮崎乗務セ    ,36,14,,,,,753,818,終,,,,
8960,B,,1943,D,南宮崎  ,油津    ,宮崎乗務セ    ,37,1,,,,,1735,1900,,1946,D,,1940
8961,B,,1946,D,油津    ,宮崎    ,宮崎乗務セ    ,37,2,,,,,1940,2121,,1953,D,,2130
8962,B,,1953,D,宮崎    ,南宮崎  ,宮崎乗務セ    ,37,3,,,,,2130,2134,,5933,D,2234,2238
8963,B,,5933,D,南宮崎  ,青島    ,宮崎乗務セ    ,37,4,,,,2234,2238,2301,回,5982,D,,2307
8964,B,回,5982,D,青島    ,南宮崎  ,宮崎乗務セ    ,37,5,,,,,2307,2326,回,1921,D,,506
8965,B,回,1921,D,南宮崎  ,飫肥    ,宮崎乗務セ    ,37,6,,,,,506,559,,1921,D,,611
8966,B,,1921,D,飫肥    ,志布志  ,宮崎乗務セ    ,37,7,,,,,611,733,,1930,D,849,925
8967,B,,1930,D,志布志  ,油津    ,宮崎乗務セ    ,37,8,,,,849,925,1036,便,1932,D,,1059
8968,B,便,1932,D,油津    ,南宮崎  ,宮崎乗務セ    ,37,9,,,,,1059,1215,構,1932,D,1215,1215
8969,B,構,1932,D,南宮崎  ,南宮崎  ,宮崎乗務セ    ,37,10,,,,1215,1215,1232,終,,,,
10269,B,便,53,M,小倉    ,博多    ,小倉運転区    ,201,1,,,,,741,844,便,135,M,,857
10270,B,便,135,M,博多    ,南福岡  ,小倉運転区    ,201,2,,,,,857,907,試,7162,M,,957
10271,B,試,7162,M,南福岡  ,小倉    ,小倉運転区    ,201,3,,,,,957,1237,試,7563,M,,1257
10272,B,試,7563,M,小倉    ,西小倉日,小倉運転区    ,201,4,,,,,1257,1259,便,2548,M,,1415
10273,B,移動,,,西小倉日,南小倉  ,小倉運転区    ,201,5,,,,,,,便,2548,M,,1415
10274,B,便,2548,M,南小倉  ,小倉    ,小倉運転区    ,201,6,,,,,1415,1421,終,,,,
10275,B,便,943,D,小倉    ,南小倉  ,小倉運転区    ,202,1,,,,,1046,1053,試,7165,M,,1253
10276,B,移動,,,南小倉  ,西小倉日,小倉運転区    ,202,2,,,,,,,試,7165,M,,1253
10277,B,試,7165,M,西小倉日,南福岡  ,小倉運転区    ,202,3,,,,,1253,1430,便,4140,M,,1502
10278,B,便,4140,M,南福岡  ,博多    ,小倉運転区    ,202,4,,,,,1502,1509,便,3035,M,,1520
10279,B,便,3035,M,博多    ,小倉    ,小倉運転区    ,202,5,,,,,1520,1607,終,,,,
10280,B,便,547,M,小倉    ,南小倉  ,小倉運転区    ,203,1,,,,,1236,1241,試,7171,M,,1353
10281,B,移動,,,南小倉  ,西小倉日,小倉運転区    ,203,2,,,,,,,試,7171,M,,1353
10282,B,試,7171,M,西小倉日,南福岡  ,小倉運転区    ,203,3,,,,,1353,1530,便,2162,M,,1613
10283,B,便,2162,M,南福岡  ,博多    ,小倉運転区    ,203,4,,,,,1613,1622,便,3041,M,,1700
10284,B,便,3041,M,博多    ,小倉    ,小倉運転区    ,203,5,,,,,1700,1741,終,,,,
10285,B,便,53,M,小倉    ,博多    ,小倉運転区    ,204,1,,,,,741,844,便,135,M,,857
10286,B,便,135,M,博多    ,南福岡  ,小倉運転区    ,204,2,,,,,857,907,試,7162,M,,957
10287,B,試,7162,M,南福岡  ,小倉    ,小倉運転区    ,204,3,,,,,957,1237,終,,,,
10288,B,便,549,M,小倉    ,西小倉日,小倉運転区    ,205,1,,,,,1315,1317,試,7171,M,1328,1353
10289,B,試,7171,M,西小倉日,南福岡  ,小倉運転区    ,205,2,,,,1328,1353,1530,便,2162,M,,1613
10290,B,便,2162,M,南福岡  ,博多    ,小倉運転区    ,205,3,,,,,1613,1622,便,3041,M,,1700
10291,B,便,3041,M,博多    ,小倉    ,小倉運転区    ,205,4,,,,,1700,1741,終,,,,
10292,B,,8071,M,小倉    ,大分    ,小倉運転区    ,271,1,,,,1127,1151,1321,回,8671,M,,1330
10293,B,回,8671,M,大分    ,下郡信  ,小倉運転区    ,271,2,,,,,1330,1334,便回,630,M,,1406
10294,B,便回,630,M,下郡信  ,大分    ,小倉運転区    ,271,3,,,,,1406,1410,便,3038,M,,1444
10295,B,便,3038,M,大分    ,小倉    ,小倉運転区    ,271,4,,,,,1444,1603,終,,,,
10296,B,便,3009,M,小倉    ,大分    ,小倉運転区    ,272,1,,,,,946,1105,便回,1624,M,,1140
10297,B,便回,1624,M,大分    ,下郡信  ,小倉運転区    ,272,2,,,,,1140,1144,回,8672,M,,1313
10298,B,回,8672,M,下郡信  ,大分    ,小倉運転区    ,272,3,,,,,1313,1317,,8072,M,,1348
10299,B,,8072,M,大分    ,小倉    ,小倉運転区    ,272,4,,,,,1348,1524,回,8072,M,,1529
10300,B,回,8072,M,小倉    ,門司港  ,小倉運転区    ,272,5,,,,,1529,1541,回,8073,M,,1612
10301,B,回,8073,M,門司港  ,小倉    ,小倉運転区    ,272,6,,,,,1612,1626,終,,,,
10302,B,,8071,M,小倉    ,大分    ,小倉運転区    ,273,1,,,,1127,1151,1321,便,8072,M,,1348
10303,B,便,8072,M,大分    ,小倉    ,小倉運転区    ,273,2,,,,,1348,1524,終,,,,
10304,B,便,3017,M,小倉    ,大分    ,小倉運転区    ,274,1,,,,,1142,1301,,8072,M,1321,1348
10305,B,,8072,M,大分    ,小倉    ,小倉運転区    ,274,2,,,,1321,1348,1524,回,8072,M,,1529
10306,B,回,8072,M,小倉    ,門司港  ,小倉運転区    ,274,3,,,,,1529,1541,回,8073,M,,1612
10307,B,回,8073,M,門司港  ,小倉    ,小倉運転区    ,274,4,,,,,1612,1626,終,,,,
10308,B,便,145,M,小倉    ,西小倉鹿,小倉運転区    ,275,1,,,,,2101,2102,回,8181,M,2125,2209
10309,B,移動,,,西小倉鹿,西小倉日,小倉運転区    ,275,2,,,,,,,回,8181,M,2125,2209
10310,B,回,8181,M,西小倉日,博多    ,小倉運転区    ,275,3,,,,2125,2209,2318,,8081,M,,2325
10311,B,,8081,M,博多    ,小倉    ,小倉運転区    ,275,4,,,,,2325,17,終,,,,
10312,B,,8110,M,小倉    ,門司港  ,小倉運転区    ,281,1,,,,1324,1326,1338,,8107,M,,1505
10313,B,,8107,M,門司港  ,博多    ,小倉運転区    ,281,2,,,,,1505,1641,回,8107,M,,1650
10314,B,回,8107,M,博多    ,南福岡  ,小倉運転区    ,281,3,,,,,1650,1659,便,2356,M,,1750
10315,B,便,2356,M,南福岡  ,博多    ,小倉運転区    ,281,4,,,,,1750,1759,便,3047,M,,1820
10316,B,便,3047,M,博多    ,小倉    ,小倉運転区    ,281,5,,,,,1820,1910,終,,,,
10317,B,,8091,H,博多    ,武雄温泉,博多運転区    ,25,1,,,,905,910,1022,,8092,H,,1040
10318,B,,8092,H,武雄温泉,博多    ,博多運転区    ,25,2,,,,,1040,1142,,8035,H,1613,1619
10319,B,,8035,H,早岐    ,テンボス,博多運転区    ,29,6,,,,1613,1619,1625,,8048,H,,1658
10320,B,,8048,H,テンボス,早岐    ,博多運転区    ,29,7,,,,,1658,1706,,8039,H,1717,1721
10321,B,,8039,H,早岐    ,テンボス,博多運転区    ,29,8,,,,1717,1721,1727,,8052,H,,1804
10322,B,,8052,H,テンボス,早岐    ,博多運転区    ,29,9,,,,,1804,1812,終,,,,
10323,B,便,4125,M,博多    ,鳥栖    ,博多運転区    ,211,1,,,,,1056,1134,単,7368,,1203,1205
10324,B,単,7368,,鳥栖    ,竹下小  ,博多運転区    ,211,2,,,,1203,1205,1244,便,2150,M,,1317
10325,B,移動,,,竹下小  ,竹下    ,博多運転区    ,211,3,,,,,,,便,2150,M,,1317
10326,B,便,2150,M,竹下    ,博多    ,博多運転区    ,211,4,,,,,1317,1320,終,,,,
10327,B,便,2347,M,博多    ,竹下    ,博多運転区    ,212,1,,,,,1854,1858,単,7379,,,1951
10328,B,移動,,,竹下    ,竹下小  ,博多運転区    ,212,2,,,,,,,単,7379,,,1951
10329,B,単,7379,,竹下小  ,鳥栖    ,博多運転区    ,212,3,,,,,1951,2030,便,2058,H,,2056
10330,B,便,2058,H,鳥栖    ,博多    ,博多運転区    ,212,4,,,,,2056,2115,終,,,,
10331,B,便,3011,M,博多    ,小倉    ,博多運転区    ,213,1,,,,,921,1010,便,2824,M,,1021
10332,B,便,2824,M,小倉    ,門司    ,博多運転区    ,213,2,,,,,1021,1027,試,7151,,,1147
10333,B,移動,,,門司    ,北九州タ,博多運転区    ,213,3,,,,,,,試,7151,,,1147
10334,B,試,7151,,北九州タ,竹下小  ,博多運転区    ,213,4,,,,,1147,1326,便,2348,M,,1356
10335,B,移動,,,竹下小  ,竹下    ,博多運転区    ,213,5,,,,,,,便,2348,M,,1356
10336,B,便,2348,M,竹下    ,博多    ,博多運転区    ,213,6,,,,,1356,1400,終,,,,
10337,B,便,3011,M,博多    ,小倉    ,博多運転区    ,214,1,,,,,921,1010,便,2824,M,,1021
10338,B,便,2824,M,小倉    ,門司    ,博多運転区    ,214,2,,,,,1021,1027,単,7151,,,1147
10339,B,移動,,,門司    ,北九州タ,博多運転区    ,214,3,,,,,,,単,7151,,,1147
10340,B,単,7151,,北九州タ,竹下小  ,博多運転区    ,214,4,,,,,1147,1326,便,2348,M,,1356
10341,B,移動,,,竹下小  ,竹下    ,博多運転区    ,214,5,,,,,,,便,2348,M,,1356
10342,B,便,2348,M,竹下    ,博多    ,博多運転区    ,214,6,,,,,1356,1400,終,,,,
10343,B,便,2139,M,博多    ,竹下    ,博多運転区    ,215,1,,,,,1106,1109,試,7152,,,1228
10344,B,試,7152,,竹下    ,門司港  ,博多運転区    ,215,2,,,,,1228,1421,回,7533,,,1520
10345,B,回,7533,,門司港  ,西小倉日,博多運転区    ,215,3,,,,,1520,1541,単,7558,,,1739
10346,B,単,7558,,西小倉日,北九州タ,博多運転区    ,215,4,,,,,1739,1750,便,4231,M,,1849
10347,B,移動,,,北九州タ,門司    ,博多運転区    ,215,5,,,,,,,便,4231,M,,1849
10348,B,便,4231,M,門司    ,小倉    ,博多運転区    ,215,6,,,,,1849,1855,便,3050,M,,1905
10349,B,便,3050,M,小倉    ,博多    ,博多運転区    ,215,7,,,,,1905,1950,終,,,,
10350,B,便,2139,M,博多    ,竹下    ,博多運転区    ,216,1,,,,,1106,1109,単,7152,,,1228
10351,B,単,7152,,竹下    ,北九州タ,博多運転区    ,216,2,,,,,1228,1402,便,2225,M,,1520
10352,B,移動,,,北九州タ,門司    ,博多運転区    ,216,3,,,,,,,便,2225,M,,1520
10353,B,便,2225,M,門司    ,小倉    ,博多運転区    ,216,4,,,,,1520,1526,便,3036,M,,1540
10354,B,便,3036,M,小倉    ,博多    ,博多運転区    ,216,5,,,,,1540,1628,終,,,,
10355,B,便,2145,M,博多    ,竹下    ,博多運転区    ,217,1,,,,,1243,1247,試,7893,,1331,1351
10356,B,移動,,,竹下    ,竹下小  ,博多運転区    ,217,2,,,,,,,試,7893,,1331,1351
10357,B,試,7893,,竹下小  ,佐賀    ,博多運転区    ,217,3,,,,1331,1351,1543,試,7894,,2110,2111
10358,B,試,7894,,佐賀    ,竹下小  ,博多運転区    ,217,4,,,,2110,2111,2322,便,2186,M,,17
10359,B,移動,,,竹下小  ,竹下    ,博多運転区    ,217,5,,,,,,,便,2186,M,,17
10360,B,便,2186,M,竹下    ,博多    ,博多運転区    ,217,6,,,,,17,22,終,,,,
10361,B,便,2145,M,博多    ,竹下    ,博多運転区    ,218,1,,,,,1243,1247,試,7893,,,1351
10362,B,移動,,,竹下    ,竹下小  ,博多運転区    ,218,2,,,,,,,試,7893,,,1351
10363,B,試,7893,,竹下小  ,佐賀    ,博多運転区    ,218,3,,,,,1351,1543,試,7894,,2110,2111
10364,B,試,7894,,佐賀    ,竹下小  ,博多運転区    ,218,4,,,,2110,2111,2322,便,2186,M,,17
10365,B,移動,,,竹下小  ,竹下    ,博多運転区    ,218,5,,,,,,,便,2186,M,,17
10366,B,便,2186,M,竹下    ,博多    ,博多運転区    ,218,6,,,,,17,22,終,,,,
10367,B,便,2145,M,博多    ,竹下    ,博多運転区    ,219,1,,,,,1243,1247,試,7893,,,1351
10368,B,移動,,,竹下    ,竹下小  ,博多運転区    ,219,2,,,,,,,試,7893,,,1351
10369,B,試,7893,,竹下小  ,佐賀    ,博多運転区    ,219,3,,,,,1351,1543,試,7894,,2110,2111
10370,B,試,7894,,佐賀    ,竹下小  ,博多運転区    ,219,4,,,,2110,2111,2322,便,2186,M,,17
10371,B,移動,,,竹下小  ,竹下    ,博多運転区    ,219,5,,,,,,,便,2186,M,,17
10372,B,便,2186,M,竹下    ,博多    ,博多運転区    ,219,6,,,,,17,22,終,,,,
10373,B,便,2145,M,博多    ,竹下    ,博多運転区    ,220,1,,,,,1243,1247,試,7893,,,1351
10374,B,移動,,,竹下    ,竹下小  ,博多運転区    ,220,2,,,,,,,試,7893,,,1351
10375,B,試,7893,,竹下小  ,佐賀    ,博多運転区    ,220,3,,,,,1351,1543,試,7894,,2110,2111
10376,B,試,7894,,佐賀    ,竹下小  ,博多運転区    ,220,4,,,,2110,2111,2322,便,2186,M,,17
10377,B,移動,,,竹下小  ,竹下    ,博多運転区    ,220,5,,,,,,,便,2186,M,,17
10378,B,便,2186,M,竹下    ,博多    ,博多運転区    ,220,6,,,,,17,22,終,,,,
10379,B,便,2017,H,博多    ,佐賀    ,博多運転区    ,231,1,,,,,1003,1040,試,7920,D,1104,1105
10380,B,試,7920,D,佐賀    ,鳥栖    ,博多運転区    ,231,2,,,,1104,1105,1142,試,7122,D,,1144
10381,B,試,7122,D,鳥栖    ,竹下小  ,博多運転区    ,231,3,,,,,1144,1244,便,2150,M,,1317
10382,B,移動,,,竹下小  ,竹下    ,博多運転区    ,231,4,,,,,,,便,2150,M,,1317
10383,B,便,2150,M,竹下    ,博多    ,博多運転区    ,231,5,,,,,1317,1320,終,,,,
10384,B,便,2017,H,博多    ,佐賀    ,博多運転区    ,232,1,,,,,1003,1040,試,7852,D,1104,1105
10385,B,試,7852,D,佐賀    ,竹下小  ,博多運転区    ,232,2,,,,1104,1105,1244,便,2150,M,,1317
10386,B,移動,,,竹下小  ,竹下    ,博多運転区    ,232,3,,,,,,,便,2150,M,,1317
10387,B,便,2150,M,竹下    ,博多    ,博多運転区    ,232,4,,,,,1317,1320,終,,,,
10388,B,便,3011,M,博多    ,小倉    ,博多運転区    ,233,1,,,,,921,1010,便,539,M,,1036
10389,B,便,539,M,小倉    ,南小倉  ,博多運転区    ,233,2,,,,,1036,1042,試,7169,D,,1253
10390,B,移動,,,南小倉  ,西小倉日,博多運転区    ,233,3,,,,,,,試,7169,D,,1253
10391,B,試,7169,D,西小倉日,竹下小  ,博多運転区    ,233,4,,,,,1253,1426,便,2350,M,,1456
10392,B,移動,,,竹下小  ,竹下    ,博多運転区    ,233,5,,,,,,,便,2350,M,,1456
10393,B,便,2350,M,竹下    ,博多    ,博多運転区    ,233,6,,,,,1456,1500,終,,,,
10394,B,便,3019,M,博多    ,小倉    ,博多運転区    ,234,1,,,,,1120,1207,便,545,M,,1215
10395,B,便,545,M,小倉    ,南小倉  ,博多運転区    ,234,2,,,,,1215,1221,試,7173,D,,1353
10396,B,移動,,,南小倉  ,西小倉日,博多運転区    ,234,3,,,,,,,試,7173,D,,1353
10397,B,試,7173,D,西小倉日,竹下小  ,博多運転区    ,234,4,,,,,1353,1525,便,2352,M,,1556
10398,B,移動,,,竹下小  ,竹下    ,博多運転区    ,234,5,,,,,,,便,2352,M,,1556
10399,B,便,2352,M,竹下    ,博多    ,博多運転区    ,234,6,,,,,1556,1600,終,,,,
10400,B,便,2135,M,博多    ,竹下    ,博多運転区    ,235,1,,,,,913,916,試,7164,D,,1007
10401,B,移動,,,竹下    ,竹下小  ,博多運転区    ,235,2,,,,,,,試,7164,D,,1007
10402,B,試,7164,D,竹下小  ,小倉    ,博多運転区    ,235,3,,,,,1007,1237,試,7565,D,,1257
10403,B,試,7565,D,小倉    ,西小倉日,博多運転区    ,235,4,,,,,1257,1259,便,2548,M,,1415
10404,B,移動,,,西小倉日,南小倉  ,博多運転区    ,235,5,,,,,,,便,2548,M,,1415
10405,B,便,2548,M,南小倉  ,小倉    ,博多運転区    ,235,6,,,,,1415,1421,便,3032,M,,1440
10406,B,便,3032,M,小倉    ,博多    ,博多運転区    ,235,7,,,,,1440,1528,終,,,,
10407,B,便,4125,M,博多    ,鳥栖    ,博多運転区    ,236,1,,,,,1056,1134,試,7368,D,1203,1205
10408,B,試,7368,D,鳥栖    ,竹下小  ,博多運転区    ,236,2,,,,1203,1205,1244,便,2150,M,,1317
10409,B,移動,,,竹下小  ,竹下    ,博多運転区    ,236,3,,,,,,,便,2150,M,,1317
10410,B,便,2150,M,竹下    ,博多    ,博多運転区    ,236,4,,,,,1317,1320,終,,,,
10411,B,便,2347,M,博多    ,竹下    ,博多運転区    ,237,1,,,,,1854,1858,試,7379,D,,1951
10412,B,移動,,,竹下    ,竹下小  ,博多運転区    ,237,2,,,,,,,試,7379,D,,1951
10413,B,試,7379,D,竹下小  ,鳥栖    ,博多運転区    ,237,3,,,,,1951,2030,便,2058,H,,2056
10414,B,便,2058,H,鳥栖    ,博多    ,博多運転区    ,237,4,,,,,2056,2115,終,,,,
10415,B,便,2347,M,博多    ,竹下    ,博多運転区    ,238,1,,,,,1854,1858,試,7131,D,,1951
10416,B,移動,,,竹下    ,竹下小  ,博多運転区    ,238,2,,,,,,,試,7131,D,,1951
10417,B,試,7131,D,竹下小  ,鳥栖    ,博多運転区    ,238,3,,,,,1951,2030,試,7935,D,,2034
10418,B,試,7935,D,鳥栖    ,佐賀    ,博多運転区    ,238,4,,,,,2034,2106,便,4060,H,,2118
10419,B,便,4060,H,佐賀    ,博多    ,博多運転区    ,238,5,,,,,2118,2156,終,,,,
10420,B,便,2347,M,博多    ,竹下    ,博多運転区    ,239,1,,,,,1854,1858,試,7131,D,,1951
10421,B,移動,,,竹下    ,竹下小  ,博多運転区    ,239,2,,,,,,,試,7131,D,,1951
10422,B,試,7131,D,竹下小  ,鳥栖    ,博多運転区    ,239,3,,,,,1951,2030,試,7937,D,,2034
10423,B,試,7937,D,鳥栖    ,佐賀    ,博多運転区    ,239,4,,,,,2034,2106,便,4060,H,,2118
10424,B,便,4060,H,佐賀    ,博多    ,博多運転区    ,239,5,,,,,2118,2156,終,,,,
10425,B,便,2347,M,博多    ,竹下    ,博多運転区    ,240,1,,,,,1854,1858,試,7855,D,,1951
10426,B,移動,,,竹下    ,竹下小  ,博多運転区    ,240,2,,,,,,,試,7855,D,,1951
10427,B,試,7855,D,竹下小  ,佐賀    ,博多運転区    ,240,3,,,,,1951,2150,便,2064,H,,2210
10428,B,便,2064,H,佐賀    ,博多    ,博多運転区    ,240,4,,,,,2210,2247,終,,,,
10429,B,便,2059,H,博多    ,佐賀    ,博多運転区    ,241,1,,,,,2000,2040,試,7894,D,2110,2111
10430,B,試,7894,D,佐賀    ,竹下小  ,博多運転区    ,241,2,,,,2110,2111,2322,便,2186,M,,17
10431,B,移動,,,竹下小  ,竹下    ,博多運転区    ,241,3,,,,,,,便,2186,M,,17
10432,B,便,2186,M,竹下    ,博多    ,博多運転区    ,241,4,,,,,17,22,終,,,,
10433,B,便,2135,M,博多    ,竹下    ,博多運転区    ,242,1,,,,,913,916,試,7164,D,,1007
10434,B,移動,,,竹下    ,竹下小  ,博多運転区    ,242,2,,,,,,,試,7164,D,,1007
10435,B,試,7164,D,竹下小  ,小倉    ,博多運転区    ,242,3,,,,,1007,1237,便,3028,M,,1340
10436,B,便,3028,M,小倉    ,博多    ,博多運転区    ,242,4,,,,,1340,1428,終,,,,
10437,B,便,3023,M,博多    ,小倉    ,博多運転区    ,243,1,,,,,1220,1307,便,549,M,,1315
10438,B,便,549,M,小倉    ,西小倉日,博多運転区    ,243,2,,,,,1315,1317,試,7173,D,1328,1353
10439,B,試,7173,D,西小倉日,竹下小  ,博多運転区    ,243,3,,,,1328,1353,1525,便,2352,M,,1556
10440,B,移動,,,竹下小  ,竹下    ,博多運転区    ,243,4,,,,,,,便,2352,M,,1556
10441,B,便,2352,M,竹下    ,博多    ,博多運転区    ,243,5,,,,,1556,1600,終,,,,
10442,B,便,2017,H,博多    ,佐賀    ,博多運転区    ,244,1,,,,,1003,1040,試,7920,D,1104,1105
10443,B,試,7920,D,佐賀    ,鳥栖    ,博多運転区    ,244,2,,,,1104,1105,1142,試,7142,D,,1144
10444,B,試,7142,D,鳥栖    ,小倉    ,博多運転区    ,244,3,,,,,1144,1421,試,7543,D,,1426
10445,B,試,7543,D,小倉    ,西小倉日,博多運転区    ,244,4,,,,,1426,1429,便,552,M,,1540
10446,B,移動,,,西小倉日,南小倉  ,博多運転区    ,244,5,,,,,,,便,552,M,,1540
10447,B,便,552,M,南小倉  ,小倉    ,博多運転区    ,244,6,,,,,1540,1547,便,3038,M,,1605
10448,B,便,3038,M,小倉    ,博多    ,博多運転区    ,244,7,,,,,1605,1651,終,,,,
10449,B,便,4023,M,博多    ,鳥栖    ,博多運転区    ,251,1,,,,,1137,1158,回,8010,D,1222,1227
10450,B,回,8010,D,鳥栖    ,竹下小  ,博多運転区    ,251,2,,,,1222,1227,1310,便,2348,M,,1356
10451,B,移動,,,竹下小  ,竹下    ,博多運転区    ,251,3,,,,,,,便,2348,M,,1356
10452,B,便,2348,M,竹下    ,博多    ,博多運転区    ,251,4,,,,,1356,1400,終,,,,
10453,B,便,2133,M,博多    ,竹下    ,博多運転区    ,252,1,,,,,849,852,回,8012,D,,937
10454,B,移動,,,竹下    ,竹下小  ,博多運転区    ,252,2,,,,,,,回,8012,D,,937
10455,B,回,8012,D,竹下小  ,吉塚　鹿,博多運転区    ,252,3,,,,,937,955,回,8013,D,,1040
10456,B,回,8013,D,吉塚　鹿,博多    ,博多運転区    ,252,4,,,,,1040,1043,,8013,D,,1058
10457,B,,8013,D,博多    ,日田    ,博多運転区    ,252,5,,,,,1058,1258,,8014,D,1556,1603
10458,B,,8014,D,日田    ,博多    ,博多運転区    ,252,6,,,,1556,1603,1803,回,8014,D,,1813
10459,B,回,8014,D,博多    ,吉塚　鹿,博多運転区    ,252,7,,,,,1813,1817,回,8015,D,,1913
10460,B,回,8015,D,吉塚　鹿,竹下小  ,博多運転区    ,252,8,,,,,1913,1924,便,2360,M,,1955
10461,B,移動,,,竹下小  ,竹下    ,博多運転区    ,252,9,,,,,,,便,2360,M,,1955
10462,B,便,2360,M,竹下    ,博多    ,博多運転区    ,252,10,,,,,1955,1959,終,,,,
10463,B,便,2133,M,博多    ,竹下    ,博多運転区    ,253,1,,,,,849,852,回,8012,D,,937
10464,B,移動,,,竹下    ,竹下小  ,博多運転区    ,253,2,,,,,,,回,8012,D,,937
10465,B,回,8012,D,竹下小  ,吉塚　鹿,博多運転区    ,253,3,,,,,937,955,回,8013,D,,1040
10466,B,回,8013,D,吉塚　鹿,博多    ,博多運転区    ,253,4,,,,,1040,1043,,8013,D,,1058
10467,B,,8013,D,博多    ,日田    ,博多運転区    ,253,5,,,,,1058,1258,,8014,D,1556,1603
10468,B,,8014,D,日田    ,博多    ,博多運転区    ,253,6,,,,1556,1603,1803,回,8014,D,,1813
10469,B,回,8014,D,博多    ,吉塚　鹿,博多運転区    ,253,7,,,,,1813,1817,回,8017,D,,1913
10470,B,回,8017,D,吉塚　鹿,鳥栖    ,博多運転区    ,253,8,,,,,1913,2017,便,4056,H,,2034
10471,B,便,4056,H,鳥栖    ,博多    ,博多運転区    ,253,9,,,,,2034,2055,終,,,,
10472,B,便,2331,M,博多    ,竹下    ,博多運転区    ,254,1,,,,,1036,1040,回,8040,D,,1132
10473,B,移動,,,竹下    ,竹下小  ,博多運転区    ,254,2,,,,,,,回,8040,D,,1132
10474,B,回,8040,D,竹下小  ,箱崎    ,博多運転区    ,254,3,,,,,1132,1153,回,8041,D,,1207
10475,B,回,8041,D,箱崎    ,博多    ,博多運転区    ,254,4,,,,,1207,1212,,8041,D,,1219
10476,B,,8041,D,博多    ,日田    ,博多運転区    ,254,5,,,,,1219,1405,便,84,D,,1510
10477,B,便,84,D,日田    ,博多    ,博多運転区    ,254,6,,,,,1510,1631,終,,,,
10478,B,便,8003,D,博多    ,日田    ,博多運転区    ,255,1,,,,,1011,1131,,8042,D,1338,1340
10479,B,,8042,D,日田    ,博多    ,博多運転区    ,255,2,,,,1338,1340,1547,回,8042,D,,1554
10480,B,回,8042,D,博多    ,竹下小  ,博多運転区    ,255,3,,,,,1554,1558,便,2164,M,,1643
10481,B,移動,,,竹下小  ,竹下    ,博多運転区    ,255,4,,,,,,,便,2164,M,,1643
10482,B,便,2164,M,竹下    ,博多    ,博多運転区    ,255,5,,,,,1643,1646,終,,,,
10483,B,便,2133,M,博多    ,竹下    ,博多運転区    ,271,1,,,,,849,852,回,8201,,,1034
10484,B,移動,,,竹下    ,竹下小  ,博多運転区    ,271,2,,,,,,,回,8201,,,1034
10485,B,回,8201,,竹下小  ,博多    ,博多運転区    ,271,3,,,,,1034,1039,,8201,,,1058
10486,B,,8201,,博多    ,鳥栖    ,博多運転区    ,271,4,,,,,1058,1131,便,2022,H,,1154
10487,B,便,2022,H,鳥栖    ,博多    ,博多運転区    ,271,5,,,,,1154,1214,終,,,,
10488,B,便,2133,M,博多    ,竹下    ,博多運転区    ,272,1,,,,,849,852,回,8201,,,1034
10489,B,移動,,,竹下    ,竹下小  ,博多運転区    ,272,2,,,,,,,回,8201,,,1034
10490,B,回,8201,,竹下小  ,博多    ,博多運転区    ,272,3,,,,,1034,1039,単,8201,,,1111
10491,B,単,8201,,博多    ,竹下小  ,博多運転区    ,272,4,,,,,1111,1115,便,2344,M,,1157
10492,B,移動,,,竹下小  ,竹下    ,博多運転区    ,272,5,,,,,,,便,2344,M,,1157
10493,B,便,2344,M,竹下    ,博多    ,博多運転区    ,272,6,,,,,1157,1201,終,,,,
10494,B,便,4139,M,博多    ,久留米  ,博多運転区    ,273,1,,,,,1459,1535,,8222,,1629,1631
10495,B,,8222,,久留米  ,博多    ,博多運転区    ,273,2,,,,1629,1631,1709,終,,,,
10496,B,便,83,D,博多    ,日田    ,博多運転区    ,274,1,,,,,1214,1336,,8232,,1543,1558
10497,B,,8232,,日田    ,久留米  ,博多運転区    ,274,2,,,,1543,1558,1655,,8234,,,1656
10498,B,,8234,,久留米  ,博多    ,博多運転区    ,274,3,,,,,1656,1736,回,8234,,,1754
10499,B,回,8234,,博多    ,竹下小  ,博多運転区    ,274,4,,,,,1754,1800,便,2176,M,,1902
10500,B,移動,,,竹下小  ,竹下    ,博多運転区    ,274,5,,,,,,,便,2176,M,,1902
10501,B,便,2176,M,竹下    ,博多    ,博多運転区    ,274,6,,,,,1902,1906,終,,,,
10502,B,便,2341,M,博多    ,竹下    ,博多運転区    ,275,1,,,,,1610,1613,単,8234,,,1712
10503,B,移動,,,竹下    ,竹下小  ,博多運転区    ,275,2,,,,,,,単,8234,,,1712
10504,B,単,8234,,竹下小  ,博多    ,博多運転区    ,275,3,,,,,1712,1716,回,8234,,,1754
10505,B,回,8234,,博多    ,竹下小  ,博多運転区    ,275,4,,,,,1754,1800,便,136,M,,1854
10506,B,移動,,,竹下小  ,竹下    ,博多運転区    ,275,5,,,,,,,便,136,M,,1854
10507,B,便,136,M,竹下    ,博多    ,博多運転区    ,275,6,,,,,1854,1858,終,,,,
10508,B,便,2133,M,博多    ,竹下    ,博多運転区    ,276,1,,,,,849,852,回,8401,,,1034
10509,B,移動,,,竹下    ,竹下小  ,博多運転区    ,276,2,,,,,,,回,8401,,,1034
10510,B,回,8401,,竹下小  ,博多    ,博多運転区    ,276,3,,,,,1034,1039,,8401,,,1058
10511,B,,8401,,博多    ,久留米  ,博多運転区    ,276,4,,,,,1058,1230,便,4134,M,,1252
10512,B,便,4134,M,久留米  ,博多    ,博多運転区    ,276,5,,,,,1252,1331,終,,,,
10513,B,便,2133,M,博多    ,竹下    ,博多運転区    ,277,1,,,,,849,852,回,8401,,,1034
10514,B,移動,,,竹下    ,竹下小  ,博多運転区    ,277,2,,,,,,,回,8401,,,1034
10515,B,回,8401,,竹下小  ,博多    ,博多運転区    ,277,3,,,,,1034,1039,単,8401,,,1111
10516,B,単,8401,,博多    ,竹下小  ,博多運転区    ,277,4,,,,,1111,1115,便,2344,M,,1157
10517,B,移動,,,竹下小  ,竹下    ,博多運転区    ,277,5,,,,,,,便,2344,M,,1157
10518,B,便,2344,M,竹下    ,博多    ,博多運転区    ,277,6,,,,,1157,1201,終,,,,
10519,B,便,4125,M,博多    ,久留米  ,博多運転区    ,278,1,,,,,1056,1140,,8403,,1230,1234
10520,B,,8403,,久留米  ,日田    ,博多運転区    ,278,2,,,,1230,1234,1452,便,84,D,,1510
10521,B,便,84,D,日田    ,博多    ,博多運転区    ,278,3,,,,,1510,1631,終,,,,
10522,B,便,2337,M,博多    ,久留米  ,博多運転区    ,279,1,,,,,1401,1454,回,8412,,1526,1528
10523,B,回,8412,,久留米  ,竹下小  ,博多運転区    ,279,2,,,,1526,1528,1624,便,2354,M,,1702
10524,B,移動,,,竹下小  ,竹下    ,博多運転区    ,279,3,,,,,,,便,2354,M,,1702
10525,B,便,2354,M,竹下    ,博多    ,博多運転区    ,279,4,,,,,1702,1705,終,,,,
10526,B,便,2321,M,博多    ,竹下    ,博多運転区    ,280,1,,,,,513,517,回,8414,,,632
10527,B,移動,,,竹下    ,竹下小  ,博多運転区    ,280,2,,,,,,,回,8414,,,632
10528,B,回,8414,,竹下小  ,博多    ,博多運転区    ,280,3,,,,,632,637,回,8415,,,701
10529,B,回,8415,,博多    ,江北    ,博多運転区    ,280,4,,,,,701,831,便,4010,M,,904
10530,B,便,4010,M,江北    ,博多    ,博多運転区    ,280,5,,,,,904,950,終,,,,
10531,B,便,2321,M,博多    ,竹下    ,博多運転区    ,281,1,,,,,513,517,回,8414,,,632
10532,B,移動,,,竹下    ,竹下小  ,博多運転区    ,281,2,,,,,,,回,8414,,,632
10533,B,回,8414,,竹下小  ,博多    ,博多運転区    ,281,3,,,,,632,637,単,8414,,,722
10534,B,単,8414,,博多    ,竹下小  ,博多運転区    ,281,4,,,,,722,726,便,2126,M,,808
10535,B,移動,,,竹下小  ,竹下    ,博多運転区    ,281,5,,,,,,,便,2126,M,,808
10536,B,便,2126,M,竹下    ,博多    ,博多運転区    ,281,6,,,,,808,812,終,,,,
10537,B,便,2033,H,博多    ,江北    ,博多運転区    ,282,1,,,,,1354,1442,,8420,,1543,1551
10538,B,,8420,,江北    ,博多    ,博多運転区    ,282,2,,,,1543,1551,1709,終,,,,
10539,B,便,83,D,博多    ,日田    ,博多運転区    ,283,1,,,,,1214,1336,,8430,,1543,1558
10540,B,,8430,,日田    ,久留米  ,博多運転区    ,283,2,,,,1543,1558,1655,,8432,,,1656
10541,B,,8432,,久留米  ,博多    ,博多運転区    ,283,3,,,,,1656,1736,回,8432,,,1754
10542,B,回,8432,,博多    ,竹下小  ,博多運転区    ,283,4,,,,,1754,1800,便,2176,M,,1902
10543,B,移動,,,竹下小  ,竹下    ,博多運転区    ,283,5,,,,,,,便,2176,M,,1902
10544,B,便,2176,M,竹下    ,博多    ,博多運転区    ,283,6,,,,,1902,1906,終,,,,
10545,B,便,2341,M,博多    ,竹下    ,博多運転区    ,284,1,,,,,1610,1613,単,8432,,,1712
10546,B,移動,,,竹下    ,竹下小  ,博多運転区    ,284,2,,,,,,,単,8432,,,1712
10547,B,単,8432,,竹下小  ,博多    ,博多運転区    ,284,3,,,,,1712,1716,回,8432,,,1754
10548,B,回,8432,,博多    ,竹下小  ,博多運転区    ,284,4,,,,,1754,1800,便,136,M,,1854
10549,B,移動,,,竹下小  ,竹下    ,博多運転区    ,284,5,,,,,,,便,136,M,,1854
10550,B,便,136,M,竹下    ,博多    ,博多運転区    ,284,6,,,,,1854,1858,終,,,,
10551,B,便,2133,M,博多    ,竹下    ,博多運転区    ,285,1,,,,,849,852,回,8101,,,1034
10552,B,移動,,,竹下    ,竹下小  ,博多運転区    ,285,2,,,,,,,回,8101,,,1034
10553,B,回,8101,,竹下小  ,博多    ,博多運転区    ,285,3,,,,,1034,1039,,8101,,,1058
10554,B,,8101,,博多    ,武雄温泉,博多運転区    ,285,4,,,,,1058,1325,便,2034,H,,1416
10555,B,便,2034,H,武雄温泉,博多    ,博多運転区    ,285,5,,,,,1416,1514,終,,,,
10556,B,便,2133,M,博多    ,竹下    ,博多運転区    ,286,1,,,,,849,852,回,8101,,,1034
10557,B,移動,,,竹下    ,竹下小  ,博多運転区    ,286,2,,,,,,,回,8101,,,1034
10558,B,回,8101,,竹下小  ,博多    ,博多運転区    ,286,3,,,,,1034,1039,単,8101,,,1111
10559,B,単,8101,,博多    ,竹下小  ,博多運転区    ,286,4,,,,,1111,1115,便,2344,M,,1157
10560,B,移動,,,竹下小  ,竹下    ,博多運転区    ,286,5,,,,,,,便,2344,M,,1157
10561,B,便,2344,M,竹下    ,博多    ,博多運転区    ,286,6,,,,,1157,1201,終,,,,
10562,B,便,2013,H,博多    ,江北    ,博多運転区    ,287,1,,,,,854,944,,8108,,1008,1018
10563,B,,8108,,江北    ,鳥栖    ,博多運転区    ,287,2,,,,1008,1018,1101,,8109,,,1222
10564,B,,8109,,鳥栖    ,日田    ,博多運転区    ,287,3,,,,,1222,1408,便,84,D,,1510
10565,B,便,84,D,日田    ,博多    ,博多運転区    ,287,4,,,,,1510,1631,終,,,,
10566,B,便,4139,M,博多    ,久留米  ,博多運転区    ,288,1,,,,,1459,1535,,8126,,1629,1631
10567,B,,8126,,久留米  ,博多    ,博多運転区    ,288,2,,,,1629,1631,1709,回,8126,,,1739
10568,B,回,8126,,博多    ,竹下小  ,博多運転区    ,288,3,,,,,1739,1744,便,2176,M,,1902
10569,B,移動,,,竹下小  ,竹下    ,博多運転区    ,288,4,,,,,,,便,2176,M,,1902
10570,B,便,2176,M,竹下    ,博多    ,博多運転区    ,288,5,,,,,1902,1906,終,,,,
10571,B,便,2157,M,博多    ,竹下    ,博多運転区    ,289,1,,,,,1537,1540,単,8126,,,1650
10572,B,移動,,,竹下    ,竹下小  ,博多運転区    ,289,2,,,,,,,単,8126,,,1650
10573,B,単,8126,,竹下小  ,博多    ,博多運転区    ,289,3,,,,,1650,1655,回,8126,,,1739
10574,B,回,8126,,博多    ,竹下小  ,博多運転区    ,289,4,,,,,1739,1744,便,2172,M,,1816
10575,B,移動,,,竹下小  ,竹下    ,博多運転区    ,289,5,,,,,,,便,2172,M,,1816
10576,B,便,2172,M,竹下    ,博多    ,博多運転区    ,289,6,,,,,1816,1821,終,,,,
10577,B,便,127,M,博多    ,竹下    ,博多運転区    ,290,1,,,,,741,744,回,8001,,,924
10578,B,移動,,,竹下    ,竹下小  ,博多運転区    ,290,2,,,,,,,回,8001,,,924
10579,B,回,8001,,竹下小  ,博多    ,博多運転区    ,290,3,,,,,924,929,,8001,,,950
10580,B,,8001,,博多    ,日田    ,博多運転区    ,290,4,,,,,950,1151,便,8002,D,,1301
10581,B,便,8002,D,日田    ,博多    ,博多運転区    ,290,5,,,,,1301,1419,終,,,,
10582,B,便,127,M,博多    ,竹下    ,博多運転区    ,291,1,,,,,741,744,回,8001,,,924
10583,B,移動,,,竹下    ,竹下小  ,博多運転区    ,291,2,,,,,,,回,8001,,,924
10584,B,回,8001,,竹下小  ,博多    ,博多運転区    ,291,3,,,,,924,929,単,8001,,,1111
10585,B,単,8001,,博多    ,竹下小  ,博多運転区    ,291,4,,,,,1111,1115,便,2344,M,,1157
10586,B,移動,,,竹下小  ,竹下    ,博多運転区    ,291,5,,,,,,,便,2344,M,,1157
10587,B,便,2344,M,竹下    ,博多    ,博多運転区    ,291,6,,,,,1157,1201,終,,,,
10588,B,便,4139,M,博多    ,久留米  ,博多運転区    ,292,1,,,,,1459,1535,,8014,,1629,1631
10589,B,,8014,,久留米  ,博多    ,博多運転区    ,292,2,,,,1629,1631,1709,回,8014,,,1739
10590,B,回,8014,,博多    ,竹下小  ,博多運転区    ,292,3,,,,,1739,1744,回,8322,,,2134
10591,B,回,8322,,竹下小  ,博多    ,博多運転区    ,292,4,,,,,2134,2138,回,8324,,,2145
10592,B,回,8324,,博多    ,門司港  ,博多運転区    ,292,5,,,,,2145,2327,回,8325,,,9
10593,B,回,8325,,門司港  ,小倉    ,博多運転区    ,292,6,,,,,9,20,便,51,M,,557
10594,B,便,51,M,小倉    ,博多    ,博多運転区    ,292,7,,,,,557,653,終,,,,
10595,B,便,2157,M,博多    ,竹下    ,博多運転区    ,293,1,,,,,1537,1540,単,8014,,,1650
10596,B,移動,,,竹下    ,竹下小  ,博多運転区    ,293,2,,,,,,,単,8014,,,1650
10597,B,単,8014,,竹下小  ,博多    ,博多運転区    ,293,3,,,,,1650,1655,回,8014,,,1739
10598,B,回,8014,,博多    ,竹下小  ,博多運転区    ,293,4,,,,,1739,1744,便,2172,M,,1816
10599,B,移動,,,竹下小  ,竹下    ,博多運転区    ,293,5,,,,,,,便,2172,M,,1816
10600,B,便,2172,M,竹下    ,博多    ,博多運転区    ,293,6,,,,,1816,1821,終,,,,
10601,B,便,4139,M,博多    ,久留米  ,博多運転区    ,294,1,,,,,1459,1535,,8014,,1629,1631
10602,B,,8014,,久留米  ,博多    ,博多運転区    ,294,2,,,,1629,1631,1709,回,8014,,,1739
10603,B,回,8014,,博多    ,竹下小  ,博多運転区    ,294,3,,,,,1739,1744,回,8316,,,2148
10604,B,回,8316,,竹下小  ,博多    ,博多運転区    ,294,4,,,,,2148,2154,回,8317,,,2224
10605,B,回,8317,,博多    ,久留米  ,博多運転区    ,294,5,,,,,2224,2328,回,8319,,,2338
10606,B,回,8319,,久留米  ,日田    ,博多運転区    ,294,6,,,,,2338,28,便,1826,D,,612
10607,B,便,1826,D,日田    ,久留米  ,博多運転区    ,294,7,,,,,612,714,便,4220,M,,720
10608,B,便,4220,M,久留米  ,博多    ,博多運転区    ,294,8,,,,,720,806,終,,,,
10609,B,便,2157,M,博多    ,竹下    ,博多運転区    ,295,1,,,,,1537,1540,単,8014,,,1650
10610,B,移動,,,竹下    ,竹下小  ,博多運転区    ,295,2,,,,,,,単,8014,,,1650
10611,B,単,8014,,竹下小  ,博多    ,博多運転区    ,295,3,,,,,1650,1655,回,8014,,,1739
10612,B,回,8014,,博多    ,竹下小  ,博多運転区    ,295,4,,,,,1739,1744,回,8316,,,2148
10613,B,回,8316,,竹下小  ,博多    ,博多運転区    ,295,5,,,,,2148,2154,単,8316,,,2220
10614,B,単,8316,,博多    ,竹下小  ,博多運転区    ,295,6,,,,,2220,2224,便,2368,M,,2309
10615,B,移動,,,竹下小  ,竹下    ,博多運転区    ,295,7,,,,,,,便,2368,M,,2309
10616,B,便,2368,M,竹下    ,博多    ,博多運転区    ,295,8,,,,,2309,2314,終,,,,
10617,B,便,4155,M,博多    ,久留米  ,博多運転区    ,296,1,,,,,2006,2045,便,1883,D,,2106
10618,B,便,1883,D,久留米  ,日田    ,博多運転区    ,296,2,,,,,2106,2213,回,8328,,407,409
10619,B,回,8328,,日田    ,久留米  ,博多運転区    ,296,3,,,,407,409,500,回,8330,,,506
10620,B,回,8330,,久留米  ,竹下小  ,博多運転区    ,296,4,,,,,506,552,便,2324,M,,641
10621,B,移動,,,竹下小  ,竹下    ,博多運転区    ,296,5,,,,,,,便,2324,M,,641
10622,B,便,2324,M,竹下    ,博多    ,博多運転区    ,296,6,,,,,641,645,終,,,,
10623,B,試,7162,M,南福岡  ,小倉    ,南福岡運転区  ,230,1,,,,,957,1237,試,7563,M,,1257
10624,B,試,7563,M,小倉    ,西小倉日,南福岡運転区  ,230,2,,,,,1257,1259,便,2548,M,,1415
10625,B,移動,,,西小倉日,南小倉  ,南福岡運転区  ,230,3,,,,,,,便,2548,M,,1415
10626,B,便,2548,M,南小倉  ,小倉    ,南福岡運転区  ,230,4,,,,,1415,1421,便,3032,M,,1440
10627,B,便,3032,M,小倉    ,博多    ,南福岡運転区  ,230,5,,,,,1440,1528,便,2157,M,,1537
10628,B,便,2157,M,博多    ,南福岡  ,南福岡運転区  ,230,6,,,,,1537,1546,終,,,,
10629,B,便,2132,M,南福岡  ,博多    ,南福岡運転区  ,231,1,,,,,858,907,便,3011,M,,921
10630,B,便,3011,M,博多    ,小倉    ,南福岡運転区  ,231,2,,,,,921,1010,便,537,M,,1017
10631,B,便,537,M,小倉    ,南小倉  ,南福岡運転区  ,231,3,,,,,1017,1024,試,7165,M,,1253
10632,B,移動,,,南小倉  ,西小倉日,南福岡運転区  ,231,4,,,,,,,試,7165,M,,1253
10633,B,試,7165,M,西小倉日,南福岡  ,南福岡運転区  ,231,5,,,,,1253,1430,終,,,,
10634,B,便,3124,M,南福岡  ,博多    ,南福岡運転区  ,232,1,,,,,1057,1104,便,3019,M,,1120
10635,B,便,3019,M,博多    ,小倉    ,南福岡運転区  ,232,2,,,,,1120,1207,便,545,M,,1215
10636,B,便,545,M,小倉    ,南小倉  ,南福岡運転区  ,232,3,,,,,1215,1221,試,7171,M,,1353
10637,B,移動,,,南小倉  ,西小倉日,南福岡運転区  ,232,4,,,,,,,試,7171,M,,1353
10638,B,試,7171,M,西小倉日,南福岡  ,南福岡運転区  ,232,5,,,,,1353,1530,終,,,,
10639,B,試,7163,M,南福岡  ,原田    ,南福岡運転区  ,233,1,,,,,1044,1057,試,7166,M,,1133
10640,B,試,7166,M,原田    ,南福岡  ,南福岡運転区  ,233,2,,,,,1133,1156,終,,,,
10641,B,試,7133,M,南福岡  ,鳥栖    ,南福岡運転区  ,234,1,,,,,1959,2030,試,7935,M,,2034
10642,B,試,7935,M,鳥栖    ,早岐    ,南福岡運転区  ,234,2,,,,,2034,2245,便,4002,H,,623
10643,B,便,4002,H,早岐    ,鳥栖    ,南福岡運転区  ,234,3,,,,,623,735,便,4120,M,,746
10644,B,便,4120,M,鳥栖    ,南福岡  ,南福岡運転区  ,234,4,,,,,746,819,終,,,,
10645,B,便,136,M,南福岡  ,竹下    ,南福岡運転区  ,235,1,,,,,1848,1854,試,7131,M,,1951
10646,B,移動,,,竹下    ,竹下小  ,南福岡運転区  ,235,2,,,,,,,試,7131,M,,1951
10647,B,試,7131,M,竹下小  ,鳥栖    ,南福岡運転区  ,235,3,,,,,1951,2030,試,7935,M,,2034
10648,B,試,7935,M,鳥栖    ,早岐    ,南福岡運転区  ,235,4,,,,,2034,2245,便,4002,H,,623
10649,B,便,4002,H,早岐    ,鳥栖    ,南福岡運転区  ,235,5,,,,,623,735,便,4120,M,,746
10650,B,便,4120,M,鳥栖    ,南福岡  ,南福岡運転区  ,235,6,,,,,746,819,終,,,,
10651,B,便,1321,M,南福岡  ,二日市  ,南福岡運転区  ,236,1,,,,,631,639,便,2003,H,,643
10652,B,便,2003,H,二日市  ,武雄温泉,南福岡運転区  ,236,2,,,,,643,739,便,2921,M,,746
10653,B,便,2921,M,武雄温泉,早岐    ,南福岡運転区  ,236,3,,,,,746,819,試,7920,M,,939
10654,B,試,7920,M,早岐    ,鳥栖    ,南福岡運転区  ,236,4,,,,,939,1142,試,7122,M,,1144
10655,B,試,7122,M,鳥栖    ,南福岡  ,南福岡運転区  ,236,5,,,,,1144,1239,終,,,,
10656,B,便,4125,M,南福岡  ,鳥栖    ,南福岡運転区  ,237,1,,,,,1104,1134,試,7368,M,1203,1205
10657,B,試,7368,M,鳥栖    ,南福岡  ,南福岡運転区  ,237,2,,,,1203,1205,1239,終,,,,
10658,B,試,7379,M,南福岡  ,鳥栖    ,南福岡運転区  ,238,1,,,,,1959,2030,便,2366,M,,2044
10659,B,便,2366,M,鳥栖    ,南福岡  ,南福岡運転区  ,238,2,,,,,2044,2119,終,,,,
10660,B,便,1321,M,南福岡  ,二日市  ,南福岡運転区  ,239,1,,,,,631,639,便,2003,H,,643
10661,B,便,2003,H,二日市  ,武雄温泉,南福岡運転区  ,239,2,,,,,643,739,便,2921,M,,746
10662,B,便,2921,M,武雄温泉,早岐    ,南福岡運転区  ,239,3,,,,,746,819,試,7920,M,,939
10663,B,試,7920,M,早岐    ,鳥栖    ,南福岡運転区  ,239,4,,,,,939,1142,試,7124,M,,1144
10664,B,試,7124,M,鳥栖    ,竹下小  ,南福岡運転区  ,239,5,,,,,1144,1244,便,2149,M,,1347
10665,B,移動,,,竹下小  ,竹下    ,南福岡運転区  ,239,6,,,,,,,便,2149,M,,1347
10666,B,便,2149,M,竹下    ,南福岡  ,南福岡運転区  ,239,7,,,,,1347,1352,終,,,,
10667,B,便,1321,M,南福岡  ,二日市  ,南福岡運転区  ,240,1,,,,,631,639,便,2003,H,,643
10668,B,便,2003,H,二日市  ,武雄温泉,南福岡運転区  ,240,2,,,,,643,739,便,2921,M,,746
10669,B,便,2921,M,武雄温泉,早岐    ,南福岡運転区  ,240,3,,,,,746,819,試,7920,M,,939
10670,B,試,7920,M,早岐    ,鳥栖    ,南福岡運転区  ,240,4,,,,,939,1142,試,7142,M,,1144
10671,B,試,7142,M,鳥栖    ,博多    ,南福岡運転区  ,240,5,,,,,1144,1247,便,4131,M,,1259
10672,B,便,4131,M,博多    ,南福岡  ,南福岡運転区  ,240,6,,,,,1259,1305,終,,,,
10673,B,便,4121,M,南福岡  ,二日市  ,南福岡運転区  ,241,1,,,,,933,940,便,4015,M,,945
10674,B,便,4015,M,二日市  ,早岐    ,南福岡運転区  ,241,2,,,,,945,1105,試,7928,M,,1210
10675,B,試,7928,M,早岐    ,三間坂  ,南福岡運転区  ,241,3,,,,,1210,1237,試,7929,M,,1303
10676,B,試,7929,M,三間坂  ,早岐    ,南福岡運転区  ,241,4,,,,,1303,1329,便,4040,M,,1500
10677,B,便,4040,M,早岐    ,二日市  ,南福岡運転区  ,241,5,,,,,1500,1622,便,2164,M,,1625
10678,B,便,2164,M,二日市  ,南福岡  ,南福岡運転区  ,241,6,,,,,1625,1637,終,,,,
10679,B,試,7162,M,南福岡  ,小倉    ,南福岡運転区  ,242,1,,,,,957,1237,便,3028,M,,1340
10680,B,便,3028,M,小倉    ,博多    ,南福岡運転区  ,242,2,,,,,1340,1428,便,2153,M,,1441
10681,B,便,2153,M,博多    ,南福岡  ,南福岡運転区  ,242,3,,,,,1441,1450,終,,,,
10682,B,便,1222,M,南福岡  ,博多    ,南福岡運転区  ,243,1,,,,,1203,1209,便,3023,M,,1220
10683,B,便,3023,M,博多    ,小倉    ,南福岡運転区  ,243,2,,,,,1220,1307,便,549,M,,1315
10684,B,便,549,M,小倉    ,西小倉日,南福岡運転区  ,243,3,,,,,1315,1317,試,7171,M,1328,1353
10685,B,試,7171,M,西小倉日,南福岡  ,南福岡運転区  ,243,4,,,,1328,1353,1530,終,,,,
10686,B,便,4130,M,南福岡  ,博多    ,南福岡運転区  ,244,1,,,,,1224,1229,試,7142,M,1247,1250
10687,B,試,7142,M,博多    ,小倉    ,南福岡運転区  ,244,2,,,,1247,1250,1421,試,7543,M,,1426
10688,B,試,7543,M,小倉    ,西小倉日,南福岡運転区  ,244,3,,,,,1426,1429,便,552,M,,1540
10689,B,移動,,,西小倉日,南小倉  ,南福岡運転区  ,244,4,,,,,,,便,552,M,,1540
10690,B,便,552,M,南小倉  ,小倉    ,南福岡運転区  ,244,5,,,,,1540,1547,便,3038,M,,1605
10691,B,便,3038,M,小倉    ,博多    ,南福岡運転区  ,244,6,,,,,1605,1651,便,2165,M,,1655
10692,B,便,2165,M,博多    ,南福岡  ,南福岡運転区  ,244,7,,,,,1655,1704,終,,,,
10693,B,回,8120,M,南福岡  ,竹下小  ,南福岡運転区  ,261,1,,,,,723,732,回,8122,M,830,835
10694,B,移動,,,竹下小  ,竹下    ,南福岡運転区  ,261,2,,,,,,,回,8122,M,830,835
10695,B,回,8122,M,竹下    ,吉塚（電,南福岡運転区  ,261,3,,,,830,835,854,回,8101,M,932,937
10696,B,回,8101,M,吉塚（電,博多    ,南福岡運転区  ,261,4,,,,932,937,946,,8101,M,,1000
10697,B,,8101,M,博多    ,大牟田  ,南福岡運転区  ,261,5,,,,,1000,1057,便,336,M,,1108
10698,B,便,336,M,大牟田  ,鳥栖    ,南福岡運転区  ,261,6,,,,,1108,1154,便,4130,M,,1159
10699,B,便,4130,M,鳥栖    ,南福岡  ,南福岡運転区  ,261,7,,,,,1159,1222,終,,,,
10700,B,回,8124,M,南福岡  ,竹下小  ,南福岡運転区  ,262,1,,,,,723,732,回,8109,M,939,944
10701,B,移動,,,竹下小  ,竹下    ,南福岡運転区  ,262,2,,,,,,,回,8109,M,939,944
10702,B,回,8109,M,竹下    ,博多    ,南福岡運転区  ,262,3,,,,939,944,948,,8109,M,1056,1123
10703,B,,8109,M,博多    ,肥前浜  ,南福岡運転区  ,262,4,,,,1056,1123,1242,,8112,M,,1338
10704,B,,8112,M,肥前浜  ,江北    ,南福岡運転区  ,262,5,,,,,1338,1355,便,2034,H,,1426
10705,B,便,2034,H,江北    ,鳥栖    ,南福岡運転区  ,262,6,,,,,1426,1452,便,4142,M,,1457
10706,B,便,4142,M,鳥栖    ,南福岡  ,南福岡運転区  ,262,7,,,,,1457,1520,終,,,,
10707,B,便,4129,M,南福岡  ,二日市  ,南福岡運転区  ,263,1,,,,,1234,1241,便,4027,M,,1248
10708,B,便,4027,M,二日市  ,江北    ,南福岡運転区  ,263,2,,,,,1248,1327,,8111,M,1355,1407
10709,B,,8111,M,江北    ,佐世保  ,南福岡運転区  ,263,3,,,,1355,1407,1613,,8114,M,1722,1727
10710,B,,8114,M,佐世保  ,博多    ,南福岡運転区  ,263,4,,,,1722,1727,2006,回,8114,M,,2018
10711,B,回,8114,M,博多    ,南福岡  ,南福岡運転区  ,263,5,,,,,2018,2036,終,,,,
10712,B,回,8093,M,南福岡  ,博多    ,南福岡運転区  ,272,1,,,,,1100,1107,,8093,H,,1118
10713,B,,8093,H,博多    ,武雄温泉,南福岡運転区  ,272,2,,,,,1118,1223,,8094,H,,1245
10714,B,,8094,H,武雄温泉,博多    ,南福岡運転区  ,272,3,,,,,1245,1353,便,2337,M,,1401
10715,B,便,2337,M,博多    ,南福岡  ,南福岡運転区  ,272,4,,,,,1401,1410,終,,,,
10716,B,回,8095,M,南福岡  ,博多    ,南福岡運転区  ,273,1,,,,,1145,1158,,8095,H,,1204
10717,B,,8095,H,博多    ,武雄温泉,南福岡運転区  ,273,2,,,,,1204,1321,,8096,H,,1347
10718,B,,8096,H,武雄温泉,博多    ,南福岡運転区  ,273,3,,,,,1347,1453,回,8096,M,,1504
10719,B,回,8096,M,博多    ,南福岡  ,南福岡運転区  ,273,4,,,,,1504,1518,終,,,,
10720,B,便,2152,M,南福岡  ,博多    ,南福岡運転区  ,274,1,,,,,1331,1340,回,8094,M,1353,1400
10721,B,回,8094,M,博多    ,竹下小  ,南福岡運転区  ,274,2,,,,1353,1400,1404,回,8097,M,,1410
10722,B,回,8097,M,竹下小  ,博多    ,南福岡運転区  ,274,3,,,,,1410,1414,,8097,H,,1419
10723,B,,8097,H,博多    ,武雄温泉,南福岡運転区  ,274,4,,,,,1419,1523,,8098,H,,1547
10724,B,,8098,H,武雄温泉,博多    ,南福岡運転区  ,274,5,,,,,1547,1656,回,8098,M,,1709
10725,B,回,8098,M,博多    ,南福岡  ,南福岡運転区  ,274,6,,,,,1709,1716,終,,,,
10726,B,試,7854,D,西唐津  ,山本    ,唐津乗務セ    ,230,1,,,,,1115,1127,試,7853,D,,1135
10727,B,試,7853,D,山本    ,西唐津  ,唐津乗務セ    ,230,2,,,,,1135,1153,終,,,,
10728,B,試,7852,D,西唐津  ,佐賀    ,唐津乗務セ    ,231,1,,,,,922,1104,改,5833,D,,1220
10729,B,改,5833,D,佐賀    ,西唐津  ,唐津乗務セ    ,231,2,,,,,1220,1341,終,,,,
10730,B,改,5852,D,西唐津  ,佐賀    ,唐津乗務セ    ,232,1,,,,,1912,2034,試,7855,D,2150,2152
10731,B,試,7855,D,佐賀    ,西唐津  ,唐津乗務セ    ,232,2,,,,2150,2152,2309,終,,,,
10732,B,試,7894,D,西唐津  ,佐賀    ,唐津乗務セ    ,233,1,,,,,1928,2110,改,5857,D,,2146
10733,B,改,5857,D,佐賀    ,西唐津  ,唐津乗務セ    ,233,2,,,,,2146,2258,終,,,,
10734,B,改,5836,D,西唐津  ,佐賀    ,唐津乗務セ    ,234,1,,,,,1333,1457,試,7893,,1543,1545
10735,B,試,7893,,佐賀    ,西唐津  ,唐津乗務セ    ,234,2,,,,1543,1545,1748,試,7894,,,1928
10736,B,試,7894,,西唐津  ,佐賀    ,唐津乗務セ    ,234,3,,,,,1928,2110,改,5857,D,,2146
10737,B,改,5857,D,佐賀    ,西唐津  ,唐津乗務セ    ,234,4,,,,,2146,2258,終,,,,
10738,B,試,7394,C,西唐津  ,筑前深江,唐津乗務セ    ,235,1,,,,,1319,1350,試,7395,C,,1402
10739,B,試,7395,C,筑前深江,西唐津  ,唐津乗務セ    ,235,2,,,,,1402,1455,終,,,,
10740,B,試,7692,C,西唐津  ,姪浜    ,唐津乗務セ    ,236,1,,,,,910,1040,改,625,C,,1050
10741,B,改,625,C,姪浜    ,西唐津  ,唐津乗務セ    ,236,2,,,,,1050,1205,終,,,,
10742,B,改,346,C,西唐津  ,筑前前原,唐津乗務セ    ,237,1,,,,,1355,1450,便,498,C,,1457
10743,B,便,498,C,筑前前原,姪浜    ,唐津乗務セ    ,237,2,,,,,1457,1520,試,7697,C,1550,1555
10744,B,試,7697,C,姪浜    ,西唐津  ,唐津乗務セ    ,237,3,,,,1550,1555,1720,終,,,,
10745,B,便,628,H,直方    ,小倉    ,直方運輸セ    ,201,1,,,,,1028,1122,便,545,M,,1215
10746,B,便,545,M,小倉    ,南小倉  ,直方運輸セ    ,201,2,,,,,1215,1221,試,7671,H,,1353
10747,B,移動,,,南小倉  ,西小倉日,直方運輸セ    ,201,3,,,,,,,試,7671,H,,1353
10748,B,試,7671,H,西小倉日,直方    ,直方運輸セ    ,201,4,,,,,1353,1441,終,,,,
10749,B,試,7670,H,直方    ,小倉    ,直方運輸セ    ,202,1,,,,,1055,1221,試,7571,H,,1226
10750,B,試,7571,H,小倉    ,西小倉日,直方運輸セ    ,202,2,,,,,1226,1229,便,2548,M,,1415
10751,B,移動,,,西小倉日,南小倉  ,直方運輸セ    ,202,3,,,,,,,便,2548,M,,1415
10752,B,便,2548,M,南小倉  ,西小倉日,直方運輸セ    ,202,4,,,,,1415,1418,便,635,H,,1426
10753,B,移動,,,西小倉日,西小倉鹿,直方運輸セ    ,202,5,,,,,,,便,635,H,,1426
10754,B,便,635,H,西小倉鹿,直方    ,直方運輸セ    ,202,6,,,,,1426,1511,終,,,,
10755,B,便,4653,H,直方    ,博多    ,直方運輸セ    ,203,1,,,,,1924,2025,便,2181,M,,2035
10756,B,便,2181,M,博多    ,竹下    ,直方運輸セ    ,203,2,,,,,2035,2039,回,7176,M,,2140
10757,B,移動,,,竹下    ,竹下小  ,直方運輸セ    ,203,3,,,,,,,回,7176,M,,2140
10758,B,回,7176,M,竹下小  ,博多    ,直方運輸セ    ,203,4,,,,,2140,2143,回,7682,H,,2151
10759,B,回,7682,H,博多    ,直方    ,直方運輸セ    ,203,5,,,,,2151,2326,終,,,,
10760,B,回,7675,H,直方    ,博多    ,直方運輸セ    ,204,1,,,,,518,643,回,7175,M,,644
10761,B,回,7175,M,博多    ,竹下小  ,直方運輸セ    ,204,2,,,,,644,648,便,1820,M,,726
10762,B,移動,,,竹下小  ,竹下    ,直方運輸セ    ,204,3,,,,,,,便,1820,M,,726
10763,B,便,1820,M,竹下    ,博多    ,直方運輸セ    ,204,4,,,,,726,729,便,2628,H,,803
10764,B,便,2628,H,博多    ,直方    ,直方運輸セ    ,204,5,,,,,803,913,終,,,,
10765,B,試,7673,H,直方    ,桂川    ,直方運輸セ    ,205,1,,,,,1200,1226,試,7672,H,,1234
10766,B,試,7672,H,桂川    ,直方    ,直方運輸セ    ,205,2,,,,,1234,1328,終,,,,
10767,B,回,7677,H,直方    ,博多    ,直方運輸セ    ,206,1,,,,,2116,2235,回,7179,M,,2249
10768,B,回,7179,M,博多    ,竹下小  ,直方運輸セ    ,206,2,,,,,2249,2253,便,2320,M,,536
10769,B,移動,,,竹下小  ,竹下    ,直方運輸セ    ,206,3,,,,,,,便,2320,M,,536
10770,B,便,2320,M,竹下    ,博多    ,直方運輸セ    ,206,4,,,,,536,540,便,2620,H,,610
10771,B,便,2620,H,博多    ,直方    ,直方運輸セ    ,206,5,,,,,610,714,終,,,,
10772,B,便,628,H,直方    ,小倉    ,直方運輸セ    ,211,1,,,,,1028,1122,便,545,M,,1215
10773,B,便,545,M,小倉    ,南小倉  ,直方運輸セ    ,211,2,,,,,1215,1221,試,7671,D,,1353
10774,B,移動,,,南小倉  ,西小倉日,直方運輸セ    ,211,3,,,,,,,試,7671,D,,1353
10775,B,試,7671,D,西小倉日,直方    ,直方運輸セ    ,211,4,,,,,1353,1441,終,,,,
10776,B,試,7670,D,直方    ,小倉    ,直方運輸セ    ,212,1,,,,,1055,1221,試,7571,D,,1226
10777,B,試,7571,D,小倉    ,西小倉日,直方運輸セ    ,212,2,,,,,1226,1229,便,2548,M,,1415
10778,B,移動,,,西小倉日,南小倉  ,直方運輸セ    ,212,3,,,,,,,便,2548,M,,1415
10779,B,便,2548,M,南小倉  ,西小倉日,直方運輸セ    ,212,4,,,,,1415,1418,便,635,H,,1426
10780,B,移動,,,西小倉日,西小倉鹿,直方運輸セ    ,212,5,,,,,,,便,635,H,,1426
10781,B,便,635,H,西小倉鹿,直方    ,直方運輸セ    ,212,6,,,,,1426,1511,終,,,,
10782,B,便,4653,H,直方    ,博多    ,直方運輸セ    ,213,1,,,,,1924,2025,便,2181,M,,2035
10783,B,便,2181,M,博多    ,竹下    ,直方運輸セ    ,213,2,,,,,2035,2039,回,7176,D,,2140
10784,B,移動,,,竹下    ,竹下小  ,直方運輸セ    ,213,3,,,,,,,回,7176,D,,2140
10785,B,回,7176,D,竹下小  ,博多    ,直方運輸セ    ,213,4,,,,,2140,2143,回,7682,D,,2151
10786,B,回,7682,D,博多    ,直方    ,直方運輸セ    ,213,5,,,,,2151,2326,終,,,,
10787,B,回,7675,D,直方    ,博多    ,直方運輸セ    ,214,1,,,,,518,643,回,7175,D,,644
10788,B,回,7175,D,博多    ,竹下小  ,直方運輸セ    ,214,2,,,,,644,648,便,1820,M,,726
10789,B,移動,,,竹下小  ,竹下    ,直方運輸セ    ,214,3,,,,,,,便,1820,M,,726
10790,B,便,1820,M,竹下    ,博多    ,直方運輸セ    ,214,4,,,,,726,729,便,2628,H,,803
10791,B,便,2628,H,博多    ,直方    ,直方運輸セ    ,214,5,,,,,803,913,終,,,,
10792,B,試,7673,D,直方    ,桂川    ,直方運輸セ    ,215,1,,,,,1200,1226,試,7672,D,,1234
10793,B,試,7672,D,桂川    ,直方    ,直方運輸セ    ,215,2,,,,,1234,1328,終,,,,
10794,B,回,7677,D,直方    ,博多    ,直方運輸セ    ,216,1,,,,,2116,2235,回,7179,D,,2249
10795,B,回,7179,D,博多    ,竹下小  ,直方運輸セ    ,216,2,,,,,2249,2253,便,2320,M,,536
10796,B,移動,,,竹下小  ,竹下    ,直方運輸セ    ,216,3,,,,,,,便,2320,M,,536
10797,B,便,2320,M,竹下    ,博多    ,直方運輸セ    ,216,4,,,,,536,540,便,2620,H,,610
10798,B,便,2620,H,博多    ,直方    ,直方運輸セ    ,216,5,,,,,610,714,終,,,,
10799,B,試,7670,D,直方    ,小倉    ,直方運輸セ    ,217,1,,,,,1055,1221,試,7571,D,,1226
10800,B,試,7571,D,小倉    ,西小倉日,直方運輸セ    ,217,2,,,,,1226,1229,試,7671,D,,1353
10801,B,試,7671,D,西小倉日,直方    ,直方運輸セ    ,217,3,,,,,1353,1441,終,,,,
10802,B,便,628,H,直方    ,小倉    ,直方運輸セ    ,221,1,,,,,1028,1122,便,545,M,,1215
10803,B,便,545,M,小倉    ,南小倉  ,直方運輸セ    ,221,2,,,,,1215,1221,単,7671,,,1353
10804,B,移動,,,南小倉  ,西小倉日,直方運輸セ    ,221,3,,,,,,,単,7671,,,1353
10805,B,単,7671,,西小倉日,直方    ,直方運輸セ    ,221,4,,,,,1353,1441,終,,,,
10806,B,単,7670,,直方    ,小倉    ,直方運輸セ    ,222,1,,,,,1055,1221,単,7571,,,1226
10807,B,単,7571,,小倉    ,西小倉日,直方運輸セ    ,222,2,,,,,1226,1229,便,2548,M,,1415
10808,B,移動,,,西小倉日,南小倉  ,直方運輸セ    ,222,3,,,,,,,便,2548,M,,1415
10809,B,便,2548,M,南小倉  ,西小倉日,直方運輸セ    ,222,4,,,,,1415,1418,便,635,H,,1426
10810,B,移動,,,西小倉日,西小倉鹿,直方運輸セ    ,222,5,,,,,,,便,635,H,,1426
10811,B,便,635,H,西小倉鹿,直方    ,直方運輸セ    ,222,6,,,,,1426,1511,終,,,,
10812,B,便,4651,H,直方    ,博多    ,直方運輸セ    ,223,1,,,,,1900,2003,便,2181,M,,2035
10813,B,便,2181,M,博多    ,竹下    ,直方運輸セ    ,223,2,,,,,2035,2039,単,7176,,,2140
10814,B,移動,,,竹下    ,竹下小  ,直方運輸セ    ,223,3,,,,,,,単,7176,,,2140
10815,B,単,7176,,竹下小  ,博多    ,直方運輸セ    ,223,4,,,,,2140,2143,単,7682,,,2151
10816,B,単,7682,,博多    ,直方    ,直方運輸セ    ,223,5,,,,,2151,2326,終,,,,
10817,B,単,7675,,直方    ,博多    ,直方運輸セ    ,224,1,,,,,518,643,単,7175,,,644
10818,B,単,7175,,博多    ,竹下小  ,直方運輸セ    ,224,2,,,,,644,648,便,1820,M,,726
10819,B,移動,,,竹下小  ,竹下    ,直方運輸セ    ,224,3,,,,,,,便,1820,M,,726
10820,B,便,1820,M,竹下    ,博多    ,直方運輸セ    ,224,4,,,,,726,729,便,2628,H,,803
10821,B,便,2628,H,博多    ,直方    ,直方運輸セ    ,224,5,,,,,803,913,終,,,,
10822,B,便,2665,H,直方    ,博多    ,直方運輸セ    ,281,1,,,,,1545,1653,,8224,,1709,1722
10823,B,,8224,,博多    ,門司港  ,直方運輸セ    ,281,2,,,,1709,1722,1920,,8225,,,2230
10824,B,,8225,,門司港  ,小倉    ,直方運輸セ    ,281,3,,,,,2230,4,便,51,M,,557
10825,B,便,51,M,小倉    ,折尾　鹿,直方運輸セ    ,281,4,,,,,557,613,便,6523,H,,624
10826,B,移動,,,折尾　鹿,折尾　筑,直方運輸セ    ,281,5,,,,,,,便,6523,H,,624
10827,B,便,6523,H,折尾　筑,直方    ,直方運輸セ    ,281,6,,,,,624,645,終,,,,
10828,B,便,2665,H,直方    ,博多    ,直方運輸セ    ,282,1,,,,,1545,1653,,8422,,1709,1722
10829,B,,8422,,博多    ,門司港  ,直方運輸セ    ,282,2,,,,1709,1722,1920,,8423,,,2230
10830,B,,8423,,門司港  ,小倉    ,直方運輸セ    ,282,3,,,,,2230,4,便,51,M,,557
10831,B,便,51,M,小倉    ,折尾　鹿,直方運輸セ    ,282,4,,,,,557,613,便,6523,H,,624
10832,B,移動,,,折尾　鹿,折尾　筑,直方運輸セ    ,282,5,,,,,,,便,6523,H,,624
10833,B,便,6523,H,折尾　筑,直方    ,直方運輸セ    ,282,6,,,,,624,645,終,,,,
10834,B,便,3222,D,長崎    ,早岐    ,長崎総合乗務セ,201,1,,,,,649,818,試,7920,D,,939
10835,B,試,7920,D,早岐    ,佐賀    ,長崎総合乗務セ,201,2,,,,,939,1104,便,4019,M,,1117
10836,B,便,4019,M,佐賀    ,武雄温泉,長崎総合乗務セ,201,3,,,,,1117,1139,便,2021,G,,1158
10837,B,便,2021,G,武温　幹,長崎　幹,長崎総合乗務セ,201,4,,,,,1158,1229,終,,,,
10838,B,便,2058,G,長崎　幹,武温　幹,長崎総合乗務セ,202,1,,,,,1948,2016,便,2058,H,,2020
10839,B,便,2058,H,武雄温泉,佐賀    ,長崎総合乗務セ,202,2,,,,,2020,2038,試,7935,D,2106,2123
10840,B,試,7935,D,佐賀    ,早岐    ,長崎総合乗務セ,202,3,,,,2106,2123,2245,便,221,D,,510
10841,B,便,221,D,早岐    ,長崎    ,長崎総合乗務セ,202,4,,,,,510,713,終,,,,
10842,B,便,2058,G,長崎　幹,武温　幹,長崎総合乗務セ,203,1,,,,,1948,2016,便,2058,H,,2020
10843,B,便,2058,H,武雄温泉,佐賀    ,長崎総合乗務セ,203,2,,,,,2020,2038,試,7937,D,2106,2123
10844,B,試,7937,D,佐賀    ,早岐    ,長崎総合乗務セ,203,3,,,,2106,2123,2245,便,221,D,,510
10845,B,便,221,D,早岐    ,長崎    ,長崎総合乗務セ,203,4,,,,,510,713,終,,,,
10846,B,便,3226,D,長崎    ,早岐    ,長崎総合乗務セ,204,1,,,,,908,1044,試,7928,D,,1210
10847,B,試,7928,D,早岐    ,三間坂  ,長崎総合乗務セ,204,2,,,,,1210,1237,試,7929,D,,1303
10848,B,試,7929,D,三間坂  ,早岐    ,長崎総合乗務セ,204,3,,,,,1303,1329,便,4036,M,,1359
10849,B,便,4036,M,早岐    ,武雄温泉,長崎総合乗務セ,204,4,,,,,1359,1426,便,2033,G,,1457
10850,B,便,2033,G,武温　幹,長崎　幹,長崎総合乗務セ,204,5,,,,,1457,1524,終,,,,
10851,B,便,3222,D,長崎    ,早岐    ,長崎総合乗務セ,251,1,,,,,649,818,回,8020,D,,932
10852,B,回,8020,D,早岐    ,武雄温泉,長崎総合乗務セ,251,2,,,,,932,1004,,8020,D,,1022
10853,B,,8020,D,武雄温泉,江北    ,長崎総合乗務セ,251,3,,,,,1022,1038,,8021,D,,1045
10854,B,,8021,D,江北    ,長崎    ,長崎総合乗務セ,251,4,,,,,1045,1315,終,,,,
10855,B,,8022,D,長崎    ,早岐    ,長崎総合乗務セ,252,1,,,,1443,1453,1712,,8024,D,,1718
10856,B,,8024,D,早岐    ,武雄温泉,長崎総合乗務セ,252,2,,,,,1718,1754,回,8025,D,,1819
10857,B,回,8025,D,武雄温泉,早岐    ,長崎総合乗務セ,252,3,,,,,1819,1855,便,2926,M,,1938
10858,B,便,2926,M,早岐    ,武雄温泉,長崎総合乗務セ,252,4,,,,,1938,2011,便,2057,G,,2031
10859,B,便,2057,G,武温　幹,長崎　幹,長崎総合乗務セ,252,5,,,,,2031,2101,終,,,,
10860,B,便,2008,G,長崎　幹,武温　幹,長崎総合乗務セ,253,1,,,,,746,816,便,4007,M,,839
10861,B,便,4007,M,武雄温泉,早岐    ,長崎総合乗務セ,253,2,,,,,839,908,回,8910,D,,953
10862,B,回,8910,D,早岐    ,鳥栖    ,長崎総合乗務セ,253,3,,,,,953,1222,便,2029,H,,1315
10863,B,便,2029,H,鳥栖    ,武雄温泉,長崎総合乗務セ,253,4,,,,,1315,1355,便,2029,G,,1358
10864,B,便,2029,G,武温　幹,長崎　幹,長崎総合乗務セ,253,5,,,,,1358,1428,終,,,,
10865,B,便,2052,G,長崎　幹,武温　幹,長崎総合乗務セ,254,1,,,,,1819,1850,便,4052,H,,1853
10866,B,便,4052,H,武雄温泉,鳥栖    ,長崎総合乗務セ,254,2,,,,,1853,1931,回,8017,D,2017,2018
10867,B,回,8017,D,鳥栖    ,早岐    ,長崎総合乗務セ,254,3,,,,2017,2018,2222,便,221,D,,510
10868,B,便,221,D,早岐    ,長崎    ,長崎総合乗務セ,254,4,,,,,510,713,終,,,,
10869,B,便,2004,G,長崎　幹,武温　幹,長崎総合乗務セ,261,1,,,,,658,728,便,4006,M,,758
10870,B,便,4006,M,武雄温泉,江北    ,長崎総合乗務セ,261,2,,,,,758,808,回,8417,,831,833
10871,B,回,8417,,江北    ,長崎    ,長崎総合乗務セ,261,3,,,,831,833,1012,回,8418,,,1134
10872,B,回,8418,,長崎    ,諫早    ,長崎総合乗務セ,261,4,,,,,1134,1157,,8418,,,1300
10873,B,,8418,,諫早    ,肥前浜  ,長崎総合乗務セ,261,5,,,,,1300,1450,,8420,,,1525
10874,B,,8420,,肥前浜  ,江北    ,長崎総合乗務セ,261,6,,,,,1525,1543,便,4039,M,,1629
10875,B,便,4039,M,江北    ,武雄温泉,長崎総合乗務セ,261,7,,,,,1629,1640,便,2041,G,,1658
10876,B,便,2041,G,武温　幹,長崎　幹,長崎総合乗務セ,261,8,,,,,1658,1722,終,,,,
10877,B,便,2030,G,長崎　幹,武温　幹,長崎総合乗務セ,262,1,,,,,1242,1312,,8103,,1357,1427
10878,B,,8103,,武雄温泉,三間坂  ,長崎総合乗務セ,262,2,,,,1357,1427,1437,,8105,,,1720
10879,B,,8105,,三間坂  ,早岐    ,長崎総合乗務セ,262,3,,,,,1720,1816,,8107,,,1818
10880,B,,8107,,早岐    ,長崎    ,長崎総合乗務セ,262,4,,,,,1818,2008,,8106,,,510
10881,B,,8106,,長崎    ,肥前浜  ,長崎総合乗務セ,262,5,,,,,510,702,,8108,,,943
10882,B,,8108,,肥前浜  ,江北    ,長崎総合乗務セ,262,6,,,,,943,1008,便,4015,M,,1027
10883,B,便,4015,M,江北    ,武雄温泉,長崎総合乗務セ,262,7,,,,,1027,1037,便,2017,G,,1103
10884,B,便,2017,G,武温　幹,長崎　幹,長崎総合乗務セ,262,8,,,,,1103,1128,回,8480,D,,753
10885,B,回,8480,D,豊後竹田,豊後荻  ,大分乗務セ    ,31,8,,,,,753,813,回,8481,D,,901
10886,B,回,8481,D,豊後荻  ,豊後竹田,大分乗務セ    ,31,9,,,,,901,915,回,8663,D,,1355
10887,B,回,8663,D,別府    ,大分    ,大分乗務セ    ,33,2,,,,,1355,1407,回,8664,D,,1418
10888,B,回,8664,D,大分    ,別府    ,大分乗務セ    ,33,3,,,,,1418,1430,終,,,,
10889,B,便,3014,M,大分    ,小倉    ,大分乗務セ    ,201,1,,,,,842,1003,便,537,M,,1017
10890,B,便,537,M,小倉    ,南小倉  ,大分乗務セ    ,201,2,,,,,1017,1024,試,7525,M,,1146
10891,B,移動,,,南小倉  ,西小倉日,大分乗務セ    ,201,3,,,,,,,試,7525,M,,1146
10892,B,試,7525,M,西小倉日,大分    ,大分乗務セ    ,201,4,,,,,1146,1433,試,7426,M,,1443
10893,B,試,7426,M,大分    ,下郡信  ,大分乗務セ    ,201,5,,,,,1443,1447,便回,4440,D,,1514
10894,B,便回,4440,D,下郡信  ,大分    ,大分乗務セ    ,201,6,,,,,1514,1518,,,,,
10895,B,便,3014,M,大分    ,小倉    ,大分乗務セ    ,201,1,,,,,842,1003,便,537,M,,1017
10896,B,便,537,M,小倉    ,南小倉  ,大分乗務セ    ,201,2,,,,,1017,1024,試,7525,M,,1146
10897,B,移動,,,南小倉  ,西小倉日,大分乗務セ    ,201,3,,,,,,,試,7525,M,,1146
10898,B,試,7525,M,西小倉日,大分    ,大分乗務セ    ,201,4,,,,,1146,1433,試,7426,M,,1443
10899,B,試,7426,M,大分    ,下郡信  ,大分乗務セ    ,201,5,,,,,1443,1447,便回,4440,D,,1514
10900,B,便回,4440,D,下郡信  ,大分    ,大分乗務セ    ,201,6,,,,,1514,1518,終,,,,
10901,B,便,3020,M,大分    ,小倉    ,大分乗務セ    ,202,1,,,,,1012,1138,便,2537,M,,1154
10902,B,便,2537,M,小倉    ,南小倉  ,大分乗務セ    ,202,2,,,,,1154,1159,試,7527,M,,1330
10903,B,移動,,,南小倉  ,西小倉日,大分乗務セ    ,202,3,,,,,,,試,7527,M,,1330
10904,B,試,7527,M,西小倉日,大分    ,大分乗務セ    ,202,4,,,,,1330,1628,試,7428,M,,1638
10905,B,試,7428,M,大分    ,下郡信  ,大分乗務セ    ,202,5,,,,,1638,1642,便,4660,M,,1720
10906,B,移動,,,下郡信  ,牧      ,大分乗務セ    ,202,6,,,,,,,便,4660,M,,1720
10907,B,便,4660,M,牧      ,大分    ,大分乗務セ    ,202,7,,,,,1720,1724,終,,,,
10908,B,便回,5092,M,大分    ,下郡信  ,大分乗務セ    ,203,1,,,,,849,853,試,7423,M,,948
10909,B,試,7423,M,下郡信  ,大分    ,大分乗務セ    ,203,2,,,,,948,952,試,7524,M,,953
10910,B,試,7524,M,大分    ,西小倉日,大分乗務セ    ,203,3,,,,,953,1328,便,548,M,,1438
10911,B,移動,,,西小倉日,南小倉  ,大分乗務セ    ,203,4,,,,,,,便,548,M,,1438
10912,B,便,548,M,南小倉  ,小倉    ,大分乗務セ    ,203,5,,,,,1438,1446,便,3031,M,,1509
10913,B,便,3031,M,小倉    ,大分    ,大分乗務セ    ,203,6,,,,,1509,1637,終,,,,
10914,B,便回,5002,M,大分    ,下郡信  ,大分乗務セ    ,204,1,,,,,918,922,試,7451,M,,1018
10915,B,試,7451,M,下郡信  ,大分    ,大分乗務セ    ,204,2,,,,,1018,1022,試,7721,M,,1040
10916,B,試,7721,M,大分    ,臼杵    ,大分乗務セ    ,204,3,,,,,1040,1128,試,7723,M,,1149
10917,B,試,7723,M,臼杵    ,延岡    ,大分乗務セ    ,204,4,,,,,1149,1328,便,5010,M,,1345
10918,B,便,5010,M,延岡    ,大分    ,大分乗務セ    ,204,5,,,,,1345,1541,終,,,,
10919,B,便,5001,M,大分    ,延岡    ,大分乗務セ    ,205,1,,,,,701,912,試,7724,M,929,933
10920,B,試,7724,M,延岡    ,大分    ,大分乗務セ    ,205,2,,,,929,933,1221,試,7454,M,,1241
10921,B,試,7454,M,大分    ,下郡信  ,大分乗務セ    ,205,3,,,,,1241,1245,便回,2424,D,,1329
10922,B,便回,2424,D,下郡信  ,大分    ,大分乗務セ    ,205,4,,,,,1329,1333,終,,,,
10923,B,便回,5002,M,大分    ,下郡信  ,大分乗務セ    ,206,1,,,,,918,922,試,7621,M,,1018
10924,B,試,7621,M,下郡信  ,大分    ,大分乗務セ    ,206,2,,,,,1018,1022,試,7622,M,,1048
10925,B,試,7622,M,大分    ,亀川    ,大分乗務セ    ,206,3,,,,,1048,1106,試,7623,M,,1116
10926,B,試,7623,M,亀川    ,大分    ,大分乗務セ    ,206,4,,,,,1116,1134,試,7624,M,,1145
10927,B,試,7624,M,大分    ,下郡信  ,大分乗務セ    ,206,5,,,,,1145,1149,便回,4836,D,,1228
10928,B,便回,4836,D,下郡信  ,大分    ,大分乗務セ    ,206,6,,,,,1228,1232,終,,,,
10929,B,便,3014,M,大分    ,小倉    ,大分乗務セ    ,207,1,,,,,842,1003,便,537,M,,1017
10930,B,便,537,M,小倉    ,南小倉  ,大分乗務セ    ,207,2,,,,,1017,1024,試,7535,M,,1146
10931,B,移動,,,南小倉  ,西小倉日,大分乗務セ    ,207,3,,,,,,,試,7535,M,,1146
10932,B,試,7535,M,西小倉日,大分    ,大分乗務セ    ,207,4,,,,,1146,1433,終,,,,
10933,B,試,7735,M,大分    ,延岡    ,大分乗務セ    ,208,1,,,,1433,1444,1751,便,5016,M,,1844
10934,B,便,5016,M,延岡    ,大分    ,大分乗務セ    ,208,2,,,,,1844,2053,終,,,,
10935,B,便,3020,M,大分    ,小倉    ,大分乗務セ    ,209,1,,,,,1012,1138,便,2537,M,,1154
10936,B,便,2537,M,小倉    ,南小倉  ,大分乗務セ    ,209,2,,,,,1154,1159,試,7537,M,,1330
10937,B,移動,,,南小倉  ,西小倉日,大分乗務セ    ,209,3,,,,,,,試,7537,M,,1330
10938,B,試,7537,M,西小倉日,大分    ,大分乗務セ    ,209,4,,,,,1330,1628,終,,,,
10939,B,試,7739,M,大分    ,延岡    ,大分乗務セ    ,210,1,,,,1628,1643,2005,便,5002,M,,706
10940,B,便,5002,M,延岡    ,大分    ,大分乗務セ    ,210,2,,,,,706,909,終,,,,
10941,B,試,7526,M,大分    ,西小倉日,大分乗務セ    ,211,1,,,,1221,1248,1623,便,562,M,,1803
10942,B,移動,,,西小倉日,南小倉  ,大分乗務セ    ,211,2,,,,,,,便,562,M,,1803
10943,B,便,562,M,南小倉  ,小倉    ,大分乗務セ    ,211,3,,,,,1803,1809,便,3045,M,,1848
10944,B,便,3045,M,小倉    ,大分    ,大分乗務セ    ,211,4,,,,,1848,2010,終,,,,
10945,B,便,3020,M,大分    ,小倉    ,大分乗務セ    ,212,1,,,,,1012,1138,試,7563,M,1237,1257
10946,B,試,7563,M,小倉    ,西小倉日,大分乗務セ    ,212,2,,,,1237,1257,1259,試,7527,M,,1330
10947,B,試,7527,M,西小倉日,大分    ,大分乗務セ    ,212,3,,,,,1330,1628,試,7428,M,,1638
10948,B,試,7428,M,大分    ,下郡信  ,大分乗務セ    ,212,4,,,,,1638,1642,便,4660,M,,1720
10949,B,移動,,,下郡信  ,牧      ,大分乗務セ    ,212,5,,,,,,,便,4660,M,,1720
10950,B,便,4660,M,牧      ,大分    ,大分乗務セ    ,212,6,,,,,1720,1724,終,,,,
10951,B,便回,5092,M,大分    ,下郡信  ,大分乗務セ    ,213,1,,,,,849,853,試,7423,M,,948
10952,B,試,7423,M,下郡信  ,大分    ,大分乗務セ    ,213,2,,,,,948,952,試,7524,M,,953
10953,B,試,7524,M,大分    ,西小倉日,大分乗務セ    ,213,3,,,,,953,1328,便,544,M,,1344
10954,B,便,544,M,西小倉日,小倉    ,大分乗務セ    ,213,4,,,,,1344,1347,便,3027,M,,1409
10955,B,便,3027,M,小倉    ,大分    ,大分乗務セ    ,213,5,,,,,1409,1536,終,,,,
10956,B,便,3014,M,大分    ,小倉    ,大分乗務セ    ,221,1,,,,,842,1003,便,537,M,,1017
10957,B,便,537,M,小倉    ,南小倉  ,大分乗務セ    ,221,2,,,,,1017,1024,試,7525,D,,1146
10958,B,移動,,,南小倉  ,西小倉日,大分乗務セ    ,221,3,,,,,,,試,7525,D,,1146
10959,B,試,7525,D,西小倉日,大分    ,大分乗務セ    ,221,4,,,,,1146,1433,試,7426,D,,1443
10960,B,試,7426,D,大分    ,下郡信  ,大分乗務セ    ,221,5,,,,,1443,1447,便回,4440,D,,1514
10961,B,便回,4440,D,下郡信  ,大分    ,大分乗務セ    ,221,6,,,,,1514,1518,終,,,,
10962,B,便,3020,M,大分    ,小倉    ,大分乗務セ    ,222,1,,,,,1012,1138,便,2537,M,,1154
10963,B,便,2537,M,小倉    ,南小倉  ,大分乗務セ    ,222,2,,,,,1154,1159,試,7527,D,,1330
10964,B,移動,,,南小倉  ,西小倉日,大分乗務セ    ,222,3,,,,,,,試,7527,D,,1330
10965,B,試,7527,D,西小倉日,大分    ,大分乗務セ    ,222,4,,,,,1330,1628,試,7428,D,,1638
10966,B,試,7428,D,大分    ,下郡信  ,大分乗務セ    ,222,5,,,,,1638,1642,便,4660,M,,1720
10967,B,移動,,,下郡信  ,牧      ,大分乗務セ    ,222,6,,,,,,,便,4660,M,,1720
10968,B,便,4660,M,牧      ,大分    ,大分乗務セ    ,222,7,,,,,1720,1724,終,,,,
10969,B,便回,5092,M,大分    ,下郡信  ,大分乗務セ    ,223,1,,,,,849,853,試,7423,D,,948
10970,B,試,7423,D,下郡信  ,大分    ,大分乗務セ    ,223,2,,,,,948,952,試,7524,D,,953
10971,B,試,7524,D,大分    ,西小倉日,大分乗務セ    ,223,3,,,,,953,1328,便,548,M,,1438
10972,B,移動,,,西小倉日,南小倉  ,大分乗務セ    ,223,4,,,,,,,便,548,M,,1438
10973,B,便,548,M,南小倉  ,小倉    ,大分乗務セ    ,223,5,,,,,1438,1446,便,3031,M,,1509
10974,B,便,3031,M,小倉    ,大分    ,大分乗務セ    ,223,6,,,,,1509,1637,終,,,,
10975,B,便回,5002,M,大分    ,下郡信  ,大分乗務セ    ,224,1,,,,,918,922,試,7451,D,,1018
10976,B,試,7451,D,下郡信  ,大分    ,大分乗務セ    ,224,2,,,,,1018,1022,試,7721,D,,1040
10977,B,試,7721,D,大分    ,臼杵    ,大分乗務セ    ,224,3,,,,,1040,1128,試,7723,D,,1149
10978,B,試,7723,D,臼杵    ,延岡    ,大分乗務セ    ,224,4,,,,,1149,1328,便,5010,M,,1345
10979,B,便,5010,M,延岡    ,大分    ,大分乗務セ    ,224,5,,,,,1345,1541,終,,,,
10980,B,便,5001,M,大分    ,延岡    ,大分乗務セ    ,225,1,,,,,701,912,試,7724,D,929,933
10981,B,試,7724,D,延岡    ,大分    ,大分乗務セ    ,225,2,,,,929,933,1221,試,7454,D,,1241
10982,B,試,7454,D,大分    ,下郡信  ,大分乗務セ    ,225,3,,,,,1241,1245,便回,2424,D,,1329
10983,B,便回,2424,D,下郡信  ,大分    ,大分乗務セ    ,225,4,,,,,1329,1333,終,,,,
10984,B,便回,5002,M,大分    ,下郡信  ,大分乗務セ    ,226,1,,,,,918,922,試,7621,D,,1018
10985,B,試,7621,D,下郡信  ,大分    ,大分乗務セ    ,226,2,,,,,1018,1022,試,7622,D,,1048
10986,B,試,7622,D,大分    ,亀川    ,大分乗務セ    ,226,3,,,,,1048,1106,試,7623,D,,1114
10987,B,試,7623,D,亀川    ,大分    ,大分乗務セ    ,226,4,,,,,1114,1134,試,7624,D,,1145
10988,B,試,7624,D,大分    ,下郡信  ,大分乗務セ    ,226,5,,,,,1145,1149,便回,4836,D,,1228
10989,B,便回,4836,D,下郡信  ,大分    ,大分乗務セ    ,226,6,,,,,1228,1232,終,,,,
10990,B,便,3014,M,大分    ,小倉    ,大分乗務セ    ,227,1,,,,,842,1003,便,537,M,,1017
10991,B,便,537,M,小倉    ,南小倉  ,大分乗務セ    ,227,2,,,,,1017,1024,試,7535,D,,1146
10992,B,移動,,,南小倉  ,西小倉日,大分乗務セ    ,227,3,,,,,,,試,7535,D,,1146
10993,B,試,7535,D,西小倉日,大分    ,大分乗務セ    ,227,4,,,,,1146,1433,終,,,,
10994,B,試,7735,D,大分    ,延岡    ,大分乗務セ    ,228,1,,,,1433,1444,1751,便,5016,M,,1844
10995,B,便,5016,M,延岡    ,大分    ,大分乗務セ    ,228,2,,,,,1844,2053,終,,,,
10996,B,便,3020,M,大分    ,小倉    ,大分乗務セ    ,229,1,,,,,1012,1138,便,2537,M,,1154
10997,B,便,2537,M,小倉    ,南小倉  ,大分乗務セ    ,229,2,,,,,1154,1159,試,7537,D,,1330
10998,B,移動,,,南小倉  ,西小倉日,大分乗務セ    ,229,3,,,,,,,試,7537,D,,1330
10999,B,試,7537,D,西小倉日,大分    ,大分乗務セ    ,229,4,,,,,1330,1628,終,,,,
11000,B,試,7739,D,大分    ,延岡    ,大分乗務セ    ,230,1,,,,1628,1643,2005,便,5002,M,,706
11001,B,便,5002,M,延岡    ,大分    ,大分乗務セ    ,230,2,,,,,706,909,終,,,,
11002,B,便,3020,M,大分    ,小倉    ,大分乗務セ    ,231,1,,,,,1012,1138,試,7565,D,1237,1257
11003,B,試,7565,D,小倉    ,西小倉日,大分乗務セ    ,231,2,,,,1237,1257,1259,試,7527,D,,1330
11004,B,試,7527,D,西小倉日,大分    ,大分乗務セ    ,231,3,,,,,1330,1628,試,7428,D,,1638
11005,B,試,7428,D,大分    ,下郡信  ,大分乗務セ    ,231,4,,,,,1638,1642,便,4660,M,,1720
11006,B,移動,,,下郡信  ,牧      ,大分乗務セ    ,231,5,,,,,,,便,4660,M,,1720
11007,B,便,4660,M,牧      ,大分    ,大分乗務セ    ,231,6,,,,,1720,1724,終,,,,
11008,B,試,7452,D,大分    ,下郡信  ,大分乗務セ    ,232,1,,,,1022,1048,1052,便,1624,M,,1131
11009,B,移動,,,下郡信  ,牧      ,大分乗務セ    ,232,2,,,,,,,便,1624,M,,1131
11010,B,便,1624,M,牧      ,大分    ,大分乗務セ    ,232,3,,,,,1131,1135,終,,,,
11011,B,便回,4837,D,大分    ,下郡信  ,大分乗務セ    ,233,1,,,,,1112,1116,試,7453,D,,1202
11012,B,試,7453,D,下郡信  ,大分    ,大分乗務セ    ,233,2,,,,,1202,1206,終,,,,
11013,B,試,7526,D,大分    ,西小倉日,大分乗務セ    ,234,1,,,,1221,1248,1623,便,562,M,,1803
11014,B,移動,,,西小倉日,南小倉  ,大分乗務セ    ,234,2,,,,,,,便,562,M,,1803
11015,B,便,562,M,南小倉  ,小倉    ,大分乗務セ    ,234,3,,,,,1803,1809,便,3045,M,,1848
11016,B,便,3045,M,小倉    ,大分    ,大分乗務セ    ,234,4,,,,,1848,2010,終,,,,
11017,B,便回,5092,M,大分    ,下郡信  ,大分乗務セ    ,235,1,,,,,849,853,試,7423,D,,948
11018,B,試,7423,D,下郡信  ,大分    ,大分乗務セ    ,235,2,,,,,948,952,試,7524,D,,953
11019,B,試,7524,D,大分    ,西小倉日,大分乗務セ    ,235,3,,,,,953,1328,便,544,M,,1344
11020,B,便,544,M,西小倉日,小倉    ,大分乗務セ    ,235,4,,,,,1344,1347,便,3027,M,,1409
11021,B,便,3027,M,小倉    ,大分    ,大分乗務セ    ,235,5,,,,,1409,1536,終,,,,
11022,B,便,5005,M,大分    ,延岡    ,大分乗務セ    ,241,1,,,,,1006,1219,,8106,M,1328,1337
11023,B,,8106,M,延岡    ,重岡    ,大分乗務セ    ,241,2,,,,1328,1337,1434,,8108,M,,1455
11024,B,,8108,M,重岡    ,別府    ,大分乗務セ    ,241,3,,,,,1455,1712,回,8108,M,,1721
11025,B,回,8108,M,別府    ,下郡信  ,大分乗務セ    ,241,4,,,,,1721,1746,便回,1643,M,,1815
11026,B,便回,1643,M,下郡信  ,大分    ,大分乗務セ    ,241,5,,,,,1815,1819,終,,,,
11027,B,便回,4431,D,大分    ,下郡信  ,大分乗務セ    ,242,1,,,,,917,921,回,8110,M,,1018
11028,B,回,8110,M,下郡信  ,大分    ,大分乗務セ    ,242,2,,,,,1018,1022,,8110,M,,1048
11029,B,,8110,M,大分    ,小倉    ,大分乗務セ    ,242,3,,,,,1048,1324,便,3027,M,,1409
11030,B,便,3027,M,小倉    ,大分    ,大分乗務セ    ,242,4,,,,,1409,1536,終,,,,
11031,B,便回,625,M,大分    ,下郡信  ,大分乗務セ    ,254,1,,,,,831,835,回,8670,M,,940
11032,B,回,8670,M,下郡信  ,大分    ,大分乗務セ    ,254,2,,,,,940,944,,8070,M,,948
11033,B,,8070,M,大分    ,小倉    ,大分乗務セ    ,254,3,,,,,948,1127,,8073,M,1626,1631
11034,B,,8073,M,小倉    ,大分    ,大分乗務セ    ,254,4,,,,1626,1631,1800,回,8673,M,,1807
11035,B,回,8673,M,大分    ,下郡信  ,大分乗務セ    ,254,5,,,,,1807,1811,便回,4448,D,,1847
11036,B,便回,4448,D,下郡信  ,大分    ,大分乗務セ    ,254,6,,,,,1847,1851,終,,,,
11037,B,便,4645,M,大分    ,牧      ,大分乗務セ    ,255,1,,,,,1432,1435,回,8674,M,,1537
11038,B,移動,,,牧      ,下郡信  ,大分乗務セ    ,255,2,,,,,,,回,8674,M,,1537
11039,B,回,8674,M,下郡信  ,大分    ,大分乗務セ    ,255,3,,,,,1537,1541,,8074,M,,1547
11040,B,,8074,M,大分    ,小倉    ,大分乗務セ    ,255,4,,,,,1547,1718,,8075,M,1813,1827
11041,B,,8075,M,小倉    ,大分    ,大分乗務セ    ,255,5,,,,1813,1827,2002,回,8675,M,,2008
11042,B,回,8675,M,大分    ,下郡信  ,大分乗務セ    ,255,6,,,,,2008,2012,便,1634,M,,2045
11043,B,移動,,,下郡信  ,牧      ,大分乗務セ    ,255,7,,,,,,,便,1634,M,,2045
11044,B,便,1634,M,牧      ,大分    ,大分乗務セ    ,255,8,,,,,2045,2049,終,,,,
11045,B,便,4653,M,大分    ,牧      ,大分乗務セ    ,256,1,,,,,1725,1729,回,8690,M,,1847
11046,B,移動,,,牧      ,下郡信  ,大分乗務セ    ,256,2,,,,,,,回,8690,M,,1847
11047,B,回,8690,M,下郡信  ,大分    ,大分乗務セ    ,256,3,,,,,1847,1851,回,8592,M,,1858
11048,B,回,8592,M,大分    ,西小倉日,大分乗務セ    ,256,4,,,,,1858,2125,便,2360,M,,2143
11049,B,移動,,,西小倉日,西小倉鹿,大分乗務セ    ,256,5,,,,,,,便,2360,M,,2143
11050,B,便,2360,M,西小倉鹿,小倉    ,大分乗務セ    ,256,6,,,,,2143,2144,,8081,M,17,19
11051,B,,8081,M,小倉    ,大分    ,大分乗務セ    ,256,7,,,,17,19,152,回,8697,M,,159
11052,B,回,8697,M,大分    ,下郡信  ,大分乗務セ    ,256,8,,,,,159,203,便回,6114,M,,826
11053,B,便回,6114,M,下郡信  ,大分    ,大分乗務セ    ,256,9,,,,,826,830,終,,,,
11054,B,便回,625,M,大分    ,下郡信  ,大分乗務セ    ,257,1,,,,,831,835,回,8670,M,,940
11055,B,回,8670,M,下郡信  ,大分    ,大分乗務セ    ,257,2,,,,,940,944,,8070,M,,948
11056,B,,8070,M,大分    ,小倉    ,大分乗務セ    ,257,3,,,,,948,1127,便,3019,M,,1209
11057,B,便,3019,M,小倉    ,大分    ,大分乗務セ    ,257,4,,,,,1209,1337,終,,,,
11058,B,便,3036,M,大分    ,小倉    ,大分乗務セ    ,258,1,,,,,1411,1537,,8073,M,1626,1631
11059,B,,8073,M,小倉    ,大分    ,大分乗務セ    ,258,2,,,,1626,1631,1800,回,8673,M,,1807
11060,B,回,8673,M,大分    ,下郡信  ,大分乗務セ    ,258,3,,,,,1807,1811,便回,4448,D,,1847
11061,B,便回,4448,D,下郡信  ,大分    ,大分乗務セ    ,258,4,,,,,1847,1851,終,,,,
11062,B,便,82,D,大分    ,日田    ,大分乗務セ    ,261,1,,,,,820,959,,8013,D,1258,1301
11063,B,,8013,D,日田    ,由布院  ,大分乗務セ    ,261,2,,,,1258,1301,1408,,8014,D,,1500
11064,B,,8014,D,由布院  ,日田    ,大分乗務セ    ,261,3,,,,,1500,1556,便,1857,D,,1655
11065,B,便,1857,D,日田    ,大分    ,大分乗務セ    ,261,4,,,,,1655,1929,終,,,,
11066,B,便,4832,D,大分    ,由布院  ,大分乗務セ    ,262,1,,,,,1035,1139,便,8002,D,,1201
11067,B,便,8002,D,由布院  ,日田    ,大分乗務セ    ,262,2,,,,,1201,1259,,8041,D,1405,1412
11068,B,,8041,D,日田    ,別府    ,大分乗務セ    ,262,3,,,,1405,1412,1659,回,8543,D,,1708
11069,B,回,8543,D,別府    ,下郡信  ,大分乗務セ    ,262,4,,,,,1708,1729,便回,1643,M,,1815
11070,B,便回,1643,M,下郡信  ,大分    ,大分乗務セ    ,262,5,,,,,1815,1819,終,,,,
11071,B,便回,1620,M,大分    ,下郡信  ,大分乗務セ    ,263,1,,,,,859,903,回,8540,D,,959
11072,B,回,8540,D,下郡信  ,別府    ,大分乗務セ    ,263,2,,,,,959,1032,,8042,D,,1100
11073,B,,8042,D,別府    ,日田    ,大分乗務セ    ,263,3,,,,,1100,1338,便,1849,D,,1439
11074,B,便,1849,D,日田    ,大分    ,大分乗務セ    ,263,4,,,,,1439,1705,終,,,,
11075,B,便,5005,M,大分    ,延岡    ,大分乗務セ    ,271,1,,,,,1006,1219,回,8214,,1330,1420
11076,B,回,8214,,延岡    ,大分    ,大分乗務セ    ,271,2,,,,1330,1420,1649,回,8216,,,1748
11077,B,回,8216,,大分    ,下郡信  ,大分乗務セ    ,271,3,,,,,1748,1753,便回,642,M,,1837
11078,B,便回,642,M,下郡信  ,大分    ,大分乗務セ    ,271,4,,,,,1837,1841,終,,,,
11079,B,便回,4583,D,大分    ,下郡信  ,大分乗務セ    ,272,1,,,,,1626,1630,回,8217,,,2338
11080,B,回,8217,,下郡信  ,大分    ,大分乗務セ    ,272,2,,,,,2338,2342,回,8218,,,426
11081,B,回,8218,,大分    ,豊後竹田,大分乗務セ    ,272,3,,,,,426,647,回,8220,,,1139
11082,B,回,8220,,豊後竹田,宮地    ,大分乗務セ    ,272,4,,,,,1139,1220,便,1073,D,,1324
11083,B,便,1073,D,宮地    ,大分    ,大分乗務セ    ,272,5,,,,,1324,1507,終,,,,
11084,B,便,3060,M,大分    ,小倉    ,大分乗務セ    ,273,1,,,,,2130,2300,,8227,,,542
11085,B,,8227,,小倉    ,柳ヶ浦  ,大分乗務セ    ,273,2,,,,,542,820,,8229,,,1017
11086,B,,8229,,柳ヶ浦  ,宇佐    ,大分乗務セ    ,273,3,,,,,1017,1024,,8231,,,1215
11087,B,,8231,,宇佐    ,大分    ,大分乗務セ    ,273,4,,,,,1215,1332,終,,,,
11088,B,,8232,,大分    ,日田    ,大分乗務セ    ,274,1,,,,1332,1341,1543,便,8005,D,,1556
11089,B,便,8005,D,日田    ,由布院  ,大分乗務セ    ,274,2,,,,,1556,1650,便,4849,D,,1706
11090,B,便,4849,D,由布院  ,大分    ,大分乗務セ    ,274,3,,,,,1706,1808,終,,,,
11091,B,便,84,D,大分    ,日田    ,大分乗務セ    ,275,1,,,,,1325,1509,,8405,,,1626
11092,B,,8405,,日田    ,由布院  ,大分乗務セ    ,275,2,,,,,1626,1828,便,1865,D,,1937
11093,B,便,1865,D,由布院  ,大分    ,大分乗務セ    ,275,3,,,,,1937,2035,終,,,,
11094,B,便,4848,D,大分    ,由布院  ,大分乗務セ    ,276,1,,,,,1645,1745,,8407,,1828,1835
11095,B,,8407,,由布院  ,大分    ,大分乗務セ    ,276,2,,,,1828,1835,2053,,8408,,,2158
11096,B,,8408,,大分    ,豊後竹田,大分乗務セ    ,276,3,,,,,2158,32,,8410,,,455
11097,B,,8410,,豊後竹田,阿蘇    ,大分乗務セ    ,276,4,,,,,455,554,便,421,D,,630
11098,B,便,421,D,阿蘇    ,宮地    ,大分乗務セ    ,276,5,,,,,630,636,便,2421,D,,704
11099,B,便,2421,D,宮地    ,豊後竹田,大分乗務セ    ,276,6,,,,,704,749,便,4433,D,,802
11100,B,便,4433,D,豊後竹田,大分    ,大分乗務セ    ,276,7,,,,,802,926,終,,,,
11101,B,便,3060,M,大分    ,小倉    ,大分乗務セ    ,277,1,,,,,2130,2300,,8425,,,542
11102,B,,8425,,小倉    ,宇佐    ,大分乗務セ    ,277,2,,,,,542,727,,8427,,,909
11103,B,,8427,,宇佐    ,杵築    ,大分乗務セ    ,277,3,,,,,909,931,,8429,,,1147
11104,B,,8429,,杵築    ,大分    ,大分乗務セ    ,277,4,,,,,1147,1332,終,,,,
11105,B,,8430,,大分    ,日田    ,大分乗務セ    ,278,1,,,,1332,1341,1543,便,8005,D,,1556
11106,B,便,8005,D,日田    ,由布院  ,大分乗務セ    ,278,2,,,,,1556,1650,便,4849,D,,1706
11107,B,便,4849,D,由布院  ,大分    ,大分乗務セ    ,278,3,,,,,1706,1808,終,,,,
11108,B,便,4832,D,大分    ,由布院  ,大分乗務セ    ,279,1,,,,,1035,1139,便,8002,D,,1201
11109,B,便,8002,D,由布院  ,日田    ,大分乗務セ    ,279,2,,,,,1201,1259,,8111,,1408,1410
11110,B,,8111,,日田    ,由布院  ,大分乗務セ    ,279,3,,,,1408,1410,1530,回,8111,,,1835
11111,B,回,8111,,由布院  ,大分    ,大分乗務セ    ,279,4,,,,,1835,2053,回,8112,,,2207
11112,B,回,8112,,大分    ,下郡信  ,大分乗務セ    ,279,5,,,,,2207,2211,便,4674,M,,2238
11113,B,移動,,,下郡信  ,牧      ,大分乗務セ    ,279,6,,,,,,,便,4674,M,,2238
11114,B,便,4674,M,牧      ,大分    ,大分乗務セ    ,279,7,,,,,2238,2242,終,,,,
11115,B,便回,5521,M,大分    ,下郡信  ,大分乗務セ    ,280,1,,,,,935,939,回,8113,,,1107
11116,B,回,8113,,下郡信  ,大分    ,大分乗務セ    ,280,2,,,,,1107,1111,,8113,,,1215
11117,B,,8113,,大分    ,延岡    ,大分乗務セ    ,280,3,,,,,1215,1507,便,5012,M,,1543
11118,B,便,5012,M,延岡    ,大分    ,大分乗務セ    ,280,4,,,,,1543,1743,終,,,,
11119,B,便,82,D,大分    ,日田    ,大分乗務セ    ,281,1,,,,,820,959,,8003,,1151,1158
11120,B,,8003,,日田    ,由布院  ,大分乗務セ    ,281,2,,,,1151,1158,1458,,8005,,,1835
11121,B,,8005,,由布院  ,庄内    ,大分乗務セ    ,281,3,,,,,1835,1856,,8007,,,2326
11122,B,,8007,,庄内    ,大分    ,大分乗務セ    ,281,4,,,,,2326,2,終,,,,
11123,B,,8008,,大分    ,豊後竹田,大分乗務セ    ,282,1,,,,,426,647,,8010,,,1139
11124,B,,8010,,豊後竹田,阿蘇    ,大分乗務セ    ,282,2,,,,,1139,1228,便,1073,D,,1318
11125,B,便,1073,D,阿蘇    ,大分    ,大分乗務セ    ,282,3,,,,,1318,1507,終,,,,
11126,B,便,3060,M,大分    ,小倉    ,大分乗務セ    ,283,1,,,,,2130,2300,回,8325,,20,24
11127,B,回,8325,,小倉    ,大分    ,大分乗務セ    ,283,2,,,,20,24,204,回,8326,,,206
11128,B,回,8326,,大分    ,下郡信  ,大分乗務セ    ,283,3,,,,,206,210,便回,4621,M,,521
11129,B,便回,4621,M,下郡信  ,大分    ,大分乗務セ    ,283,4,,,,,521,525,終,,,,
11130,B,便,86,D,大分    ,日田    ,大分乗務セ    ,284,1,,,,,1836,2019,回,8319,,28,30
11131,B,回,8319,,日田    ,大分    ,大分乗務セ    ,284,2,,,,28,30,228,回,8320,,,617
11132,B,回,8320,,大分    ,下郡信  ,大分乗務セ    ,284,3,,,,,617,622,便回,6108,M,,700
11133,B,便回,6108,M,下郡信  ,大分    ,大分乗務セ    ,284,4,,,,,700,704,終,,,,
11134,B,便回,1638,M,大分    ,下郡信  ,大分乗務セ    ,285,1,,,,,2201,2205,回,8327,,,2338
11135,B,回,8327,,下郡信  ,大分    ,大分乗務セ    ,285,2,,,,,2338,2342,回,8328,,,210
11136,B,回,8328,,大分    ,日田    ,大分乗務セ    ,285,3,,,,,210,407,便,1823,D,,718
11137,B,便,1823,D,日田    ,大分    ,大分乗務セ    ,285,4,,,,,718,940,終,,,,
11140,B,便,366,M,熊本    ,大牟田  ,熊本乗務セ    ,201,1,,,,,1809,1900,便,368,M,,1902
11141,B,便,368,M,大牟田  ,鳥栖    ,熊本乗務セ    ,201,2,,,,,1902,1949,試,7379,M,2030,2032
11142,B,試,7379,M,鳥栖    ,熊本操  ,熊本乗務セ    ,201,3,,,,2030,2032,2220,便回,6355,M,,2326
11143,B,便回,6355,M,熊本操  ,熊本    ,熊本乗務セ    ,201,4,,,,,2326,2329,終,,,,
11144,B,便回,5331,M,熊本    ,熊本操  ,熊本乗務セ    ,202,1,,,,,942,945,試,7368,M,,1030
11145,B,試,7368,M,熊本操  ,鳥栖    ,熊本乗務セ    ,202,2,,,,,1030,1203,便,347,M,,1309
11146,B,便,347,M,鳥栖    ,大牟田  ,熊本乗務セ    ,202,3,,,,,1309,1353,便,5349,M,,1359
11147,B,便,5349,M,大牟田  ,熊本    ,熊本乗務セ    ,202,4,,,,,1359,1450,終,,,,
11148,B,便回,6421,M,熊本    ,熊本操  ,熊本乗務セ    ,203,1,,,,,1034,1037,試,7390,M,,1220
11149,B,試,7390,M,熊本操  ,熊本    ,熊本乗務セ    ,203,2,,,,,1220,1224,試,7391,M,,1228
11150,B,試,7391,M,熊本    ,八代    ,熊本乗務セ    ,203,3,,,,,1228,1258,試,7392,M,,1320
11151,B,試,7392,M,八代    ,熊本    ,熊本乗務セ    ,203,4,,,,,1320,1354,試,7393,M,,1403
11152,B,試,7393,M,熊本    ,熊本操  ,熊本乗務セ    ,203,5,,,,,1403,1407,便回,6424,M,,1440
11153,B,便回,6424,M,熊本操  ,熊本    ,熊本乗務セ    ,203,6,,,,,1440,1443,終,,,,
11154,B,便,366,M,熊本    ,大牟田  ,熊本乗務セ    ,211,1,,,,,1809,1900,便,368,M,,1902
11155,B,便,368,M,大牟田  ,鳥栖    ,熊本乗務セ    ,211,2,,,,,1902,1949,単,7379,,2030,2032
11156,B,単,7379,,鳥栖    ,熊本操  ,熊本乗務セ    ,211,3,,,,2030,2032,2220,便回,6355,M,,2326
11157,B,便回,6355,M,熊本操  ,熊本    ,熊本乗務セ    ,211,4,,,,,2326,2329,終,,,,
11158,B,便回,5331,M,熊本    ,熊本操  ,熊本乗務セ    ,212,1,,,,,942,945,単,7368,,,1030
11159,B,単,7368,,熊本操  ,鳥栖    ,熊本乗務セ    ,212,2,,,,,1030,1203,便,347,M,,1309
11160,B,便,347,M,鳥栖    ,大牟田  ,熊本乗務セ    ,212,3,,,,,1309,1353,便,5349,M,,1359
11161,B,便,5349,M,大牟田  ,熊本    ,熊本乗務セ    ,212,4,,,,,1359,1450,終,,,,
11162,B,便回,6421,M,熊本    ,熊本操  ,熊本乗務セ    ,213,1,,,,,1034,1037,試,7390,,,1220
11163,B,試,7390,,熊本操  ,熊本    ,熊本乗務セ    ,213,2,,,,,1220,1224,試,7391,,,1228
11164,B,試,7391,,熊本    ,八代    ,熊本乗務セ    ,213,3,,,,,1228,1258,試,7392,,,1320
11165,B,試,7392,,八代    ,熊本    ,熊本乗務セ    ,213,4,,,,,1320,1354,試,7393,,,1403
11166,B,試,7393,,熊本    ,熊本操  ,熊本乗務セ    ,213,5,,,,,1403,1407,便回,356,M,,1516
11167,B,便回,356,M,熊本操  ,熊本    ,熊本乗務セ    ,213,6,,,,,1516,1519,終,,,,
11168,B,便回,6421,M,熊本    ,熊本操  ,熊本乗務セ    ,214,1,,,,,1034,1037,試,7390,,,1220
11169,B,試,7390,,熊本操  ,熊本    ,熊本乗務セ    ,214,2,,,,,1220,1224,試,7391,,,1228
11170,B,試,7391,,熊本    ,八代    ,熊本乗務セ    ,214,3,,,,,1228,1258,試,7392,,,1320
11171,B,試,7392,,八代    ,熊本    ,熊本乗務セ    ,214,4,,,,,1320,1354,試,7393,,,1403
11172,B,試,7393,,熊本    ,熊本操  ,熊本乗務セ    ,214,5,,,,,1403,1407,便回,356,M,,1516
11173,B,便回,356,M,熊本操  ,熊本    ,熊本乗務セ    ,214,6,,,,,1516,1519,終,,,,
11174,B,便回,4321,M,熊本    ,熊本操  ,熊本乗務セ    ,215,1,,,,,1105,1108,単,7390,,,1220
11175,B,単,7390,,熊本操  ,熊本    ,熊本乗務セ    ,215,2,,,,,1220,1224,単,7391,,,1228
11176,B,単,7391,,熊本    ,八代    ,熊本乗務セ    ,215,3,,,,,1228,1258,単,7392,,,1320
11177,B,単,7392,,八代    ,熊本    ,熊本乗務セ    ,215,4,,,,,1320,1354,単,7393,,,1403
11178,B,単,7393,,熊本    ,熊本操  ,熊本乗務セ    ,215,5,,,,,1403,1407,便回,6424,M,,1440
11179,B,便回,6424,M,熊本操  ,熊本    ,熊本乗務セ    ,215,6,,,,,1440,1443,終,,,,
11180,B,便,366,M,熊本    ,大牟田  ,熊本乗務セ    ,221,1,,,,,1809,1900,便,368,M,,1902
11181,B,便,368,M,大牟田  ,鳥栖    ,熊本乗務セ    ,221,2,,,,,1902,1949,試,7379,D,2030,2032
11182,B,試,7379,D,鳥栖    ,熊本操  ,熊本乗務セ    ,221,3,,,,2030,2032,2220,便回,6355,M,,2326
11183,B,便回,6355,M,熊本操  ,熊本    ,熊本乗務セ    ,221,4,,,,,2326,2329,終,,,,
11184,B,便回,5331,M,熊本    ,熊本操  ,熊本乗務セ    ,222,1,,,,,942,945,試,7368,D,,1030
11185,B,試,7368,D,熊本操  ,鳥栖    ,熊本乗務セ    ,222,2,,,,,1030,1203,便,347,M,,1309
11186,B,便,347,M,鳥栖    ,大牟田  ,熊本乗務セ    ,222,3,,,,,1309,1353,便,5349,M,,1359
11187,B,便,5349,M,大牟田  ,熊本    ,熊本乗務セ    ,222,4,,,,,1359,1450,終,,,,
11188,B,便回,4321,M,熊本    ,熊本操  ,熊本乗務セ    ,223,1,,,,,1105,1108,試,7390,D,,1220
11189,B,試,7390,D,熊本操  ,熊本    ,熊本乗務セ    ,223,2,,,,,1220,1224,試,7391,D,,1228
11190,B,試,7391,D,熊本    ,八代    ,熊本乗務セ    ,223,3,,,,,1228,1258,試,7392,D,,1320
11191,B,試,7392,D,八代    ,熊本    ,熊本乗務セ    ,223,4,,,,,1320,1354,試,7393,D,,1403
11192,B,試,7393,D,熊本    ,熊本操  ,熊本乗務セ    ,223,5,,,,,1403,1407,便回,6424,M,,1440
11193,B,便回,6424,M,熊本操  ,熊本    ,熊本乗務セ    ,223,6,,,,,1440,1443,終,,,,
11194,B,便回,1440,M,熊本    ,熊本操  ,熊本乗務セ    ,231,1,,,,,851,854,単,8320,,,937
11195,B,単,8320,,熊本操  ,植木    ,熊本乗務セ    ,231,2,,,,,937,954,単,8321,,,1004
11196,B,単,8321,,植木    ,八代    ,熊本乗務セ    ,231,3,,,,,1004,1109,単,8322,,,1209
11197,B,単,8322,,八代    ,熊本    ,熊本乗務セ    ,231,4,,,,,1209,1254,単,8323,,,1259
11198,B,単,8323,,熊本    ,八代    ,熊本乗務セ    ,231,5,,,,,1259,1344,単,8324,,,1353
11199,B,単,8324,,八代    ,熊本    ,熊本乗務セ    ,231,6,,,,,1353,1451,単,8327,,,1457
11200,B,単,8327,,熊本    ,熊本操  ,熊本乗務セ    ,231,7,,,,,1457,1501,便回,1479,M,,1625
11201,B,便回,1479,M,熊本操  ,熊本    ,熊本乗務セ    ,231,8,,,,,1625,1628,終,,,,
11202,B,便回,1440,M,熊本    ,熊本操  ,熊本乗務セ    ,232,1,,,,,851,854,単,8320,,,937
11203,B,単,8320,,熊本操  ,植木    ,熊本乗務セ    ,232,2,,,,,937,954,単,8321,,,1004
11204,B,単,8321,,植木    ,八代    ,熊本乗務セ    ,232,3,,,,,1004,1109,単,8322,,,1209
11205,B,単,8322,,八代    ,熊本    ,熊本乗務セ    ,232,4,,,,,1209,1254,単,8325,,,1259
11206,B,単,8325,,熊本    ,熊本操  ,熊本乗務セ    ,232,5,,,,,1259,1303,便回,6424,M,,1440
11207,B,便回,6424,M,熊本操  ,熊本    ,熊本乗務セ    ,232,6,,,,,1440,1443,終,,,,
11208,B,便,334,M,熊本    ,大牟田  ,熊本乗務セ    ,241,1,,,,,910,1001,,8101,M,1057,1058
11209,B,,8101,M,大牟田  ,熊本    ,熊本乗務セ    ,241,2,,,,1057,1058,1152,,8103,M,,1202
11210,B,,8103,M,熊本    ,八代    ,熊本乗務セ    ,241,3,,,,,1202,1229,,8103,M,,1236
11211,B,,8103,M,八代    ,出水    ,熊本乗務セ    ,241,4,,,,,1236,1348,便,758,A,,1409
11212,B,便,758,A,出水　幹,熊本　幹,熊本乗務セ    ,241,5,,,,,1409,1441,終,,,,
11213,B,便回,6332,M,熊本    ,熊本操  ,熊本乗務セ    ,251,1,,,,,916,919,回,8031,D,,1004
11214,B,回,8031,D,熊本操  ,熊本    ,熊本乗務セ    ,251,2,,,,,1004,1007,,8031,D,,1021
11215,B,,8031,D,熊本    ,三角    ,熊本乗務セ    ,251,3,,,,,1021,1130,,8032,D,,1158
11216,B,,8032,D,三角    ,熊本    ,熊本乗務セ    ,251,4,,,,,1158,1237,,8033,D,,1306
11217,B,,8033,D,熊本    ,三角    ,熊本乗務セ    ,251,5,,,,,1306,1410,,8034,D,1618,1635
11218,B,,8034,D,三角    ,熊本    ,熊本乗務セ    ,251,6,,,,1618,1635,1713,回,8034,D,,1726
11219,B,回,8034,D,熊本    ,熊本操  ,熊本乗務セ    ,251,7,,,,,1726,1729,便回,1489,M,,1756
11220,B,便回,1489,M,熊本操  ,熊本    ,熊本乗務セ    ,251,8,,,,,1756,1759,終,,,,
11221,B,便,8091,D,熊本    ,宮地    ,熊本乗務セ    ,261,1,,,,,957,1132,回,8220,,1220,1223
11222,B,回,8220,,宮地    ,阿蘇    ,熊本乗務セ    ,261,2,,,,1220,1223,1228,,8220,,,1412
11223,B,,8220,,阿蘇    ,熊本    ,熊本乗務セ    ,261,3,,,,,1412,1517,,8222,,,1518
11224,B,,8222,,熊本    ,久留米  ,熊本乗務セ    ,261,4,,,,,1518,1629,便,5361,M,,1644
11225,B,便,5361,M,久留米  ,熊本    ,熊本乗務セ    ,261,5,,,,,1644,1817,,,,,
11226,B,便,8081,D,熊本    ,宮地    ,熊本乗務セ    ,261,1,,,,,957,1132,回,8220,,1220,1223
11227,B,回,8220,,宮地    ,阿蘇    ,熊本乗務セ    ,261,2,,,,1220,1223,1228,,8220,,,1412
11228,B,,8220,,阿蘇    ,熊本    ,熊本乗務セ    ,261,3,,,,,1412,1517,,8222,,,1518
11229,B,,8222,,熊本    ,久留米  ,熊本乗務セ    ,261,4,,,,,1518,1629,便,5361,M,,1644
11230,B,便,5361,M,久留米  ,熊本    ,熊本乗務セ    ,261,5,,,,,1644,1817,終,,,,
11231,B,便,1071,D,熊本    ,阿蘇    ,熊本乗務セ    ,262,1,,,,,825,954,,8412,,,1147
11232,B,,8412,,阿蘇    ,熊本    ,熊本乗務セ    ,262,2,,,,,1147,1312,回,8412,,,1404
11233,B,回,8412,,熊本    ,久留米  ,熊本乗務セ    ,262,3,,,,,1404,1526,便,357,M,,1542
11234,B,便,357,M,久留米  ,大牟田  ,熊本乗務セ    ,262,4,,,,,1542,1619,便,361,M,,1651
11235,B,便,361,M,大牟田  ,熊本    ,熊本乗務セ    ,262,5,,,,,1651,1743,終,,,,
11236,B,便,4320,M,熊本    ,鳥栖    ,熊本乗務セ    ,263,1,,,,,845,1012,,8201,,1131,1136
11237,B,,8201,,鳥栖    ,熊本    ,熊本乗務セ    ,263,2,,,,1131,1136,1410,,8203,,,1412
11238,B,,8203,,熊本    ,八代    ,熊本乗務セ    ,263,3,,,,,1412,1447,便,6338,M,,1511
11239,B,便,6338,M,八代    ,熊本    ,熊本乗務セ    ,263,4,,,,,1511,1550,終,,,,
11240,B,便,1073,D,熊本    ,阿蘇    ,熊本乗務セ    ,264,1,,,,,1151,1316,,8012,,,1412
11241,B,,8012,,阿蘇    ,熊本    ,熊本乗務セ    ,264,2,,,,,1412,1517,,8014,,,1518
11242,B,,8014,,熊本    ,久留米  ,熊本乗務セ    ,264,3,,,,,1518,1629,便,363,M,,1714
11243,B,便,363,M,久留米  ,大牟田  ,熊本乗務セ    ,264,4,,,,,1714,1752,便,365,M,,1756
11244,B,便,365,M,大牟田  ,熊本    ,熊本乗務セ    ,264,5,,,,,1756,1850,終,,,,
11245,B,便,745,A,熊本　幹,出水　幹,熊本乗務セ    ,265,1,,,,,1117,1149,,8124,,1216,1235
11246,B,,8124,,出水    ,八代    ,熊本乗務セ    ,265,2,,,,1216,1235,1429,,8126,,,1435
11247,B,,8126,,八代    ,久留米  ,熊本乗務セ    ,265,3,,,,,1435,1629,便,363,M,,1714
11248,B,便,363,M,久留米  ,大牟田  ,熊本乗務セ    ,265,4,,,,,1714,1752,便,365,M,,1756
11249,B,便,365,M,大牟田  ,熊本    ,熊本乗務セ    ,265,5,,,,,1756,1850,終,,,,
11250,B,便,5343,M,熊本    ,八代    ,熊本乗務セ    ,266,1,,,,,1329,1406,,8205,,1447,1706
11251,B,,8205,,八代    ,出水    ,熊本乗務セ    ,266,2,,,,1447,1706,2032,便,338,A,,2123
11252,B,便,338,A,出水　幹,熊本　幹,熊本乗務セ    ,266,3,,,,,2123,2155,終,,,,
11253,B,便,6012,M,鹿児島中,南宮崎  ,鹿児島乗務セ  ,240,1,,,,,1355,1559,回,8755,M,,1916
11254,B,回,8755,M,南宮崎  ,鹿児島中,鹿児島乗務セ  ,240,2,,,,,1916,2211,終,,,,
11255,B,試,7190,M,鹿児島中,川内    ,鹿児島乗務セ  ,241,1,,,,,1041,1202,試,7193,M,,1337
11256,B,試,7193,M,川内    ,鹿児島中,鹿児島乗務セ  ,241,2,,,,,1337,1445,終,,,,
11257,B,試,7922,M,鹿児島中,北俣    ,鹿児島乗務セ  ,242,1,,,,,1128,1304,試,7924,M,,1347
11258,B,試,7924,M,北俣    ,南宮崎  ,鹿児島乗務セ  ,242,2,,,,,1347,1507,便,6013,M,,1625
11259,B,便,6013,M,南宮崎  ,鹿児島中,鹿児島乗務セ  ,242,3,,,,,1625,1831,終,,,,
11260,B,便,6006,M,鹿児島中,南宮崎  ,鹿児島乗務セ  ,243,1,,,,,849,1054,試,7923,M,,1213
11261,B,試,7923,M,南宮崎  ,田野    ,鹿児島乗務セ  ,243,2,,,,,1213,1228,試,7925,M,,1252
11262,B,試,7925,M,田野    ,鹿児島中,鹿児島乗務セ  ,243,3,,,,,1252,1611,終,,,,
11263,B,回,8752,M,鹿児島中,南宮崎  ,鹿児島乗務セ  ,244,1,,,,,2046,2358,便,6001,M,,552
11264,B,便,6001,M,南宮崎  ,鹿児島中,鹿児島乗務セ  ,244,2,,,,,552,810,終,,,,
11265,B,試,7890,D,鹿児島中,国分    ,鹿児島乗務セ  ,260,1,,,,,1015,1115,試,7891,D,,1156
11266,B,試,7891,D,国分    ,鹿児島中,鹿児島乗務セ  ,260,2,,,,,1156,1251,終,,,,
11267,B,試,7922,D,鹿児島中,北俣    ,鹿児島乗務セ  ,261,1,,,,,1128,1316,試,7924,D,,1347
11268,B,試,7924,D,北俣    ,南宮崎  ,鹿児島乗務セ  ,261,2,,,,,1347,1507,便,6013,M,,1625
11269,B,便,6013,M,南宮崎  ,鹿児島中,鹿児島乗務セ  ,261,3,,,,,1625,1831,終,,,,
11270,B,便,6006,M,鹿児島中,南宮崎  ,鹿児島乗務セ  ,262,1,,,,,849,1054,試,7923,D,,1213
11271,B,試,7923,D,南宮崎  ,田野    ,鹿児島乗務セ  ,262,2,,,,,1213,1232,試,7925,D,,1252
11272,B,試,7925,D,田野    ,鹿児島中,鹿児島乗務セ  ,262,3,,,,,1252,1611,終,,,,
11273,B,便,6018,M,鹿児島中,南宮崎  ,鹿児島乗務セ  ,263,1,,,,,2020,2235,回,8751,D,,604
11274,B,回,8751,D,南宮崎  ,都城    ,鹿児島乗務セ  ,263,2,,,,,604,738,回,8753,D,,832
11275,B,回,8753,D,都城    ,鹿児島中,鹿児島乗務セ  ,263,3,,,,,832,1048,終,,,,
11276,B,回,8752,D,鹿児島中,南宮崎  ,鹿児島乗務セ  ,264,1,,,,,2046,2358,便,6001,M,,552
11277,B,便,6001,M,南宮崎  ,鹿児島中,鹿児島乗務セ  ,264,2,,,,,552,810,終,,,,
11278,B,,8102,M,鹿児島中,大川原  ,鹿児島乗務セ  ,280,1,,,,,1122,1326,,8104,M,,1414
11279,B,,8104,M,大川原  ,宮崎    ,鹿児島乗務セ  ,280,2,,,,,1414,1540,回,8104,M,,1609
11280,B,回,8104,M,宮崎    ,南宮崎  ,鹿児島乗務セ  ,280,3,,,,,1609,1612,便,6015,M,,1724
11281,B,便,6015,M,南宮崎  ,鹿児島中,鹿児島乗務セ  ,280,4,,,,,1724,1935,終,,,,
11282,B,便,404,A,鹿中央幹,出水　幹,鹿児島乗務セ  ,281,1,,,,,1220,1244,,8105,M,1348,1357
11283,B,,8105,M,出水    ,川内    ,鹿児島乗務セ  ,281,2,,,,1348,1357,1534,,8105,M,,1536
11284,B,,8105,M,川内    ,鹿児島中,鹿児島乗務セ  ,281,3,,,,,1536,1626,終,,,,
11285,B,回,8452,M,鹿児島中,川内    ,鹿児島乗務セ  ,282,1,,,,1432,1443,1524,回,8453,M,,1529
11286,B,回,8453,M,川内    ,鹿児島中,鹿児島乗務セ  ,282,2,,,,,1529,1613,終,,,,
11287,B,便,6016,M,鹿児島中,都城    ,鹿児島乗務セ  ,290,1,,,,,1839,2006,,8119,,2058,2122
11288,B,,8119,,都城    ,鹿児島中,鹿児島乗務セ  ,290,2,,,,2058,2122,2351,終,,,,
11289,B,,8120,,鹿児島中,川内    ,鹿児島乗務セ  ,291,1,,,,,501,721,,8122,,,1032
11290,B,,8122,,川内    ,出水    ,鹿児島乗務セ  ,291,2,,,,,1032,1216,便,749,A,,1313
11291,B,便,749,A,出水　幹,鹿中央幹,鹿児島乗務セ  ,291,3,,,,,1313,1337,終,,,,
11292,B,便,7798,A,鹿中央幹,出水　幹,鹿児島乗務セ  ,292,1,,,,,1927,1951,,8207,,2032,2045
11293,B,,8207,,出水    ,川内    ,鹿児島乗務セ  ,292,2,,,,2032,2045,2251,,8209,,,2257
11294,B,,8209,,川内    ,鹿児島中,鹿児島乗務セ  ,292,3,,,,,2257,10,,8210,,,553
11295,B,,8210,,鹿児島中,霧島神宮,鹿児島乗務セ  ,292,4,,,,,553,713,,8212,,,805
11296,B,,8212,,霧島神宮,都城    ,鹿児島乗務セ  ,292,5,,,,,805,855,便,6005,M,,1009
11297,B,便,6005,M,都城    ,鹿児島中,鹿児島乗務セ  ,292,6,,,,,1009,1128,構回,8054,D,2248,2248
11298,B,構回,8054,D,南宮崎  ,南宮崎  ,宮崎乗務セ    ,33,7,,,,2248,2248,2252,構回,8104,M,2252,2252
11299,B,構回,8104,M,南宮崎  ,南宮崎  ,宮崎乗務セ    ,21,11,,,,2252,2252,2257,構回,8102,M,455,455
11300,B,構回,8102,M,南宮崎  ,南宮崎  ,宮崎乗務セ    ,21,12,,,,455,455,500,終,,,,
11301,B,試,7722,M,南宮崎  ,高鍋    ,宮崎乗務セ    ,201,1,,,,,528,601,試,7724,M,,739
11302,B,試,7724,M,高鍋    ,延岡    ,宮崎乗務セ    ,201,2,,,,,739,929,便,5003,M,,1033
11303,B,便,5003,M,延岡    ,南宮崎  ,宮崎乗務セ    ,201,3,,,,,1033,1144,終,,,,
11304,B,便,5072,M,南宮崎  ,延岡    ,宮崎乗務セ    ,202,1,,,,,1126,1242,試,7723,M,1328,1344
11305,B,試,7723,M,延岡    ,南宮崎  ,宮崎乗務セ    ,202,2,,,,1328,1344,1650,終,,,,
11306,B,便,5076,M,南宮崎  ,延岡    ,宮崎乗務セ    ,203,1,,,,,1523,1645,試,7735,M,1751,1758
11307,B,試,7735,M,延岡    ,門川    ,宮崎乗務セ    ,203,2,,,,1751,1758,1813,試,7737,M,,1900
11308,B,試,7737,M,門川    ,南宮崎  ,宮崎乗務セ    ,203,3,,,,,1900,2159,終,,,,
11309,B,便,5016,M,南宮崎  ,延岡    ,宮崎乗務セ    ,204,1,,,,,1724,1842,試,7739,M,2005,2007
11310,B,試,7739,M,延岡    ,南宮崎  ,宮崎乗務セ    ,204,2,,,,2005,2007,2247,終,,,,
11311,B,試,7722,D,南宮崎  ,高鍋    ,宮崎乗務セ    ,211,1,,,,,528,601,試,7724,D,,739
11312,B,試,7724,D,高鍋    ,延岡    ,宮崎乗務セ    ,211,2,,,,,739,929,便,5003,M,,1033
11313,B,便,5003,M,延岡    ,南宮崎  ,宮崎乗務セ    ,211,3,,,,,1033,1144,終,,,,
11314,B,便,5072,M,南宮崎  ,延岡    ,宮崎乗務セ    ,212,1,,,,,1126,1242,試,7723,D,1328,1344
11315,B,試,7723,D,延岡    ,南宮崎  ,宮崎乗務セ    ,212,2,,,,1328,1344,1650,終,,,,
11316,B,便,5076,M,南宮崎  ,延岡    ,宮崎乗務セ    ,213,1,,,,,1523,1645,試,7735,D,1751,1758
11317,B,試,7735,D,延岡    ,門川    ,宮崎乗務セ    ,213,2,,,,1751,1758,1811,試,7737,D,,1900
11318,B,試,7737,D,門川    ,南宮崎  ,宮崎乗務セ    ,213,3,,,,,1900,2159,終,,,,
11319,B,便,5016,M,南宮崎  ,延岡    ,宮崎乗務セ    ,214,1,,,,,1724,1842,試,7739,D,2005,2007
11320,B,試,7739,D,延岡    ,南宮崎  ,宮崎乗務セ    ,214,2,,,,2005,2007,2247,終,,,,
11321,B,回,8051,D,南宮崎  ,宮崎    ,宮崎乗務セ    ,250,1,,,,,928,933,,8051,D,,943
11322,B,,8051,D,宮崎    ,宮崎空港,宮崎乗務セ    ,250,2,,,,,943,953,,8052,D,,1000
11323,B,,8052,D,宮崎空港,田吉    ,宮崎乗務セ    ,250,3,,,,,1000,1002,,8053,D,,1008
11324,B,,8053,D,田吉    ,南郷    ,宮崎乗務セ    ,250,4,,,,,1008,1132,,8054,D,1350,1400
11325,B,,8054,D,南郷    ,宮崎    ,宮崎乗務セ    ,250,5,,,,1350,1400,1535,回,8054,D,,1553
11326,B,回,8054,D,宮崎    ,南宮崎  ,宮崎乗務セ    ,250,6,,,,,1553,1557,構回,8054,D,1706,1706
11327,B,構回,8054,D,南宮崎  ,南宮崎  ,宮崎乗務セ    ,250,7,,,,1706,1706,1718,終,,,,
11328,B,回,8102,M,南宮崎  ,宮崎    ,宮崎乗務セ    ,260,1,,,,,1035,1039,回,8106,M,,1105
11329,B,回,8106,M,宮崎    ,宮崎空港,宮崎乗務セ    ,260,2,,,,,1105,1123,,8106,M,,1136
11330,B,,8106,M,宮崎空港,延岡    ,宮崎乗務セ    ,260,3,,,,,1136,1328,便,5007,M,,1421
11331,B,便,5007,M,延岡    ,南宮崎  ,宮崎乗務セ    ,260,4,,,,,1421,1544,終,,,,
11332,B,便,6003,M,南宮崎  ,都城    ,宮崎乗務セ    ,270,1,,,,,713,805,,8212,,855,931
11333,B,,8212,,都城    ,南宮崎  ,宮崎乗務セ    ,270,2,,,,855,931,1039,,8214,,,1045
11334,B,,8214,,南宮崎  ,日向市  ,宮崎乗務セ    ,270,3,,,,,1045,1239,回,8214,,,1257
11335,B,回,8214,,日向市  ,延岡    ,宮崎乗務セ    ,270,4,,,,,1257,1330,便,5007,M,,1421
11336,B,便,5007,M,延岡    ,南宮崎  ,宮崎乗務セ    ,270,5,,,,,1421,1544,終,,,,
11337,B,便,5074,M,南宮崎  ,延岡    ,宮崎乗務セ    ,271,1,,,,,1322,1444,,8115,,1507,1509
11338,B,,8115,,延岡    ,川南    ,宮崎乗務セ    ,271,2,,,,1507,1509,1640,,8117,,,1709
11339,B,,8117,,川南    ,都城    ,宮崎乗務セ    ,271,3,,,,,1709,2058,便,6018,M,,2148
11340,B,便,6018,M,都城    ,南宮崎  ,宮崎乗務セ    ,271,4,,,,,2148,2235,,8070,M,944,948
11499,B,,8082,D,宮地    ,熊本    ,熊本乗務セ    ,7,2,,,,1157,1202,1320,回,8081,D,,926
11500,B,回,8081,D,熊本操  ,熊本    ,熊本乗務セ    ,9,15,,,,,926,930,終,,,,
11501,B,,8081,D,熊本    ,宮地    ,熊本乗務セ    ,10,1,,,,930,957,1132,便回,8081,D,,926
11502,B,便回,8081,D,熊本操  ,熊本    ,熊本乗務セ    ,23,16,,,,,926,930,便回,8081,D,,926
11503,B,便回,8081,D,熊本操  ,熊本    ,熊本乗務セ    ,31,16,,,,,926,930,便回,8081,D,,926
11504,B,便回,8081,D,熊本操  ,熊本    ,熊本乗務セ    ,45,16,,,,,926,930,,8084,D,1543,1548
11505,B,,8084,D,宮地    ,熊本    ,熊本乗務セ    ,5,4,,,,1543,1548,1708,回,8084,D,,1718
11506,B,回,8084,D,熊本    ,熊本操  ,熊本乗務セ    ,5,5,,,,,1718,1721,終,,,,
11509,B,,8083,D,熊本    ,宮地    ,熊本乗務セ    ,5,3,,,,1320,1336,1511,終,,,,
