線コード,線名,線別コード,線別,キロ程,構造物名称,トンネル形式,延長,開始キロ程,終了キロ程,アーチスラブ材質,左側壁材質,右側壁材質,退避所間隔左,退避所間隔右,取得年月日,検査対象
291,山陽本線,21,下り線,530614,関門　下り,１号形,3614.04,530614,534228.04,鉄筋コンクリート,鉄筋コンクリート,鉄筋コンクリート,0,20,1942/12/1,対象
291,山陽本線,21,下り線,530614,関門　下り,１号形,3614.04,530614,534228.04,鉄筋コンクリート,鉄筋コンクリート,鉄筋コンクリート,0,20,1942/12/1,対象
291,山陽本線,21,下り線,530614,関門　下り,１号形,3614.04,530614,534228.04,鉄筋コンクリート,鉄筋コンクリート,鉄筋コンクリート,0,20,1942/12/1,対象
291,山陽本線,21,下り線,530614,関門　下り,１号形,3614.04,530614,534228.04,鉄筋コンクリート,鉄筋コンクリート,鉄筋コンクリート,0,20,1942/12/1,対象
291,山陽本線,21,下り線,530614,関門　下り,１号形,3614.04,530614,534228.04,鉄筋コンクリート,鉄筋コンクリート,鉄筋コンクリート,0,20,1942/12/1,対象
291,山陽本線,21,下り線,530614,関門　下り,１号形,3614.04,530614,534228.04,鉄筋コンクリート,鉄筋コンクリート,鉄筋コンクリート,0,20,1942/12/1,対象
291,山陽本線,22,上り線,530622,関門　上り,１号形,3604.63,530622,534226.63,鉄筋コンクリート,鉄筋コンクリート,鉄筋コンクリート,0,20,1944/12/1,対象
291,山陽本線,22,上り線,530622,関門　上り,１号形,3604.63,530622,534226.63,鉄筋コンクリート,鉄筋コンクリート,鉄筋コンクリート,0,20,1944/12/1,対象
291,山陽本線,22,上り線,530622,関門　上り,１号形,3604.63,530622,534226.63,鉄筋コンクリート,鉄筋コンクリート,鉄筋コンクリート,0,20,1944/12/1,対象
291,山陽本線,22,上り線,530622,関門　上り,１号形,3604.63,530622,534226.63,鉄筋コンクリート,鉄筋コンクリート,鉄筋コンクリート,0,20,1944/12/1,対象
291,山陽本線,22,上り線,530622,関門　上り,１号形,3604.63,530622,534226.63,鉄筋コンクリート,鉄筋コンクリート,鉄筋コンクリート,0,20,1944/12/1,対象
291,山陽本線,22,上り線,530622,関門　上り,１号形,3604.63,530622,534226.63,鉄筋コンクリート,鉄筋コンクリート,鉄筋コンクリート,0,20,1944/12/1,対象
711,鹿児島本線,21,下り線,42513.98,城山　下り,特１号形,694.03,42513.98,43208.01,煉瓦,煉瓦,煉瓦,0,40,1909/12/1,対象
711,鹿児島本線,21,下り線,183200,田原坂　下り,円（含シールド）,940,183200,184140,コンクリート,コンクリート,コンクリート,30,0,1966/12/1,対象
711,鹿児島本線,21,下り線,358154,第一金山　下り,特１号形,357.3,358154,358511.3,コンクリート,コンクリート,コンクリート,0,40,1967/1/1,対象
711,鹿児島本線,21,下り線,387440,饅頭石　下り,特１号形,960,387440,388400,コンクリート,コンクリート,コンクリート,0,41,1968/12/1,対象
711,鹿児島本線,21,下り線,388512,第一松谷　下り,特１号形,635,388512,389147,コンクリート,コンクリート,コンクリート,40,0,1968/12/1,対象
711,鹿児島本線,21,下り線,390702,第二松谷　下り,特１号形,1250,390702,391952,コンクリート,コンクリート,コンクリート,40,0,1968/12/1,対象
711,鹿児島本線,21,下り線,398200,城山　下り,特１号形,726,398200,398926,コンクリート,コンクリート,コンクリート,0,40,1970/12/1,対象
711,鹿児島本線,22,上り線,42515,城山　上り,特１号形,728,42515,43243,コンクリート,コンクリート,コンクリート,0,30,1960/12/1,対象
711,鹿児島本線,22,上り線,387597.4,饅頭石　上り,特１号形,616,387597.4,388213.4,コンクリート,コンクリート,コンクリート,0,40,1913/12/1,対象
711,鹿児島本線,22,上り線,398150.75,城山　上り,特１号形,798.25,398150.75,398949,コンクリート,コンクリート,コンクリート,0,36,1970/12/1,対象
711,鹿児島本線,23,上下線,18069,牧山　上下,複線交流曲,605,18069,18674,コンクリート,コンクリート,コンクリート,20,0,1965/12/1,対象
711,鹿児島本線,23,上下線,171925.92,第一桃田　上下,複線交流曲,147,171925.92,172072.92,コンクリート,コンクリート,コンクリート,35,35,1967/12/1,対象
711,鹿児島本線,23,上下線,172141.64,第二桃田　上下,複線交流曲,100,172141.64,172241.64,コンクリート,コンクリート,コンクリート,35,35,1967/12/1,対象
711,鹿児島本線,23,上下線,357330,芹ヶ野　上下,複線直流直,530,357330,357860,吹付コンクリート,コンクリート,コンクリート,40,40,1967/3/1,対象
711,鹿児島本線,23,上下線,358716,第二金山　上下,複線直流曲,284,358716,359000,コンクリート,コンクリート,コンクリート,40,0,1966/9/1,対象
711,鹿児島本線,23,上下線,360652,薩摩山　上下,複線交流曲,263,360652,360915,コンクリート,コンクリート,コンクリート,0,40,1966/5/1,対象
711,鹿児島本線,23,上下線,375966.89,苗代川　上下,複線交流曲,565,375966.89,376531.89,コンクリート,コンクリート,コンクリート,0,40,1969/12/1,対象
711,鹿児島本線,23,上下線,377655,太田　上下,複線交流曲,733,377655,378388,コンクリート,コンクリート,コンクリート,36.5,0,1970/12/1,対象
711,鹿児島本線,23,上下線,378558,徳重　上下,複線交流曲,106.5,378558,378664.5,コンクリート,コンクリート,コンクリート,35,0,1980/12/1,対象
711,鹿児島本線,23,上下線,386619.53,松元　上下,複線交流曲,243.7,386619.53,386863.23,コンクリート,コンクリート,コンクリート,30,0,1980/12/1,対象
711,鹿児島本線,23,上下線,392221.5,広木　上下,複線交流曲,651,392221.5,392872.5,コンクリート,コンクリート,コンクリート,0,40,1968/12/1,対象
725,篠栗線,10,単線,12720,第一鳴渕　単線,特１号形,255,12720,12975,コンクリート,コンクリート,コンクリート,35,0,1967/12/1,対象
725,篠栗線,10,単線,13163,第二鳴渕　単線,特１号形,142,13163,13305,コンクリート,コンクリート,コンクリート,0,35,1967/12/1,対象
725,篠栗線,10,単線,14378,城戸　単線,特１号形,87,14378,14465,コンクリート,コンクリート,コンクリート,0,43,1967/12/1,対象
725,篠栗線,10,単線,15125,篠栗　単線,特１号形,4550,15125,19675,コンクリート,コンクリート,コンクリート,0,40,1967/12/1,対象
731,筑肥線,10,単線,33992,佐波　単線,甲形,187,33992,34179,コンクリート,コンクリート,コンクリート,40,0,1983/12/1,対象
731,筑肥線,10,単線,35031.96,薬師　単線,甲形,52.4,35031.96,35084.36,コンクリート,コンクリート,コンクリート,26,0,1982/12/1,対象
731,筑肥線,10,単線,35574.5,前田　単線,甲形,65.69,35574.5,35640.19,コンクリート,コンクリート,コンクリート,33,0,1982/12/1,対象
731,筑肥線,10,単線,39953,白石　単線,甲形,88,39953,40041,コンクリート,コンクリート,コンクリート,0,36,1923/12/1,対象
731,筑肥線,10,単線,40690,姉子　単線,甲形,89,40690,40779,コンクリート,コンクリート,コンクリート,0,36,1983/12/1,対象
731,筑肥線,10,単線,41705,鹿家　単線,甲形,220,41705,41925,コンクリート,コンクリート,コンクリート,40,0,1982/12/1,対象
731,筑肥線,10,単線,43750,深浜　単線,甲形,230,43750,43980,コンクリート,コンクリート,コンクリート,40,0,1982/12/1,対象
731,筑肥線,10,単線,44897,金山　単線,甲形,338,44897,45235,コンクリート,コンクリート,コンクリート,40,0,1982/12/1,対象
731,筑肥線,10,単線,45375,恵比須鼻　単線,甲形,250,45375,45625,コンクリート,コンクリート,コンクリート,40,0,1982/10/1,対象
731,筑肥線,10,単線,46211,渕の上　単線,甲形,95,46211,46306,コンクリート,コンクリート,コンクリート,36,0,1923/12/1,対象
731,筑肥線,10,単線,64921,久保　単線,甲形,111.8,64921,65032.8,コンクリート,コンクリート,コンクリート,0,0,1935/12/1,対象
731,筑肥線,10,単線,66376,和田山　単線,甲形,120.5,66376,66496.5,コンクリート,コンクリート,コンクリート,0,0,1935/12/1,対象
731,筑肥線,10,単線,70848.19,駒鳴　単線,甲形,144,70848.19,70992.19,コンクリート,コンクリート,コンクリート,29,0,1935/12/1,対象
731,筑肥線,21,下り線,15840,長垂　下り,甲形,565,15840,16405,コンクリート,コンクリート,コンクリート,0,40,1982/12/1,対象
731,筑肥線,22,上り線,16232,長垂　上り,１号形,150.7,16232,16382.7,コンクリート,コンクリート,コンクリート,0,37,1999/9/1,対象
737,三角線,10,単線,18471.69,赤瀬　単線,甲形,675.92,18471.69,19147.61,煉瓦,煉瓦,煉瓦,40,39,1899-12-01,対象
737,三角線,10,単線,23246.77,塩屋　単線,甲形,100.59,23246.77,23347.36,煉瓦,煉瓦,煉瓦,0,40,1899-12-01,対象
741,肥薩線,10,単線,2405.16,宮松　単線,甲形,231.35,2405.16,2636.51,煉瓦,石,石,38,0,1908/12/1,対象
741,肥薩線,10,単線,6640.76,高除　単線,甲形,462.68,6640.76,7103.44,煉瓦,石,石,40,0,1908/12/1,対象
741,肥薩線,10,単線,7208.61,草懸　単線,甲形,114.67,7208.61,7323.28,煉瓦,石,石,38,0,1908/12/1,対象
741,肥薩線,10,単線,8391.48,生名子　単線,甲形,120.7,8391.48,8512.18,煉瓦,石,石,40,0,1908/12/1,対象
741,肥薩線,10,単線,9809.48,和田山　単線,甲形,186.08,9809.48,9995.56,煉瓦,石,石,40,0,1908/12/1,対象
741,肥薩線,10,単線,12193.32,藤本　単線,甲形,472.74,12193.32,12666.06,煉瓦,煉瓦,煉瓦,55,0,1908/12/1,対象
741,肥薩線,10,単線,15323.95,葉木　単線,甲形,200.17,15323.95,15524.12,煉瓦,煉瓦,煉瓦,40,0,1908/12/1,対象
741,肥薩線,10,単線,17168.66,鎌瀬　単線,甲形,371.74,17168.66,17540.4,煉瓦,煉瓦,煉瓦,0,46,1908/12/1,対象
741,肥薩線,10,単線,18877.28,瀬戸石　単線,甲形,98.58,18877.28,18975.86,煉瓦,煉瓦,煉瓦,0,49,1908/12/1,対象
741,肥薩線,10,単線,20800,高田辺　単線,特１号形,395,20800,21195,コンクリート,コンクリート,コンクリート,40,0,1956/12/1,対象
741,肥薩線,10,単線,28300.4,第一箙瀬　単線,甲形,60.35,28300.4,28360.75,煉瓦,石,石,,,1908/12/1,対象
741,肥薩線,10,単線,28921,第二箙瀬　単線,甲形,37.21,28921,28958.21,煉瓦,石,石,,,1908/12/1,対象
741,肥薩線,10,単線,29014.54,第三箙瀬　単線,甲形,140.82,29014.54,29155.36,煉瓦,石,石,0,50,1908/12/1,対象
741,肥薩線,10,単線,31038.82,瀬比良山　単線,甲形,186.08,31038.82,31224.9,煉瓦,石,石,0,38,1908/12/1,対象
741,肥薩線,10,単線,32082.88,小口　単線,甲形,269.56,32082.88,32352.44,煉瓦,石,石,0,54,1908/12/1,対象
741,肥薩線,10,単線,33104.87,鵜之巣　単線,甲形,349.03,33104.87,33453.9,煉瓦,石,石,0,40,1908/12/1,対象
741,肥薩線,10,単線,33543.42,告　単線,甲形,869.04,33543.42,34412.46,煉瓦,石,石,235,50,1908/12/1,対象
741,肥薩線,10,単線,34534.17,舅落　単線,甲形,141.82,34534.17,34675.99,煉瓦,石,石,0,50,1908/12/1,対象
741,肥薩線,10,単線,36645.83,八重尾山第一　単線,甲形,80.47,36645.83,36726.3,煉瓦,煉瓦,煉瓦,0,40,1908/12/1,対象
741,肥薩線,10,単線,36911.55,八重尾山第二　単線,甲形,210.04,36911.55,37121.59,煉瓦,煉瓦,煉瓦,0,46,1908/12/1,対象
741,肥薩線,10,単線,40975.05,八貫　単線,甲形,308.76,40975.05,41283.81,煉瓦,石,石,0,38,1908/12/1,対象
741,肥薩線,10,単線,41441.76,舟木谷第一　単線,甲形,162.94,41441.76,41604.7,煉瓦,石,石,0,40,1908/12/1,対象
741,肥薩線,10,単線,41666.06,舟木谷第二　単線,甲形,145.84,41666.06,41811.9,煉瓦,石,石,0,37,1908/12/1,対象
741,肥薩線,10,単線,46750.92,城山　単線,甲形,257.5,46750.92,47008.42,煉瓦,石,石,43,0,1908/12/1,対象
741,肥薩線,10,単線,59423.64,水無第一　単線,甲形,201.17,59423.64,59624.81,煉瓦,石,石,0,40,1909/12/1,対象
741,肥薩線,10,単線,59956.73,水無第二　単線,甲形,235.37,59956.73,60192.1,煉瓦,石,石,0,40,1909/12/1,対象
741,肥薩線,10,単線,60389.25,立石第一　単線,甲形,140.81,60389.25,60530.06,煉瓦,石,石,0,40,1909/12/1,対象
741,肥薩線,10,単線,60628.64,立石第二　単線,甲形,88.51,60628.64,60717.15,煉瓦,石,石,0,44,1909/12/1,対象
741,肥薩線,10,単線,61123.51,横平　単線,甲形,502.92,61123.51,61626.43,煉瓦,石,石,0,50,1909/12/1,対象
741,肥薩線,10,単線,63006.54,大谷　単線,甲形,96.56,63006.54,63103.1,煉瓦,石,石,0,48,1909/12/1,対象
741,肥薩線,10,単線,66466.63,大野第一　単線,甲形,321.87,66466.63,66788.5,煉瓦,石,石,0,40,1909/12/1,対象
741,肥薩線,10,単線,68029.99,大野第二　単線,甲形,309.8,68029.99,68339.79,煉瓦,石,石,0,40,1909/12/1,対象
741,肥薩線,10,単線,68502.73,大野第三　単線,甲形,90.53,68502.73,68593.26,煉瓦,石,石,0,45,1909/12/1,対象
741,肥薩線,10,単線,68895.01,大野第四　単線,甲形,285.66,68895.01,69180.67,煉瓦,石,石,0,42,1909/12/1,対象
741,肥薩線,10,単線,72330.64,矢岳第一　単線,甲形,2096.17,72330.64,74426.81,煉瓦,石,石,614,40,1909/12/1,対象
741,肥薩線,10,単線,75104.24,矢岳第二　単線,甲形,142.83,75104.24,75247.07,煉瓦,煉瓦,煉瓦,0,35,1909/12/1,対象
741,肥薩線,10,単線,75443.21,矢岳第三　単線,甲形,131.16,75443.21,75574.37,煉瓦,煉瓦,煉瓦,0,44,1909/12/1,対象
741,肥薩線,10,単線,75883.77,踵蔓　単線,甲形,492.86,75883.77,76376.63,煉瓦,石,石,0,42,1909/12/1,対象
741,肥薩線,10,単線,76512.42,中竹　単線,甲形,210.22,76512.42,76722.64,煉瓦,石,石,0,49,1909/12/1,対象
741,肥薩線,10,単線,77518.66,後平　単線,甲形,201.77,77518.66,77720.43,煉瓦,石,石,0,40,1909/12/1,対象
741,肥薩線,10,単線,79174.88,山神第一　単線,甲形,168.98,79174.88,79343.86,煉瓦,石,石,0,42,1909/12/1,対象
741,肥薩線,10,単線,79683.83,山神第二　単線,甲形,617.59,79683.83,80301.42,煉瓦,石,石,0,44,1909/12/1,対象
741,肥薩線,10,単線,80862.68,松尾　単線,甲形,120.7,80862.68,80983.38,煉瓦,石,石,0,40,1909/12/1,対象
741,肥薩線,10,単線,81637.17,丸塚　単線,甲形,140.8,81637.17,81777.97,煉瓦,石,石,0,40.2,1909/12/1,対象
741,肥薩線,10,単線,83447.69,永迫　単線,甲形,261.5,83447.69,83709.19,煉瓦,石,石,0,40.2,1909/12/1,対象
741,肥薩線,10,単線,90099.95,隈船　単線,甲形,667.9,90099.95,90767.85,煉瓦,石,石,0,40,1903/12/1,対象
741,肥薩線,10,単線,97168.37,王の山　単線,甲形,140.8,97168.37,97309.17,煉瓦,石,石,0,40.2,1903/12/1,対象
741,肥薩線,10,単線,100647.85,横川　単線,甲形,231.3,100647.85,100879.15,煉瓦,石,石,0,40.2,1902/12/1,対象
741,肥薩線,10,単線,107376.92,赤水　単線,甲形,633.7,107376.92,108010.62,煉瓦,石,石,0,40.2,1902/12/1,対象
741,肥薩線,10,単線,108644.28,鳥掛　単線,甲形,110.6,108644.28,108754.88,煉瓦,石,石,38.2,0,1902/12/1,対象
741,肥薩線,10,単線,109982.05,嘉例川　単線,甲形,427.5,109982.05,110409.55,煉瓦,石,石,0,40.2,1902/12/1,対象
741,肥薩線,10,単線,117493.22,釜迫　単線,甲形,145.4,117493.22,117638.62,煉瓦,石,石,0,39.2,1902/12/1,対象
741,肥薩線,10,単線,118239.55,内道　単線,甲形,106.6,118239.55,118346.15,煉瓦,石,石,0,36.6,1902/12/1,対象
741,肥薩線,10,単線,118440.72,五月田　単線,甲形,28.2,118440.72,118468.92,煉瓦,石,石,0,0,1902/12/1,対象
741,肥薩線,10,単線,118659.99,羽根原　単線,甲形,241.4,118659.99,118901.39,煉瓦,石,石,0,40.2,1902/12/1,対象
747,指宿枕崎線,10,単線,15454.96,五位野　単線,３号形,153,15454.96,15607.96,吹付コンクリート,コンクリート,コンクリート,0,40,1934/12/1,対象
747,指宿枕崎線,10,単線,22478.02,樋高　単線,３号形,194,22478.02,22672.02,吹付コンクリート,コンクリート,コンクリート,0,40,1934/12/1,対象
747,指宿枕崎線,10,単線,27990.82,野元　単線,３号形,527.7,27990.82,28518.52,吹付コンクリート,コンクリート,コンクリート,40,0,1934/12/1,対象
747,指宿枕崎線,10,単線,35707.23,瀬崎　単線,３号形,169,35707.23,35876.23,吹付コンクリート,コンクリート,コンクリート,40,0,1934/12/1,対象
747,指宿枕崎線,10,単線,49323.91,第一成川　単線,３号形,85.9,49323.91,49409.81,吹付コンクリート,コンクリート,コンクリート,40,0,1934/12/1,対象
747,指宿枕崎線,10,単線,49608.71,第二成川　単線,３号形,267.2,49608.71,49875.91,吹付コンクリート,鉄筋コンクリート,鉄筋コンクリート,40,44,1936/12/1,対象
747,指宿枕崎線,10,単線,50404,山川　単線,１号形,1059.6,50404,51463.6,吹付コンクリート,コンクリート,コンクリート,39,0,1958/12/1,対象
747,指宿枕崎線,10,単線,64275.02,長崎　単線,２号（直）,150,64275.02,64425.02,吹付コンクリート,コンクリート,コンクリート,0,35,1958/12/1,対象
747,指宿枕崎線,10,単線,64673.02,第一郡　単線,２号（曲）,238.8,64673.02,64911.82,吹付コンクリート,コンクリート,コンクリート,0,40,1958/12/1,対象
747,指宿枕崎線,10,単線,65037.82,第二郡　単線,２号（曲）,218,65037.82,65255.82,吹付コンクリート,コンクリート,コンクリート,0,35,1958/12/1,対象
747,指宿枕崎線,10,単線,70507.32,御領　単線,２号（直）,164,70507.32,70671.32,吹付コンクリート,コンクリート,コンクリート,40,0,1959/12/1,対象
747,指宿枕崎線,10,単線,85604.96,岩戸　単線,２号（直）,916,85604.96,86520.96,吹付コンクリート,コンクリート,コンクリート,40,0,1963/12/1,対象
753,長崎本線,10,単線,61020,西浦　単線,１号形,180,61020,61200,吹付コンクリート,コンクリート,コンクリート,0,36,1934/12/1,対象
753,長崎本線,10,単線,61910,黒木　単線,１号形,90,61910,62000,コンクリート,コンクリート,コンクリート,0,45,1933/12/1,対象
753,長崎本線,10,単線,69722.46,亀崎　単線,１号形,175,69722.46,69897.46,コンクリート,コンクリート,コンクリート,21,21,1934/12/1,対象
753,長崎本線,10,単線,70742.46,第二破瀬浦　単線,１号形,175,70742.46,70917.46,コンクリート,コンクリート,コンクリート,21,21,1934/12/1,対象
753,長崎本線,10,単線,71242.46,第一破瀬浦　単線,１号形,143,71242.46,71385.46,コンクリート,コンクリート,コンクリート,23,23,1934/12/1,対象
753,長崎本線,10,単線,71762.46,里　単線,１号形,173,71762.46,71935.46,コンクリート,コンクリート,コンクリート,21,21,1934/12/1,対象
753,長崎本線,10,単線,76985,今里　単線,１号形,254,76985,77239,コンクリート,コンクリート,コンクリート,21,21,1934/12/1,対象
753,長崎本線,10,単線,81654,第二小川原浦　単線,１号形,215,81654,81869,コンクリート,コンクリート,コンクリート,21,21,1934/12/1,対象
753,長崎本線,10,単線,82770.11,第一小川原浦　単線,１号形,219.2,82770.11,82989.31,コンクリート,コンクリート,コンクリート,21,21,1934/12/1,対象
753,長崎本線,10,単線,84409.31,足角　単線,１号形,140,84409.31,84549.31,コンクリート,コンクリート,コンクリート,23,23,1934/12/1,対象
753,長崎本線,10,単線,91684,深海　単線,１号形,210,91684,91894,コンクリート,コンクリート,コンクリート,20,20,1934/12/1,対象
753,長崎本線,10,単線,98883,本明　単線,新中間形,390,98883,99273,コンクリート,コンクリート,コンクリート,20,20,1934/12/1,対象
753,長崎本線,10,単線,107400,舟津　単線,ラーメン,35.4,107400,107435.4,鉄筋コンクリート,鉄筋コンクリート,鉄筋コンクリート,0,0,1971/12/1,対象
753,長崎本線,10,単線,107584,囲　単線,特１号形,764.5,107584,108348.5,コンクリート,コンクリート,コンクリート,30,0,1971/12/1,対象
753,長崎本線,10,単線,108778.86,第一梶木　単線,特１号形,156,108778.86,108934.86,コンクリート,コンクリート,コンクリート,30,0,1971/12/1,対象
753,長崎本線,10,単線,108934.9,梶木　単線,特１号形,19.9,108934.9,108954.8,鉄筋コンクリート,鉄筋コンクリート,鉄筋コンクリート,0,0,1976/12/1,対象
753,長崎本線,10,単線,108954.86,第二梶木　単線,特１号形,197.5,108954.86,109152.36,コンクリート,コンクリート,コンクリート,30,0,1971/12/1,対象
753,長崎本線,10,単線,110072.86,向　単線,特１号形,1249,110072.86,111321.86,コンクリート,コンクリート,コンクリート,30,0,1971/12/1,対象
753,長崎本線,10,単線,111468.86,古賀　単線,特１号形,558,111468.86,112026.86,コンクリート,コンクリート,コンクリート,30,0,1970/12/1,対象
753,長崎本線,10,単線,112872.82,榎木　単線,特１号形,1515,112872.82,114387.82,コンクリート,コンクリート,コンクリート,30,0,1969/12/1,対象
753,長崎本線,10,単線,115188.82,長崎　単線,特１号形,6173,115188.82,121361.82,コンクリート,コンクリート,コンクリート,0,30,1970/12/1,対象
753,長崎本線,21,下り線,100870.5,宮の後　下り,ラーメン,52,100870.5,100922.5,鉄筋コンクリート,鉄筋コンクリート,鉄筋コンクリート,18,18,1969/12/1,対象
753,長崎本線,21,下り線,100993,諌早第一　下り,特１号形,337,100993,101330,コンクリート,コンクリート,コンクリート,28,0,1969/12/1,対象
753,長崎本線,21,下り線,101448,諌早第二　下り,特１号形,138,101448,101586,コンクリート,コンクリート,コンクリート,26,0,1969/12/1,対象
753,長崎本線,22,上り線,100938,諌早　上り,甲形,182.5,100938,101120.5,コンクリート,コンクリート,コンクリート,18,18,1975/12/1,対象
753,長崎本線,23,上下線,105872,久山　上下,複線交流曲,56,105872,105928,コンクリート,コンクリート,コンクリート,28,0,1969/12/1,対象
754,長崎旧線,10,単線,108501,喜々津　単線,甲形,311,108501,108812,煉瓦,石,石,20,20,1898-12-01,対象
754,長崎旧線,10,単線,109171,大草　単線,甲形,434.9,109171,109605.9,煉瓦,石,石,20,20,1898-12-01,対象
754,長崎旧線,10,単線,109695,西ノ浦　単線,甲形,152,109695,109847,煉瓦,石,石,23,23,1898-12-01,対象
754,長崎旧線,10,単線,117499,松ノ峠　単線,甲形,1093.6,117499,118592.6,煉瓦,石,石,20,20,1898-12-01,対象
761,唐津線,10,単線,17535.41,笹原　単線,甲形,458.06,17535.41,17993.47,煉瓦,煉瓦,煉瓦,0,40,1899-12-01,対象
761,唐津線,10,単線,28215,久保　単線,甲形,40.04,28215,28255.04,コンクリート,煉瓦,煉瓦,0,0,1899-12-01,対象
767,佐世保線,10,単線,16975.48,西谷峠　単線,特１号形,47.3,16975.48,17022.78,煉瓦,煉瓦,煉瓦,0,0,1985/12/1,対象
767,佐世保線,10,単線,24942.95,境松　単線,特１号形,104.86,24942.95,25047.81,煉瓦,煉瓦,煉瓦,54.3,0,1897-12-01,対象
767,佐世保線,10,単線,25460,泉山　単線,ラーメン,134,25460,25594,コンクリート,コンクリート,コンクリート,22,0,1975/12/1,対象
767,佐世保線,10,単線,26809,有田　単線,特１号形,143,26809,26952,コンクリート,コンクリート,コンクリート,27,27,1975/12/1,対象
767,佐世保線,10,単線,44022,日宇　単線,特１号形,328,44022,44350,コンクリート,コンクリート,コンクリート,0,27,1975/12/1,対象
767,佐世保線,10,単線,47201.28,福石　単線,特１号形,119.18,47201.28,47320.46,煉瓦,煉瓦,煉瓦,58.3,60.9,1897-12-01,対象
781,大村線,10,単線,4955.97,南風崎　単線,甲形,186.3,4955.97,5142.27,煉瓦,煉瓦,煉瓦,33,33,1897-12-01,対象
781,大村線,10,単線,7334.55,宮村　単線,甲形,103.6,7334.55,7438.15,煉瓦,煉瓦,煉瓦,32,0,1897-12-01,対象
781,大村線,10,単線,7753.81,新谷　単線,甲形,219.4,7753.81,7973.21,煉瓦,煉瓦,煉瓦,40,40,1897-12-01,対象
781,大村線,10,単線,10896.86,川棚　単線,甲形,334.5,10896.86,11231.36,煉瓦,煉瓦,煉瓦,37,37,1897-12-01,対象
781,大村線,10,単線,18080,彼杵　単線,甲形,423,18080,18503,煉瓦,石,石,20,20,1898-12-01,対象
781,大村線,10,単線,25591,千綿　単線,甲形,171.2,25591,25762.2,石,煉瓦,煉瓦,43,0,1898-12-01,対象
781,大村線,10,単線,26543,戈貫田　単線,甲形,109,26543,26652,石,石,石,36,0,1898-12-01,対象
781,大村線,10,単線,41950,中里　単線,甲形,70,41950,42020,コンクリート,コンクリート,コンクリート,35,0,1958/12/1,対象
781,大村線,10,単線,42422,鈴田　単線,甲形,362,42422,42784,煉瓦,石,石,40,0,1898-12-01,対象
783,久大本線,10,単線,35407.53,関　単線,新中間形,324,35407.53,35731.53,コンクリートブロック,コンクリート,コンクリート,40,0,1932/12/1,対象
783,久大本線,10,単線,35811.53,櫛崎　単線,新中間形,132,35811.53,35943.53,コンクリートブロック,コンクリート,コンクリート,0,40,1932/12/1,対象
783,久大本線,10,単線,36115.53,渦平　単線,新中間形,128,36115.53,36243.53,コンクリートブロック,コンクリート,コンクリート,43,0,1932/12/1,対象
783,久大本線,10,単線,36291.53,旗返　単線,新中間形,108,36291.53,36399.53,コンクリートブロック,コンクリート,コンクリート,33,33,1932/12/1,対象
783,久大本線,10,単線,38369.84,台　単線,新中間形,228,38369.84,38597.84,コンクリートブロック,コンクリート,コンクリート,0,40,1932/12/1,対象
783,久大本線,10,単線,38625.84,川崎　単線,新中間形,118,38625.84,38743.84,コンクリートブロック,コンクリート,コンクリート,39,0,1932/12/1,対象
783,久大本線,10,単線,40321.84,大川平　単線,１号形,324,40321.84,40645.84,コンクリートブロック,コンクリート,コンクリート,40,0,1934/12/1,対象
783,久大本線,10,単線,42293.39,入江　単線,１号形,208,42293.39,42501.39,コンクリートブロック,コンクリート,コンクリート,40,0,1934/12/1,対象
783,久大本線,10,単線,42861.39,中の瀬　単線,１号形,64,42861.39,42925.39,コンクリートブロック,コンクリート,コンクリート,0,32,1934/12/1,対象
783,久大本線,10,単線,43173.39,小谷口　単線,１号形,46,43173.39,43219.39,コンクリート,コンクリート,コンクリート,0,0,1934/12/1,対象
783,久大本線,10,単線,50681.49,小ヶ瀬　単線,１－１形,595.7,50681.49,51277.19,コンクリート,コンクリート,コンクリート,40,0,1934/12/1,対象
783,久大本線,10,単線,52735.51,川原　単線,１－１形,504.2,52735.51,53239.71,コンクリート,コンクリート,コンクリート,40,0,1934/12/1,対象
783,久大本線,10,単線,54364.51,鮎ヶ瀬　単線,１－１形,145.05,54364.51,54509.56,コンクリート,コンクリート,コンクリート,36,0,1934/12/1,対象
783,久大本線,10,単線,57692.9,池ノ原　単線,１－１形,403.8,57692.9,58096.7,コンクリート,コンクリート,コンクリート,40,0,1934/12/1,対象
783,久大本線,10,単線,58348.4,長角　単線,１－１形,509.76,58348.4,58858.16,コンクリート,コンクリート,コンクリート,40,0,1934/12/1,対象
783,久大本線,10,単線,61994.71,第一湯釣　単線,１－１形,366.25,61994.71,62360.96,コンクリート,コンクリート,コンクリート,40,0,1933/12/1,対象
783,久大本線,10,単線,62937.11,第二湯釣　単線,１－１形,431.7,62937.11,63368.81,コンクリート,コンクリート,コンクリート,40,0,1933/12/1,対象
783,久大本線,10,単線,64744.32,滝ヶ瀬　単線,１－１形,404.5,64744.32,65148.82,コンクリートブロック,コンクリート,コンクリート,0,40,1933/12/1,対象
783,久大本線,10,単線,81723.56,野上　単線,新中間形,100.6,81723.56,81824.16,コンクリートブロック,コンクリートブロック,コンクリートブロック,0,36,1929/12/1,対象
783,久大本線,10,単線,85248.03,鋳物師釣　単線,新中間形,70.5,85248.03,85318.53,コンクリートブロック,コンクリートブロック,コンクリートブロック,0,35,1928/12/1,対象
783,久大本線,10,単線,91055.57,水分　単線,乙形,1860.8,91055.57,92916.37,コンクリートブロック,石及びコンクリート,石及びコンクリート,0,40,1926/12/1,対象
783,久大本線,10,単線,93325.75,小ヶ倉　単線,乙形,717.2,93325.75,94042.95,コンクリートブロック,石及びコンクリート,石及びコンクリート,0,63.5,1926/12/1,対象
783,久大本線,10,単線,94783.75,槐木　単線,２号（曲）,517.4,94783.75,95301.15,コンクリートブロック,石及びコンクリート,石及びコンクリート,0,40,1926/12/1,対象
783,久大本線,10,単線,95497.9,徳野　単線,２号（曲）,545.9,95497.9,96043.8,石及びコンクリート,石及びコンクリート,石及びコンクリート,0,51.5,1926/12/1,対象
783,久大本線,10,単線,107332.99,津々良　単線,乙形,116.9,107332.99,107449.89,コンクリートブロック,石,石,0,40,1925/12/1,対象
783,久大本線,10,単線,108933.29,畑　単線,乙形,317.3,108933.29,109250.59,コンクリートブロック,石,石,0,40,1925/12/1,対象
783,久大本線,10,単線,119087.24,小野屋　単線,乙形,120.9,119087.24,119208.14,コンクリートブロック,石,石,40,0,1923/12/1,対象
783,久大本線,10,単線,121626.22,櫟木　単線,中間形,117,121626.22,121743.22,コンクリートブロック,コンクリートブロック,コンクリートブロック,0,41,1923/12/1,対象
783,久大本線,10,単線,138474.63,古国府　単線,新中間形,176.77,138474.63,138651.4,コンクリートブロック,コンクリート,コンクリート,0,39,1927/12/1,対象
786,豊肥本線,10,単線,37636.98,立野　単線,甲形,218.27,37636.98,37855.25,コンクリート,コンクリート,コンクリート,40,0,1917/12/1,対象
786,豊肥本線,10,単線,58341.31,天狗　単線,新中間形,262.53,58341.31,58603.84,コンクリート,コンクリート,コンクリート,0,50,1927/12/1,対象
786,豊肥本線,10,単線,58884.88,神石　単線,新中間形,371.76,58884.88,59256.64,コンクリート,コンクリート,コンクリート,0,44,1927/12/1,対象
786,豊肥本線,10,単線,59278.75,堂山　単線,新中間形,146.86,59278.75,59425.61,コンクリート,コンクリート,コンクリート,0,50,1928/12/1,対象
786,豊肥本線,10,単線,59482.94,願成就　単線,新中間形,664.86,59482.94,60147.8,コンクリート,コンクリート,コンクリート,0,50,1927/12/1,対象
786,豊肥本線,10,単線,60534.04,坂の上　単線,新中間形,2283.26,60534.04,62817.3,コンクリート,コンクリート,コンクリート,0,80,1927/12/1,対象
786,豊肥本線,10,単線,60534.04,坂の上　単線,新中間形,2283.26,60534.04,62817.3,コンクリート,コンクリート,コンクリート,0,80,1927/12/1,対象
786,豊肥本線,10,単線,60534.04,坂の上　単線,新中間形,2283.26,60534.04,62817.3,コンクリート,コンクリート,コンクリート,0,80,1927/12/1,対象
786,豊肥本線,10,単線,77705.54,行年　単線,新中間形,104.6,77705.54,77810.14,コンクリートブロック,石,石,0,36,1928/12/1,対象
786,豊肥本線,10,単線,77920.79,高城　単線,新中間形,372.2,77920.79,78292.99,コンクリートブロック,コンクリートブロック,コンクリートブロック,0,42,1928/12/1,対象
786,豊肥本線,10,単線,78423.71,上恵良　単線,新中間形,90.53,78423.71,78514.24,コンクリートブロック,コンクリートブロック,コンクリートブロック,0,45,1928/12/1,対象
786,豊肥本線,10,単線,78634.94,中恵良　単線,新中間形,54.31,78634.94,78689.25,コンクリートブロック,コンクリートブロック,コンクリートブロック,0,27,1928/12/1,対象
786,豊肥本線,10,単線,78765.7,下恵良　単線,新中間形,189.1,78765.7,78954.8,コンクリートブロック,コンクリートブロック,コンクリートブロック,0,38,1928/12/1,対象
786,豊肥本線,10,単線,79147.92,仮屋　単線,新中間形,205.19,79147.92,79353.11,コンクリートブロック,コンクリートブロック,コンクリートブロック,0,40,1928/12/1,対象
786,豊肥本線,10,単線,79453.69,井戸　単線,新中間形,56.33,79453.69,79510.02,コンクリートブロック,石,石,0,28,1928/12/1,対象
786,豊肥本線,10,単線,79777.57,下津江　単線,新中間形,181.05,79777.57,79958.62,コンクリートブロック,石,石,36,0,1928/12/1,対象
786,豊肥本線,10,単線,80181.92,上馬背野　単線,新中間形,92.54,80181.92,80274.46,コンクリートブロック,石,石,0,46,1928/12/1,対象
786,豊肥本線,10,単線,81632.34,下馬背野　単線,新中間形,50.29,81632.34,81682.63,コンクリートブロック,石,石,0,52.3,1928/12/1,対象
786,豊肥本線,10,単線,83127.02,岩本　単線,新中間形,114.67,83127.02,83241.69,コンクリートブロック,石,石,0,38,1928/12/1,対象
786,豊肥本線,10,単線,85205.3,吉田　単線,甲形,106.62,85205.3,85311.92,コンクリートブロック,石,石,0,53.3,1925/12/1,対象
786,豊肥本線,10,単線,85433.63,一本松　単線,甲形,82.48,85433.63,85516.11,コンクリートブロック,石,石,0,41,1925/12/1,対象
786,豊肥本線,10,単線,87604.92,源次　単線,甲形,77.44,87604.92,87682.36,コンクリート,石,石,0,40,1925/12/1,対象
786,豊肥本線,10,単線,88304.3,赤坂　単線,甲形,269.56,88304.3,88573.86,コンクリートブロック,石,石,0,40,1924/12/1,対象
786,豊肥本線,10,単線,88840.41,七里　単線,甲形,65.38,88840.41,88905.79,コンクリートブロック,石,石,0,33,1924/12/1,対象
786,豊肥本線,10,単線,91364.06,三宅　単線,甲形,211.23,91364.06,91575.29,コンクリートブロック,石,石,0,40,1924/12/1,対象
786,豊肥本線,10,単線,93524.4,朝倉　単線,甲形,134.79,93524.4,93659.19,コンクリート,石,石,0,40,1924/12/1,対象
786,豊肥本線,10,単線,94224.47,坪泉　単線,甲形,130.76,94224.47,94355.23,コンクリートブロック,石,石,0,40,1923/12/1,対象
786,豊肥本線,10,単線,94421.61,丸山　単線,甲形,179.04,94421.61,94600.65,コンクリートブロック,石,石,0,40,1923/12/1,対象
786,豊肥本線,10,単線,94948.67,堀家　単線,甲形,80.46,94948.67,95029.13,コンクリートブロック,石,石,0,40,1923/12/1,対象
786,豊肥本線,10,単線,96254.25,若宮　単線,甲形,163.96,96254.25,96418.21,コンクリートブロック,石,石,0,40,1923/12/1,対象
786,豊肥本線,10,単線,96803.44,八原　単線,甲形,128.75,96803.44,96932.19,コンクリートブロック,石,石,0,40,1923/12/1,対象
786,豊肥本線,10,単線,97068.98,志賀　単線,甲形,42.25,97068.98,97111.23,コンクリートブロック,石,石,0,0,1923/12/1,対象
786,豊肥本線,10,単線,99625.83,緒方　単線,甲形,48.28,99625.83,99674.11,コンクリートブロック,石,石,0,0,1923/12/1,対象
786,豊肥本線,10,単線,104930.63,郷方　単線,甲形,114.67,104930.63,105045.3,コンクリートブロック,石,石,0,40,1922/12/1,対象
786,豊肥本線,10,単線,108548.92,百枝　単線,甲形,516.78,108548.92,109065.7,コンクリートブロック,石,石,0,65.4,1922/12/1,対象
786,豊肥本線,10,単線,118711.36,宮尾　単線,甲形,148.87,118711.36,118860.23,コンクリートブロック,石,石,0,52.3,1921/12/1,対象
786,豊肥本線,10,単線,123518.15,原　単線,甲形,296.72,123518.15,123814.87,コンクリートブロック,コンクリートブロック,コンクリートブロック,0,50.3,1921/12/1,対象
786,豊肥本線,10,単線,128110.51,花鶴　単線,甲形,89.52,128110.51,128200.03,煉瓦,煉瓦,煉瓦,0,45,1917/12/1,対象
786,豊肥本線,10,単線,131049.38,岩上　単線,甲形,197.14,131049.38,131246.52,煉瓦,煉瓦,煉瓦,0,52.2,1916/12/1,対象
786,豊肥本線,10,単線,134823.29,猪山　単線,甲形,140.82,134823.29,134964.11,煉瓦,煉瓦,煉瓦,0,48,1916/12/1,対象
791,日豊本線,10,単線,154851.02,佐志生　単線,乙形,1423.26,154851.02,156274.28,煉瓦,煉瓦,煉瓦,40.2,0,1915/12/1,対象
791,日豊本線,10,単線,157494.37,第一目明　単線,乙形,113.74,157494.37,157608.11,煉瓦,コンクリート,コンクリート,40.3,0,1916/12/1,対象
791,日豊本線,10,単線,157672.4,第二目明　単線,乙形,68.55,157672.4,157740.95,煉瓦,コンクリート,コンクリート,33,0,1915/12/1,対象
791,日豊本線,10,単線,167327.72,陣山　単線,乙形,209.31,167327.72,167537.03,煉瓦,コンクリート,コンクリート,42.4,0,1915/12/1,対象
791,日豊本線,10,単線,167754.2,原山　単線,乙形,185.24,167754.2,167939.44,煉瓦,コンクリート,コンクリート,52.4,0,1916/12/1,対象
791,日豊本線,10,単線,169384.66,下り松　単線,乙形,136.97,169384.66,169521.63,煉瓦,煉瓦,煉瓦,40.3,0,1916/12/1,対象
791,日豊本線,10,単線,170153.12,第一板知屋　単線,乙形,102.75,170153.12,170255.87,煉瓦,煉瓦,煉瓦,32.1,0,1916/12/1,対象
791,日豊本線,10,単線,170749.98,第二板知屋　単線,乙形,286.02,170749.98,171036,煉瓦,煉瓦,煉瓦,40.4,0,1916/12/1,対象
791,日豊本線,10,単線,171531.1,大泊　単線,乙形,225.45,171531.1,171756.55,煉瓦,煉瓦,煉瓦,40.2,0,1916/12/1,対象
791,日豊本線,10,単線,172434.37,徳浦　単線,乙形,1601.3,172434.37,174035.67,煉瓦,煉瓦,煉瓦,40.2,0,1916/12/1,対象
791,日豊本線,10,単線,174882.5,第二鳥越　単線,乙形,352.5,174882.5,175235,煉瓦,煉瓦,煉瓦,43.8,0,1916/12/1,対象
791,日豊本線,10,単線,177789.46,第一津久見　単線,１－１形,165,177789.46,177954.46,煉瓦,コンクリート,コンクリート,40.2,0,1916/12/1,対象
791,日豊本線,10,単線,179375.85,第二津久見　単線,乙形,170,179375.85,179545.85,煉瓦,コンクリート,コンクリート,40.2,0,1916/12/1,対象
791,日豊本線,10,単線,181523.4,日見　単線,乙形,1097.33,181523.4,182620.73,煉瓦,コンクリート,コンクリート,40.2,0,1916/12/1,対象
791,日豊本線,10,単線,183355.38,第一福良　単線,乙形,241.53,183355.38,183596.91,煉瓦,コンクリート,コンクリート,40.2,0,1916/12/1,対象
791,日豊本線,10,単線,184615.95,津井　単線,乙形,657.07,184615.95,185273.02,煉瓦,煉瓦,煉瓦,40.2,0,1916/12/1,対象
791,日豊本線,10,単線,188062.99,第一浪太　単線,乙形,233.46,188062.99,188296.45,煉瓦,煉瓦,煉瓦,38.2,0,1916/12/1,対象
791,日豊本線,10,単線,188505.56,第二浪太　単線,乙形,257.5,188505.56,188763.06,煉瓦,煉瓦,煉瓦,40.2,0,1916/12/1,対象
791,日豊本線,10,単線,188994.4,第三浪太　単線,乙形,138.8,188994.4,189133.2,煉瓦,,,40.2,0,1916/12/1,対象
791,日豊本線,10,単線,189445.22,第四浪太　単線,乙形,261.53,189445.22,189706.75,煉瓦,煉瓦,煉瓦,50.7,0,1916/12/1,対象
791,日豊本線,10,単線,190118.22,古江　単線,乙形,116.65,190118.22,190234.87,煉瓦,煉瓦,煉瓦,35.2,0,1916/12/1,対象
791,日豊本線,10,単線,192111.7,宮之内　単線,乙形,79.54,192111.7,192191.24,煉瓦,コンクリート,コンクリート,43.8,0,1916/12/1,対象
791,日豊本線,10,単線,192583.44,八幡　単線,乙形,120.85,192583.44,192704.29,煉瓦,煉瓦,煉瓦,40.2,0,1916/12/1,対象
791,日豊本線,10,単線,195461.15,坂の浦　単線,乙形,521.7,195461.15,195982.85,煉瓦,煉瓦,煉瓦,40.2,0,1916/12/1,対象
791,日豊本線,10,単線,196490.12,葛　単線,乙形,201.33,196490.12,196691.45,煉瓦,コンクリート,コンクリート,40.3,0,1916/12/1,対象
791,日豊本線,10,単線,199024.86,城山　単線,乙形,201.29,199024.86,199226.15,煉瓦,煉瓦,煉瓦,40.2,0,1920/12/1,対象
791,日豊本線,10,単線,202657.95,上岡　単線,乙形,93.54,202657.95,202751.49,コンクリートブロック,コンクリートブロック,コンクリートブロック,40.2,0,1921/12/1,対象
791,日豊本線,10,単線,207179.28,簾山　単線,乙形,312.25,207179.28,207491.53,コンクリートブロック,コンクリートブロック,コンクリートブロック,40.2,0,1920/12/1,対象
791,日豊本線,10,単線,208661.89,谷波寄　単線,乙形,94.55,208661.89,208756.44,コンクリートブロック,コンクリートブロック,コンクリートブロック,40.2,0,1920/12/1,対象
791,日豊本線,10,単線,209948,宝区　単線,乙形,404.75,209948,210352.75,コンクリート,コンクリート,コンクリート,40.2,0,1921/12/1,対象
791,日豊本線,10,単線,214148,大津留　単線,乙形,96.31,214148,214244.31,コンクリートブロック,コンクリート,コンクリート,40.2,0,1921/12/1,対象
791,日豊本線,10,単線,215500.07,柚の原　単線,乙形,207.45,215500.07,215707.52,コンクリートブロック,コンクリート,コンクリート,40.2,0,1922/12/1,対象
791,日豊本線,10,単線,218636.16,椛原　単線,乙形,111.82,218636.16,218747.98,コンクリートブロック,コンクリートブロック,コンクリートブロック,61.5,0,1922/12/1,対象
791,日豊本線,10,単線,219276.88,第一杭内　単線,乙形,91.73,219276.88,219368.61,コンクリートブロック,コンクリートブロック,コンクリートブロック,45.8,0,1922/12/1,対象
791,日豊本線,10,単線,219679.22,第二杭内　単線,乙形,233.7,219679.22,219912.92,コンクリートブロック,コンクリートブロック,コンクリートブロック,40.2,0,1922/12/1,対象
791,日豊本線,10,単線,220250.53,第三杭内　単線,乙形,201.47,220250.53,220452,コンクリートブロック,コンクリートブロック,コンクリートブロック,40.6,0,1922/12/1,対象
791,日豊本線,10,単線,220493.95,第四杭内　単線,乙形,70.6,220493.95,220564.55,コンクリートブロック,コンクリートブロック,コンクリートブロック,35.3,0,1922/12/1,対象
791,日豊本線,10,単線,221097.45,第一打水　単線,乙形,51.52,221097.45,221148.97,コンクリート,石,石,51.5,0,1921/12/1,対象
791,日豊本線,10,単線,221240.29,第二打水　単線,乙形,107.2,221240.29,221347.49,コンクリートブロック,コンクリートブロック,コンクリートブロック,55.1,0,1922/12/1,対象
791,日豊本線,10,単線,221871.95,第三打水　単線,乙形,105.99,221871.95,221977.94,コンクリートブロック,その他,その他,54.3,0,1922/12/1,対象
791,日豊本線,10,単線,222497.58,第一大原　単線,乙形,521.25,222497.58,223018.83,コンクリートブロック,石,石,42.2,0,1922/12/1,対象
791,日豊本線,10,単線,224491.18,第二大原　単線,乙形,112.79,224491.18,224603.97,コンクリートブロック,石,石,40.2,0,1922/12/1,対象
791,日豊本線,10,単線,224770.78,第三大原　単線,乙形,92.79,224770.78,224863.57,コンクリートブロック,石,石,46.3,0,1922/12/1,対象
791,日豊本線,10,単線,225133.89,第一官山　単線,乙形,268.67,225133.89,225402.56,コンクリート,コンクリート,コンクリート,101.9,0,1922/12/1,対象
791,日豊本線,10,単線,225732.36,第二官山　単線,乙形,206.8,225732.36,225939.16,コンクリートブロック,コンクリートブロック,コンクリートブロック,40.2,0,1922/12/1,対象
791,日豊本線,10,単線,226361.3,第一楓山　単線,乙形,336.3,226361.3,226697.6,コンクリート,,,40.2,0,1922/12/1,対象
791,日豊本線,10,単線,226781.74,第二楓山　単線,乙形,124.81,226781.74,226906.55,コンクリートブロック,コンクリートブロック,コンクリートブロック,40.2,0,1922/12/1,対象
791,日豊本線,10,単線,227377.19,第一子洗　単線,乙形,204.8,227377.19,227581.99,コンクリートブロック,石,石,40.2,0,1922/12/1,対象
791,日豊本線,10,単線,227765.45,第二子洗　単線,乙形,138.25,227765.45,227903.7,コンクリートブロック,石,石,40.2,0,1922/12/1,対象
791,日豊本線,10,単線,227998.8,第三子洗　単線,乙形,44.8,227998.8,228043.6,コンクリートブロック,コンクリート,コンクリート,0,0,1922/12/1,対象
791,日豊本線,10,単線,228697.46,第一三本楠　単線,乙形,65.6,228697.46,228763.06,コンクリートブロック,石,石,32.8,0,1922/12/1,対象
791,日豊本線,10,単線,228945.9,第二三本楠　単線,乙形,169.3,228945.9,229115.2,コンクリートブロック,石,石,40.2,0,1922/12/1,対象
791,日豊本線,10,単線,229193.34,第一立花　単線,乙形,140.9,229193.34,229334.24,コンクリートブロック,コンクリート,コンクリート,40.2,0,1922/12/1,対象
791,日豊本線,10,単線,229544.3,第二立花　単線,乙形,106.8,229544.3,229651.1,コンクリート,石,石,50.3,0,1922/12/1,対象
791,日豊本線,10,単線,229834.98,第三立花　単線,乙形,110.8,229834.98,229945.78,コンクリート,石,石,53.1,0,1922/12/1,対象
791,日豊本線,10,単線,230619.54,第一宗太郎　単線,乙形,55.4,230619.54,230674.94,コンクリート,コンクリート,コンクリート,55.2,0,1923/12/1,対象
791,日豊本線,10,単線,230867.98,第二宗太郎　単線,乙形,175.12,230867.98,231043.1,コンクリート,石,石,40.2,0,1923/12/1,対象
791,日豊本線,10,単線,231159.88,第三宗太郎　単線,乙形,141.1,231159.88,231300.98,コンクリート,石,石,50.2,0,1923/12/1,対象
791,日豊本線,10,単線,231344.95,第四宗太郎　単線,乙形,96.6,231344.95,231441.55,コンクリート,石,石,48.3,0,1923/12/1,対象
791,日豊本線,10,単線,232677.39,第一鐙　単線,１号形,175.01,232677.39,232852.4,コンクリートブロック,石,石,40.2,0,1923/12/1,対象
791,日豊本線,10,単線,233091.79,第二鐙　単線,１号形,214.25,233091.79,233306.04,コンクリートブロック,石,石,40.2,0,1923/12/1,対象
791,日豊本線,10,単線,233589.04,第三鐙　単線,１号形,72.4,233589.04,233661.44,コンクリートブロック,コンクリートブロック,石,38.2,0,1923/12/1,対象
791,日豊本線,10,単線,233955.17,第四鐙　単線,１号形,185.1,233955.17,234140.27,コンクリートブロック,石,石,40.2,0,1923/12/1,対象
791,日豊本線,10,単線,235308.02,葛葉　単線,１号形,94.6,235308.02,235402.62,コンクリートブロック,石,石,48.3,0,1923/12/1,対象
791,日豊本線,10,単線,235943,第一井掛　単線,１号形,60,235943,236003,コンクリート,コンクリート,コンクリート,0,0,1942/12/1,対象
791,日豊本線,10,単線,236103.64,第二井掛　単線,１号形,187.1,236103.64,236290.74,コンクリートブロック,コンクリート,コンクリート,40.2,0,1923/12/1,対象
791,日豊本線,10,単線,236920.38,市棚　単線,１号形,253.5,236920.38,237173.88,コンクリートブロック,コンクリート,コンクリート,40.2,0,1923/12/1,対象
791,日豊本線,10,単線,238198.4,刈鉢　単線,１－１形,409.4,238198.4,238607.8,コンクリートブロック,コンクリート,コンクリート,40.3,0,1923/12/1,対象
791,日豊本線,10,単線,245558,長井　単線,１－１形,116.7,245558,245674.7,コンクリートブロック,コンクリート,コンクリート,40.3,0,1923/12/1,対象
791,日豊本線,10,単線,246634,第一新道　単線,１－１形,80.5,246634,246714.5,コンクリートブロック,コンクリート,コンクリート,40.3,0,1923/12/1,対象
791,日豊本線,10,単線,246782,第二新道　単線,１－１形,124.7,246782,246906.7,コンクリートブロック,コンクリート,コンクリート,40.3,0,1923/12/1,対象
791,日豊本線,10,単線,246972,第三新道　単線,１－１形,84.5,246972,247056.5,コンクリートブロック,コンクリート,コンクリート,42.3,0,1923/12/1,対象
791,日豊本線,10,単線,247660,可愛　単線,１－１形,154.9,247660,247814.9,コンクリートブロック,コンクリート,コンクリート,42.2,0,1923/12/1,対象
791,日豊本線,10,単線,249318,船浦　単線,１－１形,104.2,249318,249422.2,コンクリートブロック,コンクリート,コンクリート,51.3,0,1923/12/1,対象
791,日豊本線,10,単線,252136,和田越　単線,１－１形,187.1,252136,252323.1,コンクリートブロック,コンクリート,コンクリート,52.4,0,1922/12/1,対象
791,日豊本線,10,単線,284675,遠見　単線,１－１形,160.94,284675,284835.94,コンクリートブロック,コンクリート,コンクリート,40.2,0,1922/12/1,対象
791,日豊本線,10,単線,286466,権現　単線,１－１形,126.74,286466,286592.74,コンクリートブロック,コンクリート,コンクリート,40.2,0,1922/12/1,対象
791,日豊本線,10,単線,287723,美々津　単線,１－１形,462.65,287723,288185.65,コンクリートブロック,コンクリート,コンクリート,40.2,0,1922/12/1,対象
791,日豊本線,10,単線,346593.94,清武　単線,乙形,189.09,346593.94,346783.03,煉瓦,煉瓦,煉瓦,45.7,0,1915/12/1,対象
791,日豊本線,10,単線,365349.25,猪之谷第四　単線,乙形,589.42,365349.25,365938.67,煉瓦,石,石,40.2,0,1916/12/1,対象
791,日豊本線,10,単線,366474.53,猪之谷第三　単線,乙形,144.84,366474.53,366619.37,煉瓦,石,石,43.9,0,1916/12/1,対象
791,日豊本線,10,単線,366715.93,猪之谷第二　単線,乙形,358.07,366715.93,367074,煉瓦,石,石,40.2,0,1916/12/1,対象
791,日豊本線,10,単線,367236.95,猪之谷第一　単線,乙形,350.04,367236.95,367586.99,煉瓦,石,石,40.2,0,1916/12/1,対象
791,日豊本線,10,単線,369329.66,青井岳　単線,乙形,1528.87,369329.66,370858.53,煉瓦,石,石,40.2,0,1916/12/1,対象
791,日豊本線,10,単線,371387.61,猪之川内　単線,乙形,96.9,371387.61,371484.51,煉瓦,石,石,48.4,0,1916/12/1,対象
791,日豊本線,10,単線,372226.48,四角目　単線,乙形,65.1,372226.48,372291.58,煉瓦,石,石,0,0,1916/12/1,対象
791,日豊本線,10,単線,373034.17,山之神第二　単線,乙形,168.1,373034.17,373202.27,煉瓦,石,石,40.2,0,1916/12/1,対象
791,日豊本線,10,単線,373250.43,山之神第一　単線,乙形,86.5,373250.43,373336.93,煉瓦,石,石,43.2,0,1916/12/1,対象
791,日豊本線,10,単線,383631.88,高才　単線,乙形,231.55,383631.88,383863.43,煉瓦,煉瓦,煉瓦,40.2,0,1914/12/1,対象
791,日豊本線,10,単線,405154.42,正部　単線,乙形,326,405154.42,405480.42,コンクリート,コンクリート,コンクリート,0,40,1931/12/1,対象
791,日豊本線,10,単線,405937.42,馬水　単線,乙形,126,405937.42,406063.42,コンクリートブロック,コンクリートブロック,コンクリートブロック,0,42,1931/12/1,対象
791,日豊本線,10,単線,406842.42,大川原　単線,乙形,231,406842.42,407073.42,コンクリートブロック,コンクリートブロック,コンクリートブロック,0,40,1931/12/1,対象
791,日豊本線,10,単線,408698.37,井手谷　単線,乙形,107.06,408698.37,408805.43,コンクリートブロック,コンクリートブロック,コンクリートブロック,0,36,1932/12/1,対象
791,日豊本線,10,単線,409075.43,水無谷　単線,乙形,110,409075.43,409185.43,コンクリートブロック,コンクリートブロック,コンクリートブロック,0,36.5,1932/12/1,対象
791,日豊本線,10,単線,409281.93,夏木　単線,乙形,99.5,409281.93,409381.43,コンクリートブロック,コンクリートブロック,コンクリートブロック,0,33,1932/12/1,対象
791,日豊本線,10,単線,413291.37,峠　単線,乙形,397.5,413291.37,413688.87,コンクリートブロック,鉄筋コンクリート,鉄筋コンクリート,0,40,1932/12/1,対象
791,日豊本線,10,単線,414036.37,炭床　単線,乙形,57,414036.37,414093.37,コンクリート,コンクリート,コンクリート,0,0,1932/12/1,対象
791,日豊本線,10,単線,417732.98,狩川　単線,乙形,520,417732.98,418252.98,コンクリートブロック,コンクリート,コンクリート,0,40,1932/12/1,対象
791,日豊本線,10,単線,419419.98,大窪　単線,乙形,65,419419.98,419484.98,コンクリートブロック,コンクリート,コンクリート,0,32.5,1930/12/1,対象
791,日豊本線,10,単線,421537.98,黒ヶ迫　単線,乙形,110,421537.98,421647.98,コンクリートブロック,コンクリート,コンクリート,0,37,1930/12/1,対象
791,日豊本線,10,単線,421777.98,馬渡　単線,２号（直）,195,421777.98,421972.98,コンクリートブロック,コンクリート,コンクリート,0,40,1930/12/1,対象
791,日豊本線,10,単線,422762.98,床浪　単線,乙形,243,422762.98,423005.98,コンクリートブロック,コンクリート,コンクリート,0,40,1930/12/1,対象
791,日豊本線,10,単線,423840.98,小鹿野　単線,乙形,187,423840.98,424027.98,コンクリートブロック,コンクリート,コンクリート,0,40,1930/12/1,対象
791,日豊本線,10,単線,424412.93,襲山　単線,乙形,1928.6,424412.93,426341.53,コンクリートブロック,コンクリート,コンクリート,40,0,1930/12/1,対象
791,日豊本線,10,単線,426863.53,松永　単線,乙形,340.7,426863.53,427204.23,コンクリートブロック,コンクリート,コンクリート,40,0,1930/12/1,対象
791,日豊本線,10,単線,428129.23,岩戸　単線,乙形,266.3,428129.23,428395.53,コンクリートブロック,コンクリート,コンクリート,40,0,1930/12/1,対象
791,日豊本線,10,単線,438030,青佐　単線,特１号形,430,438030,438460,コンクリート,コンクリート,コンクリート,26,0,1979/12/1,対象
791,日豊本線,10,単線,439795,日木山　単線,特１号形,510,439795,440305,コンクリート,コンクリート,コンクリート,28,0,1980/12/1,対象
791,日豊本線,10,単線,453215,大崎　単線,特１号形,570,453215,453785,コンクリート,コンクリート,コンクリート,0,30,1980/12/1,対象
791,日豊本線,10,単線,454295,壁ヶ鼻　単線,特１号形,485,454295,454780,コンクリート,コンクリート,コンクリート,0,28.5,1980/12/1,対象
791,日豊本線,10,単線,457788.13,三船　単線,甲形,30.69,457788.13,457818.82,コンクリート,石,石,0,0,1980/12/1,対象
791,日豊本線,10,単線,460224,鳥越　単線,特１号形,436,460224,460660,コンクリート,コンクリート,コンクリート,29,0,1979/12/1,対象
791,日豊本線,21,下り線,79760,立石　下り,円（含シールド）,3640,79760,83400,コンクリート,コンクリート,コンクリート,35,0,1969/12/1,対象
791,日豊本線,21,下り線,90659,大原山　下り,円（含シールド）,261,90659,90920,コンクリート,コンクリート,コンクリート,30,0,1978/12/1,対象
791,日豊本線,21,下り線,92884,二ノ尾　下り,円（含シールド）,236,92884,93120,コンクリート,コンクリート,コンクリート,30,0,1967/12/1,対象
791,日豊本線,21,下り線,94325,陣田我王　下り,円（含シールド）,813.7,94325,95138.7,コンクリート,コンクリート,コンクリート,30,0,1967/12/1,対象
791,日豊本線,21,下り線,113675.18,古市山　下り,特１号形,191.7,113675.18,113866.88,コンクリート,石,石,27.5,0,1911/12/1,対象
791,日豊本線,21,下り線,126479.61,仏崎　下り,円（含シールド）,231.56,126479.61,126711.17,煉瓦,コンクリート,コンクリート,30,0,1911/12/1,対象
791,日豊本線,21,下り線,174544,第一鳥越　下り,円（含シールド）,98,174544,174642,コンクリート,コンクリート,コンクリート,35,0,1967/12/1,対象
791,日豊本線,21,下り線,183953.5,第二福良　下り,円（含シールド）,141,183953.5,184094.5,コンクリート,コンクリート,コンクリート,35.5,0,1965/12/1,対象
791,日豊本線,22,上り線,82377.59,立石　上り,円（含シールド）,311.81,82377.59,82689.4,煉瓦,コンクリート,コンクリート,30,0,1910/12/1,対象
791,日豊本線,22,上り線,90660,大原山　上り,円（含シールド）,263,90660,90923,コンクリート,コンクリート,コンクリート,30,0,1967/12/1,対象
791,日豊本線,22,上り線,92231,二ノ尾　上り,円（含シールド）,829,92231,93060,コンクリート,コンクリート,コンクリート,30,0,1966/12/1,対象
791,日豊本線,22,上り線,94325,陣田我王　上り,円（含シールド）,775,94325,95100,コンクリート,コンクリート,コンクリート,30,0,1978/12/1,対象
791,日豊本線,22,上り線,113652,古市山　上り,円（含シールド）,214,113652,113866,コンクリート,コンクリート,コンクリート,30,0,1909/12/1,対象
791,日豊本線,22,上り線,123127,高崎山　上り,円（含シールド）,1067,123127,124194,コンクリート,コンクリート,コンクリート,37,0,1966/12/1,対象
791,日豊本線,22,上り線,126285,仏崎　上り,円（含シールド）,551,126285,126836,コンクリート,鉄筋コンクリート,鉄筋コンクリート,27,0,1966/12/1,対象
791,日豊本線,22,上り線,127910,白木　上り,円（含シールド）,302,127910,128212,コンクリート,コンクリート,コンクリート,30,0,1966/12/1,対象
791,日豊本線,22,上り線,174541.6,第一鳥越　上り,乙形,84.56,174541.6,174626.16,煉瓦,煉瓦,煉瓦,43.8,0,1916/12/1,対象
791,日豊本線,22,上り線,183958.88,第二福良　上り,乙形,132.83,183958.88,184091.71,煉瓦,煉瓦,煉瓦,44.3,0,1916/12/1,対象
791,日豊本線,23,上下線,111515,茅場　上下,複線交流曲,1009,111515,112524,コンクリート,コンクリート,コンクリート,30,0,1980/12/1,対象
791,日豊本線,23,上下線,127011.6,鯨崎　上下,複線交流曲,77,127011.6,127088.6,コンクリート,コンクリート,コンクリート,30,0,1967/12/1,対象
795,日田彦山線,10,単線,13924,丸山　単線,１－１形,110,13924,14034,煉瓦,煉瓦,煉瓦,39,39,1915/12/1,対象
795,日田彦山線,10,単線,14137.57,金辺　単線,１－１形,1444.4,14137.57,15581.97,煉瓦,煉瓦,煉瓦,80,0,1915/12/1,対象
795,日田彦山線,10,単線,18316.42,採銅所　単線,１－１形,90.4,18316.42,18406.82,煉瓦,石,石,0,45,1915/12/1,対象
795,日田彦山線,10,単線,20123.98,古宮　単線,１－１形,60.2,20123.98,20184.18,煉瓦,石,石,0,0,1915/12/1,対象
795,日田彦山線,10,単線,36773.99,真木　単線,甲形,70.41,36773.99,36844.4,煉瓦,煉瓦,煉瓦,35,0,1903/12/1,対象
795,日田彦山線,10,単線,41089.34,野田　単線,２号（直）,99.7,41089.34,41189.04,鉄筋コンクリート,コンクリート,コンクリート,43,0,1942/12/1,対象
795,日田彦山線,10,単線,44924.56,第一城野　単線,２号（曲）,68,44924.56,44992.56,コンクリート,コンクリート,コンクリート,34,0,1942/12/1,対象
795,日田彦山線,10,単線,45153.56,第二城野　単線,２号（曲）,185,45153.56,45338.56,コンクリート,コンクリート,コンクリート,0,37,1942/12/1,対象
795,日田彦山線,10,単線,50388.62,深倉　単線,２号（直）,59,50388.62,50447.62,コンクリート,コンクリート,コンクリート,0,29,1938/12/1,対象
795,日田彦山線,10,単線,50509.62,釈迦岳　単線,１号形,4378.6,50509.62,54888.22,コンクリート,コンクリート,コンクリート,50,0,1955/12/1,対象
795,日田彦山線,10,単線,55824.62,栗木野　単線,２号（曲）,93.5,55824.62,55918.12,コンクリート,コンクリート,コンクリート,25,0,1938/12/1,対象
795,日田彦山線,10,単線,56345.92,第二松山　単線,２号（直）,94.2,56345.92,56440.12,鉄筋コンクリート,鉄筋コンクリート,鉄筋コンクリート,21,0,1938/12/1,対象
795,日田彦山線,10,単線,56919.12,第一松山　単線,２号（曲）,74,56919.12,56993.12,鉄筋コンクリート,鉄筋コンクリート,鉄筋コンクリート,0,29,1938/12/1,対象
795,日田彦山線,10,単線,57326.12,第三宝珠山　単線,２号（曲）,76,57326.12,57402.12,コンクリート,コンクリート,コンクリート,0,41,1938/12/1,対象
795,日田彦山線,10,単線,57589.12,第二宝珠山　単線,２号（直）,71,57589.12,57660.12,コンクリート,コンクリート,コンクリート,0,31,1938/12/1,対象
795,日田彦山線,10,単線,57780.12,第一宝珠山　単線,２号（直）,109,57780.12,57889.12,コンクリート,コンクリート,コンクリート,34,0,1938/12/1,対象
795,日田彦山線,10,単線,58782.92,大行司　単線,２号（曲）,52,58782.92,58834.92,コンクリート,コンクリート,コンクリート,0,26,1938/12/1,対象
823,日南線,10,単線,15012.11,青島　単線,１号形,1330,15012.11,16342.11,コンクリート,コンクリート,コンクリート,0,40,1960/12/1,対象
823,日南線,10,単線,17579.65,内海　単線,２号（曲）,100,17579.65,17679.65,コンクリート,コンクリート,コンクリート,0,30,1959/12/1,対象
823,日南線,10,単線,19646.35,野島　単線,２号（曲）,119,19646.35,19765.35,コンクリート,コンクリート,コンクリート,0,40,1959/12/1,対象
823,日南線,10,単線,20088.35,小内海　単線,２号（直）,196,20088.35,20284.35,コンクリート,コンクリート,コンクリート,0,40,1959/12/1,対象
823,日南線,10,単線,20832.46,鶯巣　単線,２号（曲）,809,20832.46,21641.46,コンクリート,コンクリート,コンクリート,0,40.5,1960/12/1,対象
823,日南線,10,単線,22691.46,第二伊比井　単線,２号（曲）,151,22691.46,22842.46,コンクリート,コンクリート,コンクリート,0,40,1960/12/1,対象
823,日南線,10,単線,22991.46,第一伊比井　単線,２号（曲）,167,22991.46,23158.46,コンクリート,コンクリート,コンクリート,0,43.5,1960/12/1,対象
823,日南線,10,単線,24096.6,冨土　単線,２号（曲）,719.5,24096.6,24816.1,コンクリート,コンクリート,コンクリート,0,40,1959/12/1,対象
823,日南線,10,単線,26907.8,谷之城　単線,１号形,3670,26907.8,30577.8,コンクリート,鉄筋コンクリート,鉄筋コンクリート,0,40,1959/12/1,対象
823,日南線,10,単線,34241.11,大藤　単線,２号（直）,129,34241.11,34370.11,コンクリート,コンクリート,コンクリート,40,0,1941/12/1,対象
823,日南線,10,単線,37433.11,内之田　単線,２号（直）,28,37433.11,37461.11,コンクリート,コンクリート,コンクリート,0,0,1941/12/1,対象
823,日南線,10,単線,38527.94,第二殿所　単線,２号（直）,83,38527.94,38610.94,コンクリート,コンクリート,コンクリート,42,0,1941/12/1,対象
823,日南線,10,単線,38789.12,第一殿所　単線,２号（曲）,215,38789.12,39004.12,コンクリート,コンクリート,コンクリート,36,0,1941/12/1,対象
823,日南線,10,単線,40453.28,横手　単線,２号（曲）,149.5,40453.28,40602.78,コンクリート,コンクリート,コンクリート,0,40,1941/12/1,対象
823,日南線,10,単線,46569.78,松ヶ鼻　単線,２号（直）,138,46569.78,46707.78,コンクリート,,,0,39.5,1937/12/1,対象
823,日南線,10,単線,47368.02,黒岩　単線,２号（曲）,47,47368.02,47415.02,コンクリート,コンクリート,コンクリート,0,0,1937/12/1,対象
823,日南線,10,単線,47586.02,長崎鼻　単線,２号（曲）,317.5,47586.02,47903.52,コンクリート,コンクリート,コンクリート,0,38,1937/12/1,対象
823,日南線,10,単線,49371.41,飯崎　単線,２号（曲）,82,49371.41,49453.41,コンクリート,コンクリート,コンクリート,42,0,1937/12/1,対象
823,日南線,10,単線,79963.59,第三高松　単線,２号（曲）,65,79963.59,80028.59,コンクリート,コンクリート,コンクリート,0,0,1935/12/1,対象
823,日南線,10,単線,80908.59,第二高松　単線,２号（直）,90,80908.59,80998.59,コンクリート,コンクリート,コンクリート,0,45,1935/12/1,対象
823,日南線,10,単線,81086.59,浜之谷　単線,２号（曲）,30,81086.59,81116.59,コンクリート,コンクリート,コンクリート,0,0,1935/12/1,対象
823,日南線,10,単線,81314.59,第一高松　単線,２号（曲）,93,81314.59,81407.59,コンクリート,コンクリート,コンクリート,46.5,0,1935/12/1,対象
823,日南線,10,単線,82052.59,第二夏井　単線,２号（曲）,165,82052.59,82217.59,コンクリート,コンクリート,コンクリート,40,0,1935/12/1,対象
823,日南線,10,単線,82914.59,第一夏井　単線,２号（曲）,165,82914.59,83079.59,コンクリート,コンクリート,コンクリート,40,0,1935/12/1,対象
823,日南線,10,単線,87237.8,志布志　単線,２号（曲）,120,87237.8,87357.8,コンクリート,コンクリート,コンクリート,40,0,1935/12/1,対象
831,筑豊本線,10,単線,53808.1,冷水　単線,新中間形,3286.1,53808.1,57094.2,コンクリート,コンクリート,コンクリート,40,0,1929/12/1,対象
831,筑豊本線,10,単線,58303.44,浦の下　単線,新中間形,112.7,58303.44,58416.14,コンクリート,コンクリート,コンクリート,40,0,1929/12/1,対象
851,後藤寺線,10,単線,8015.8,入水　単線,甲形,554.04,8015.8,8569.84,コンクリートブロック,コンクリートブロック,コンクリートブロック,50,0,1926/12/1,対象
291,山陽本線,21,下り線,530614,関門　下り,１号形,147,533617,533764,コンクリート,コンクリート,コンクリート,0,0,1942/12/1,対象
291,山陽本線,21,下り線,530614,関門　下り,ラーメン,200,533764,533964,鉄筋コンクリート,鉄筋コンクリート,鉄筋コンクリート,0,0,1942/12/1,対象
291,山陽本線,21,下り線,530614,関門　下り,１号形,248,530614,530862,コンクリート,コンクリート,コンクリート,0,0,1942/12/1,対象
291,山陽本線,21,下り線,530614,関門　下り,ラーメン,264,533964,534228,鉄筋コンクリート,鉄筋コンクリート,鉄筋コンクリート,0,0,1942/12/1,対象
291,山陽本線,21,下り線,530614,関門　下り,円（含シールド）,725,532892,533617,鉄筋コンクリート,鉄筋コンクリート,鉄筋コンクリート,0,0,1942/12/1,対象
291,山陽本線,21,下り線,530614,関門　下り,１号形,2030,530862,532892,コンクリート,コンクリート,コンクリート,0,0,1942/12/1,対象
291,山陽本線,22,上り線,530622,関門　上り,ラーメン,180,533783,533963,鉄筋コンクリート,鉄筋コンクリート,鉄筋コンクリート,0,0,1944/12/1,対象
291,山陽本線,22,上り線,530622,関門　上り,ラーメン,264,533963,534227,鉄筋コンクリート,鉄筋コンクリート,鉄筋コンクリート,0,0,1944/12/1,対象
291,山陽本線,22,上り線,530622,関門　上り,１号形,405,530622,531027,コンクリート,コンクリート,コンクリート,0,0,1944/12/1,対象
291,山陽本線,22,上り線,530622,関門　上り,円（含シールド）,405,532911,533316,鉄筋コンクリート,鉄筋コンクリート,鉄筋コンクリート,0,0,1944/12/1,対象
291,山陽本線,22,上り線,530622,関門　上り,１号形,467,533316,533783,コンクリート,コンクリート,コンクリート,0,0,1944/12/1,対象
291,山陽本線,22,上り線,530622,関門　上り,１号形,1884,531027,532911,コンクリート,コンクリート,コンクリート,0,0,1944/12/1,対象
711,鹿児島本線,21,下り線,42513.98,城山　下り,１号形,694.03,42513.98,43208.01,煉瓦,煉瓦,煉瓦,0,0,1909/12/1,対象
711,鹿児島本線,21,下り線,183200,田原坂　下り,円（含シールド）,940,183200,184140,コンクリート,コンクリート,コンクリート,0,0,1966/12/1,対象
711,鹿児島本線,21,下り線,358154,第一金山　下り,特１号形,357.3,358154,358511.3,コンクリート,コンクリート,コンクリート,0,0,1967/1/1,対象
711,鹿児島本線,21,下り線,387440,饅頭石　下り,特１号形,960,387440,388400,コンクリート,コンクリート,コンクリート,0,0,1968/12/1,対象
711,鹿児島本線,21,下り線,388512,第一松谷　下り,特１号形,635,388512,389147,コンクリート,コンクリート,コンクリート,0,0,1968/12/1,対象
711,鹿児島本線,21,下り線,390702,第二松谷　下り,特１号形,1250,390702,391952,コンクリート,コンクリート,コンクリート,0,0,1968/12/1,対象
711,鹿児島本線,21,下り線,398200,城山　下り,特１号形,726,398200,398926,コンクリート,コンクリート,コンクリート,0,0,1970/12/1,対象
711,鹿児島本線,22,上り線,42515,城山　上り,１号形,728,42515,43243,コンクリート,コンクリート,コンクリート,0,0,1960/12/1,対象
711,鹿児島本線,22,上り線,387597.4,饅頭石　上り,特１号形,616,387597.4,388213.4,コンクリート,コンクリート,コンクリート,0,0,1913/12/1,対象
711,鹿児島本線,22,上り線,398150.75,城山　上り,特１号形,798.25,398150.75,398949,コンクリート,コンクリート,コンクリート,0,0,1970/12/1,対象
711,鹿児島本線,23,上下線,18069,牧山　上下,複線交流曲,605,18069,18674,コンクリート,コンクリート,コンクリート,0,0,1965/12/1,対象
711,鹿児島本線,23,上下線,171925.92,第一桃田　上下,複線交流曲,147,171925.92,172072.92,コンクリート,コンクリート,コンクリート,0,0,1967/12/1,対象
711,鹿児島本線,23,上下線,172141.64,第二桃田　上下,複線交流曲,100,172141.64,172241.64,コンクリート,コンクリート,コンクリート,0,0,1967/12/1,対象
711,鹿児島本線,23,上下線,357330,芹ヶ野　上下,複線直流直,530,357330,357860,吹付コンクリート,コンクリート,コンクリート,0,0,1967/3/1,対象
711,鹿児島本線,23,上下線,358716,第二金山　上下,複線直流曲,284,358716,359000,コンクリート,コンクリート,コンクリート,0,0,1966/9/1,対象
711,鹿児島本線,23,上下線,360652,薩摩山　上下,複線交流曲,263,360652,360915,コンクリート,コンクリート,コンクリート,0,0,1966/5/1,対象
711,鹿児島本線,23,上下線,375966.89,苗代川　上下,複線交流曲,565,375966.89,376531.89,コンクリート,コンクリート,コンクリート,0,0,1969/12/1,対象
711,鹿児島本線,23,上下線,377655,太田　上下,複線交流曲,733,377655,378388,コンクリート,コンクリート,コンクリート,0,0,1970/12/1,対象
711,鹿児島本線,23,上下線,378558,徳重　上下,複線交流曲,106.5,378558,378664.5,コンクリート,コンクリート,コンクリート,0,0,1980/12/1,対象
711,鹿児島本線,23,上下線,386619.53,松元　上下,複線交流曲,243.7,386619.53,386863.23,コンクリート,コンクリート,コンクリート,0,0,1980/12/1,対象
711,鹿児島本線,23,上下線,392221.5,広木　上下,複線交流曲,651,392221.5,392872.5,コンクリート,コンクリート,コンクリート,0,0,1968/12/1,対象
725,篠栗線,10,単線,12720,第一鳴渕　単線,特１号形,255,12720,12975,コンクリート,コンクリート,コンクリート,0,0,1967/12/1,対象
725,篠栗線,10,単線,13163,第二鳴渕　単線,特１号形,142,13163,13305,コンクリート,コンクリート,コンクリート,0,0,1967/12/1,対象
725,篠栗線,10,単線,14378,城戸　単線,特１号形,87,14378,14465,コンクリート,コンクリート,コンクリート,0,0,1967/12/1,対象
725,篠栗線,10,単線,15125,篠栗　単線,特１号形,4550,15125,19675,コンクリート,コンクリート,コンクリート,0,0,1967/12/1,対象
731,筑肥線,10,単線,33992,佐波　単線,甲形,187,33992,34179,コンクリート,コンクリート,コンクリート,0,0,1983/12/1,対象
731,筑肥線,10,単線,35031.96,薬師　単線,甲形,52.4,35031.96,35084.36,コンクリート,コンクリート,コンクリート,0,0,1982/12/1,対象
731,筑肥線,10,単線,35574.5,前田　単線,甲形,65.69,35574.5,35640.19,コンクリート,コンクリート,コンクリート,0,0,1982/12/1,対象
731,筑肥線,10,単線,39953,白石　単線,甲形,88,39953,40041,コンクリート,コンクリート,コンクリート,0,0,1923/12/1,対象
731,筑肥線,10,単線,40690,姉子　単線,甲形,89,40690,40779,コンクリート,コンクリート,コンクリート,0,0,1983/12/1,対象
731,筑肥線,10,単線,41705,鹿家　単線,甲形,220,41705,41925,コンクリート,コンクリート,コンクリート,0,0,1982/12/1,対象
731,筑肥線,10,単線,43750,深浜　単線,甲形,230,43750,43980,コンクリート,コンクリート,コンクリート,0,0,1982/12/1,対象
731,筑肥線,10,単線,44897,金山　単線,甲形,338,44897,45235,コンクリート,コンクリート,コンクリート,0,0,1982/12/1,対象
731,筑肥線,10,単線,45375,恵比須鼻　単線,甲形,250,45375,45625,コンクリート,コンクリート,コンクリート,0,0,1982/10/1,対象
731,筑肥線,10,単線,46211,渕の上　単線,甲形,95,46211,46306,コンクリート,コンクリート,コンクリート,0,0,1923/12/1,対象
731,筑肥線,10,単線,64921,久保　単線,甲形,111.8,64921,65032.8,コンクリート,コンクリート,コンクリート,0,0,1935/12/1,対象
731,筑肥線,10,単線,66376,和田山　単線,甲形,120.5,66376,66496.5,コンクリート,コンクリート,コンクリート,0,0,1935/12/1,対象
731,筑肥線,10,単線,70848.19,駒鳴　単線,甲形,144,70848.19,70992.19,コンクリート,コンクリート,コンクリート,0,0,1935/12/1,対象
731,筑肥線,21,下り線,15840,長垂　下り,甲形,565,15840,16405,コンクリート,コンクリート,コンクリート,0,0,1982/12/1,対象
731,筑肥線,22,上り線,16232,長垂　上り,１号形,150.7,16232,16382.7,コンクリート,コンクリート,コンクリート,0,0,1999/9/1,対象
737,三角線,10,単線,18471.69,赤瀬　単線,甲形,675.92,18471.69,19147.61,煉瓦,煉瓦,煉瓦,0,0,1899-12-01,対象
737,三角線,10,単線,23246.77,塩屋　単線,甲形,100.59,23246.77,23347.36,煉瓦,煉瓦,煉瓦,0,0,1899-12-01,対象
741,肥薩線,10,単線,2405.16,宮松　単線,甲形,231.35,2405.16,2636.51,煉瓦,石,石,0,0,1908/12/1,対象
741,肥薩線,10,単線,6640.76,高除　単線,甲形,462.68,6640.76,7103.44,煉瓦,石,石,0,0,1908/12/1,対象
741,肥薩線,10,単線,7208.61,草懸　単線,甲形,114.67,7208.61,7323.28,煉瓦,石,石,0,0,1908/12/1,対象
741,肥薩線,10,単線,8391.48,生名子　単線,甲形,120.7,8391.48,8512.18,煉瓦,石,石,0,0,1908/12/1,対象
741,肥薩線,10,単線,9809.48,和田山　単線,甲形,186.08,9809.48,9995.56,煉瓦,石,石,0,0,1908/12/1,対象
741,肥薩線,10,単線,12193.32,藤本　単線,甲形,472.74,12193.32,12666.06,煉瓦,煉瓦,煉瓦,0,0,1908/12/1,対象
741,肥薩線,10,単線,15323.95,葉木　単線,甲形,200.17,15323.95,15524.12,煉瓦,煉瓦,煉瓦,0,0,1908/12/1,対象
741,肥薩線,10,単線,17168.66,鎌瀬　単線,甲形,371.74,17168.66,17540.4,煉瓦,煉瓦,煉瓦,0,0,1908/12/1,対象
741,肥薩線,10,単線,18877.28,瀬戸石　単線,甲形,98.58,18877.28,18975.86,煉瓦,煉瓦,煉瓦,0,0,1908/12/1,対象
741,肥薩線,10,単線,20800,高田辺　単線,特１号形,395,20800,21195,コンクリート,コンクリート,コンクリート,0,0,1956/12/1,対象
741,肥薩線,10,単線,28300.4,第一箙瀬　単線,甲形,60.35,28300.4,28360.75,煉瓦,石,石,0,0,1908/12/1,対象
741,肥薩線,10,単線,28921,第二箙瀬　単線,甲形,37.21,28921,28958.21,煉瓦,石,石,0,0,1908/12/1,対象
741,肥薩線,10,単線,29014.54,第三箙瀬　単線,甲形,140.82,29014.54,29155.36,煉瓦,石,石,0,0,1908/12/1,対象
741,肥薩線,10,単線,31038.82,瀬比良山　単線,甲形,186.08,31038.82,31224.9,煉瓦,石,石,0,0,1908/12/1,対象
741,肥薩線,10,単線,32082.88,小口　単線,甲形,269.56,32082.88,32352.44,煉瓦,石,石,0,0,1908/12/1,対象
741,肥薩線,10,単線,33104.87,鵜之巣　単線,甲形,349.03,33104.87,33453.9,煉瓦,石,石,0,0,1908/12/1,対象
741,肥薩線,10,単線,33543.42,告　単線,甲形,869.04,33543.42,34412.46,煉瓦,石,石,0,0,1908/12/1,対象
741,肥薩線,10,単線,34534.17,舅落　単線,甲形,141.82,34534.17,34675.99,煉瓦,石,石,0,0,1908/12/1,対象
741,肥薩線,10,単線,36645.83,八重尾山第一　単線,甲形,80.47,36645.83,36726.3,煉瓦,煉瓦,煉瓦,0,0,1908/12/1,対象
741,肥薩線,10,単線,36911.55,八重尾山第二　単線,甲形,210.04,36911.55,37121.59,煉瓦,煉瓦,煉瓦,0,0,1908/12/1,対象
741,肥薩線,10,単線,40975.05,八貫　単線,甲形,308.76,40975.05,41283.81,煉瓦,石,石,0,0,1908/12/1,対象
741,肥薩線,10,単線,41441.76,舟木谷第一　単線,甲形,162.94,41441.76,41604.7,煉瓦,石,石,0,0,1908/12/1,対象
741,肥薩線,10,単線,41666.06,舟木谷第二　単線,甲形,145.84,41666.06,41811.9,煉瓦,石,石,0,0,1908/12/1,対象
741,肥薩線,10,単線,46750.92,城山　単線,甲形,257.5,46750.92,47008.42,煉瓦,石,石,0,0,1908/12/1,対象
741,肥薩線,10,単線,59423.64,水無第一　単線,甲形,201.17,59423.64,59624.81,煉瓦,石,石,0,0,1909/12/1,対象
741,肥薩線,10,単線,59956.73,水無第二　単線,甲形,235.37,59956.73,60192.1,煉瓦,石,石,0,0,1909/12/1,対象
741,肥薩線,10,単線,60389.25,立石第一　単線,甲形,140.81,60389.25,60530.06,煉瓦,石,石,0,0,1909/12/1,対象
741,肥薩線,10,単線,60628.64,立石第二　単線,甲形,88.51,60628.64,60717.15,煉瓦,石,石,0,0,1909/12/1,対象
741,肥薩線,10,単線,61123.51,横平　単線,甲形,502.92,61123.51,61626.43,煉瓦,石,石,0,0,1909/12/1,対象
741,肥薩線,10,単線,63006.54,大谷　単線,甲形,96.56,63006.54,63103.1,煉瓦,石,石,0,0,1909/12/1,対象
741,肥薩線,10,単線,66466.63,大野第一　単線,甲形,321.87,66466.63,66788.5,煉瓦,石,石,0,0,1909/12/1,対象
741,肥薩線,10,単線,68029.99,大野第二　単線,甲形,309.8,68029.99,68339.79,煉瓦,石,石,0,0,1909/12/1,対象
741,肥薩線,10,単線,68502.73,大野第三　単線,甲形,90.53,68502.73,68593.26,煉瓦,石,石,0,0,1909/12/1,対象
741,肥薩線,10,単線,68895.01,大野第四　単線,甲形,285.66,68895.01,69180.67,煉瓦,石,石,0,0,1909/12/1,対象
741,肥薩線,10,単線,72330.64,矢岳第一　単線,甲形,2096.17,72330.64,74426.81,煉瓦,石,石,0,0,1909/12/1,対象
741,肥薩線,10,単線,75104.24,矢岳第二　単線,甲形,142.83,75104.24,75247.07,煉瓦,煉瓦,煉瓦,0,0,1909/12/1,対象
741,肥薩線,10,単線,75443.21,矢岳第三　単線,甲形,131.16,75443.21,75574.37,煉瓦,煉瓦,煉瓦,0,0,1909/12/1,対象
741,肥薩線,10,単線,75883.77,踵蔓　単線,甲形,492.86,75883.77,76376.63,煉瓦,石,石,0,0,1909/12/1,対象
741,肥薩線,10,単線,76512.42,中竹　単線,甲形,210.22,76512.42,76722.64,煉瓦,石,石,0,0,1909/12/1,対象
741,肥薩線,10,単線,77518.66,後平　単線,甲形,201.77,77518.66,77720.43,煉瓦,石,石,0,0,1909/12/1,対象
741,肥薩線,10,単線,79174.88,山神第一　単線,甲形,168.98,79174.88,79343.86,煉瓦,石,石,0,0,1909/12/1,対象
741,肥薩線,10,単線,79683.83,山神第二　単線,甲形,617.59,79683.83,80301.42,煉瓦,石,石,0,0,1909/12/1,対象
741,肥薩線,10,単線,80862.68,松尾　単線,甲形,120.7,80862.68,80983.38,煉瓦,石,石,0,0,1909/12/1,対象
741,肥薩線,10,単線,81637.17,丸塚　単線,甲形,140.8,81637.17,81777.97,煉瓦,石,石,0,0,1909/12/1,対象
741,肥薩線,10,単線,83447.69,永迫　単線,甲形,261.5,83447.69,83709.19,煉瓦,石,石,0,0,1909/12/1,対象
741,肥薩線,10,単線,90099.95,隈船　単線,甲形,667.9,90099.95,90767.85,煉瓦,石,石,0,0,1903/12/1,対象
741,肥薩線,10,単線,97168.37,王の山　単線,甲形,140.8,97168.37,97309.17,煉瓦,石,石,0,0,1903/12/1,対象
741,肥薩線,10,単線,100647.85,横川　単線,甲形,231.3,100647.85,100879.15,煉瓦,石,石,0,0,1902/12/1,対象
741,肥薩線,10,単線,107376.92,赤水　単線,甲形,633.7,107376.92,108010.62,煉瓦,石,石,0,0,1902/12/1,対象
741,肥薩線,10,単線,108644.28,鳥掛　単線,甲形,110.6,108644.28,108754.88,煉瓦,石,石,0,0,1902/12/1,対象
741,肥薩線,10,単線,109982.05,嘉例川　単線,甲形,427.5,109982.05,110409.55,煉瓦,石,石,0,0,1902/12/1,対象
741,肥薩線,10,単線,117493.22,釜迫　単線,甲形,145.4,117493.22,117638.62,煉瓦,石,石,0,0,1902/12/1,対象
741,肥薩線,10,単線,118239.55,内道　単線,甲形,106.6,118239.55,118346.15,煉瓦,石,石,0,0,1902/12/1,対象
741,肥薩線,10,単線,118440.72,五月田　単線,甲形,28.2,118440.72,118468.92,煉瓦,石,石,0,0,1902/12/1,対象
741,肥薩線,10,単線,118659.99,羽根原　単線,甲形,241.4,118659.99,118901.39,煉瓦,石,石,0,0,1902/12/1,対象
747,指宿枕崎線,10,単線,15454.96,五位野　単線,３号形,153,15454.96,15607.96,吹付コンクリート,コンクリート,コンクリート,0,0,1934/12/1,対象
747,指宿枕崎線,10,単線,22478.02,樋高　単線,３号形,194,22478.02,22672.02,吹付コンクリート,コンクリート,コンクリート,0,0,1934/12/1,対象
747,指宿枕崎線,10,単線,27990.82,野元　単線,３号形,527.7,27990.82,28518.52,吹付コンクリート,コンクリート,コンクリート,0,0,1934/12/1,対象
747,指宿枕崎線,10,単線,35707.23,瀬崎　単線,３号形,169,35707.23,35876.23,吹付コンクリート,コンクリート,コンクリート,0,0,1934/12/1,対象
747,指宿枕崎線,10,単線,49323.91,第一成川　単線,３号形,85.9,49323.91,49409.81,吹付コンクリート,コンクリート,コンクリート,0,0,1934/12/1,対象
747,指宿枕崎線,10,単線,49608.71,第二成川　単線,３号形,267.2,49608.71,49875.91,吹付コンクリート,鉄筋コンクリート,鉄筋コンクリート,0,0,1936/12/1,対象
747,指宿枕崎線,10,単線,50404,山川　単線,１号形,1059.6,50404,51463.6,吹付コンクリート,コンクリート,コンクリート,0,0,1958/12/1,対象
747,指宿枕崎線,10,単線,64275.02,長崎　単線,２号（直）,150,64275.02,64425.02,吹付コンクリート,コンクリート,コンクリート,0,0,1958/12/1,対象
747,指宿枕崎線,10,単線,64673.02,第一郡　単線,２号（曲）,238.8,64673.02,64911.82,吹付コンクリート,コンクリート,コンクリート,0,0,1958/12/1,対象
747,指宿枕崎線,10,単線,65037.82,第二郡　単線,２号（曲）,218,65037.82,65255.82,吹付コンクリート,コンクリート,コンクリート,0,0,1958/12/1,対象
747,指宿枕崎線,10,単線,70507.32,御領　単線,２号（直）,164,70507.32,70671.32,吹付コンクリート,コンクリート,コンクリート,0,0,1959/12/1,対象
747,指宿枕崎線,10,単線,85604.96,岩戸　単線,２号（直）,916,85604.96,86520.96,吹付コンクリート,コンクリート,コンクリート,0,0,1963/12/1,対象
753,長崎本線,10,単線,61020,西浦　単線,１号形,180,61020,61200,吹付コンクリート,コンクリート,コンクリート,0,0,1934/12/1,対象
753,長崎本線,10,単線,61910,黒木　単線,１号形,90,61910,62000,コンクリート,コンクリート,コンクリート,0,0,1933/12/1,対象
753,長崎本線,10,単線,69722.46,亀崎　単線,１号形,175,69722.46,69897.46,コンクリート,コンクリート,コンクリート,0,0,1934/12/1,対象
753,長崎本線,10,単線,70742.46,第二破瀬浦　単線,１号形,175,70742.46,70917.46,コンクリート,コンクリート,コンクリート,0,0,1934/12/1,対象
753,長崎本線,10,単線,71242.46,第一破瀬浦　単線,１号形,143,71242.46,71385.46,コンクリート,コンクリート,コンクリート,0,0,1934/12/1,対象
753,長崎本線,10,単線,71762.46,里　単線,１号形,173,71762.46,71935.46,コンクリート,コンクリート,コンクリート,0,0,1934/12/1,対象
753,長崎本線,10,単線,76985,今里　単線,１号形,254,76985,77239,コンクリート,コンクリート,コンクリート,0,0,1934/12/1,対象
753,長崎本線,10,単線,81654,第二小川原浦　単線,１号形,215,81654,81869,コンクリート,コンクリート,コンクリート,0,0,1934/12/1,対象
753,長崎本線,10,単線,82770.11,第一小川原浦　単線,１号形,219.2,82770.11,82989.31,コンクリート,コンクリート,コンクリート,0,0,1934/12/1,対象
753,長崎本線,10,単線,84409.31,足角　単線,１号形,140,84409.31,84549.31,コンクリート,コンクリート,コンクリート,0,0,1934/12/1,対象
753,長崎本線,10,単線,91684,深海　単線,１号形,210,91684,91894,コンクリート,コンクリート,コンクリート,0,0,1934/12/1,対象
753,長崎本線,10,単線,98883,本明　単線,新中間形,390,98883,99273,コンクリート,コンクリート,コンクリート,0,0,1934/12/1,対象
753,長崎本線,10,単線,107400,舟津　単線,ラーメン,35.4,107400,107435.4,鉄筋コンクリート,鉄筋コンクリート,鉄筋コンクリート,0,0,1971/12/1,対象
753,長崎本線,10,単線,107584,囲　単線,特１号形,764.5,107584,108348.5,コンクリート,コンクリート,コンクリート,0,0,1971/12/1,対象
753,長崎本線,10,単線,108778.86,第一梶木　単線,特１号形,156,108778.86,108934.86,コンクリート,コンクリート,コンクリート,0,0,1971/12/1,対象
753,長崎本線,10,単線,108934.9,梶木　単線,特１号形,19.9,108934.9,108954.8,鉄筋コンクリート,鉄筋コンクリート,鉄筋コンクリート,0,0,1976/12/1,対象
753,長崎本線,10,単線,108954.86,第二梶木　単線,特１号形,197.5,108954.86,109152.36,コンクリート,コンクリート,コンクリート,0,0,1971/12/1,対象
753,長崎本線,10,単線,110072.86,向　単線,特１号形,1249,110072.86,111321.86,コンクリート,コンクリート,コンクリート,0,0,1971/12/1,対象
753,長崎本線,10,単線,111468.86,古賀　単線,特１号形,558,111468.86,112026.86,コンクリート,コンクリート,コンクリート,0,0,1970/12/1,対象
753,長崎本線,10,単線,112872.82,榎木　単線,特１号形,1515,112872.82,114387.82,コンクリート,コンクリート,コンクリート,0,0,1969/12/1,対象
753,長崎本線,10,単線,115188.82,長崎　単線,特１号形,6173,115188.82,121361.82,コンクリート,コンクリート,コンクリート,0,0,1970/12/1,対象
753,長崎本線,21,下り線,100870.5,宮の後　下り,ラーメン,52,100870.5,100922.5,鉄筋コンクリート,鉄筋コンクリート,鉄筋コンクリート,0,0,1969/12/1,対象
753,長崎本線,21,下り線,100993,諌早第一　下り,特１号形,337,100993,101330,コンクリート,コンクリート,コンクリート,0,0,1969/12/1,対象
753,長崎本線,21,下り線,101448,諌早第二　下り,特１号形,138,101448,101586,コンクリート,コンクリート,コンクリート,0,0,1969/12/1,対象
753,長崎本線,22,上り線,100938,諌早　上り,甲形,182.5,100938,101120.5,コンクリート,コンクリート,コンクリート,0,0,1975/12/1,対象
753,長崎本線,23,上下線,105872,久山　上下,複線交流曲,56,105872,105928,コンクリート,コンクリート,コンクリート,0,0,1969/12/1,対象
754,長崎旧線,10,単線,108501,喜々津　単線,甲形,311,108501,108812,煉瓦,石,石,0,0,1989/12/1,対象
754,長崎旧線,10,単線,109171,大草　単線,甲形,434.9,109171,109605.9,煉瓦,石,石,0,0,1898-12-01,対象
754,長崎旧線,10,単線,109695,西ノ浦　単線,甲形,152,109695,109847,煉瓦,石,石,0,0,1898-12-01,対象
754,長崎旧線,10,単線,117499,松ノ峠　単線,甲形,1093.6,117499,118592.6,煉瓦,石,石,0,0,1898-12-01,対象
761,唐津線,10,単線,17535.41,笹原　単線,甲形,458.06,17535.41,17993.47,煉瓦,煉瓦,煉瓦,0,0,1899-12-01,対象
761,唐津線,10,単線,28215,久保　単線,甲形,40.04,28215,28255.04,コンクリート,煉瓦,煉瓦,0,0,1899-12-01,対象
767,佐世保線,10,単線,16975.48,西谷峠　単線,特１号形,47.3,16975.48,17022.78,煉瓦,煉瓦,煉瓦,0,0,1985/12/1,対象
767,佐世保線,10,単線,24942.95,境松　単線,特１号形,104.86,24942.95,25047.81,煉瓦,煉瓦,煉瓦,0,0,1897-12-01,対象
767,佐世保線,10,単線,25460,泉山　単線,ラーメン,134,25460,25594,コンクリート,コンクリート,コンクリート,0,0,1975/12/1,対象
767,佐世保線,10,単線,26809,有田　単線,特１号形,143,26809,26952,コンクリート,コンクリート,コンクリート,0,0,1975/12/1,対象
767,佐世保線,10,単線,44022,日宇　単線,特１号形,328,44022,44350,コンクリート,コンクリート,コンクリート,0,0,1975/12/1,対象
767,佐世保線,10,単線,47201.28,福石　単線,特１号形,119.18,47201.28,47320.46,煉瓦,煉瓦,煉瓦,0,0,1897-12-01,対象
781,大村線,10,単線,4955.97,南風崎　単線,甲形,186.3,4955.97,5142.27,煉瓦,煉瓦,煉瓦,0,0,1897-12-01,対象
781,大村線,10,単線,7334.55,宮村　単線,甲形,103.6,7334.55,7438.15,煉瓦,煉瓦,煉瓦,0,0,1897-12-01,対象
781,大村線,10,単線,7753.81,新谷　単線,甲形,219.4,7753.81,7973.21,煉瓦,煉瓦,煉瓦,0,0,1897-12-01,対象
781,大村線,10,単線,10896.86,川棚　単線,甲形,334.5,10896.86,11231.36,煉瓦,煉瓦,煉瓦,0,0,1897-12-01,対象
781,大村線,10,単線,18080,彼杵　単線,甲形,423,18080,18503,煉瓦,石,石,0,0,1898-12-01,対象
781,大村線,10,単線,25591,千綿　単線,甲形,171.2,25591,25762.2,石,煉瓦,煉瓦,0,0,1898-12-01,対象
781,大村線,10,単線,26543,戈貫田　単線,甲形,109,26543,26652,石,石,石,0,0,1898-12-01,対象
781,大村線,10,単線,41950,中里　単線,甲形,70,41950,42020,コンクリート,コンクリート,コンクリート,0,0,1958/12/1,対象
781,大村線,10,単線,42422,鈴田　単線,甲形,362,42422,42784,煉瓦,石,石,0,0,1898-12-01,対象
783,久大本線,10,単線,35407.53,関　単線,新中間形,324,35407.53,35731.53,コンクリートブロック,コンクリート,コンクリート,0,0,1932/12/1,対象
783,久大本線,10,単線,35811.53,櫛崎　単線,新中間形,132,35811.53,35943.53,コンクリートブロック,コンクリート,コンクリート,0,0,1932/12/1,対象
783,久大本線,10,単線,36115.53,渦平　単線,新中間形,128,36115.53,36243.53,コンクリートブロック,コンクリート,コンクリート,0,0,1932/12/1,対象
783,久大本線,10,単線,36291.53,旗返　単線,新中間形,108,36291.53,36399.53,コンクリートブロック,コンクリート,コンクリート,0,0,1932/12/1,対象
783,久大本線,10,単線,38369.84,台　単線,新中間形,228,38369.84,38597.84,コンクリートブロック,コンクリート,コンクリート,0,0,1932/12/1,対象
783,久大本線,10,単線,38625.84,川崎　単線,新中間形,118,38625.84,38743.84,コンクリートブロック,コンクリート,コンクリート,0,0,1932/12/1,対象
783,久大本線,10,単線,40321.84,大川平　単線,１号形,324,40321.84,40645.84,コンクリートブロック,コンクリート,コンクリート,0,0,1934/12/1,対象
783,久大本線,10,単線,42293.39,入江　単線,１号形,208,42293.39,42501.39,コンクリートブロック,コンクリート,コンクリート,0,0,1934/12/1,対象
783,久大本線,10,単線,42861.39,中の瀬　単線,１号形,64,42861.39,42925.39,コンクリートブロック,コンクリート,コンクリート,0,0,1934/12/1,対象
783,久大本線,10,単線,43173.39,小谷口　単線,１号形,46,43173.39,43219.39,コンクリート,コンクリート,コンクリート,0,0,1934/12/1,対象
783,久大本線,10,単線,50681.49,小ヶ瀬　単線,１－１形,595.7,50681.49,51277.19,コンクリート,コンクリート,コンクリート,0,0,1934/12/1,対象
783,久大本線,10,単線,52735.51,川原　単線,１－１形,504.2,52735.51,53239.71,コンクリート,コンクリート,コンクリート,0,0,1934/12/1,対象
783,久大本線,10,単線,54364.51,鮎ヶ瀬　単線,１－１形,145.05,54364.51,54509.56,コンクリート,コンクリート,コンクリート,0,0,1934/12/1,対象
783,久大本線,10,単線,57692.9,池ノ原　単線,１－１形,403.8,57692.9,58096.7,コンクリート,コンクリート,コンクリート,0,0,1934/12/1,対象
783,久大本線,10,単線,58348.4,長角　単線,１－１形,509.76,58348.4,58858.16,コンクリート,コンクリート,コンクリート,0,0,1934/12/1,対象
783,久大本線,10,単線,61994.71,第一湯釣　単線,１－１形,366.25,61994.71,62360.96,コンクリート,コンクリート,コンクリート,0,0,1933/12/1,対象
783,久大本線,10,単線,62937.11,第二湯釣　単線,１－１形,431.7,62937.11,63368.81,コンクリート,コンクリート,コンクリート,0,0,1933/12/1,対象
783,久大本線,10,単線,64744.32,滝ヶ瀬　単線,１－１形,404.5,64744.32,65148.82,コンクリートブロック,コンクリート,コンクリート,0,0,1933/12/1,対象
783,久大本線,10,単線,81723.56,野上　単線,新中間形,100.6,81723.56,81824.16,コンクリートブロック,コンクリートブロック,コンクリートブロック,0,0,1929/12/1,対象
783,久大本線,10,単線,85248.03,鋳物師釣　単線,新中間形,70.5,85248.03,85318.53,コンクリートブロック,コンクリートブロック,コンクリートブロック,0,0,1928/12/1,対象
783,久大本線,10,単線,91055.57,水分　単線,乙形,1860.8,91055.57,92916.37,コンクリートブロック,石及びコンクリート,石及びコンクリート,0,0,1926/12/1,対象
783,久大本線,10,単線,93325.75,小ヶ倉　単線,乙形,717.2,93325.75,94042.95,コンクリートブロック,石及びコンクリート,石及びコンクリート,0,0,1926/12/1,対象
783,久大本線,10,単線,94783.75,槐木　単線,２号（曲）,517.4,94783.75,95301.15,コンクリートブロック,石及びコンクリート,石及びコンクリート,0,0,1926/12/1,対象
783,久大本線,10,単線,95497.9,徳野　単線,２号（曲）,545.9,95497.9,96043.8,石及びコンクリート,石及びコンクリート,石及びコンクリート,0,0,1926/12/1,対象
783,久大本線,10,単線,107332.99,津々良　単線,乙形,116.9,107332.99,107449.89,コンクリートブロック,石,石,0,0,1925/12/1,対象
783,久大本線,10,単線,108933.29,畑　単線,乙形,317.3,108933.29,109250.59,コンクリートブロック,石,石,0,0,1925/12/1,対象
783,久大本線,10,単線,119087.24,小野屋　単線,乙形,120.9,119087.24,119208.14,コンクリートブロック,石,石,0,0,1923/12/1,対象
783,久大本線,10,単線,121626.22,櫟木　単線,中間形,117,121626.22,121743.22,コンクリートブロック,コンクリートブロック,コンクリートブロック,0,0,1923/12/1,対象
783,久大本線,10,単線,138474.63,古国府　単線,新中間形,176.77,138474.63,138651.4,コンクリートブロック,コンクリート,コンクリート,0,0,1927/12/1,対象
786,豊肥本線,10,単線,37636.98,立野　単線,甲形,218.27,37636.98,37855.25,コンクリート,コンクリート,コンクリート,0,0,1917/12/1,対象
786,豊肥本線,10,単線,58341.31,天狗　単線,新中間形,262.53,58341.31,58603.84,コンクリート,コンクリート,コンクリート,0,0,1927/12/1,対象
786,豊肥本線,10,単線,58884.88,神石　単線,新中間形,371.76,58884.88,59256.64,コンクリート,コンクリート,コンクリート,0,0,1927/12/1,対象
786,豊肥本線,10,単線,59278.75,堂山　単線,新中間形,146.86,59278.75,59425.61,コンクリート,コンクリート,コンクリート,0,0,1928/12/1,対象
786,豊肥本線,10,単線,59482.94,願成就　単線,新中間形,664.86,59482.94,60147.8,コンクリート,コンクリート,コンクリート,0,0,1927/12/1,対象
786,豊肥本線,10,単線,60534.04,坂の上　単線,新中間形,27.3,62790,62817.3,コンクリート,コンクリート,コンクリート,0,0,1927/12/1,対象
786,豊肥本線,10,単線,60534.04,坂の上　単線,新中間形,67,62723,62790,鉄筋コンクリート,鉄筋コンクリート,鉄筋コンクリート,0,0,1927/12/1,対象
786,豊肥本線,10,単線,60534.04,坂の上　単線,新中間形,2188.96,60534.04,62723,コンクリート,コンクリート,コンクリート,0,0,1927/12/1,対象
786,豊肥本線,10,単線,77705.54,行年　単線,新中間形,104.6,77705.54,77810.14,コンクリートブロック,石,石,0,0,1928/12/1,対象
786,豊肥本線,10,単線,77920.79,高城　単線,新中間形,372.2,77920.79,78292.99,コンクリートブロック,コンクリートブロック,コンクリートブロック,0,0,1928/12/1,対象
786,豊肥本線,10,単線,78423.71,上恵良　単線,新中間形,90.53,78423.71,78514.24,コンクリートブロック,コンクリートブロック,コンクリートブロック,0,0,1928/12/1,対象
786,豊肥本線,10,単線,78634.94,中恵良　単線,新中間形,54.31,78634.94,78689.25,コンクリートブロック,コンクリートブロック,コンクリートブロック,0,0,1928/12/1,対象
786,豊肥本線,10,単線,78765.7,下恵良　単線,新中間形,189.1,78765.7,78954.8,コンクリートブロック,コンクリートブロック,コンクリートブロック,0,0,1928/12/1,対象
786,豊肥本線,10,単線,79147.92,仮屋　単線,新中間形,205.19,79147.92,79353.11,コンクリートブロック,コンクリートブロック,コンクリートブロック,0,0,1928/12/1,対象
786,豊肥本線,10,単線,79453.69,井戸　単線,新中間形,56.33,79453.69,79510.02,コンクリートブロック,石,石,0,0,1928/12/1,対象
786,豊肥本線,10,単線,79777.57,下津江　単線,新中間形,181.05,79777.57,79958.62,コンクリートブロック,石,石,0,0,1928/12/1,対象
786,豊肥本線,10,単線,80181.92,上馬背野　単線,新中間形,92.54,80181.92,80274.46,コンクリートブロック,石,石,0,0,1928/12/1,対象
786,豊肥本線,10,単線,81632.34,下馬背野　単線,新中間形,50.29,81632.34,81682.63,コンクリートブロック,石,石,0,0,1928/12/1,対象
786,豊肥本線,10,単線,83127.02,岩本　単線,新中間形,114.67,83127.02,83241.69,コンクリートブロック,石,石,0,0,1928/12/1,対象
786,豊肥本線,10,単線,85205.3,吉田　単線,甲形,106.62,85205.3,85311.92,コンクリートブロック,石,石,0,0,1925/12/1,対象
786,豊肥本線,10,単線,85433.63,一本松　単線,甲形,82.48,85433.63,85516.11,コンクリートブロック,石,石,0,0,1925/12/1,対象
786,豊肥本線,10,単線,87604.92,源次　単線,甲形,77.44,87604.92,87682.36,コンクリート,石,石,0,0,1925/12/1,対象
786,豊肥本線,10,単線,88304.3,赤坂　単線,甲形,269.56,88304.3,88573.86,コンクリートブロック,石,石,0,0,1924/12/1,対象
786,豊肥本線,10,単線,88840.41,七里　単線,甲形,65.38,88840.41,88905.79,コンクリートブロック,石,石,0,0,1924/12/1,対象
786,豊肥本線,10,単線,91364.06,三宅　単線,甲形,211.23,91364.06,91575.29,コンクリートブロック,石,石,0,0,1924/12/1,対象
786,豊肥本線,10,単線,93524.4,朝倉　単線,甲形,134.79,93524.4,93659.19,コンクリート,石,石,0,0,1924/12/1,対象
786,豊肥本線,10,単線,94224.47,坪泉　単線,甲形,130.76,94224.47,94355.23,コンクリートブロック,石,石,0,0,1923/12/1,対象
786,豊肥本線,10,単線,94421.61,丸山　単線,甲形,179.04,94421.61,94600.65,コンクリートブロック,石,石,0,0,1923/12/1,対象
786,豊肥本線,10,単線,94948.67,堀家　単線,甲形,80.46,94948.67,95029.13,コンクリートブロック,石,石,0,0,1923/12/1,対象
786,豊肥本線,10,単線,96254.25,若宮　単線,甲形,163.96,96254.25,96418.21,コンクリートブロック,石,石,0,0,1923/12/1,対象
786,豊肥本線,10,単線,96803.44,八原　単線,甲形,128.75,96803.44,96932.19,コンクリートブロック,石,石,0,0,1923/12/1,対象
786,豊肥本線,10,単線,97068.98,志賀　単線,甲形,42.25,97068.98,97111.23,コンクリートブロック,石,石,0,0,1923/12/1,対象
786,豊肥本線,10,単線,99625.83,緒方　単線,甲形,48.28,99625.83,99674.11,コンクリートブロック,石,石,0,0,1923/12/1,対象
786,豊肥本線,10,単線,104930.63,郷方　単線,甲形,114.67,104930.63,105045.3,コンクリートブロック,石,石,0,0,1922/12/1,対象
786,豊肥本線,10,単線,108548.92,百枝　単線,甲形,516.78,108548.92,109065.7,コンクリートブロック,石,石,0,0,1922/12/1,対象
786,豊肥本線,10,単線,118711.36,宮尾　単線,甲形,148.87,118711.36,118860.23,コンクリートブロック,石,石,0,0,1921/12/1,対象
786,豊肥本線,10,単線,123518.15,原　単線,甲形,296.72,123518.15,123814.87,コンクリートブロック,石,石,0,0,1921/12/1,対象
786,豊肥本線,10,単線,128110.51,花鶴　単線,甲形,89.52,128110.51,128200.03,煉瓦,煉瓦,煉瓦,0,0,1917/12/1,対象
786,豊肥本線,10,単線,131049.38,岩上　単線,甲形,197.14,131049.38,131246.52,煉瓦,煉瓦,煉瓦,0,0,1916/12/1,対象
786,豊肥本線,10,単線,134823.29,猪山　単線,甲形,140.82,134823.29,134964.11,煉瓦,煉瓦,煉瓦,0,0,1916/12/1,対象
791,日豊本線,10,単線,154851.02,佐志生　単線,乙形,1423.26,154851.02,156274.28,煉瓦,煉瓦,煉瓦,0,0,1915/12/1,対象
791,日豊本線,10,単線,157494.37,第一目明　単線,乙形,113.74,157494.37,157608.11,煉瓦,コンクリート,コンクリート,0,0,1916/12/1,対象
791,日豊本線,10,単線,157672.4,第二目明　単線,乙形,68.55,157672.4,157740.95,煉瓦,コンクリート,コンクリート,0,0,1915/12/1,対象
791,日豊本線,10,単線,167327.72,陣山　単線,乙形,209.31,167327.72,167537.03,煉瓦,コンクリート,コンクリート,0,0,1915/12/1,対象
791,日豊本線,10,単線,167754.2,原山　単線,乙形,185.24,167754.2,167939.44,煉瓦,コンクリート,コンクリート,0,0,1916/12/1,対象
791,日豊本線,10,単線,169384.66,下り松　単線,乙形,136.97,169384.66,169521.63,煉瓦,煉瓦,煉瓦,0,0,1916/12/1,対象
791,日豊本線,10,単線,170153.12,第一板知屋　単線,乙形,102.75,170153.12,170255.87,煉瓦,煉瓦,煉瓦,0,0,1916/12/1,対象
791,日豊本線,10,単線,170749.98,第二板知屋　単線,乙形,286.02,170749.98,171036,煉瓦,煉瓦,煉瓦,0,0,1916/12/1,対象
791,日豊本線,10,単線,171531.1,大泊　単線,乙形,225.45,171531.1,171756.55,煉瓦,煉瓦,煉瓦,0,0,1916/12/1,対象
791,日豊本線,10,単線,172434.37,徳浦　単線,乙形,1601.3,172434.37,174035.67,煉瓦,煉瓦,煉瓦,0,0,1916/12/1,対象
791,日豊本線,10,単線,174882.5,第二鳥越　単線,乙形,352.5,174882.5,175235,煉瓦,煉瓦,煉瓦,0,0,1916/12/1,対象
791,日豊本線,10,単線,177789.46,第一津久見　単線,１－１形,165,177789.46,177954.46,煉瓦,コンクリート,コンクリート,0,0,1916/12/1,対象
791,日豊本線,10,単線,179375.85,第二津久見　単線,乙形,170,179375.85,179545.85,煉瓦,コンクリート,コンクリート,0,0,1916/12/1,対象
791,日豊本線,10,単線,181523.4,日見　単線,乙形,1097.33,181523.4,182620.73,煉瓦,コンクリート,コンクリート,0,0,1916/12/1,対象
791,日豊本線,10,単線,183355.38,第一福良　単線,乙形,241.53,183355.38,183596.91,煉瓦,コンクリート,コンクリート,0,0,1916/12/1,対象
791,日豊本線,10,単線,184615.95,津井　単線,乙形,657.07,184615.95,185273.02,煉瓦,煉瓦,煉瓦,0,0,1916/12/1,対象
791,日豊本線,10,単線,188062.99,第一浪太　単線,乙形,233.46,188062.99,188296.45,煉瓦,煉瓦,煉瓦,0,0,1916/12/1,対象
791,日豊本線,10,単線,188505.56,第二浪太　単線,乙形,257.5,188505.56,188763.06,煉瓦,煉瓦,煉瓦,0,0,1916/12/1,対象
791,日豊本線,10,単線,188994.4,第三浪太　単線,乙形,138.8,188994.4,189133.2,煉瓦,,,0,0,1916/12/1,対象
791,日豊本線,10,単線,189445.22,第四浪太　単線,乙形,261.53,189445.22,189706.75,煉瓦,煉瓦,煉瓦,0,0,1916/12/1,対象
791,日豊本線,10,単線,190118.22,古江　単線,乙形,116.65,190118.22,190234.87,煉瓦,煉瓦,煉瓦,0,0,1916/12/1,対象
791,日豊本線,10,単線,192111.7,宮之内　単線,乙形,79.54,192111.7,192191.24,煉瓦,コンクリート,コンクリート,0,0,1916/12/1,対象
791,日豊本線,10,単線,192583.44,八幡　単線,乙形,120.85,192583.44,192704.29,煉瓦,煉瓦,煉瓦,0,0,1916/12/1,対象
791,日豊本線,10,単線,195461.15,坂の浦　単線,乙形,521.7,195461.15,195982.85,煉瓦,煉瓦,煉瓦,0,0,1916/12/1,対象
791,日豊本線,10,単線,196490.12,葛　単線,乙形,201.33,196490.12,196691.45,煉瓦,コンクリート,コンクリート,0,0,1916/12/1,対象
791,日豊本線,10,単線,199024.86,城山　単線,乙形,201.29,199024.86,199226.15,その他,その他,その他,0,0,1920/12/1,対象
791,日豊本線,10,単線,202657.95,上岡　単線,乙形,93.54,202657.95,202751.49,コンクリートブロック,コンクリートブロック,コンクリートブロック,0,0,1921/12/1,対象
791,日豊本線,10,単線,207179.28,簾山　単線,乙形,312.25,207179.28,207491.53,コンクリートブロック,コンクリートブロック,コンクリートブロック,0,0,1920/12/1,対象
791,日豊本線,10,単線,208661.89,谷波寄　単線,乙形,94.55,208661.89,208756.44,コンクリートブロック,コンクリートブロック,コンクリートブロック,0,0,1920/12/1,対象
791,日豊本線,10,単線,209948,宝区　単線,乙形,404.75,209948,210352.75,コンクリート,コンクリート,コンクリート,0,0,1921/12/1,対象
791,日豊本線,10,単線,214148,大津留　単線,乙形,96.31,214148,214244.31,コンクリートブロック,コンクリート,コンクリート,0,0,1921/12/1,対象
791,日豊本線,10,単線,215500.07,柚の原　単線,乙形,207.45,215500.07,215707.52,コンクリートブロック,コンクリート,コンクリート,0,0,1922/12/1,対象
791,日豊本線,10,単線,218636.16,椛原　単線,乙形,111.82,218636.16,218747.98,コンクリートブロック,コンクリートブロック,コンクリートブロック,0,0,1922/12/1,対象
791,日豊本線,10,単線,219276.88,第一杭内　単線,乙形,91.73,219276.88,219368.61,コンクリートブロック,コンクリートブロック,コンクリートブロック,0,0,1922/12/1,対象
791,日豊本線,10,単線,219679.22,第二杭内　単線,乙形,233.7,219679.22,219912.92,コンクリートブロック,コンクリートブロック,コンクリートブロック,0,0,1922/12/1,対象
791,日豊本線,10,単線,220250.53,第三杭内　単線,乙形,201.47,220250.53,220452,コンクリートブロック,コンクリートブロック,コンクリートブロック,0,0,1922/12/1,対象
791,日豊本線,10,単線,220493.95,第四杭内　単線,乙形,70.6,220493.95,220564.55,コンクリートブロック,コンクリートブロック,コンクリートブロック,0,0,1922/12/1,対象
791,日豊本線,10,単線,221097.45,第一打水　単線,乙形,51.52,221097.45,221148.97,コンクリート,石,石,0,0,1921/12/1,対象
791,日豊本線,10,単線,221240.29,第二打水　単線,乙形,107.2,221240.29,221347.49,コンクリートブロック,コンクリートブロック,コンクリートブロック,0,0,1922/12/1,対象
791,日豊本線,10,単線,221871.95,第三打水　単線,乙形,105.99,221871.95,221977.94,コンクリートブロック,その他,その他,0,0,1922/12/1,対象
791,日豊本線,10,単線,222497.58,第一大原　単線,乙形,521.25,222497.58,223018.83,コンクリートブロック,石,石,0,0,1922/12/1,対象
791,日豊本線,10,単線,224491.18,第二大原　単線,乙形,112.79,224491.18,224603.97,コンクリートブロック,石,石,0,0,1922/12/1,対象
791,日豊本線,10,単線,224770.78,第三大原　単線,乙形,92.79,224770.78,224863.57,コンクリートブロック,石,石,0,0,1922/12/1,対象
791,日豊本線,10,単線,225133.89,第一官山　単線,乙形,268.67,225133.89,225402.56,コンクリート,コンクリート,コンクリート,0,0,1922/12/1,対象
791,日豊本線,10,単線,225732.36,第二官山　単線,乙形,206.8,225732.36,225939.16,コンクリートブロック,コンクリートブロック,コンクリートブロック,0,0,1922/12/1,対象
791,日豊本線,10,単線,226361.3,第一楓山　単線,乙形,336.3,226361.3,226697.6,コンクリート,,,0,0,1922/12/1,対象
791,日豊本線,10,単線,226781.74,第二楓山　単線,乙形,124.81,226781.74,226906.55,コンクリートブロック,コンクリートブロック,コンクリートブロック,0,0,1922/12/1,対象
791,日豊本線,10,単線,227377.19,第一子洗　単線,乙形,204.8,227377.19,227581.99,コンクリートブロック,石,石,0,0,1922/12/1,対象
791,日豊本線,10,単線,227765.45,第二子洗　単線,乙形,138.25,227765.45,227903.7,コンクリートブロック,石,石,0,0,1922/12/1,対象
791,日豊本線,10,単線,227998.8,第三子洗　単線,乙形,44.8,227998.8,228043.6,コンクリートブロック,コンクリート,コンクリート,0,0,1922/12/1,対象
791,日豊本線,10,単線,228697.46,第一三本楠　単線,乙形,65.6,228697.46,228763.06,コンクリートブロック,石,石,0,0,1922/12/1,対象
791,日豊本線,10,単線,228945.9,第二三本楠　単線,乙形,169.3,228945.9,229115.2,コンクリートブロック,石,石,0,0,1922/12/1,対象
791,日豊本線,10,単線,229193.34,第一立花　単線,乙形,140.9,229193.34,229334.24,コンクリートブロック,コンクリート,コンクリート,0,0,1922/12/1,対象
791,日豊本線,10,単線,229544.3,第二立花　単線,乙形,106.8,229544.3,229651.1,コンクリート,石,石,0,0,1922/12/1,対象
791,日豊本線,10,単線,229834.98,第三立花　単線,乙形,110.8,229834.98,229945.78,コンクリート,石,石,0,0,1922/12/1,対象
791,日豊本線,10,単線,230619.54,第一宗太郎　単線,乙形,55.4,230619.54,230674.94,コンクリート,コンクリート,コンクリート,0,0,1923/12/1,対象
791,日豊本線,10,単線,230867.98,第二宗太郎　単線,乙形,175.12,230867.98,231043.1,コンクリート,石,石,0,0,1923/12/1,対象
791,日豊本線,10,単線,231159.88,第三宗太郎　単線,乙形,141.1,231159.88,231300.98,コンクリート,石,石,0,0,1923/12/1,対象
791,日豊本線,10,単線,231344.95,第四宗太郎　単線,乙形,96.6,231344.95,231441.55,コンクリート,石,石,0,0,1923/12/1,対象
791,日豊本線,10,単線,232677.39,第一鐙　単線,１号形,175.01,232677.39,232852.4,コンクリートブロック,石,石,0,0,1923/12/1,対象
791,日豊本線,10,単線,233091.79,第二鐙　単線,１号形,214.25,233091.79,233306.04,コンクリートブロック,石,石,0,0,1923/12/1,対象
791,日豊本線,10,単線,233589.04,第三鐙　単線,１号形,72.4,233589.04,233661.44,コンクリートブロック,コンクリートブロック,石,0,0,1923/12/1,対象
791,日豊本線,10,単線,233955.17,第四鐙　単線,１号形,185.1,233955.17,234140.27,コンクリートブロック,石,石,0,0,1923/12/1,対象
791,日豊本線,10,単線,235308.02,葛葉　単線,１号形,94.6,235308.02,235402.62,コンクリートブロック,石,石,0,0,1923/12/1,対象
791,日豊本線,10,単線,235943,第一井掛　単線,１号形,60,235943,236003,コンクリート,コンクリート,コンクリート,0,0,1942/12/1,対象
791,日豊本線,10,単線,236103.64,第二井掛　単線,１号形,187.1,236103.64,236290.74,コンクリートブロック,コンクリート,コンクリート,0,0,1923/12/1,対象
791,日豊本線,10,単線,236920.38,市棚　単線,１号形,253.5,236920.38,237173.88,コンクリートブロック,コンクリート,コンクリート,0,0,1923/12/1,対象
791,日豊本線,10,単線,238198.4,刈鉢　単線,１－１形,409.4,238198.4,238607.8,コンクリートブロック,コンクリート,コンクリート,0,0,1923/12/1,対象
791,日豊本線,10,単線,245558,長井　単線,１－１形,116.7,245558,245674.7,コンクリートブロック,コンクリート,コンクリート,0,0,1923/12/1,対象
791,日豊本線,10,単線,246634,第一新道　単線,１－１形,80.5,246634,246714.5,コンクリートブロック,コンクリート,コンクリート,0,0,1923/12/1,対象
791,日豊本線,10,単線,246782,第二新道　単線,１－１形,124.7,246782,246906.7,コンクリートブロック,コンクリート,コンクリート,0,0,1923/12/1,対象
791,日豊本線,10,単線,246972,第三新道　単線,１－１形,84.5,246972,247056.5,コンクリートブロック,コンクリート,コンクリート,0,0,1923/12/1,対象
791,日豊本線,10,単線,247660,可愛　単線,１－１形,154.9,247660,247814.9,コンクリートブロック,コンクリート,コンクリート,0,0,1923/12/1,対象
791,日豊本線,10,単線,249318,船浦　単線,１－１形,104.2,249318,249422.2,コンクリートブロック,コンクリート,コンクリート,0,0,1923/12/1,対象
791,日豊本線,10,単線,252136,和田越　単線,１－１形,187.1,252136,252323.1,コンクリートブロック,コンクリート,コンクリート,0,0,1922/12/1,対象
791,日豊本線,10,単線,284675,遠見　単線,１－１形,160.94,284675,284835.94,コンクリートブロック,コンクリート,コンクリート,0,0,1922/12/1,対象
791,日豊本線,10,単線,286466,権現　単線,１－１形,126.74,286466,286592.74,コンクリートブロック,コンクリート,コンクリート,0,0,1922/12/1,対象
791,日豊本線,10,単線,287723,美々津　単線,１－１形,462.65,287723,288185.65,コンクリートブロック,コンクリート,コンクリート,0,0,1922/12/1,対象
791,日豊本線,10,単線,346593.94,清武　単線,乙形,189.09,346593.94,346783.03,煉瓦,煉瓦,煉瓦,0,0,1915/12/1,対象
791,日豊本線,10,単線,365349.25,猪之谷第四　単線,乙形,589.42,365349.25,365938.67,煉瓦,石,石,0,0,1916/12/1,対象
791,日豊本線,10,単線,366474.53,猪之谷第三　単線,乙形,144.84,366474.53,366619.37,煉瓦,石,石,0,0,1916/12/1,対象
791,日豊本線,10,単線,366715.93,猪之谷第二　単線,乙形,358.07,366715.93,367074,煉瓦,石,石,0,0,1916/12/1,対象
791,日豊本線,10,単線,367236.95,猪之谷第一　単線,乙形,350.04,367236.95,367586.99,煉瓦,石,石,0,0,1916/12/1,対象
791,日豊本線,10,単線,369329.66,青井岳　単線,乙形,1528.87,369329.66,370858.53,煉瓦,石,石,0,0,1916/12/1,対象
791,日豊本線,10,単線,371387.61,猪之川内　単線,乙形,96.9,371387.61,371484.51,煉瓦,石,石,0,0,1916/12/1,対象
791,日豊本線,10,単線,372226.48,四角目　単線,乙形,65.1,372226.48,372291.58,煉瓦,石,石,0,0,1916/12/1,対象
791,日豊本線,10,単線,373034.17,山之神第二　単線,乙形,168.1,373034.17,373202.27,煉瓦,石,石,0,0,1916/12/1,対象
791,日豊本線,10,単線,373250.43,山之神第一　単線,乙形,86.5,373250.43,373336.93,煉瓦,石,石,0,0,1916/12/1,対象
791,日豊本線,10,単線,383631.88,高才　単線,乙形,231.55,383631.88,383863.43,煉瓦,煉瓦,煉瓦,0,0,1914/12/1,対象
791,日豊本線,10,単線,405154.42,正部　単線,乙形,326,405154.42,405480.42,コンクリート,コンクリート,コンクリート,0,0,1931/12/1,対象
791,日豊本線,10,単線,405937.42,馬水　単線,乙形,126,405937.42,406063.42,コンクリートブロック,コンクリートブロック,コンクリートブロック,0,0,1931/12/1,対象
791,日豊本線,10,単線,406842.42,大川原　単線,乙形,231,406842.42,407073.42,コンクリートブロック,コンクリートブロック,コンクリートブロック,0,0,1931/12/1,対象
791,日豊本線,10,単線,408698.37,井手谷　単線,乙形,107.06,408698.37,408805.43,コンクリートブロック,コンクリートブロック,コンクリートブロック,0,0,1932/12/1,対象
791,日豊本線,10,単線,409075.43,水無谷　単線,乙形,110,409075.43,409185.43,コンクリートブロック,コンクリートブロック,コンクリートブロック,0,0,1932/12/1,対象
791,日豊本線,10,単線,409281.93,夏木　単線,乙形,99.5,409281.93,409381.43,コンクリートブロック,コンクリートブロック,コンクリートブロック,0,0,1932/12/1,対象
791,日豊本線,10,単線,413291.37,峠　単線,乙形,397.5,413291.37,413688.87,コンクリートブロック,鉄筋コンクリート,鉄筋コンクリート,0,0,1932/12/1,対象
791,日豊本線,10,単線,414036.37,炭床　単線,乙形,57,414036.37,414093.37,コンクリート,コンクリート,コンクリート,0,0,1932/12/1,対象
791,日豊本線,10,単線,417732.98,狩川　単線,乙形,520,417732.98,418252.98,コンクリートブロック,コンクリート,コンクリート,0,0,1932/12/1,対象
791,日豊本線,10,単線,419419.98,大窪　単線,乙形,65,419419.98,419484.98,コンクリートブロック,コンクリート,コンクリート,0,0,1930/12/1,対象
791,日豊本線,10,単線,421537.98,黒ヶ迫　単線,乙形,110,421537.98,421647.98,コンクリートブロック,コンクリート,コンクリート,0,0,1930/12/1,対象
791,日豊本線,10,単線,421777.98,馬渡　単線,２号（直）,195,421777.98,421972.98,コンクリートブロック,コンクリート,コンクリート,0,0,1930/12/1,対象
791,日豊本線,10,単線,422762.98,床浪　単線,乙形,243,422762.98,423005.98,コンクリート,コンクリート,コンクリート,0,0,1930/12/1,対象
791,日豊本線,10,単線,423840.98,小鹿野　単線,乙形,187,423840.98,424027.98,コンクリートブロック,コンクリート,コンクリート,0,0,1930/12/1,対象
791,日豊本線,10,単線,424412.93,襲山　単線,乙形,1928.6,424412.93,426341.53,コンクリートブロック,コンクリート,コンクリート,0,0,1930/12/1,対象
791,日豊本線,10,単線,426863.53,松永　単線,乙形,340.7,426863.53,427204.23,コンクリートブロック,コンクリート,コンクリート,0,0,1930/12/1,対象
791,日豊本線,10,単線,428129.23,岩戸　単線,乙形,266.3,428129.23,428395.53,コンクリートブロック,コンクリート,コンクリート,0,0,1930/12/1,対象
791,日豊本線,10,単線,438030,青佐　単線,特１号形,430,438030,438460,コンクリート,コンクリート,コンクリート,0,0,1979/12/1,対象
791,日豊本線,10,単線,439795,日木山　単線,特１号形,510,439795,440305,コンクリート,コンクリート,コンクリート,0,0,1980/12/1,対象
791,日豊本線,10,単線,453215,大崎　単線,特１号形,570,453215,453785,コンクリート,コンクリート,コンクリート,0,0,1980/12/1,対象
791,日豊本線,10,単線,454295,壁ヶ鼻　単線,特１号形,485,454295,454780,コンクリート,コンクリート,コンクリート,0,0,1980/12/1,対象
791,日豊本線,10,単線,457788.13,三船　単線,甲形,30.69,457788.13,457818.82,コンクリート,石,石,0,0,1980/12/1,対象
791,日豊本線,10,単線,460224,鳥越　単線,特１号形,436,460224,460660,コンクリート,コンクリート,コンクリート,0,0,1979/12/1,対象
791,日豊本線,21,下り線,79760,立石　下り,円（含シールド）,3640,79760,83400,コンクリート,コンクリート,コンクリート,0,0,1969/12/1,対象
791,日豊本線,21,下り線,90659,大原山　下り,円（含シールド）,261,90659,90920,コンクリート,コンクリート,コンクリート,0,0,1978/12/1,対象
791,日豊本線,21,下り線,92884,二ノ尾　下り,円（含シールド）,236,92884,93120,コンクリート,コンクリート,コンクリート,0,0,1967/12/1,対象
791,日豊本線,21,下り線,94325,陣田我王　下り,円（含シールド）,813.7,94325,95138.7,コンクリート,コンクリート,コンクリート,0,0,1967/12/1,対象
791,日豊本線,21,下り線,113675.18,古市山　下り,特１号形,191.7,113675.18,113866.88,コンクリート,石,石,0,0,1911/12/1,対象
791,日豊本線,21,下り線,126479.61,仏崎　下り,円（含シールド）,231.56,126479.61,126711.17,煉瓦,コンクリート,コンクリート,0,0,1911/12/1,対象
791,日豊本線,21,下り線,174544,第一鳥越　下り,円（含シールド）,98,174544,174642,コンクリート,コンクリート,コンクリート,0,0,1967/12/1,対象
791,日豊本線,21,下り線,183953.5,第二福良　下り,円（含シールド）,141,183953.5,184094.5,コンクリート,コンクリート,コンクリート,0,0,1965/12/1,対象
791,日豊本線,22,上り線,82377.59,立石　上り,円（含シールド）,311.81,82377.59,82689.4,煉瓦,コンクリート,コンクリート,0,0,1910/12/1,対象
791,日豊本線,22,上り線,90660,大原山　上り,円（含シールド）,263,90660,90923,コンクリート,コンクリート,コンクリート,0,0,1967/12/1,対象
791,日豊本線,22,上り線,92231,二ノ尾　上り,円（含シールド）,829,92231,93060,コンクリート,コンクリート,コンクリート,0,0,1966/12/1,対象
791,日豊本線,22,上り線,94325,陣田我王　上り,円（含シールド）,775,94325,95100,コンクリート,コンクリート,コンクリート,0,0,1978/12/1,対象
791,日豊本線,22,上り線,113652,古市山　上り,円（含シールド）,214,113652,113866,コンクリート,コンクリート,コンクリート,0,0,1909/12/1,対象
791,日豊本線,22,上り線,123127,高崎山　上り,円（含シールド）,1067,123127,124194,コンクリート,コンクリート,コンクリート,0,0,1966/12/1,対象
791,日豊本線,22,上り線,126285,仏崎　上り,円（含シールド）,551,126285,126836,コンクリート,鉄筋コンクリート,鉄筋コンクリート,0,0,1966/12/1,対象
791,日豊本線,22,上り線,127910,白木　上り,円（含シールド）,302,127910,128212,コンクリート,コンクリート,コンクリート,0,0,1966/12/1,対象
791,日豊本線,22,上り線,174541.6,第一鳥越　上り,乙形,84.56,174541.6,174626.16,煉瓦,煉瓦,煉瓦,0,0,1916/12/1,対象
791,日豊本線,22,上り線,183958.88,第二福良　上り,乙形,132.83,183958.88,184091.71,煉瓦,煉瓦,煉瓦,0,0,1916/12/1,対象
791,日豊本線,23,上下線,111515,茅場　上下,複線交流曲,1009,111515,112524,コンクリート,コンクリート,コンクリート,0,0,1980/12/1,対象
791,日豊本線,23,上下線,127011.6,鯨崎　上下,複線交流曲,77,127011.6,127088.6,コンクリート,コンクリート,コンクリート,0,0,1967/12/1,対象
795,日田彦山線,10,単線,13924,丸山　単線,１号形,110,13924,14034,煉瓦,煉瓦,煉瓦,0,0,1915/12/1,対象
795,日田彦山線,10,単線,14137.57,金辺　単線,１－１形,1444.4,14137.57,15581.97,煉瓦,煉瓦,煉瓦,0,0,1915/12/1,対象
795,日田彦山線,10,単線,18316.42,採銅所　単線,１－１形,90.4,18316.42,18406.82,煉瓦,石,石,0,0,1915/12/1,対象
795,日田彦山線,10,単線,20123.98,古宮　単線,１－１形,60.2,20123.98,20184.18,煉瓦,石,石,0,0,1915/12/1,対象
795,日田彦山線,10,単線,36773.99,真木　単線,甲形,70.41,36773.99,36844.4,煉瓦,煉瓦,煉瓦,0,0,1903/12/1,対象
795,日田彦山線,10,単線,41089.34,野田　単線,２号（直）,99.7,41089.34,41189.04,コンクリート,コンクリート,コンクリート,0,0,1942/12/1,対象
795,日田彦山線,10,単線,44924.56,第一城野　単線,２号（曲）,68,44924.56,44992.56,コンクリート,コンクリート,コンクリート,0,0,1942/12/1,対象
795,日田彦山線,10,単線,45153.56,第二城野　単線,２号（曲）,185,45153.56,45338.56,コンクリート,コンクリート,コンクリート,0,0,1942/12/1,対象
795,日田彦山線,10,単線,50388.62,深倉　単線,２号（直）,59,50388.62,50447.62,コンクリート,コンクリート,コンクリート,0,0,1938/12/1,対象
795,日田彦山線,10,単線,50509.62,釈迦岳　単線,１号形,4378.6,50509.62,54888.22,コンクリート,コンクリート,コンクリート,0,0,1955/12/1,対象
795,日田彦山線,10,単線,55824.62,栗木野　単線,２号（曲）,93.5,55824.62,55918.12,コンクリート,コンクリート,コンクリート,0,0,1938/12/1,対象
795,日田彦山線,10,単線,56345.92,第二松山　単線,２号（直）,94.2,56345.92,56440.12,鉄筋コンクリート,鉄筋コンクリート,鉄筋コンクリート,0,0,1938/12/1,対象
795,日田彦山線,10,単線,56919.12,第一松山　単線,２号（曲）,74,56919.12,56993.12,鉄筋コンクリート,鉄筋コンクリート,鉄筋コンクリート,0,0,1938/12/1,対象
795,日田彦山線,10,単線,57326.12,第三宝珠山　単線,２号（曲）,76,57326.12,57402.12,コンクリート,コンクリート,コンクリート,0,0,1938/12/1,対象
795,日田彦山線,10,単線,57589.12,第二宝珠山　単線,２号（直）,71,57589.12,57660.12,コンクリート,コンクリート,コンクリート,0,0,1938/12/1,対象
795,日田彦山線,10,単線,57780.12,第一宝珠山　単線,２号（直）,109,57780.12,57889.12,コンクリート,コンクリート,コンクリート,0,0,1938/12/1,対象
795,日田彦山線,10,単線,58782.92,大行司　単線,２号（曲）,52,58782.92,58834.92,コンクリート,コンクリート,コンクリート,0,0,1938/12/1,対象
823,日南線,10,単線,15012.11,青島　単線,１号形,1330,15012.11,16342.11,コンクリート,コンクリート,コンクリート,0,0,1960/12/1,対象
823,日南線,10,単線,17579.65,内海　単線,２号（曲）,100,17579.65,17679.65,コンクリート,コンクリート,コンクリート,0,0,1959/12/1,対象
823,日南線,10,単線,19646.35,野島　単線,２号（曲）,119,19646.35,19765.35,コンクリート,コンクリート,コンクリート,0,0,1959/12/1,対象
823,日南線,10,単線,20088.35,小内海　単線,２号（直）,196,20088.35,20284.35,コンクリート,コンクリート,コンクリート,0,0,1959/12/1,対象
823,日南線,10,単線,20832.46,鶯巣　単線,２号（曲）,809,20832.46,21641.46,コンクリート,コンクリート,コンクリート,0,0,1960/12/1,対象
823,日南線,10,単線,22691.46,第二伊比井　単線,２号（曲）,151,22691.46,22842.46,コンクリート,コンクリート,コンクリート,0,0,1960/12/1,対象
823,日南線,10,単線,22991.46,第一伊比井　単線,２号（曲）,167,22991.46,23158.46,コンクリート,コンクリート,コンクリート,0,0,1960/12/1,対象
823,日南線,10,単線,24096.6,冨土　単線,２号（曲）,719.5,24096.6,24816.1,コンクリート,コンクリート,コンクリート,0,0,1959/12/1,対象
823,日南線,10,単線,26907.8,谷之城　単線,１号形,3670,26907.8,30577.8,コンクリート,鉄筋コンクリート,鉄筋コンクリート,0,0,1959/12/1,対象
823,日南線,10,単線,34241.11,大藤　単線,２号（直）,129,34241.11,34370.11,コンクリート,コンクリート,コンクリート,0,0,1941/12/1,対象
823,日南線,10,単線,37433.11,内之田　単線,２号（直）,28,37433.11,37461.11,コンクリート,コンクリート,コンクリート,0,0,1941/12/1,対象
823,日南線,10,単線,38527.94,第二殿所　単線,２号（直）,83,38527.94,38610.94,コンクリート,コンクリート,コンクリート,0,0,1941/12/1,対象
823,日南線,10,単線,38789.12,第一殿所　単線,２号（曲）,215,38789.12,39004.12,コンクリート,コンクリート,コンクリート,0,0,1941/12/1,対象
823,日南線,10,単線,40453.28,横手　単線,２号（曲）,149.5,40453.28,40602.78,コンクリート,コンクリート,コンクリート,0,0,1941/12/1,対象
823,日南線,10,単線,46569.78,松ヶ鼻　単線,２号（直）,138,46569.78,46707.78,コンクリート,,,0,0,1937/12/1,対象
823,日南線,10,単線,47368.02,黒岩　単線,２号（曲）,47,47368.02,47415.02,コンクリート,コンクリート,コンクリート,0,0,1937/12/1,対象
823,日南線,10,単線,47586.02,長崎鼻　単線,２号（曲）,317.5,47586.02,47903.52,コンクリート,コンクリート,コンクリート,0,0,1937/12/1,対象
823,日南線,10,単線,49371.41,飯崎　単線,２号（曲）,82,49371.41,49453.41,コンクリート,コンクリート,コンクリート,0,0,1937/12/1,対象
823,日南線,10,単線,79963.59,第三高松　単線,２号（曲）,65,79963.59,80028.59,コンクリート,コンクリート,コンクリート,0,0,1935/12/1,対象
823,日南線,10,単線,80908.59,第二高松　単線,２号（直）,90,80908.59,80998.59,コンクリート,コンクリート,コンクリート,0,0,1935/12/1,対象
823,日南線,10,単線,81086.59,浜之谷　単線,２号（曲）,30,81086.59,81116.59,コンクリート,コンクリート,コンクリート,0,0,1935/12/1,対象
823,日南線,10,単線,81314.59,第一高松　単線,２号（曲）,93,81314.59,81407.59,コンクリート,コンクリート,コンクリート,0,0,1935/12/1,対象
823,日南線,10,単線,82052.59,第二夏井　単線,２号（曲）,165,82052.59,82217.59,コンクリート,コンクリート,コンクリート,0,0,1935/12/1,対象
823,日南線,10,単線,82914.59,第一夏井　単線,２号（曲）,165,82914.59,83079.59,コンクリート,コンクリート,コンクリート,0,0,1935/12/1,対象
823,日南線,10,単線,87237.8,志布志　単線,２号（曲）,120,87237.8,87357.8,コンクリート,コンクリート,コンクリート,0,0,1935/12/1,対象
831,筑豊本線,10,単線,53808.1,冷水　単線,新中間形,3286.1,53808.1,57094.2,コンクリート,コンクリート,コンクリート,0,0,1929/12/1,対象
831,筑豊本線,10,単線,58303.44,浦の下　単線,新中間形,112.7,58303.44,58416.14,コンクリート,コンクリート,コンクリート,0,0,1929/12/1,対象
851,後藤寺線,10,単線,8015.8,入水　単線,甲形,554.04,8015.8,8569.84,コンクリートブロック,コンクリートブロック,コンクリートブロック,0,0,1926/12/1,対象
291,山陽本線,21,下り線,530614,関門　下り,１号形,3614.04,530614,534228.04,鉄筋コンクリート,鉄筋コンクリート,鉄筋コンクリート,0,20,1942/12/1,対象
291,山陽本線,22,上り線,530622,関門　上り,１号形,3604.63,530622,534226.63,鉄筋コンクリート,鉄筋コンクリート,鉄筋コンクリート,0,20,1944/12/1,対象
711,鹿児島本線,21,下り線,42513.98,城山　下り,特１号形,694.03,42513.98,43208.01,煉瓦,煉瓦,煉瓦,0,40,1909/12/1,対象
711,鹿児島本線,21,下り線,183200,田原坂　下り,円（含シールド）,940,183200,184140,コンクリート,コンクリート,コンクリート,30,0,1966/12/1,対象
711,鹿児島本線,21,下り線,358154,第一金山　下り,特１号形,357.3,358154,358511.3,コンクリート,コンクリート,コンクリート,0,40,1967/1/1,対象
711,鹿児島本線,21,下り線,387440,饅頭石　下り,特１号形,960,387440,388400,コンクリート,コンクリート,コンクリート,0,41,1968/12/1,対象
711,鹿児島本線,21,下り線,388512,第一松谷　下り,特１号形,635,388512,389147,コンクリート,コンクリート,コンクリート,40,0,1968/12/1,対象
711,鹿児島本線,21,下り線,390702,第二松谷　下り,特１号形,1250,390702,391952,コンクリート,コンクリート,コンクリート,40,0,1968/12/1,対象
711,鹿児島本線,21,下り線,398200,城山　下り,特１号形,726,398200,398926,コンクリート,コンクリート,コンクリート,0,40,1970/12/1,対象
711,鹿児島本線,22,上り線,42515,城山　上り,特１号形,728,42515,43243,コンクリート,コンクリート,コンクリート,0,30,1960/12/1,対象
711,鹿児島本線,22,上り線,387597.4,饅頭石　上り,特１号形,616,387597.4,388213.4,コンクリート,コンクリート,コンクリート,0,40,1913/12/1,対象
711,鹿児島本線,22,上り線,398150.75,城山　上り,特１号形,798.25,398150.75,398949,コンクリート,コンクリート,コンクリート,0,36,1970/12/1,対象
711,鹿児島本線,23,上下線,18069,牧山　上下,複線交流曲,605,18069,18674,コンクリート,コンクリート,コンクリート,20,0,1965/12/1,対象
711,鹿児島本線,23,上下線,171925.92,第一桃田　上下,複線交流曲,147,171925.92,172072.92,コンクリート,コンクリート,コンクリート,35,35,1967/12/1,対象
711,鹿児島本線,23,上下線,172141.64,第二桃田　上下,複線交流曲,100,172141.64,172241.64,コンクリート,コンクリート,コンクリート,35,35,1967/12/1,対象
711,鹿児島本線,23,上下線,357330,芹ヶ野　上下,複線直流直,530,357330,357860,吹付コンクリート,コンクリート,コンクリート,40,40,1967/3/1,対象
711,鹿児島本線,23,上下線,358716,第二金山　上下,複線直流曲,284,358716,359000,コンクリート,コンクリート,コンクリート,40,0,1966/9/1,対象
711,鹿児島本線,23,上下線,360652,薩摩山　上下,複線交流曲,263,360652,360915,コンクリート,コンクリート,コンクリート,0,40,1966/5/1,対象
711,鹿児島本線,23,上下線,375966.89,苗代川　上下,複線交流曲,565,375966.89,376531.89,コンクリート,コンクリート,コンクリート,0,40,1969/12/1,対象
711,鹿児島本線,23,上下線,377655,太田　上下,複線交流曲,733,377655,378388,コンクリート,コンクリート,コンクリート,36.5,0,1970/12/1,対象
711,鹿児島本線,23,上下線,378558,徳重　上下,複線交流曲,106.5,378558,378664.5,コンクリート,コンクリート,コンクリート,35,0,1980/12/1,対象
711,鹿児島本線,23,上下線,386619.53,松元　上下,複線交流曲,243.7,386619.53,386863.23,コンクリート,コンクリート,コンクリート,30,0,1980/12/1,対象
711,鹿児島本線,23,上下線,392221.5,広木　上下,複線交流曲,651,392221.5,392872.5,コンクリート,コンクリート,コンクリート,0,40,1968/12/1,対象
725,篠栗線,10,単線,12720,第一鳴渕　単線,特１号形,255,12720,12975,コンクリート,コンクリート,コンクリート,35,0,1967/12/1,対象
725,篠栗線,10,単線,13163,第二鳴渕　単線,特１号形,142,13163,13305,コンクリート,コンクリート,コンクリート,0,35,1967/12/1,対象
725,篠栗線,10,単線,14378,城戸　単線,特１号形,87,14378,14465,コンクリート,コンクリート,コンクリート,0,43,1967/12/1,対象
725,篠栗線,10,単線,15125,篠栗　単線,特１号形,4550,15125,19675,コンクリート,コンクリート,コンクリート,0,40,1967/12/1,対象
731,筑肥線,10,単線,33992,佐波　単線,甲形,187,33992,34179,コンクリート,コンクリート,コンクリート,40,0,1983/12/1,対象
731,筑肥線,10,単線,35031.96,薬師　単線,甲形,52.4,35031.96,35084.36,コンクリート,コンクリート,コンクリート,26,0,1982/12/1,対象
731,筑肥線,10,単線,35574.5,前田　単線,甲形,65.69,35574.5,35640.19,コンクリート,コンクリート,コンクリート,33,0,1982/12/1,対象
731,筑肥線,10,単線,39953,白石　単線,甲形,88,39953,40041,コンクリート,コンクリート,コンクリート,0,36,1923/12/1,対象
731,筑肥線,10,単線,40690,姉子　単線,甲形,89,40690,40779,コンクリート,コンクリート,コンクリート,0,36,1983/12/1,対象
731,筑肥線,10,単線,41705,鹿家　単線,甲形,220,41705,41925,コンクリート,コンクリート,コンクリート,40,0,1982/12/1,対象
731,筑肥線,10,単線,43750,深浜　単線,甲形,230,43750,43980,コンクリート,コンクリート,コンクリート,40,0,1982/12/1,対象
731,筑肥線,10,単線,44897,金山　単線,甲形,338,44897,45235,コンクリート,コンクリート,コンクリート,40,0,1982/12/1,対象
731,筑肥線,10,単線,45375,恵比須鼻　単線,甲形,250,45375,45625,コンクリート,コンクリート,コンクリート,40,0,1982/10/1,対象
731,筑肥線,10,単線,46211,渕の上　単線,甲形,95,46211,46306,コンクリート,コンクリート,コンクリート,36,0,1923/12/1,対象
731,筑肥線,10,単線,64921,久保　単線,甲形,111.8,64921,65032.8,コンクリート,コンクリート,コンクリート,0,0,1935/12/1,対象
731,筑肥線,10,単線,66376,和田山　単線,甲形,120.5,66376,66496.5,コンクリート,コンクリート,コンクリート,0,0,1935/12/1,対象
731,筑肥線,10,単線,70848.19,駒鳴　単線,甲形,144,70848.19,70992.19,コンクリート,コンクリート,コンクリート,29,0,1935/12/1,対象
731,筑肥線,21,下り線,15840,長垂　下り,甲形,565,15840,16405,コンクリート,コンクリート,コンクリート,0,40,1982/12/1,対象
731,筑肥線,22,上り線,16232,長垂　上り,１号形,150.7,16232,16382.7,コンクリート,コンクリート,コンクリート,0,37,1999/9/1,対象
737,三角線,10,単線,18471.69,赤瀬　単線,甲形,675.92,18471.69,19147.61,煉瓦,煉瓦,煉瓦,40,39,1899-12-01,対象
737,三角線,10,単線,23246.77,塩屋　単線,甲形,100.59,23246.77,23347.36,煉瓦,煉瓦,煉瓦,0,40,1899-12-01,対象
741,肥薩線,10,単線,2405.16,宮松　単線,甲形,231.35,2405.16,2636.51,煉瓦,石,石,38,0,1908/12/1,対象
741,肥薩線,10,単線,6640.76,高除　単線,甲形,462.68,6640.76,7103.44,煉瓦,石,石,40,0,1908/12/1,対象
741,肥薩線,10,単線,7208.61,草懸　単線,甲形,114.67,7208.61,7323.28,煉瓦,石,石,38,0,1908/12/1,対象
741,肥薩線,10,単線,8391.48,生名子　単線,甲形,120.7,8391.48,8512.18,煉瓦,石,石,40,0,1908/12/1,対象
741,肥薩線,10,単線,9809.48,和田山　単線,甲形,186.08,9809.48,9995.56,煉瓦,石,石,40,0,1908/12/1,対象
741,肥薩線,10,単線,12193.32,藤本　単線,甲形,472.74,12193.32,12666.06,煉瓦,煉瓦,煉瓦,55,0,1908/12/1,対象
741,肥薩線,10,単線,15323.95,葉木　単線,甲形,200.17,15323.95,15524.12,煉瓦,煉瓦,煉瓦,40,0,1908/12/1,対象
741,肥薩線,10,単線,17168.66,鎌瀬　単線,甲形,371.74,17168.66,17540.4,煉瓦,煉瓦,煉瓦,0,46,1908/12/1,対象
741,肥薩線,10,単線,18877.28,瀬戸石　単線,甲形,98.58,18877.28,18975.86,煉瓦,煉瓦,煉瓦,0,49,1908/12/1,対象
741,肥薩線,10,単線,20800,高田辺　単線,特１号形,395,20800,21195,コンクリート,コンクリート,コンクリート,40,0,1956/12/1,対象
741,肥薩線,10,単線,28300.4,第一箙瀬　単線,甲形,60.35,28300.4,28360.75,煉瓦,石,石,,,1908/12/1,対象
741,肥薩線,10,単線,28921,第二箙瀬　単線,甲形,37.21,28921,28958.21,煉瓦,石,石,,,1908/12/1,対象
741,肥薩線,10,単線,29014.54,第三箙瀬　単線,甲形,140.82,29014.54,29155.36,煉瓦,石,石,0,50,1908/12/1,対象
741,肥薩線,10,単線,31038.82,瀬比良山　単線,甲形,186.08,31038.82,31224.9,煉瓦,石,石,0,38,1908/12/1,対象
741,肥薩線,10,単線,32082.88,小口　単線,甲形,269.56,32082.88,32352.44,煉瓦,石,石,0,54,1908/12/1,対象
741,肥薩線,10,単線,33104.87,鵜之巣　単線,甲形,349.03,33104.87,33453.9,煉瓦,石,石,0,40,1908/12/1,対象
741,肥薩線,10,単線,33543.42,告　単線,甲形,869.04,33543.42,34412.46,煉瓦,石,石,235,50,1908/12/1,対象
741,肥薩線,10,単線,34534.17,舅落　単線,甲形,141.82,34534.17,34675.99,煉瓦,石,石,0,50,1908/12/1,対象
741,肥薩線,10,単線,36645.83,八重尾山第一　単線,甲形,80.47,36645.83,36726.3,煉瓦,煉瓦,煉瓦,0,40,1908/12/1,対象
741,肥薩線,10,単線,36911.55,八重尾山第二　単線,甲形,210.04,36911.55,37121.59,煉瓦,煉瓦,煉瓦,0,46,1908/12/1,対象
741,肥薩線,10,単線,40975.05,八貫　単線,甲形,308.76,40975.05,41283.81,煉瓦,石,石,0,38,1908/12/1,対象
741,肥薩線,10,単線,41441.76,舟木谷第一　単線,甲形,162.94,41441.76,41604.7,煉瓦,石,石,0,40,1908/12/1,対象
741,肥薩線,10,単線,41666.06,舟木谷第二　単線,甲形,145.84,41666.06,41811.9,煉瓦,石,石,0,37,1908/12/1,対象
741,肥薩線,10,単線,46750.92,城山　単線,甲形,257.5,46750.92,47008.42,煉瓦,石,石,43,0,1908/12/1,対象
741,肥薩線,10,単線,59423.64,水無第一　単線,甲形,201.17,59423.64,59624.81,煉瓦,石,石,0,40,1909/12/1,対象
741,肥薩線,10,単線,59956.73,水無第二　単線,甲形,235.37,59956.73,60192.1,煉瓦,石,石,0,40,1909/12/1,対象
741,肥薩線,10,単線,60389.25,立石第一　単線,甲形,140.81,60389.25,60530.06,煉瓦,石,石,0,40,1909/12/1,対象
741,肥薩線,10,単線,60628.64,立石第二　単線,甲形,88.51,60628.64,60717.15,煉瓦,石,石,0,44,1909/12/1,対象
741,肥薩線,10,単線,61123.51,横平　単線,甲形,502.92,61123.51,61626.43,煉瓦,石,石,0,50,1909/12/1,対象
741,肥薩線,10,単線,63006.54,大谷　単線,甲形,96.56,63006.54,63103.1,煉瓦,石,石,0,48,1909/12/1,対象
741,肥薩線,10,単線,66466.63,大野第一　単線,甲形,321.87,66466.63,66788.5,煉瓦,石,石,0,40,1909/12/1,対象
741,肥薩線,10,単線,68029.99,大野第二　単線,甲形,309.8,68029.99,68339.79,煉瓦,石,石,0,40,1909/12/1,対象
741,肥薩線,10,単線,68502.73,大野第三　単線,甲形,90.53,68502.73,68593.26,煉瓦,石,石,0,45,1909/12/1,対象
741,肥薩線,10,単線,68895.01,大野第四　単線,甲形,285.66,68895.01,69180.67,煉瓦,石,石,0,42,1909/12/1,対象
741,肥薩線,10,単線,72330.64,矢岳第一　単線,甲形,2096.17,72330.64,74426.81,煉瓦,石,石,614,40,1909/12/1,対象
741,肥薩線,10,単線,75104.24,矢岳第二　単線,甲形,142.83,75104.24,75247.07,煉瓦,煉瓦,煉瓦,0,35,1909/12/1,対象
741,肥薩線,10,単線,75443.21,矢岳第三　単線,甲形,131.16,75443.21,75574.37,煉瓦,煉瓦,煉瓦,0,44,1909/12/1,対象
741,肥薩線,10,単線,75883.77,踵蔓　単線,甲形,492.86,75883.77,76376.63,煉瓦,石,石,0,42,1909/12/1,対象
741,肥薩線,10,単線,76512.42,中竹　単線,甲形,210.22,76512.42,76722.64,煉瓦,石,石,0,49,1909/12/1,対象
741,肥薩線,10,単線,77518.66,後平　単線,甲形,201.77,77518.66,77720.43,煉瓦,石,石,0,40,1909/12/1,対象
741,肥薩線,10,単線,79174.88,山神第一　単線,甲形,168.98,79174.88,79343.86,煉瓦,石,石,0,42,1909/12/1,対象
741,肥薩線,10,単線,79683.83,山神第二　単線,甲形,617.59,79683.83,80301.42,煉瓦,石,石,0,44,1909/12/1,対象
741,肥薩線,10,単線,80862.68,松尾　単線,甲形,120.7,80862.68,80983.38,煉瓦,石,石,0,40,1909/12/1,対象
741,肥薩線,10,単線,81637.17,丸塚　単線,甲形,140.8,81637.17,81777.97,煉瓦,石,石,0,40.2,1909/12/1,対象
741,肥薩線,10,単線,83447.69,永迫　単線,甲形,261.5,83447.69,83709.19,煉瓦,石,石,0,40.2,1909/12/1,対象
741,肥薩線,10,単線,90099.95,隈船　単線,甲形,667.9,90099.95,90767.85,煉瓦,石,石,0,40,1903/12/1,対象
741,肥薩線,10,単線,97168.37,王の山　単線,甲形,140.8,97168.37,97309.17,煉瓦,石,石,0,40.2,1903/12/1,対象
741,肥薩線,10,単線,100647.85,横川　単線,甲形,231.3,100647.85,100879.15,煉瓦,石,石,0,40.2,1902/12/1,対象
741,肥薩線,10,単線,107376.92,赤水　単線,甲形,633.7,107376.92,108010.62,煉瓦,石,石,0,40.2,1902/12/1,対象
741,肥薩線,10,単線,108644.28,鳥掛　単線,甲形,110.6,108644.28,108754.88,煉瓦,石,石,38.2,0,1902/12/1,対象
741,肥薩線,10,単線,109982.05,嘉例川　単線,甲形,427.5,109982.05,110409.55,煉瓦,石,石,0,40.2,1902/12/1,対象
741,肥薩線,10,単線,117493.22,釜迫　単線,甲形,145.4,117493.22,117638.62,煉瓦,石,石,0,39.2,1902/12/1,対象
741,肥薩線,10,単線,118239.55,内道　単線,甲形,106.6,118239.55,118346.15,煉瓦,石,石,0,36.6,1902/12/1,対象
741,肥薩線,10,単線,118440.72,五月田　単線,甲形,28.2,118440.72,118468.92,煉瓦,石,石,0,0,1902/12/1,対象
741,肥薩線,10,単線,118659.99,羽根原　単線,甲形,241.4,118659.99,118901.39,煉瓦,石,石,0,40.2,1902/12/1,対象
747,指宿枕崎線,10,単線,15454.96,五位野　単線,３号形,153,15454.96,15607.96,吹付コンクリート,コンクリート,コンクリート,0,40,1934/12/1,対象
747,指宿枕崎線,10,単線,22478.02,樋高　単線,３号形,194,22478.02,22672.02,吹付コンクリート,コンクリート,コンクリート,0,40,1934/12/1,対象
747,指宿枕崎線,10,単線,27990.82,野元　単線,３号形,527.7,27990.82,28518.52,吹付コンクリート,コンクリート,コンクリート,40,0,1934/12/1,対象
747,指宿枕崎線,10,単線,35707.23,瀬崎　単線,３号形,169,35707.23,35876.23,吹付コンクリート,コンクリート,コンクリート,40,0,1934/12/1,対象
747,指宿枕崎線,10,単線,49323.91,第一成川　単線,３号形,85.9,49323.91,49409.81,吹付コンクリート,コンクリート,コンクリート,40,0,1934/12/1,対象
747,指宿枕崎線,10,単線,49608.71,第二成川　単線,３号形,267.2,49608.71,49875.91,吹付コンクリート,鉄筋コンクリート,鉄筋コンクリート,40,44,1936/12/1,対象
747,指宿枕崎線,10,単線,50404,山川　単線,１号形,1059.6,50404,51463.6,吹付コンクリート,コンクリート,コンクリート,39,0,1958/12/1,対象
747,指宿枕崎線,10,単線,64275.02,長崎　単線,２号（直）,150,64275.02,64425.02,吹付コンクリート,コンクリート,コンクリート,0,35,1958/12/1,対象
747,指宿枕崎線,10,単線,64673.02,第一郡　単線,２号（曲）,238.8,64673.02,64911.82,吹付コンクリート,コンクリート,コンクリート,0,40,1958/12/1,対象
747,指宿枕崎線,10,単線,65037.82,第二郡　単線,２号（曲）,218,65037.82,65255.82,吹付コンクリート,コンクリート,コンクリート,0,35,1958/12/1,対象
747,指宿枕崎線,10,単線,70507.32,御領　単線,２号（直）,164,70507.32,70671.32,吹付コンクリート,コンクリート,コンクリート,40,0,1959/12/1,対象
747,指宿枕崎線,10,単線,85604.96,岩戸　単線,２号（直）,916,85604.96,86520.96,吹付コンクリート,コンクリート,コンクリート,40,0,1963/12/1,対象
753,長崎本線,10,単線,61020,西浦　単線,１号形,180,61020,61200,吹付コンクリート,コンクリート,コンクリート,0,36,1934/12/1,対象
753,長崎本線,10,単線,61910,黒木　単線,１号形,90,61910,62000,コンクリート,コンクリート,コンクリート,0,45,1933/12/1,対象
753,長崎本線,10,単線,69722.46,亀崎　単線,１号形,175,69722.46,69897.46,コンクリート,コンクリート,コンクリート,21,21,1934/12/1,対象
753,長崎本線,10,単線,70742.46,第二破瀬浦　単線,１号形,175,70742.46,70917.46,コンクリート,コンクリート,コンクリート,21,21,1934/12/1,対象
753,長崎本線,10,単線,71242.46,第一破瀬浦　単線,１号形,143,71242.46,71385.46,コンクリート,コンクリート,コンクリート,23,23,1934/12/1,対象
753,長崎本線,10,単線,71762.46,里　単線,１号形,173,71762.46,71935.46,コンクリート,コンクリート,コンクリート,21,21,1934/12/1,対象
753,長崎本線,10,単線,76985,今里　単線,１号形,254,76985,77239,コンクリート,コンクリート,コンクリート,21,21,1934/12/1,対象
753,長崎本線,10,単線,81654,第二小川原浦　単線,１号形,215,81654,81869,コンクリート,コンクリート,コンクリート,21,21,1934/12/1,対象
753,長崎本線,10,単線,82770.11,第一小川原浦　単線,１号形,219.2,82770.11,82989.31,コンクリート,コンクリート,コンクリート,21,21,1934/12/1,対象
753,長崎本線,10,単線,84409.31,足角　単線,１号形,140,84409.31,84549.31,コンクリート,コンクリート,コンクリート,23,23,1934/12/1,対象
753,長崎本線,10,単線,91684,深海　単線,１号形,210,91684,91894,コンクリート,コンクリート,コンクリート,20,20,1934/12/1,対象
753,長崎本線,10,単線,98883,本明　単線,新中間形,390,98883,99273,コンクリート,コンクリート,コンクリート,20,20,1934/12/1,対象
753,長崎本線,10,単線,107400,舟津　単線,ラーメン,35.4,107400,107435.4,鉄筋コンクリート,鉄筋コンクリート,鉄筋コンクリート,0,0,1971/12/1,対象
753,長崎本線,10,単線,107584,囲　単線,特１号形,764.5,107584,108348.5,コンクリート,コンクリート,コンクリート,30,0,1971/12/1,対象
753,長崎本線,10,単線,108778.86,第一梶木　単線,特１号形,156,108778.86,108934.86,コンクリート,コンクリート,コンクリート,30,0,1971/12/1,対象
753,長崎本線,10,単線,108934.9,梶木　単線,特１号形,19.9,108934.9,108954.8,鉄筋コンクリート,鉄筋コンクリート,鉄筋コンクリート,0,0,1976/12/1,対象
753,長崎本線,10,単線,108954.86,第二梶木　単線,特１号形,197.5,108954.86,109152.36,コンクリート,コンクリート,コンクリート,30,0,1971/12/1,対象
753,長崎本線,10,単線,110072.86,向　単線,特１号形,1249,110072.86,111321.86,コンクリート,コンクリート,コンクリート,30,0,1971/12/1,対象
753,長崎本線,10,単線,111468.86,古賀　単線,特１号形,558,111468.86,112026.86,コンクリート,コンクリート,コンクリート,30,0,1970/12/1,対象
753,長崎本線,10,単線,112872.82,榎木　単線,特１号形,1515,112872.82,114387.82,コンクリート,コンクリート,コンクリート,30,0,1969/12/1,対象
753,長崎本線,10,単線,115188.82,長崎　単線,特１号形,6173,115188.82,121361.82,コンクリート,コンクリート,コンクリート,0,30,1970/12/1,対象
753,長崎本線,21,下り線,100870.5,宮の後　下り,ラーメン,52,100870.5,100922.5,鉄筋コンクリート,鉄筋コンクリート,鉄筋コンクリート,18,18,1969/12/1,対象
753,長崎本線,21,下り線,100993,諌早第一　下り,特１号形,337,100993,101330,コンクリート,コンクリート,コンクリート,28,0,1969/12/1,対象
753,長崎本線,21,下り線,101448,諌早第二　下り,特１号形,138,101448,101586,コンクリート,コンクリート,コンクリート,26,0,1969/12/1,対象
753,長崎本線,22,上り線,100938,諌早　上り,甲形,182.5,100938,101120.5,コンクリート,コンクリート,コンクリート,18,18,1975/12/1,対象
753,長崎本線,23,上下線,105872,久山　上下,複線交流曲,56,105872,105928,コンクリート,コンクリート,コンクリート,28,0,1969/12/1,対象
754,長崎旧線,10,単線,108501,喜々津　単線,甲形,311,108501,108812,煉瓦,石,石,20,20,1898-12-01,対象
754,長崎旧線,10,単線,109171,大草　単線,甲形,434.9,109171,109605.9,煉瓦,石,石,20,20,1898-12-01,対象
754,長崎旧線,10,単線,109695,西ノ浦　単線,甲形,152,109695,109847,煉瓦,石,石,23,23,1898-12-01,対象
754,長崎旧線,10,単線,117499,松ノ峠　単線,甲形,1093.6,117499,118592.6,煉瓦,石,石,20,20,1898-12-01,対象
761,唐津線,10,単線,17535.41,笹原　単線,甲形,458.06,17535.41,17993.47,煉瓦,煉瓦,煉瓦,0,40,1899-12-01,対象
761,唐津線,10,単線,28215,久保　単線,甲形,40.04,28215,28255.04,コンクリート,煉瓦,煉瓦,0,0,1899-12-01,対象
767,佐世保線,10,単線,16975.48,西谷峠　単線,特１号形,47.3,16975.48,17022.78,煉瓦,煉瓦,煉瓦,0,0,1985/12/1,対象
767,佐世保線,10,単線,24942.95,境松　単線,特１号形,104.86,24942.95,25047.81,煉瓦,煉瓦,煉瓦,54.3,0,1897-12-01,対象
767,佐世保線,10,単線,25460,泉山　単線,ラーメン,134,25460,25594,コンクリート,コンクリート,コンクリート,22,0,1975/12/1,対象
767,佐世保線,10,単線,26809,有田　単線,特１号形,143,26809,26952,コンクリート,コンクリート,コンクリート,27,27,1975/12/1,対象
767,佐世保線,10,単線,44022,日宇　単線,特１号形,328,44022,44350,コンクリート,コンクリート,コンクリート,0,27,1975/12/1,対象
767,佐世保線,10,単線,47201.28,福石　単線,特１号形,119.18,47201.28,47320.46,煉瓦,煉瓦,煉瓦,58.3,60.9,1897-12-01,対象
781,大村線,10,単線,4955.97,南風崎　単線,甲形,186.3,4955.97,5142.27,煉瓦,煉瓦,煉瓦,33,33,1897-12-01,対象
781,大村線,10,単線,7334.55,宮村　単線,甲形,103.6,7334.55,7438.15,煉瓦,煉瓦,煉瓦,32,0,1897-12-01,対象
781,大村線,10,単線,7753.81,新谷　単線,甲形,219.4,7753.81,7973.21,煉瓦,煉瓦,煉瓦,40,40,1897-12-01,対象
781,大村線,10,単線,10896.86,川棚　単線,甲形,334.5,10896.86,11231.36,煉瓦,煉瓦,煉瓦,37,37,1897-12-01,対象
781,大村線,10,単線,18080,彼杵　単線,甲形,423,18080,18503,煉瓦,石,石,20,20,1898-12-01,対象
781,大村線,10,単線,25591,千綿　単線,甲形,171.2,25591,25762.2,石,煉瓦,煉瓦,43,0,1898-12-01,対象
781,大村線,10,単線,26543,戈貫田　単線,甲形,109,26543,26652,石,石,石,36,0,1898-12-01,対象
781,大村線,10,単線,41950,中里　単線,甲形,70,41950,42020,コンクリート,コンクリート,コンクリート,35,0,1958/12/1,対象
781,大村線,10,単線,42422,鈴田　単線,甲形,362,42422,42784,煉瓦,石,石,40,0,1898-12-01,対象
783,久大本線,10,単線,35407.53,関　単線,新中間形,324,35407.53,35731.53,コンクリートブロック,コンクリート,コンクリート,40,0,1932/12/1,対象
783,久大本線,10,単線,35811.53,櫛崎　単線,新中間形,132,35811.53,35943.53,コンクリートブロック,コンクリート,コンクリート,0,40,1932/12/1,対象
783,久大本線,10,単線,36115.53,渦平　単線,新中間形,128,36115.53,36243.53,コンクリートブロック,コンクリート,コンクリート,43,0,1932/12/1,対象
783,久大本線,10,単線,36291.53,旗返　単線,新中間形,108,36291.53,36399.53,コンクリートブロック,コンクリート,コンクリート,33,33,1932/12/1,対象
783,久大本線,10,単線,38369.84,台　単線,新中間形,228,38369.84,38597.84,コンクリートブロック,コンクリート,コンクリート,0,40,1932/12/1,対象
783,久大本線,10,単線,38625.84,川崎　単線,新中間形,118,38625.84,38743.84,コンクリートブロック,コンクリート,コンクリート,39,0,1932/12/1,対象
783,久大本線,10,単線,40321.84,大川平　単線,１号形,324,40321.84,40645.84,コンクリートブロック,コンクリート,コンクリート,40,0,1934/12/1,対象
783,久大本線,10,単線,42293.39,入江　単線,１号形,208,42293.39,42501.39,コンクリートブロック,コンクリート,コンクリート,40,0,1934/12/1,対象
783,久大本線,10,単線,42861.39,中の瀬　単線,１号形,64,42861.39,42925.39,コンクリートブロック,コンクリート,コンクリート,0,32,1934/12/1,対象
783,久大本線,10,単線,43173.39,小谷口　単線,１号形,46,43173.39,43219.39,コンクリート,コンクリート,コンクリート,0,0,1934/12/1,対象
783,久大本線,10,単線,50681.49,小ヶ瀬　単線,１－１形,595.7,50681.49,51277.19,コンクリート,コンクリート,コンクリート,40,0,1934/12/1,対象
783,久大本線,10,単線,52735.51,川原　単線,１－１形,504.2,52735.51,53239.71,コンクリート,コンクリート,コンクリート,40,0,1934/12/1,対象
783,久大本線,10,単線,54364.51,鮎ヶ瀬　単線,１－１形,145.05,54364.51,54509.56,コンクリート,コンクリート,コンクリート,36,0,1934/12/1,対象
783,久大本線,10,単線,57692.9,池ノ原　単線,１－１形,403.8,57692.9,58096.7,コンクリート,コンクリート,コンクリート,40,0,1934/12/1,対象
783,久大本線,10,単線,58348.4,長角　単線,１－１形,509.76,58348.4,58858.16,コンクリート,コンクリート,コンクリート,40,0,1934/12/1,対象
783,久大本線,10,単線,61994.71,第一湯釣　単線,１－１形,366.25,61994.71,62360.96,コンクリート,コンクリート,コンクリート,40,0,1933/12/1,対象
783,久大本線,10,単線,62937.11,第二湯釣　単線,１－１形,431.7,62937.11,63368.81,コンクリート,コンクリート,コンクリート,40,0,1933/12/1,対象
783,久大本線,10,単線,64744.32,滝ヶ瀬　単線,１－１形,404.5,64744.32,65148.82,コンクリートブロック,コンクリート,コンクリート,0,40,1933/12/1,対象
783,久大本線,10,単線,81723.56,野上　単線,新中間形,100.6,81723.56,81824.16,コンクリートブロック,コンクリートブロック,コンクリートブロック,0,36,1929/12/1,対象
783,久大本線,10,単線,85248.03,鋳物師釣　単線,新中間形,70.5,85248.03,85318.53,コンクリートブロック,コンクリートブロック,コンクリートブロック,0,35,1928/12/1,対象
783,久大本線,10,単線,91055.57,水分　単線,乙形,1860.8,91055.57,92916.37,コンクリートブロック,石及びコンクリート,石及びコンクリート,0,40,1926/12/1,対象
783,久大本線,10,単線,93325.75,小ヶ倉　単線,乙形,717.2,93325.75,94042.95,コンクリートブロック,石及びコンクリート,石及びコンクリート,0,63.5,1926/12/1,対象
783,久大本線,10,単線,94783.75,槐木　単線,２号（曲）,517.4,94783.75,95301.15,コンクリートブロック,石及びコンクリート,石及びコンクリート,0,40,1926/12/1,対象
783,久大本線,10,単線,95497.9,徳野　単線,２号（曲）,545.9,95497.9,96043.8,石及びコンクリート,石及びコンクリート,石及びコンクリート,0,51.5,1926/12/1,対象
783,久大本線,10,単線,107332.99,津々良　単線,乙形,116.9,107332.99,107449.89,コンクリートブロック,石,石,0,40,1925/12/1,対象
783,久大本線,10,単線,108933.29,畑　単線,乙形,317.3,108933.29,109250.59,コンクリートブロック,石,石,0,40,1925/12/1,対象
783,久大本線,10,単線,119087.24,小野屋　単線,乙形,120.9,119087.24,119208.14,コンクリートブロック,石,石,40,0,1923/12/1,対象
783,久大本線,10,単線,121626.22,櫟木　単線,中間形,117,121626.22,121743.22,コンクリートブロック,コンクリートブロック,コンクリートブロック,0,41,1923/12/1,対象
783,久大本線,10,単線,138474.63,古国府　単線,新中間形,176.77,138474.63,138651.4,コンクリートブロック,コンクリート,コンクリート,0,39,1927/12/1,対象
786,豊肥本線,10,単線,37636.98,立野　単線,甲形,218.27,37636.98,37855.25,コンクリート,コンクリート,コンクリート,40,0,1917/12/1,対象
786,豊肥本線,10,単線,58341.31,天狗　単線,新中間形,262.53,58341.31,58603.84,コンクリート,コンクリート,コンクリート,0,50,1927/12/1,対象
786,豊肥本線,10,単線,58884.88,神石　単線,新中間形,371.76,58884.88,59256.64,コンクリート,コンクリート,コンクリート,0,44,1927/12/1,対象
786,豊肥本線,10,単線,59278.75,堂山　単線,新中間形,146.86,59278.75,59425.61,コンクリート,コンクリート,コンクリート,0,50,1928/12/1,対象
786,豊肥本線,10,単線,59482.94,願成就　単線,新中間形,664.86,59482.94,60147.8,コンクリート,コンクリート,コンクリート,0,50,1927/12/1,対象
786,豊肥本線,10,単線,60534.04,坂の上　単線,新中間形,2283.26,60534.04,62817.3,コンクリート,コンクリート,コンクリート,0,80,1927/12/1,対象
786,豊肥本線,10,単線,77705.54,行年　単線,新中間形,104.6,77705.54,77810.14,コンクリートブロック,石,石,0,36,1928/12/1,対象
786,豊肥本線,10,単線,77920.79,高城　単線,新中間形,372.2,77920.79,78292.99,コンクリートブロック,コンクリートブロック,コンクリートブロック,0,42,1928/12/1,対象
786,豊肥本線,10,単線,78423.71,上恵良　単線,新中間形,90.53,78423.71,78514.24,コンクリートブロック,コンクリートブロック,コンクリートブロック,0,45,1928/12/1,対象
786,豊肥本線,10,単線,78634.94,中恵良　単線,新中間形,54.31,78634.94,78689.25,コンクリートブロック,コンクリートブロック,コンクリートブロック,0,27,1928/12/1,対象
786,豊肥本線,10,単線,78765.7,下恵良　単線,新中間形,189.1,78765.7,78954.8,コンクリートブロック,コンクリートブロック,コンクリートブロック,0,38,1928/12/1,対象
786,豊肥本線,10,単線,79147.92,仮屋　単線,新中間形,205.19,79147.92,79353.11,コンクリートブロック,コンクリートブロック,コンクリートブロック,0,40,1928/12/1,対象
786,豊肥本線,10,単線,79453.69,井戸　単線,新中間形,56.33,79453.69,79510.02,コンクリートブロック,石,石,0,28,1928/12/1,対象
786,豊肥本線,10,単線,79777.57,下津江　単線,新中間形,181.05,79777.57,79958.62,コンクリートブロック,石,石,36,0,1928/12/1,対象
786,豊肥本線,10,単線,80181.92,上馬背野　単線,新中間形,92.54,80181.92,80274.46,コンクリートブロック,石,石,0,46,1928/12/1,対象
786,豊肥本線,10,単線,81632.34,下馬背野　単線,新中間形,50.29,81632.34,81682.63,コンクリートブロック,石,石,0,52.3,1928/12/1,対象
786,豊肥本線,10,単線,83127.02,岩本　単線,新中間形,114.67,83127.02,83241.69,コンクリートブロック,石,石,0,38,1928/12/1,対象
786,豊肥本線,10,単線,85205.3,吉田　単線,甲形,106.62,85205.3,85311.92,コンクリートブロック,石,石,0,53.3,1925/12/1,対象
786,豊肥本線,10,単線,85433.63,一本松　単線,甲形,82.48,85433.63,85516.11,コンクリートブロック,石,石,0,41,1925/12/1,対象
786,豊肥本線,10,単線,87604.92,源次　単線,甲形,77.44,87604.92,87682.36,コンクリート,石,石,0,40,1925/12/1,対象
786,豊肥本線,10,単線,88304.3,赤坂　単線,甲形,269.56,88304.3,88573.86,コンクリートブロック,石,石,0,40,1924/12/1,対象
786,豊肥本線,10,単線,88840.41,七里　単線,甲形,65.38,88840.41,88905.79,コンクリートブロック,石,石,0,33,1924/12/1,対象
786,豊肥本線,10,単線,91364.06,三宅　単線,甲形,211.23,91364.06,91575.29,コンクリートブロック,石,石,0,40,1924/12/1,対象
786,豊肥本線,10,単線,93524.4,朝倉　単線,甲形,134.79,93524.4,93659.19,コンクリート,石,石,0,40,1924/12/1,対象
786,豊肥本線,10,単線,94224.47,坪泉　単線,甲形,130.76,94224.47,94355.23,コンクリートブロック,石,石,0,40,1923/12/1,対象
786,豊肥本線,10,単線,94421.61,丸山　単線,甲形,179.04,94421.61,94600.65,コンクリートブロック,石,石,0,40,1923/12/1,対象
786,豊肥本線,10,単線,94948.67,堀家　単線,甲形,80.46,94948.67,95029.13,コンクリートブロック,石,石,0,40,1923/12/1,対象
786,豊肥本線,10,単線,96254.25,若宮　単線,甲形,163.96,96254.25,96418.21,コンクリートブロック,石,石,0,40,1923/12/1,対象
786,豊肥本線,10,単線,96803.44,八原　単線,甲形,128.75,96803.44,96932.19,コンクリートブロック,石,石,0,40,1923/12/1,対象
786,豊肥本線,10,単線,97068.98,志賀　単線,甲形,42.25,97068.98,97111.23,コンクリートブロック,石,石,0,0,1923/12/1,対象
786,豊肥本線,10,単線,99625.83,緒方　単線,甲形,48.28,99625.83,99674.11,コンクリートブロック,石,石,0,0,1923/12/1,対象
786,豊肥本線,10,単線,104930.63,郷方　単線,甲形,114.67,104930.63,105045.3,コンクリートブロック,石,石,0,40,1922/12/1,対象
786,豊肥本線,10,単線,108548.92,百枝　単線,甲形,516.78,108548.92,109065.7,コンクリートブロック,石,石,0,65.4,1922/12/1,対象
786,豊肥本線,10,単線,118711.36,宮尾　単線,甲形,148.87,118711.36,118860.23,コンクリートブロック,石,石,0,52.3,1921/12/1,対象
786,豊肥本線,10,単線,123518.15,原　単線,甲形,296.72,123518.15,123814.87,コンクリートブロック,コンクリートブロック,コンクリートブロック,0,50.3,1921/12/1,対象
786,豊肥本線,10,単線,128110.51,花鶴　単線,甲形,89.52,128110.51,128200.03,煉瓦,煉瓦,煉瓦,0,45,1917/12/1,対象
786,豊肥本線,10,単線,131049.38,岩上　単線,甲形,197.14,131049.38,131246.52,煉瓦,煉瓦,煉瓦,0,52.2,1916/12/1,対象
786,豊肥本線,10,単線,134823.29,猪山　単線,甲形,140.82,134823.29,134964.11,煉瓦,煉瓦,煉瓦,0,48,1916/12/1,対象
791,日豊本線,10,単線,154851.02,佐志生　単線,乙形,1423.26,154851.02,156274.28,煉瓦,煉瓦,煉瓦,40.2,0,1915/12/1,対象
791,日豊本線,10,単線,157494.37,第一目明　単線,乙形,113.74,157494.37,157608.11,煉瓦,コンクリート,コンクリート,40.3,0,1916/12/1,対象
791,日豊本線,10,単線,157672.4,第二目明　単線,乙形,68.55,157672.4,157740.95,煉瓦,コンクリート,コンクリート,33,0,1915/12/1,対象
791,日豊本線,10,単線,167327.72,陣山　単線,乙形,209.31,167327.72,167537.03,煉瓦,コンクリート,コンクリート,42.4,0,1915/12/1,対象
791,日豊本線,10,単線,167754.2,原山　単線,乙形,185.24,167754.2,167939.44,煉瓦,コンクリート,コンクリート,52.4,0,1916/12/1,対象
791,日豊本線,10,単線,169384.66,下り松　単線,乙形,136.97,169384.66,169521.63,煉瓦,煉瓦,煉瓦,40.3,0,1916/12/1,対象
791,日豊本線,10,単線,170153.12,第一板知屋　単線,乙形,102.75,170153.12,170255.87,煉瓦,煉瓦,煉瓦,32.1,0,1916/12/1,対象
791,日豊本線,10,単線,170749.98,第二板知屋　単線,乙形,286.02,170749.98,171036,煉瓦,煉瓦,煉瓦,40.4,0,1916/12/1,対象
791,日豊本線,10,単線,171531.1,大泊　単線,乙形,225.45,171531.1,171756.55,煉瓦,煉瓦,煉瓦,40.2,0,1916/12/1,対象
791,日豊本線,10,単線,172434.37,徳浦　単線,乙形,1601.3,172434.37,174035.67,煉瓦,煉瓦,煉瓦,40.2,0,1916/12/1,対象
791,日豊本線,10,単線,174882.5,第二鳥越　単線,乙形,352.5,174882.5,175235,煉瓦,煉瓦,煉瓦,43.8,0,1916/12/1,対象
791,日豊本線,10,単線,177789.46,第一津久見　単線,１－１形,165,177789.46,177954.46,煉瓦,コンクリート,コンクリート,40.2,0,1916/12/1,対象
791,日豊本線,10,単線,179375.85,第二津久見　単線,乙形,170,179375.85,179545.85,煉瓦,コンクリート,コンクリート,40.2,0,1916/12/1,対象
791,日豊本線,10,単線,181523.4,日見　単線,乙形,1097.33,181523.4,182620.73,煉瓦,コンクリート,コンクリート,40.2,0,1916/12/1,対象
791,日豊本線,10,単線,183355.38,第一福良　単線,乙形,241.53,183355.38,183596.91,煉瓦,コンクリート,コンクリート,40.2,0,1916/12/1,対象
791,日豊本線,10,単線,184615.95,津井　単線,乙形,657.07,184615.95,185273.02,煉瓦,煉瓦,煉瓦,40.2,0,1916/12/1,対象
791,日豊本線,10,単線,188062.99,第一浪太　単線,乙形,233.46,188062.99,188296.45,煉瓦,煉瓦,煉瓦,38.2,0,1916/12/1,対象
791,日豊本線,10,単線,188505.56,第二浪太　単線,乙形,257.5,188505.56,188763.06,煉瓦,煉瓦,煉瓦,40.2,0,1916/12/1,対象
791,日豊本線,10,単線,188994.4,第三浪太　単線,乙形,138.8,188994.4,189133.2,煉瓦,,,40.2,0,1916/12/1,対象
791,日豊本線,10,単線,189445.22,第四浪太　単線,乙形,261.53,189445.22,189706.75,煉瓦,煉瓦,煉瓦,50.7,0,1916/12/1,対象
791,日豊本線,10,単線,190118.22,古江　単線,乙形,116.65,190118.22,190234.87,煉瓦,煉瓦,煉瓦,35.2,0,1916/12/1,対象
791,日豊本線,10,単線,192111.7,宮之内　単線,乙形,79.54,192111.7,192191.24,煉瓦,コンクリート,コンクリート,43.8,0,1916/12/1,対象
791,日豊本線,10,単線,192583.44,八幡　単線,乙形,120.85,192583.44,192704.29,煉瓦,煉瓦,煉瓦,40.2,0,1916/12/1,対象
791,日豊本線,10,単線,195461.15,坂の浦　単線,乙形,521.7,195461.15,195982.85,煉瓦,煉瓦,煉瓦,40.2,0,1916/12/1,対象
791,日豊本線,10,単線,196490.12,葛　単線,乙形,201.33,196490.12,196691.45,煉瓦,コンクリート,コンクリート,40.3,0,1916/12/1,対象
791,日豊本線,10,単線,199024.86,城山　単線,乙形,201.29,199024.86,199226.15,煉瓦,煉瓦,煉瓦,40.2,0,1920/12/1,対象
791,日豊本線,10,単線,202657.95,上岡　単線,乙形,93.54,202657.95,202751.49,コンクリートブロック,コンクリートブロック,コンクリートブロック,40.2,0,1921/12/1,対象
791,日豊本線,10,単線,207179.28,簾山　単線,乙形,312.25,207179.28,207491.53,コンクリートブロック,コンクリートブロック,コンクリートブロック,40.2,0,1920/12/1,対象
791,日豊本線,10,単線,208661.89,谷波寄　単線,乙形,94.55,208661.89,208756.44,コンクリートブロック,コンクリートブロック,コンクリートブロック,40.2,0,1920/12/1,対象
791,日豊本線,10,単線,209948,宝区　単線,乙形,404.75,209948,210352.75,コンクリート,コンクリート,コンクリート,40.2,0,1921/12/1,対象
791,日豊本線,10,単線,214148,大津留　単線,乙形,96.31,214148,214244.31,コンクリートブロック,コンクリート,コンクリート,40.2,0,1921/12/1,対象
791,日豊本線,10,単線,215500.07,柚の原　単線,乙形,207.45,215500.07,215707.52,コンクリートブロック,コンクリート,コンクリート,40.2,0,1922/12/1,対象
791,日豊本線,10,単線,218636.16,椛原　単線,乙形,111.82,218636.16,218747.98,コンクリートブロック,コンクリートブロック,コンクリートブロック,61.5,0,1922/12/1,対象
791,日豊本線,10,単線,219276.88,第一杭内　単線,乙形,91.73,219276.88,219368.61,コンクリートブロック,コンクリートブロック,コンクリートブロック,45.8,0,1922/12/1,対象
791,日豊本線,10,単線,219679.22,第二杭内　単線,乙形,233.7,219679.22,219912.92,コンクリートブロック,コンクリートブロック,コンクリートブロック,40.2,0,1922/12/1,対象
791,日豊本線,10,単線,220250.53,第三杭内　単線,乙形,201.47,220250.53,220452,コンクリートブロック,コンクリートブロック,コンクリートブロック,40.6,0,1922/12/1,対象
791,日豊本線,10,単線,220493.95,第四杭内　単線,乙形,70.6,220493.95,220564.55,コンクリートブロック,コンクリートブロック,コンクリートブロック,35.3,0,1922/12/1,対象
791,日豊本線,10,単線,221097.45,第一打水　単線,乙形,51.52,221097.45,221148.97,コンクリート,石,石,51.5,0,1921/12/1,対象
791,日豊本線,10,単線,221240.29,第二打水　単線,乙形,107.2,221240.29,221347.49,コンクリートブロック,コンクリートブロック,コンクリートブロック,55.1,0,1922/12/1,対象
791,日豊本線,10,単線,221871.95,第三打水　単線,乙形,105.99,221871.95,221977.94,コンクリートブロック,その他,その他,54.3,0,1922/12/1,対象
791,日豊本線,10,単線,222497.58,第一大原　単線,乙形,521.25,222497.58,223018.83,コンクリートブロック,石,石,42.2,0,1922/12/1,対象
791,日豊本線,10,単線,224491.18,第二大原　単線,乙形,112.79,224491.18,224603.97,コンクリートブロック,石,石,40.2,0,1922/12/1,対象
791,日豊本線,10,単線,224770.78,第三大原　単線,乙形,92.79,224770.78,224863.57,コンクリートブロック,石,石,46.3,0,1922/12/1,対象
791,日豊本線,10,単線,225133.89,第一官山　単線,乙形,268.67,225133.89,225402.56,コンクリート,コンクリート,コンクリート,101.9,0,1922/12/1,対象
791,日豊本線,10,単線,225732.36,第二官山　単線,乙形,206.8,225732.36,225939.16,コンクリートブロック,コンクリートブロック,コンクリートブロック,40.2,0,1922/12/1,対象
791,日豊本線,10,単線,226361.3,第一楓山　単線,乙形,336.3,226361.3,226697.6,コンクリート,,,40.2,0,1922/12/1,対象
791,日豊本線,10,単線,226781.74,第二楓山　単線,乙形,124.81,226781.74,226906.55,コンクリートブロック,コンクリートブロック,コンクリートブロック,40.2,0,1922/12/1,対象
791,日豊本線,10,単線,227377.19,第一子洗　単線,乙形,204.8,227377.19,227581.99,コンクリートブロック,石,石,40.2,0,1922/12/1,対象
791,日豊本線,10,単線,227765.45,第二子洗　単線,乙形,138.25,227765.45,227903.7,コンクリートブロック,石,石,40.2,0,1922/12/1,対象
791,日豊本線,10,単線,227998.8,第三子洗　単線,乙形,44.8,227998.8,228043.6,コンクリートブロック,コンクリート,コンクリート,0,0,1922/12/1,対象
791,日豊本線,10,単線,228697.46,第一三本楠　単線,乙形,65.6,228697.46,228763.06,コンクリートブロック,石,石,32.8,0,1922/12/1,対象
791,日豊本線,10,単線,228945.9,第二三本楠　単線,乙形,169.3,228945.9,229115.2,コンクリートブロック,石,石,40.2,0,1922/12/1,対象
791,日豊本線,10,単線,229193.34,第一立花　単線,乙形,140.9,229193.34,229334.24,コンクリートブロック,コンクリート,コンクリート,40.2,0,1922/12/1,対象
791,日豊本線,10,単線,229544.3,第二立花　単線,乙形,106.8,229544.3,229651.1,コンクリート,石,石,50.3,0,1922/12/1,対象
791,日豊本線,10,単線,229834.98,第三立花　単線,乙形,110.8,229834.98,229945.78,コンクリート,石,石,53.1,0,1922/12/1,対象
791,日豊本線,10,単線,230619.54,第一宗太郎　単線,乙形,55.4,230619.54,230674.94,コンクリート,コンクリート,コンクリート,55.2,0,1923/12/1,対象
791,日豊本線,10,単線,230867.98,第二宗太郎　単線,乙形,175.12,230867.98,231043.1,コンクリート,石,石,40.2,0,1923/12/1,対象
791,日豊本線,10,単線,231159.88,第三宗太郎　単線,乙形,141.1,231159.88,231300.98,コンクリート,石,石,50.2,0,1923/12/1,対象
791,日豊本線,10,単線,231344.95,第四宗太郎　単線,乙形,96.6,231344.95,231441.55,コンクリート,石,石,48.3,0,1923/12/1,対象
791,日豊本線,10,単線,232677.39,第一鐙　単線,１号形,175.01,232677.39,232852.4,コンクリートブロック,石,石,40.2,0,1923/12/1,対象
791,日豊本線,10,単線,233091.79,第二鐙　単線,１号形,214.25,233091.79,233306.04,コンクリートブロック,石,石,40.2,0,1923/12/1,対象
791,日豊本線,10,単線,233589.04,第三鐙　単線,１号形,72.4,233589.04,233661.44,コンクリートブロック,コンクリートブロック,石,38.2,0,1923/12/1,対象
791,日豊本線,10,単線,233955.17,第四鐙　単線,１号形,185.1,233955.17,234140.27,コンクリートブロック,石,石,40.2,0,1923/12/1,対象
791,日豊本線,10,単線,235308.02,葛葉　単線,１号形,94.6,235308.02,235402.62,コンクリートブロック,石,石,48.3,0,1923/12/1,対象
791,日豊本線,10,単線,235943,第一井掛　単線,１号形,60,235943,236003,コンクリート,コンクリート,コンクリート,0,0,1942/12/1,対象
791,日豊本線,10,単線,236103.64,第二井掛　単線,１号形,187.1,236103.64,236290.74,コンクリートブロック,コンクリート,コンクリート,40.2,0,1923/12/1,対象
791,日豊本線,10,単線,236920.38,市棚　単線,１号形,253.5,236920.38,237173.88,コンクリートブロック,コンクリート,コンクリート,40.2,0,1923/12/1,対象
791,日豊本線,10,単線,238198.4,刈鉢　単線,１－１形,409.4,238198.4,238607.8,コンクリートブロック,コンクリート,コンクリート,40.3,0,1923/12/1,対象
791,日豊本線,10,単線,245558,長井　単線,１－１形,116.7,245558,245674.7,コンクリートブロック,コンクリート,コンクリート,40.3,0,1923/12/1,対象
791,日豊本線,10,単線,246634,第一新道　単線,１－１形,80.5,246634,246714.5,コンクリートブロック,コンクリート,コンクリート,40.3,0,1923/12/1,対象
791,日豊本線,10,単線,246782,第二新道　単線,１－１形,124.7,246782,246906.7,コンクリートブロック,コンクリート,コンクリート,40.3,0,1923/12/1,対象
791,日豊本線,10,単線,246972,第三新道　単線,１－１形,84.5,246972,247056.5,コンクリートブロック,コンクリート,コンクリート,42.3,0,1923/12/1,対象
791,日豊本線,10,単線,247660,可愛　単線,１－１形,154.9,247660,247814.9,コンクリートブロック,コンクリート,コンクリート,42.2,0,1923/12/1,対象
791,日豊本線,10,単線,249318,船浦　単線,１－１形,104.2,249318,249422.2,コンクリートブロック,コンクリート,コンクリート,51.3,0,1923/12/1,対象
791,日豊本線,10,単線,252136,和田越　単線,１－１形,187.1,252136,252323.1,コンクリートブロック,コンクリート,コンクリート,52.4,0,1922/12/1,対象
791,日豊本線,10,単線,284675,遠見　単線,１－１形,160.94,284675,284835.94,コンクリートブロック,コンクリート,コンクリート,40.2,0,1922/12/1,対象
791,日豊本線,10,単線,286466,権現　単線,１－１形,126.74,286466,286592.74,コンクリートブロック,コンクリート,コンクリート,40.2,0,1922/12/1,対象
791,日豊本線,10,単線,287723,美々津　単線,１－１形,462.65,287723,288185.65,コンクリートブロック,コンクリート,コンクリート,40.2,0,1922/12/1,対象
791,日豊本線,10,単線,346593.94,清武　単線,乙形,189.09,346593.94,346783.03,煉瓦,煉瓦,煉瓦,45.7,0,1915/12/1,対象
791,日豊本線,10,単線,365349.25,猪之谷第四　単線,乙形,589.42,365349.25,365938.67,煉瓦,石,石,40.2,0,1916/12/1,対象
791,日豊本線,10,単線,366474.53,猪之谷第三　単線,乙形,144.84,366474.53,366619.37,煉瓦,石,石,43.9,0,1916/12/1,対象
791,日豊本線,10,単線,366715.93,猪之谷第二　単線,乙形,358.07,366715.93,367074,煉瓦,石,石,40.2,0,1916/12/1,対象
791,日豊本線,10,単線,367236.95,猪之谷第一　単線,乙形,350.04,367236.95,367586.99,煉瓦,石,石,40.2,0,1916/12/1,対象
791,日豊本線,10,単線,369329.66,青井岳　単線,乙形,1528.87,369329.66,370858.53,煉瓦,石,石,40.2,0,1916/12/1,対象
791,日豊本線,10,単線,371387.61,猪之川内　単線,乙形,96.9,371387.61,371484.51,煉瓦,石,石,48.4,0,1916/12/1,対象
791,日豊本線,10,単線,372226.48,四角目　単線,乙形,65.1,372226.48,372291.58,煉瓦,石,石,0,0,1916/12/1,対象
791,日豊本線,10,単線,373034.17,山之神第二　単線,乙形,168.1,373034.17,373202.27,煉瓦,石,石,40.2,0,1916/12/1,対象
791,日豊本線,10,単線,373250.43,山之神第一　単線,乙形,86.5,373250.43,373336.93,煉瓦,石,石,43.2,0,1916/12/1,対象
791,日豊本線,10,単線,383631.88,高才　単線,乙形,231.55,383631.88,383863.43,煉瓦,煉瓦,煉瓦,40.2,0,1914/12/1,対象
791,日豊本線,10,単線,405154.42,正部　単線,乙形,326,405154.42,405480.42,コンクリート,コンクリート,コンクリート,0,40,1931/12/1,対象
791,日豊本線,10,単線,405937.42,馬水　単線,乙形,126,405937.42,406063.42,コンクリートブロック,コンクリートブロック,コンクリートブロック,0,42,1931/12/1,対象
791,日豊本線,10,単線,406842.42,大川原　単線,乙形,231,406842.42,407073.42,コンクリートブロック,コンクリートブロック,コンクリートブロック,0,40,1931/12/1,対象
791,日豊本線,10,単線,408698.37,井手谷　単線,乙形,107.06,408698.37,408805.43,コンクリートブロック,コンクリートブロック,コンクリートブロック,0,36,1932/12/1,対象
791,日豊本線,10,単線,409075.43,水無谷　単線,乙形,110,409075.43,409185.43,コンクリートブロック,コンクリートブロック,コンクリートブロック,0,36.5,1932/12/1,対象
791,日豊本線,10,単線,409281.93,夏木　単線,乙形,99.5,409281.93,409381.43,コンクリートブロック,コンクリートブロック,コンクリートブロック,0,33,1932/12/1,対象
791,日豊本線,10,単線,413291.37,峠　単線,乙形,397.5,413291.37,413688.87,コンクリートブロック,鉄筋コンクリート,鉄筋コンクリート,0,40,1932/12/1,対象
791,日豊本線,10,単線,414036.37,炭床　単線,乙形,57,414036.37,414093.37,コンクリート,コンクリート,コンクリート,0,0,1932/12/1,対象
791,日豊本線,10,単線,417732.98,狩川　単線,乙形,520,417732.98,418252.98,コンクリートブロック,コンクリート,コンクリート,0,40,1932/12/1,対象
791,日豊本線,10,単線,419419.98,大窪　単線,乙形,65,419419.98,419484.98,コンクリートブロック,コンクリート,コンクリート,0,32.5,1930/12/1,対象
791,日豊本線,10,単線,421537.98,黒ヶ迫　単線,乙形,110,421537.98,421647.98,コンクリートブロック,コンクリート,コンクリート,0,37,1930/12/1,対象
791,日豊本線,10,単線,421777.98,馬渡　単線,２号（直）,195,421777.98,421972.98,コンクリートブロック,コンクリート,コンクリート,0,40,1930/12/1,対象
791,日豊本線,10,単線,422762.98,床浪　単線,乙形,243,422762.98,423005.98,コンクリートブロック,コンクリート,コンクリート,0,40,1930/12/1,対象
791,日豊本線,10,単線,423840.98,小鹿野　単線,乙形,187,423840.98,424027.98,コンクリートブロック,コンクリート,コンクリート,0,40,1930/12/1,対象
791,日豊本線,10,単線,424412.93,襲山　単線,乙形,1928.6,424412.93,426341.53,コンクリートブロック,コンクリート,コンクリート,40,0,1930/12/1,対象
791,日豊本線,10,単線,426863.53,松永　単線,乙形,340.7,426863.53,427204.23,コンクリートブロック,コンクリート,コンクリート,40,0,1930/12/1,対象
791,日豊本線,10,単線,428129.23,岩戸　単線,乙形,266.3,428129.23,428395.53,コンクリートブロック,コンクリート,コンクリート,40,0,1930/12/1,対象
791,日豊本線,10,単線,438030,青佐　単線,特１号形,430,438030,438460,コンクリート,コンクリート,コンクリート,26,0,1979/12/1,対象
791,日豊本線,10,単線,439795,日木山　単線,特１号形,510,439795,440305,コンクリート,コンクリート,コンクリート,28,0,1980/12/1,対象
791,日豊本線,10,単線,453215,大崎　単線,特１号形,570,453215,453785,コンクリート,コンクリート,コンクリート,0,30,1980/12/1,対象
791,日豊本線,10,単線,454295,壁ヶ鼻　単線,特１号形,485,454295,454780,コンクリート,コンクリート,コンクリート,0,28.5,1980/12/1,対象
791,日豊本線,10,単線,457788.13,三船　単線,甲形,30.69,457788.13,457818.82,コンクリート,石,石,0,0,1980/12/1,対象
791,日豊本線,10,単線,460224,鳥越　単線,特１号形,436,460224,460660,コンクリート,コンクリート,コンクリート,29,0,1979/12/1,対象
791,日豊本線,21,下り線,79760,立石　下り,円（含シールド）,3640,79760,83400,コンクリート,コンクリート,コンクリート,35,0,1969/12/1,対象
791,日豊本線,21,下り線,90659,大原山　下り,円（含シールド）,261,90659,90920,コンクリート,コンクリート,コンクリート,30,0,1978/12/1,対象
791,日豊本線,21,下り線,92884,二ノ尾　下り,円（含シールド）,236,92884,93120,コンクリート,コンクリート,コンクリート,30,0,1967/12/1,対象
791,日豊本線,21,下り線,94325,陣田我王　下り,円（含シールド）,813.7,94325,95138.7,コンクリート,コンクリート,コンクリート,30,0,1967/12/1,対象
791,日豊本線,21,下り線,113675.18,古市山　下り,特１号形,191.7,113675.18,113866.88,コンクリート,石,石,27.5,0,1911/12/1,対象
791,日豊本線,21,下り線,126479.61,仏崎　下り,円（含シールド）,231.56,126479.61,126711.17,煉瓦,コンクリート,コンクリート,30,0,1911/12/1,対象
791,日豊本線,21,下り線,174544,第一鳥越　下り,円（含シールド）,98,174544,174642,コンクリート,コンクリート,コンクリート,35,0,1967/12/1,対象
791,日豊本線,21,下り線,183953.5,第二福良　下り,円（含シールド）,141,183953.5,184094.5,コンクリート,コンクリート,コンクリート,35.5,0,1965/12/1,対象
791,日豊本線,22,上り線,82377.59,立石　上り,円（含シールド）,311.81,82377.59,82689.4,煉瓦,コンクリート,コンクリート,30,0,1910/12/1,対象
791,日豊本線,22,上り線,90660,大原山　上り,円（含シールド）,263,90660,90923,コンクリート,コンクリート,コンクリート,30,0,1967/12/1,対象
791,日豊本線,22,上り線,92231,二ノ尾　上り,円（含シールド）,829,92231,93060,コンクリート,コンクリート,コンクリート,30,0,1966/12/1,対象
791,日豊本線,22,上り線,94325,陣田我王　上り,円（含シールド）,775,94325,95100,コンクリート,コンクリート,コンクリート,30,0,1978/12/1,対象
791,日豊本線,22,上り線,113652,古市山　上り,円（含シールド）,214,113652,113866,コンクリート,コンクリート,コンクリート,30,0,1909/12/1,対象
791,日豊本線,22,上り線,123127,高崎山　上り,円（含シールド）,1067,123127,124194,コンクリート,コンクリート,コンクリート,37,0,1966/12/1,対象
791,日豊本線,22,上り線,126285,仏崎　上り,円（含シールド）,551,126285,126836,コンクリート,鉄筋コンクリート,鉄筋コンクリート,27,0,1966/12/1,対象
791,日豊本線,22,上り線,127910,白木　上り,円（含シールド）,302,127910,128212,コンクリート,コンクリート,コンクリート,30,0,1966/12/1,対象
791,日豊本線,22,上り線,174541.6,第一鳥越　上り,乙形,84.56,174541.6,174626.16,煉瓦,煉瓦,煉瓦,43.8,0,1916/12/1,対象
791,日豊本線,22,上り線,183958.88,第二福良　上り,乙形,132.83,183958.88,184091.71,煉瓦,煉瓦,煉瓦,44.3,0,1916/12/1,対象
791,日豊本線,23,上下線,111515,茅場　上下,複線交流曲,1009,111515,112524,コンクリート,コンクリート,コンクリート,30,0,1980/12/1,対象
791,日豊本線,23,上下線,127011.6,鯨崎　上下,複線交流曲,77,127011.6,127088.6,コンクリート,コンクリート,コンクリート,30,0,1967/12/1,対象
795,日田彦山線,10,単線,13924,丸山　単線,１－１形,110,13924,14034,煉瓦,煉瓦,煉瓦,39,39,1915/12/1,対象
795,日田彦山線,10,単線,14137.57,金辺　単線,１－１形,1444.4,14137.57,15581.97,煉瓦,煉瓦,煉瓦,80,0,1915/12/1,対象
795,日田彦山線,10,単線,18316.42,採銅所　単線,１－１形,90.4,18316.42,18406.82,煉瓦,石,石,0,45,1915/12/1,対象
795,日田彦山線,10,単線,20123.98,古宮　単線,１－１形,60.2,20123.98,20184.18,煉瓦,石,石,0,0,1915/12/1,対象
795,日田彦山線,10,単線,36773.99,真木　単線,甲形,70.41,36773.99,36844.4,煉瓦,煉瓦,煉瓦,35,0,1903/12/1,対象
795,日田彦山線,10,単線,41089.34,野田　単線,２号（直）,99.7,41089.34,41189.04,鉄筋コンクリート,コンクリート,コンクリート,43,0,1942/12/1,対象
795,日田彦山線,10,単線,44924.56,第一城野　単線,２号（曲）,68,44924.56,44992.56,コンクリート,コンクリート,コンクリート,34,0,1942/12/1,対象
795,日田彦山線,10,単線,45153.56,第二城野　単線,２号（曲）,185,45153.56,45338.56,コンクリート,コンクリート,コンクリート,0,37,1942/12/1,対象
795,日田彦山線,10,単線,50388.62,深倉　単線,２号（直）,59,50388.62,50447.62,コンクリート,コンクリート,コンクリート,0,29,1938/12/1,対象
795,日田彦山線,10,単線,50509.62,釈迦岳　単線,１号形,4378.6,50509.62,54888.22,コンクリート,コンクリート,コンクリート,50,0,1955/12/1,対象
795,日田彦山線,10,単線,55824.62,栗木野　単線,２号（曲）,93.5,55824.62,55918.12,コンクリート,コンクリート,コンクリート,25,0,1938/12/1,対象
795,日田彦山線,10,単線,56345.92,第二松山　単線,２号（直）,94.2,56345.92,56440.12,鉄筋コンクリート,鉄筋コンクリート,鉄筋コンクリート,21,0,1938/12/1,対象
795,日田彦山線,10,単線,56919.12,第一松山　単線,２号（曲）,74,56919.12,56993.12,鉄筋コンクリート,鉄筋コンクリート,鉄筋コンクリート,0,29,1938/12/1,対象
795,日田彦山線,10,単線,57326.12,第三宝珠山　単線,２号（曲）,76,57326.12,57402.12,コンクリート,コンクリート,コンクリート,0,41,1938/12/1,対象
795,日田彦山線,10,単線,57589.12,第二宝珠山　単線,２号（直）,71,57589.12,57660.12,コンクリート,コンクリート,コンクリート,0,31,1938/12/1,対象
795,日田彦山線,10,単線,57780.12,第一宝珠山　単線,２号（直）,109,57780.12,57889.12,コンクリート,コンクリート,コンクリート,34,0,1938/12/1,対象
795,日田彦山線,10,単線,58782.92,大行司　単線,２号（曲）,52,58782.92,58834.92,コンクリート,コンクリート,コンクリート,0,26,1938/12/1,対象
823,日南線,10,単線,15012.11,青島　単線,１号形,1330,15012.11,16342.11,コンクリート,コンクリート,コンクリート,0,40,1960/12/1,対象
823,日南線,10,単線,17579.65,内海　単線,２号（曲）,100,17579.65,17679.65,コンクリート,コンクリート,コンクリート,0,30,1959/12/1,対象
823,日南線,10,単線,19646.35,野島　単線,２号（曲）,119,19646.35,19765.35,コンクリート,コンクリート,コンクリート,0,40,1959/12/1,対象
823,日南線,10,単線,20088.35,小内海　単線,２号（直）,196,20088.35,20284.35,コンクリート,コンクリート,コンクリート,0,40,1959/12/1,対象
823,日南線,10,単線,20832.46,鶯巣　単線,２号（曲）,809,20832.46,21641.46,コンクリート,コンクリート,コンクリート,0,40.5,1960/12/1,対象
823,日南線,10,単線,22691.46,第二伊比井　単線,２号（曲）,151,22691.46,22842.46,コンクリート,コンクリート,コンクリート,0,40,1960/12/1,対象
823,日南線,10,単線,22991.46,第一伊比井　単線,２号（曲）,167,22991.46,23158.46,コンクリート,コンクリート,コンクリート,0,43.5,1960/12/1,対象
823,日南線,10,単線,24096.6,冨土　単線,２号（曲）,719.5,24096.6,24816.1,コンクリート,コンクリート,コンクリート,0,40,1959/12/1,対象
823,日南線,10,単線,26907.8,谷之城　単線,１号形,3670,26907.8,30577.8,コンクリート,鉄筋コンクリート,鉄筋コンクリート,0,40,1959/12/1,対象
823,日南線,10,単線,34241.11,大藤　単線,２号（直）,129,34241.11,34370.11,コンクリート,コンクリート,コンクリート,40,0,1941/12/1,対象
823,日南線,10,単線,37433.11,内之田　単線,２号（直）,28,37433.11,37461.11,コンクリート,コンクリート,コンクリート,0,0,1941/12/1,対象
823,日南線,10,単線,38527.94,第二殿所　単線,２号（直）,83,38527.94,38610.94,コンクリート,コンクリート,コンクリート,42,0,1941/12/1,対象
823,日南線,10,単線,38789.12,第一殿所　単線,２号（曲）,215,38789.12,39004.12,コンクリート,コンクリート,コンクリート,36,0,1941/12/1,対象
823,日南線,10,単線,40453.28,横手　単線,２号（曲）,149.5,40453.28,40602.78,コンクリート,コンクリート,コンクリート,0,40,1941/12/1,対象
823,日南線,10,単線,46569.78,松ヶ鼻　単線,２号（直）,138,46569.78,46707.78,コンクリート,,,0,39.5,1937/12/1,対象
823,日南線,10,単線,47368.02,黒岩　単線,２号（曲）,47,47368.02,47415.02,コンクリート,コンクリート,コンクリート,0,0,1937/12/1,対象
823,日南線,10,単線,47586.02,長崎鼻　単線,２号（曲）,317.5,47586.02,47903.52,コンクリート,コンクリート,コンクリート,0,38,1937/12/1,対象
823,日南線,10,単線,49371.41,飯崎　単線,２号（曲）,82,49371.41,49453.41,コンクリート,コンクリート,コンクリート,42,0,1937/12/1,対象
823,日南線,10,単線,79963.59,第三高松　単線,２号（曲）,65,79963.59,80028.59,コンクリート,コンクリート,コンクリート,0,0,1935/12/1,対象
823,日南線,10,単線,80908.59,第二高松　単線,２号（直）,90,80908.59,80998.59,コンクリート,コンクリート,コンクリート,0,45,1935/12/1,対象
823,日南線,10,単線,81086.59,浜之谷　単線,２号（曲）,30,81086.59,81116.59,コンクリート,コンクリート,コンクリート,0,0,1935/12/1,対象
823,日南線,10,単線,81314.59,第一高松　単線,２号（曲）,93,81314.59,81407.59,コンクリート,コンクリート,コンクリート,46.5,0,1935/12/1,対象
823,日南線,10,単線,82052.59,第二夏井　単線,２号（曲）,165,82052.59,82217.59,コンクリート,コンクリート,コンクリート,40,0,1935/12/1,対象
823,日南線,10,単線,82914.59,第一夏井　単線,２号（曲）,165,82914.59,83079.59,コンクリート,コンクリート,コンクリート,40,0,1935/12/1,対象
823,日南線,10,単線,87237.8,志布志　単線,２号（曲）,120,87237.8,87357.8,コンクリート,コンクリート,コンクリート,40,0,1935/12/1,対象
831,筑豊本線,10,単線,53808.1,冷水　単線,新中間形,3286.1,53808.1,57094.2,コンクリート,コンクリート,コンクリート,40,0,1929/12/1,対象
831,筑豊本線,10,単線,58303.44,浦の下　単線,新中間形,112.7,58303.44,58416.14,コンクリート,コンクリート,コンクリート,40,0,1929/12/1,対象
851,後藤寺線,10,単線,8015.8,入水　単線,甲形,554.04,8015.8,8569.84,コンクリートブロック,コンクリートブロック,コンクリートブロック,50,0,1926/12/1,対象
