線コード,線名,線別コード,線別,駅駅間箇所,キロ程,構造物名称,構造物分類,構造区分,財産数量,単位,数量1,単位1,数量2,単位2,数量3,単位3,検査対象
711,鹿児島本線,00,無し,門司港,0.0,構内排水設備,構内排水設備,構内排水設備（給炭水）,562.6,ｍ,,,,,,,対象
711,鹿児島本線,00,無し,門司港,0.0,構内諸設備１,構内諸設備,作業通路（雑設備）,4,箇所,5949.9,m2,,,,,対象
711,鹿児島本線,00,無し,門司港,0.0,構内諸設備２,構内諸設備,柵垣,1,箇所,273.4,ｍ,3,ｍ,,,対象
711,鹿児島本線,00,無し,門司港,0.0,構内諸設備３,構内諸設備,土留,,箇所,125.4,m2,,,,,対象
711,鹿児島本線,00,無し,門司港,0.0,構内諸設備４,構内諸設備,乗降台,,箇所,2,箇所,5,箇所,3,箇所,対象
711,鹿児島本線,00,無し,門司港,0.0,構内諸設備５,構内諸設備,作業通路（雑設備）,1,箇所,3397.1,m2,33.2,m2,,,対象
711,鹿児島本線,00,無し,門司港,0.0,構内諸設備６,構内諸設備,柵垣,,箇所,214.5,ｍ,,,,,対象
711,鹿児島本線,00,無し,門司港,0.0,構内諸設備７,構内諸設備,構内諸設備,,箇所,,,,,,,対象
711,鹿児島本線,00,無し,門司港,0.0,走行路,走行路,走行路,963.3,ｍ,963.3,ｍ,,,,,対象
711,鹿児島本線,00,無し,門司港,0.0,車両洗浄設備１,車両洗浄設備,洗浄台,1119.7,ｍ,1069.2,ｍ,50.5,ｍ,,,対象
711,鹿児島本線,00,無し,門司港,0.0,車両洗浄設備２,車両洗浄設備,洗浄床,1087.5,ｍ,1069.2,ｍ,18.3,ｍ,,,対象
711,鹿児島本線,00,無し,門司港,0.0,車両洗浄設備３,車両洗浄設備,浄化槽,12.1,ｍ,,,,,,,対象
711,鹿児島本線,00,無し,門司港,0.0,車両洗浄設備４,車両洗浄設備,給排水設備,148.2,ｍ,,,,,,,対象
711,鹿児島本線,00,無し,門司港,0.0,検査抗,検査坑,検査坑（検車洗浄）,167.7,ｍ,20,ｍ,,,,,対象
711,鹿児島本線,00,無し,門司港,0.0,給水設備,給水設備,給水設備（給炭水設備）,1864.9,ｍ,4431,ｍ,276.9,ｍ,104,ｍ,対象
711,鹿児島本線,00,無し,門司港,0.0,ろ過装置,ろ過装置,ろ過装置（給炭水設備）,1,箇所,,個,1,個,,,対象
711,鹿児島本線,00,無し,門司港,0.0,汚物処理設備,汚物処理設備,汚物処理設備,1,箇所,1,箇所,,,,,対象
711,鹿児島本線,00,無し,門司港,0.0,検車洗浄設備その他１,検査洗浄設備その他,検査洗浄設備その他,,箇所,,,,,,,対象
711,鹿児島本線,00,無し,門司港,0.0,検車洗浄設備その他２,検査洗浄設備その他,車両検査台,170,箇所,410,ｍ,,,,,対象
711,鹿児島本線,00,無し,門司港,0.0,検車洗浄設備その他３,検査洗浄設備その他,作業場（検車洗浄）,,箇所,113,m2,,,,,対象
711,鹿児島本線,00,無し,門司港,0.0,検車洗浄設備その他４,検査洗浄設備その他,検査洗浄設備その他,1,箇所,,箇所,1,箇所,,,対象
711,鹿児島本線,00,無し,小森江,4020.0,構内諸設備１,構内諸設備,構内諸設備,1,箇所,1691.1,m2,,,,,対象
711,鹿児島本線,00,無し,小森江,4020.0,構内諸設備２,構内諸設備,柵垣,2,箇所,367.4,ｍ,,,,,対象
711,鹿児島本線,00,無し,小森江,4020.0,構内諸設備３,構内諸設備,土留,,箇所,1223,m2,,,,,対象
711,鹿児島本線,00,無し,小森江,4020.0,その他,雑構築物その他,雑構築物その他,,,,,,,,,対象
711,鹿児島本線,00,無し,門司,5500.0,構内排水設備,構内排水設備,構内排水設備（給炭水）,274.5,組,,,,,,,対象
711,鹿児島本線,00,無し,門司,5500.0,構内諸設備１,構内諸設備,作業通路（雑設備）,138,箇所,,m2,558.2,m2,,,対象
711,鹿児島本線,00,無し,門司,5500.0,構内諸設備２,構内諸設備,柵垣,6,箇所,1077.8,ｍ,642,ｍ,,,対象
711,鹿児島本線,00,無し,門司,5500.0,構内諸設備３,構内諸設備,構内諸設備,,箇所,39.3,m2,,,,,対象
711,鹿児島本線,00,無し,門司,5500.0,構内諸設備４,構内諸設備,構内諸設備,,箇所,,箇所,,,,,対象
711,鹿児島本線,00,無し,門司,5500.0,構内諸設備５,構内諸設備,時刻案内表,,箇所,1,箇所,,,,,対象
711,鹿児島本線,00,無し,門司,5500.0,構内諸設備６,構内諸設備,土留,336.2,m2,,,,,,,対象
711,鹿児島本線,00,無し,小倉,11010.0,構内排水設備,構内排水設備,構内排水設備（給炭水）,2058.1,ｍ,,,,,,,対象
711,鹿児島本線,00,無し,小倉,11010.0,構内諸設備１,構内諸設備,乗降台,1,箇所,1,箇所,,,,,対象
711,鹿児島本線,00,無し,小倉,11010.0,構内諸設備２,構内諸設備,作業通路（雑設備）,6,箇所,619.5,m2,,,,,対象
711,鹿児島本線,00,無し,小倉,11010.0,構内諸設備３,構内諸設備,柵垣,6,箇所,983.2,ｍ,,,,,対象
711,鹿児島本線,00,無し,小倉,11010.0,構内諸設備４,構内諸設備,構内諸設備,58,箇所,5,箇所,,,,,対象
711,鹿児島本線,00,無し,小倉,11010.0,構内諸設備５,構内諸設備,乗降台,1,箇所,1,箇所,,,,,対象
711,鹿児島本線,00,無し,小倉,11010.0,構内諸設備６(ＰＣフェンス）,構内諸設備,柵垣,6,ｍ,6,ｍ,,,,,対象
711,鹿児島本線,00,無し,小倉,11010.0,作業通路（雑設備）,構内諸設備,作業通路（雑設備）,,箇所,136.9,ｍ,,,,,対象
711,鹿児島本線,00,無し,小倉,11010.0,走行路,走行路,走行路,144,ｍ,,,,,,,対象
711,鹿児島本線,00,無し,小倉,11010.0,検車洗浄設備その他,検査洗浄設備その他,検査洗浄設備その他,,箇所,,箇所,,,,,対象
711,鹿児島本線,00,無し,西小倉,11820.0,構内排水設備,構内排水設備,構内排水設備（給炭水）,2,箇所,55,ｍ,,,,,対象
711,鹿児島本線,00,無し,西小倉,11820.0,構内諸設備１,構内諸設備,作業通路（雑設備）,3,箇所,1709.1,m2,,,,,対象
711,鹿児島本線,00,無し,西小倉,11820.0,構内諸設備２,構内諸設備,柵垣,2,箇所,531.6,ｍ,,,,,対象
711,鹿児島本線,00,無し,西小倉,11820.0,構内諸設備３,構内諸設備,構内諸設備,1,箇所,,箇所,5,ｍ,,,対象
711,鹿児島本線,00,無し,九州工大前,15310.0,構内諸設備,構内諸設備,構内諸設備,,箇所,,箇所,,,,,対象
711,鹿児島本線,00,無し,九州工大前,15310.0,構内諸設備2(PCフェンス）,構内諸設備,柵垣,22,ｍ,22,ｍ,,,,,対象
711,鹿児島本線,00,無し,戸畑,17240.0,構内諸設備１,構内諸設備,作業通路（雑設備）,,箇所,1319.1,m2,,,,,対象
711,鹿児島本線,00,無し,戸畑,17240.0,構内諸設備２,構内諸設備,柵垣,9,箇所,5636,ｍ,,,,,対象
711,鹿児島本線,00,無し,戸畑,17240.0,構内諸設備３,構内諸設備,構内諸設備,1,箇所,2,箇所,,,,,対象
711,鹿児島本線,00,無し,枝光,19380.0,構内排水設備,構内排水設備,構内排水設備（給炭水）,67.1,ｍ,,,,,,,対象
711,鹿児島本線,00,無し,枝光,19380.0,下り線左,構内諸設備,柵垣,84.8,ｍ,,,,,,,対象
711,鹿児島本線,00,無し,枝光,19380.0,構内諸設備１,構内諸設備,構内諸設備,,箇所,,箇所,,,,,対象
711,鹿児島本線,00,無し,枝光,19380.0,構内諸設備２,構内諸設備,柵垣,,箇所,30.6,ｍ,,,,,対象
711,鹿児島本線,00,無し,枝光,19380.0,構内諸設備３,構内諸設備,作業通路（雑設備）,1,箇所,163,m2,,,,,対象
711,鹿児島本線,00,無し,枝光,19380.0,上り線右さくがき,構内諸設備,構内諸設備,213.3,ｍ,10.1,ｍ,123.6,ｍ,79.6,ｍ,対象
711,鹿児島本線,00,無し,スペースワールド,21240.0,ホーム上屋排水とい防水工,構内諸設備,構内諸設備,26,箇所,1,式,,,,,対象
711,鹿児島本線,00,無し,スペースワールド,21240.0,埋設管ヒューム管250,排水設備（諸構築物）,構内排水設備,9,ｍ,,,,,,,対象
711,鹿児島本線,00,無し,スペースワールド,21240.0,埋設管ヒューム管＿１,排水設備（諸構築物）,構内排水設備,3.7,ｍ,,,,,,,対象
711,鹿児島本線,00,無し,スペースワールド,21240.0,埋設管ヒューム管＿２,排水設備（諸構築物）,構内排水設備,194.1,ｍ,196.2,ｍ,1.5,ｍ,,,対象
711,鹿児島本線,00,無し,スペースワールド,21240.0,埋設管ヒューム管＿３,排水設備（諸構築物）,構内排水設備,189,ｍ,,,,,,,対象
711,鹿児島本線,00,無し,スペースワールド,21240.0,埋設管ヒューム管２００＿１,排水設備（諸構築物）,構内排水設備,149,ｍ,,,,,,,対象
711,鹿児島本線,00,無し,スペースワールド,21240.0,埋設管ヒューム管２００＿２,排水設備（諸構築物）,構内排水設備,103,ｍ,,,,,,,対象
711,鹿児島本線,00,無し,スペースワールド,21240.0,埋設管ヒューム管２００＿３,排水設備（諸構築物）,構内排水設備,15.9,ｍ,,,,,,,対象
711,鹿児島本線,00,無し,スペースワールド,21240.0,埋設管ヒューム管２００＿４,排水設備（諸構築物）,構内排水設備,19.3,ｍ,,,,,,,対象
711,鹿児島本線,00,無し,八幡,23150.0,構内排水設備,構内排水設備,構内排水設備（給炭水）,120,ｍ,,,,,,,対象
711,鹿児島本線,00,無し,八幡,23150.0,構内諸設備１,構内諸設備,作業通路（雑設備）,2,箇所,505.4,m2,,,,,対象
711,鹿児島本線,00,無し,八幡,23150.0,構内諸設備２,構内諸設備,柵垣,,箇所,151.5,ｍ,,,,,対象
711,鹿児島本線,00,無し,八幡,23150.0,構内諸設備３,構内諸設備,土留,,箇所,93.5,m2,,,,,対象
711,鹿児島本線,00,無し,八幡,23150.0,構内諸設備４,構内諸設備,構内諸設備,4,箇所,,箇所,,,,,対象
711,鹿児島本線,00,無し,八幡,23150.0,終点方右ガードパイプ,構内諸設備,構内諸設備,44.4,ｍ,,,,,,,対象
711,鹿児島本線,00,無し,八幡,23150.0,終点方左さくか゛き,構内諸設備,構内諸設備,50.5,ｍ,,,,,,,対象
711,鹿児島本線,00,無し,黒崎,25870.0,構内諸設備１,構内諸設備,柵垣,1,箇所,425.3,ｍ,,,,,対象
711,鹿児島本線,00,無し,黒崎,25870.0,構内諸設備２,構内諸設備,構内諸設備,,箇所,,箇所,,,,,対象
711,鹿児島本線,00,無し,陣原,28060.0,陣原駅構内排水設備,構内排水設備,構内排水設備（給炭水）,36.4,ｍ,3.7,ｍ,1.7,ｍ,31,ｍ,対象
711,鹿児島本線,00,無し,陣原,28060.0,陣原駅時刻案内標,構内諸設備,時刻案内表,3,箇所,1.3,ｍ,,,,,対象
711,鹿児島本線,00,無し,陣原,28060.0,陣原駅走行路,走行路,走行路,413,ｍ,0.4,ｍ,,,,,対象
711,鹿児島本線,00,無し,折尾,31060.0,構内排水設備,構内排水設備,構内排水設備（給炭水）,102.9,ｍ,,,,,,,対象
711,鹿児島本線,00,無し,折尾,31060.0,構内諸設備１,構内諸設備,作業通路（雑設備）,1,箇所,,m2,,,,,対象
711,鹿児島本線,00,無し,折尾,31060.0,構内諸設備２,構内諸設備,柵垣,1,箇所,,ｍ,,,,,対象
711,鹿児島本線,00,無し,折尾,31060.0,構内諸設備３,構内諸設備,土留,,箇所,274.3,m2,,,,,対象
711,鹿児島本線,00,無し,折尾,31060.0,構内諸設備４,構内諸設備,構内諸設備,2,箇所,,箇所,,,,,対象
711,鹿児島本線,00,無し,水巻,33240.0,構内諸設備,構内諸設備,柵垣,3,箇所,142.3,ｍ,,,,,対象
711,鹿児島本線,00,無し,遠賀川,35300.0,構内排水設備,構内排水設備,構内排水設備（給炭水）,26.3,ｍ,,,,,,,対象
711,鹿児島本線,00,無し,遠賀川,35300.0,構内諸設備１,構内諸設備,作業通路（雑設備）,,箇所,83.7,m2,,,,,対象
711,鹿児島本線,00,無し,遠賀川,35300.0,構内諸設備２,構内諸設備,柵垣,,箇所,377.3,ｍ,,,,,対象
711,鹿児島本線,00,無し,遠賀川,35300.0,構内諸設備３,構内諸設備,土留,,箇所,32,m2,,,,,対象
711,鹿児島本線,00,無し,遠賀川,35300.0,構内諸設備４,構内諸設備,構内諸設備,4,箇所,,箇所,,,,,対象
711,鹿児島本線,00,無し,遠賀川,35300.0,終点方右側PCフェンス,構内諸設備,柵垣,107.5,ｍ,107.5,ｍ,,,,,対象
711,鹿児島本線,00,無し,海老津,40410.0,構内諸設備１,構内諸設備,柵垣,,箇所,451.9,ｍ,,,,,対象
711,鹿児島本線,00,無し,海老津,40410.0,構内諸設備２,構内諸設備,構内諸設備,1,箇所,,箇所,,,,,対象
711,鹿児島本線,00,無し,教育大前,45570.0,構内諸設備１,構内諸設備,時刻案内表,1,箇所,1,箇所,,,,,対象外
711,鹿児島本線,00,無し,赤間,47530.0,構内諸設備１,構内諸設備,構内諸設備,1,箇所,,箇所,,,,,対象
711,鹿児島本線,00,無し,赤間,47530.0,構内諸設備２,構内諸設備,柵垣,1,箇所,516.3,ｍ,,,,,対象
711,鹿児島本線,00,無し,赤間,47530.0,構内諸設備３,構内諸設備,土留,,箇所,,m2,,,,,対象
711,鹿児島本線,00,無し,赤間,47530.0,乗務員昇降台,構内諸設備,乗降台,3,箇所,,箇所,,,,,対象
711,鹿児島本線,00,無し,赤間,47530.0,線間防護柵,構内諸設備,柵垣,5,ｍ,,,,,,,対象
711,鹿児島本線,00,無し,東郷,51690.0,構内排水設備,構内排水設備,構内排水設備（給炭水）,40,ｍ,,,,,,,対象
711,鹿児島本線,00,無し,東郷,51690.0,構内諸設備,構内諸設備,構内諸設備,8,箇所,,箇所,,,,,対象
711,鹿児島本線,00,無し,東郷,51690.0,構内諸設備１,構内諸設備,作業通路（雑設備）,,箇所,2005.7,m2,,,,,対象
711,鹿児島本線,00,無し,東郷,51690.0,構内諸設備２,構内諸設備,柵垣,,箇所,305.2,ｍ,,,,,対象
711,鹿児島本線,00,無し,東福間,54920.0,構内排水設備,構内排水設備,構内排水設備（給炭水）,185,ｍ,,,,,,,対象
711,鹿児島本線,00,無し,東福間,54920.0,構内諸設備１,構内諸設備,作業通路（雑設備）,,箇所,,m2,,,,,対象
711,鹿児島本線,00,無し,東福間,54920.0,構内諸設備２,構内諸設備,柵垣,,箇所,111.5,ｍ,,,,,対象
711,鹿児島本線,00,無し,東福間,54920.0,構内諸設備３,構内諸設備,構内諸設備,1,箇所,,箇所,,,,,対象
711,鹿児島本線,00,無し,福間,57630.0,構内諸設備１,構内諸設備,作業通路（雑設備）,,箇所,173,m2,,,,,対象
711,鹿児島本線,00,無し,福間,57630.0,構内諸設備２,構内諸設備,柵垣,,箇所,235.1,ｍ,,,,,対象
711,鹿児島本線,00,無し,福間,57630.0,構内諸設備３,構内諸設備,構内諸設備,130.8,m2,,箇所,,,,,対象
711,鹿児島本線,00,無し,千鳥,59480.0,構内諸設備１,構内諸設備,柵垣,15.3,ｍ,15.3,ｍ,,,,,対象
711,鹿児島本線,00,無し,千鳥,59480.0,構内諸設備２,構内諸設備,土留,152.8,m2,152.8,m2,,,,,対象
711,鹿児島本線,00,無し,古賀,61610.0,構内排水設備,構内排水設備,構内排水設備（給炭水）,13.1,ｍ,,,,,,,対象
711,鹿児島本線,00,無し,古賀,61610.0,構内諸設備１,構内諸設備,作業通路（雑設備）,3,箇所,209.6,m2,,,,,対象
711,鹿児島本線,00,無し,古賀,61610.0,構内諸設備２,構内諸設備,柵垣,,箇所,344.7,ｍ,,,,,対象
711,鹿児島本線,00,無し,古賀,61610.0,構内諸設備３,構内諸設備,土留,,箇所,13.5,m2,,,,,対象
711,鹿児島本線,00,無し,古賀,61610.0,構内諸設備４,構内諸設備,構内諸設備,3,箇所,3,箇所,,,,,対象
711,鹿児島本線,00,無し,古賀,61610.0,走行路,走行路,走行路,60,ｍ,,,,,,,対象
711,鹿児島本線,00,無し,福工大前,66050.0,構内排水設備,構内排水設備,構内排水設備（給炭水）,84.8,ｍ,,,,,,,対象
711,鹿児島本線,00,無し,福工大前,66050.0,構内諸設備１,構内諸設備,作業通路（雑設備）,,箇所,,m2,,,,,対象
711,鹿児島本線,00,無し,福工大前,66050.0,構内諸設備２,構内諸設備,柵垣,,箇所,,,,,,,対象
711,鹿児島本線,00,無し,福工大前,66050.0,構内諸設備３,構内諸設備,土留,,箇所,35.9,m2,,,,,対象
711,鹿児島本線,00,無し,福工大前,66050.0,構内諸設備４,構内諸設備,構内諸設備,13,箇所,13,箇所,,,,,対象
711,鹿児島本線,00,無し,九産大前,69070.0,構内諸設備１,構内諸設備,柵垣,,箇所,1,箇所,,,,,対象
711,鹿児島本線,00,無し,九産大前,69070.0,構内諸設備２,構内諸設備,構内諸設備,1,箇所,1,箇所,,,,,対象
711,鹿児島本線,00,無し,香椎,70810.0,構内排水設備,構内排水設備,構内排水設備（給炭水）,406.2,ｍ,,,,,,,対象
711,鹿児島本線,00,無し,香椎,70810.0,構内諸設備１,構内諸設備,作業通路（雑設備）,144.8,m2,144.8,m2,,,,,対象
711,鹿児島本線,00,無し,香椎,70810.0,構内諸設備２,構内諸設備,柵垣,1,箇所,6.6,m2,,,,,対象
711,鹿児島本線,00,無し,香椎,70810.0,構内諸設備３,構内諸設備,土留,,箇所,,m2,,,,,対象
711,鹿児島本線,00,無し,香椎,70810.0,構内諸設備４,構内諸設備,構内諸設備,,箇所,,箇所,,,,,対象
711,鹿児島本線,00,無し,香椎,70810.0,構内諸設備５,構内諸設備,時刻案内表,,箇所,,箇所,,,,,対象
711,鹿児島本線,00,無し,香椎,70810.0,香椎構内,構内諸設備,構内諸設備,349.4,ｍ,,,,,,,対象
711,鹿児島本線,00,無し,博多,79107.6,線間防護柵(7#～8#),構内諸設備,構内諸設備,5,ｍ,,,,,,,対象
711,鹿児島本線,00,無し,博多,79160.0,構内排水設備,構内排水設備,構内排水設備（給炭水）,318.8,ｍ,,,,,,,対象
711,鹿児島本線,00,無し,博多,79160.0,構内諸設備１,構内諸設備,乗降台,2,箇所,,箇所,,,,,対象
711,鹿児島本線,00,無し,博多,79160.0,構内諸設備２,構内諸設備,作業通路（雑設備）,338,m2,,m2,,,,,対象
711,鹿児島本線,00,無し,博多,79160.0,構内諸設備３,構内諸設備,柵垣,5.9,箇所,,ｍ,,,,,対象
711,鹿児島本線,00,無し,博多,79160.0,構内諸設備４,構内諸設備,構内諸設備,,箇所,,箇所,,,,,対象
711,鹿児島本線,00,無し,博多,79160.0,構内諸設備５,構内諸設備,時刻案内表,,箇所,,箇所,,,,,対象外
711,鹿児島本線,00,無し,博多,79160.0,給水設備,給水設備,給水設備（給炭水設備）,1127,ｍ,1127,ｍ,,,,,対象
711,鹿児島本線,00,無し,竹下,82350.0,構内排水設備１,構内排水設備,構内排水設備（給炭水）,121,ｍ,,,,,,,対象
711,鹿児島本線,00,無し,竹下,82350.0,構内排水設備２,構内排水設備,構内排水設備（給炭水）,2065.8,ｍ,,,,,,,対象
711,鹿児島本線,00,無し,竹下,82350.0,構内諸設備１,構内諸設備,作業通路（雑設備）,322.4,箇所,,m2,,,,,対象
711,鹿児島本線,00,無し,竹下,82350.0,構内諸設備２,構内諸設備,柵垣,,箇所,,ｍ,,,,,対象
711,鹿児島本線,00,無し,竹下,82350.0,構内諸設備３,構内諸設備,構内諸設備,,箇所,,箇所,,,,,対象
711,鹿児島本線,00,無し,竹下,82350.0,構内諸設備４,構内諸設備,作業通路（雑設備）,2823.2,m2,2364.8,m2,,,,,対象
711,鹿児島本線,00,無し,竹下,82350.0,構内諸設備５,構内諸設備,柵垣,236.3,箇所,622.6,ｍ,,,,,対象
711,鹿児島本線,00,無し,竹下,82350.0,構内諸設備６,構内諸設備,構内諸設備,,箇所,,,,,,,対象
711,鹿児島本線,00,無し,竹下,82350.0,構内諸設備７,構内諸設備,土留,45.2,m2,45.2,m2,,,,,対象
711,鹿児島本線,00,無し,竹下,82350.0,構内諸設備８,構内諸設備,柵垣,51.8,ｍ,50,ｍ,2,箇所,,,対象
711,鹿児島本線,00,無し,竹下,82350.0,走行路,走行路,走行路,708.2,ｍ,,,,,,,対象
711,鹿児島本線,00,無し,竹下,82350.0,転車台,機関車転車台,機関車転車台,2,箇所,,,,,,,対象
711,鹿児島本線,00,無し,竹下,82350.0,車両洗浄設備１,車両洗浄設備,洗浄台,833,ｍ,,ｍ,,,,,対象
711,鹿児島本線,00,無し,竹下,82350.0,車両洗浄設備２,車両洗浄設備,洗浄床,392,ｍ,,,,,,,対象
711,鹿児島本線,00,無し,竹下,82350.0,車両洗浄設備３,車両洗浄設備,給排水設備,349,ｍ,349,,,,,,対象
711,鹿児島本線,00,無し,竹下,82350.0,給油設備,給油設備,分離槽,330,m2,,,,,,,対象
711,鹿児島本線,00,無し,竹下,82350.0,検査坑,検査坑,検査坑（検車洗浄）,1526.5,ｍ,,,,,,,対象
711,鹿児島本線,00,無し,竹下,82350.0,取水設備,取水設備,取水設備,1,箇所,,,,,,,対象
711,鹿児島本線,00,無し,竹下,82350.0,水源井戸,水源井戸,水源井戸,2,箇所,,,,,,,対象
711,鹿児島本線,00,無し,竹下,82350.0,給水設備,給水設備,給水設備（給炭水設備）,5572.2,ｍ,,,,,,,対象
711,鹿児島本線,00,無し,竹下,82350.0,高架貯水槽,高架貯水槽,高架貯水槽,2,箇所,,,,,,,対象
711,鹿児島本線,00,無し,竹下,82350.0,汚物処理設備,汚物処理設備,汚物処理設備,1,箇所,,,,,,,対象
711,鹿児島本線,00,無し,竹下,82350.0,検車洗浄設備その他１,検査洗浄設備その他,車両検査台,413,ｍ,413,ｍ,,,,,対象
711,鹿児島本線,00,無し,竹下,82350.0,検車洗浄設備その他２,検査洗浄設備その他,作業通路（検車洗浄）,2704.6,m2,5378.8,m2,,,,,対象
711,鹿児島本線,00,無し,竹下,82350.0,検車洗浄設備その他３,検査洗浄設備その他,作業場（検車洗浄）,,m2,978,m2,,,,,対象
711,鹿児島本線,00,無し,竹下,82350.0,検車洗浄設備その他４,検査洗浄設備その他,検査洗浄設備その他,1,箇所,,箇所,,,,,対象
711,鹿児島本線,00,無し,笹原,84770.0,構内諸設備１,構内諸設備,柵垣,36,ｍ,,ｍ,,,,,対象
711,鹿児島本線,00,無し,笹原,84770.0,構内諸設備２,構内諸設備,構内諸設備,1,箇所,,箇所,,,,,対象
711,鹿児島本線,00,無し,南福岡,86110.0,構内排水設備３,構内排水設備,構内排水設備（給炭水）,30.6,ｍ,30.6,ｍ,,,,,対象
711,鹿児島本線,00,無し,南福岡,86380.0,沈でん池,沈殿池,沈殿池,1,箇所,,,,,,,対象
711,鹿児島本線,00,無し,南福岡,86380.0,構内排水設備１,構内排水設備,構内排水設備（給炭水）,140.9,ｍ,,,,,,,対象
711,鹿児島本線,00,無し,南福岡,86380.0,構内排水設備２,構内排水設備,構内排水設備（給炭水）,1885.3,ｍ,,,,,,,対象
711,鹿児島本線,00,無し,南福岡,86380.0,構内諸設備１,構内諸設備,作業通路（雑設備）,1,箇所,1943.6,m2,,,,,対象
711,鹿児島本線,00,無し,南福岡,86380.0,構内諸設備２,構内諸設備,柵垣,7,ｍ,1133.8,ｍ,,,,,対象
711,鹿児島本線,00,無し,南福岡,86380.0,構内諸設備３,構内諸設備,土留,,箇所,160.1,m2,,,,,対象
711,鹿児島本線,00,無し,南福岡,86380.0,構内諸設備４,構内諸設備,構内諸設備,162.8,m2,,箇所,,,,,対象
711,鹿児島本線,00,無し,南福岡,86380.0,構内諸設備５,構内諸設備,時刻案内表,1,箇所,1,箇所,,,,,対象
711,鹿児島本線,00,無し,南福岡,86380.0,構内諸設備６,構内諸設備,作業通路（雑設備）,31,箇所,,,,,,,対象
711,鹿児島本線,00,無し,南福岡,86380.0,構内諸設備７,構内諸設備,柵垣,,箇所,467.1,ｍ,,,,,対象
711,鹿児島本線,00,無し,南福岡,86380.0,南福岡電車区,車両洗浄設備（諸構築物）,検査洗浄設備その他,120,ｍ,,,,,,,対象
711,鹿児島本線,00,無し,南福岡,86380.0,車両洗浄設備１,車両洗浄設備,洗浄台,1572.2,ｍ,1563.2,ｍ,,,,,対象
711,鹿児島本線,00,無し,南福岡,86380.0,車両洗浄設備２,車両洗浄設備,洗浄床,18,ｍ,1326.3,ｍ,,,,,対象
711,鹿児島本線,00,無し,南福岡,86380.0,車両洗浄設備３,車両洗浄設備,洗浄水槽,,ｍ,,ｍ,,,,,対象
711,鹿児島本線,00,無し,南福岡,86380.0,車両洗浄設備４,車両洗浄設備,浄化槽,,ｍ,,ｍ,,,,,対象
711,鹿児島本線,00,無し,南福岡,86380.0,車両洗浄設備５,車両洗浄設備,給排水設備,,ｍ,832.8,ｍ,,,,,対象
711,鹿児島本線,00,無し,南福岡,86380.0,検査坑,検査坑,検査坑（検車洗浄）,595.8,ｍ,,,,,,,対象
711,鹿児島本線,00,無し,南福岡,86380.0,水源井戸,水源井戸,水源井戸,11,箇所,35,ｍ,100,ｍ,100,ｍ,対象
711,鹿児島本線,00,無し,南福岡,86380.0,貯水池,貯水池,貯水池,1,箇所,,,,,,,対象
711,鹿児島本線,00,無し,南福岡,86380.0,給水設備,給水設備,給水設備（給炭水設備）,10257.6,ｍ,,,,,,,対象
711,鹿児島本線,00,無し,南福岡,86380.0,高架貯水槽,高架貯水槽,高架貯水槽,3,箇所,,,,,,,対象
711,鹿児島本線,00,無し,南福岡,86380.0,瀘過装置,ろ過装置,ろ過装置（給炭水設備）,4,箇所,,,,,,,対象
711,鹿児島本線,00,無し,南福岡,86380.0,ポンプ,ポンプ,ポンプ,1,個,,,,,,,対象
711,鹿児島本線,00,無し,南福岡,86380.0,検査洗浄設備その他,検査洗浄設備その他,作業場（検車洗浄）,,,,,,,,,対象
711,鹿児島本線,00,無し,南福岡,86380.0,検車洗浄設備その他１,検査洗浄設備その他,車両検査台,,箇所,884.5,ｍ,,,,,対象
711,鹿児島本線,00,無し,南福岡,86380.0,検車洗浄設備その他２,検査洗浄設備その他,作業通路（検車洗浄）,,箇所,895.5,m2,,,,,対象
711,鹿児島本線,00,無し,南福岡,86380.0,検車洗浄設備その他３,検査洗浄設備その他,作業場（検車洗浄）,,箇所,945.3,m2,,,,,対象
711,鹿児島本線,00,無し,南福岡,86380.0,検車洗浄設備その他４,検査洗浄設備その他,検査洗浄設備その他,,箇所,,箇所,,,,,対象
711,鹿児島本線,00,無し,春日,87540.0,構内諸設備１,構内諸設備,柵垣,60,ｍ,60,ｍ,,,,,対象
711,鹿児島本線,00,無し,春日,87540.0,構内諸設備２,構内諸設備,構内諸設備,,箇所,,ｍ,,,,,対象
711,鹿児島本線,00,無し,春日,87540.0,構内諸設備３,構内諸設備,土留,1,箇所,,m2,,,,,対象
711,鹿児島本線,00,無し,大野城,88910.0,構内諸設備3,構内諸設備,柵垣,10.2,ｍ,10.2,ｍ,,,,,対象
711,鹿児島本線,00,無し,大野城,88910.0,構内諸設備１,構内諸設備,作業通路（雑設備）,,箇所,,m2,,,,,対象
711,鹿児島本線,00,無し,大野城,88910.0,構内諸設備２,構内諸設備,柵垣,133,箇所,133,ｍ,,,,,対象
711,鹿児島本線,00,無し,水城,90290.0,構内諸設備１,構内諸設備,作業通路（雑設備）,,箇所,,m2,,,,,対象
711,鹿児島本線,00,無し,水城,90290.0,構内諸設備２,構内諸設備,柵垣,1,箇所,370.5,ｍ,,,,,対象
711,鹿児島本線,00,無し,都府楼南,92530.0,構内排水設備,構内排水設備,構内排水設備（給炭水）,28.8,ｍ,,,,,,,対象
711,鹿児島本線,00,無し,都府楼南,92530.0,構内諸設備１,構内諸設備,柵垣,,箇所,,ｍ,,,,,対象
711,鹿児島本線,00,無し,都府楼南,92530.0,構内諸設備２,構内諸設備,構内諸設備,,箇所,,箇所,,,,,対象
711,鹿児島本線,00,無し,都府楼南,92530.0,構内諸設備３,構内諸設備,時刻案内表,1,箇所,1,箇所,,,,,対象
711,鹿児島本線,00,無し,二日市,93940.0,構内排水設備,構内排水設備,構内排水設備（給炭水）,319.1,ｍ,,,,,,,対象
711,鹿児島本線,00,無し,二日市,93940.0,構内諸設備１,構内諸設備,作業通路（雑設備）,1,箇所,97.4,m2,,,,,対象
711,鹿児島本線,00,無し,二日市,93940.0,構内諸設備２,構内諸設備,柵垣,85,ｍ,227.1,ｍ,,,,,対象
711,鹿児島本線,00,無し,二日市,93940.0,構内諸設備３,構内諸設備,構内諸設備,,箇所,1,箇所,,,,,対象
711,鹿児島本線,00,無し,二日市,93940.0,構内諸設備４,構内諸設備,時刻案内表,,箇所,1,箇所,,,,,対象
711,鹿児島本線,00,無し,天拝山,95820.0,構内諸設備,構内諸設備,構内諸設備,1,箇所,1,箇所,,,,,対象
711,鹿児島本線,00,無し,天拝山,95820.0,構内諸設備,構内諸設備,構内柵,138,ｍ,,,,,,,対象
711,鹿児島本線,00,無し,原田,99400.0,構内排水設備,構内排水設備,構内排水設備（給炭水）,6,ｍ,,,,,,,対象
711,鹿児島本線,00,無し,原田,99400.0,構内諸設備１,構内諸設備,作業通路（雑設備）,,箇所,,m2,,,,,対象
711,鹿児島本線,00,無し,原田,99400.0,構内諸設備２,構内諸設備,柵垣,1,箇所,520.2,ｍ,,,,,対象
711,鹿児島本線,00,無し,原田,99400.0,構内諸設備３,構内諸設備,土留,,箇所,93.6,m2,,,,,対象
711,鹿児島本線,00,無し,原田,99400.0,構内諸設備４,構内諸設備,時刻案内表,,箇所,2,箇所,,,,,対象
711,鹿児島本線,00,無し,けやき台,101390.0,構内諸設備,構内諸設備,構内諸設備,1,箇所,1,箇所,,,,,対象
711,鹿児島本線,00,無し,基山,102900.0,構内排水設備,構内排水設備,構内排水設備（給炭水）,372.4,ｍ,,,,,,,対象
711,鹿児島本線,00,無し,基山,102900.0,構内諸設備１,構内諸設備,土留,8,m2,8,m2,,,,,対象
711,鹿児島本線,00,無し,基山,102900.0,構内諸設備２,構内諸設備,柵垣,337.4,ｍ,337.4,ｍ,,,,,対象
711,鹿児島本線,00,無し,基山,102900.0,構内諸設備３,構内諸設備,作業通路（雑設備）,26,m2,26,m2,,,,,対象
711,鹿児島本線,00,無し,弥生が丘,104960.0,弥生が丘駅１,構内諸設備,時刻案内表,2,箇所,,,,,,,対象
711,鹿児島本線,00,無し,弥生が丘,104960.0,弥生が丘駅２,構内諸設備,柵垣,14,ｍ,1.8,ｍ,,,,,対象
711,鹿児島本線,00,無し,弥生が丘,104960.0,弥生が丘駅諸置き場,雑設備その他,雑設備その他,2,箇所,10.2,m2,,,,,対象
711,鹿児島本線,00,無し,田代,107110.0,構内排水設備,構内排水設備,構内排水設備（給炭水）,129,ｍ,,,,,,,対象
711,鹿児島本線,00,無し,田代,107110.0,構内諸設備１,構内諸設備,柵垣,,箇所,,ｍ,,,,,対象
711,鹿児島本線,00,無し,田代,107110.0,構内諸設備２,構内諸設備,作業通路（雑設備）,1,箇所,37.3,m2,,,,,対象
711,鹿児島本線,00,無し,田代,107110.0,構内諸設備３,構内諸設備,柵垣,1,箇所,98,ｍ,,,,,対象
711,鹿児島本線,00,無し,田代,107110.0,構内諸設備４,構内諸設備,作業通路（雑設備）,,箇所,62.3,m2,,,,,対象
711,鹿児島本線,00,無し,田代,107110.0,検査坑,検査坑（諸構築物）,検査坑（車庫工場）,11,ｍ,8,ｍ,3,ｍ,,,対象
711,鹿児島本線,00,無し,鳥栖,108330.0,構内排水設備,構内排水設備,構内排水設備（給炭水）,190.8,ｍ,,,,,,,対象
711,鹿児島本線,00,無し,鳥栖,108330.0,構内諸設備１,構内諸設備,時刻案内表,,箇所,8,箇所,,,,,対象
711,鹿児島本線,00,無し,鳥栖,108330.0,構内諸設備２,構内諸設備,構内諸設備,,箇所,,箇所,,,,,対象
711,鹿児島本線,00,無し,鳥栖,108330.0,構内諸設備３,構内諸設備,土留,,箇所,,m2,,,,,対象
711,鹿児島本線,00,無し,鳥栖,108330.0,構内諸設備４,構内諸設備,柵垣,,箇所,305.2,ｍ,,,,,対象
711,鹿児島本線,00,無し,鳥栖,108330.0,構内諸設備５,構内諸設備,作業通路（雑設備）,1,箇所,,m2,,,,,対象
711,鹿児島本線,00,無し,鳥栖,108330.0,構内諸設備６,構内諸設備,乗降台,,箇所,1,箇所,,,,,対象
711,鹿児島本線,00,無し,肥前旭,111970.0,構内諸設備１,構内諸設備,土留,,箇所,20,ｍ,,,,,対象
711,鹿児島本線,00,無し,肥前旭,111970.0,構内諸設備２,構内諸設備,柵垣,1,箇所,109.7,ｍ,,,,,対象
711,鹿児島本線,00,無し,久留米,115370.0,構内排水設備,構内排水設備,構内排水設備（給炭水）,276.3,ｍ,,,,,,,対象
711,鹿児島本線,00,無し,久留米,115370.0,構内諸設備１,構内諸設備,時刻案内表,,箇所,3,箇所,,,,,対象
711,鹿児島本線,00,無し,久留米,115370.0,構内諸設備２,構内諸設備,構内諸設備,,箇所,,箇所,,,,,対象
711,鹿児島本線,00,無し,久留米,115370.0,構内諸設備３,構内諸設備,柵垣,1,箇所,400,ｍ,,,,,対象
711,鹿児島本線,00,無し,久留米,115370.0,構内諸設備４,構内諸設備,作業通路（雑設備）,,箇所,,m2,,,,,対象
711,鹿児島本線,00,無し,荒木,120270.0,構内排水設備,構内排水設備,構内排水設備（給炭水）,36.8,ｍ,,,,,,,対象
711,鹿児島本線,00,無し,荒木,120270.0,PCﾌｪﾝｽ及門扉3ｹ所,構内諸設備,柵垣,46,ｍ,40,ｍ,3,箇所,,,対象
711,鹿児島本線,00,無し,荒木,120270.0,構内諸設備(雑設）,構内諸設備,構内諸設備,,,,,,,,,対象
711,鹿児島本線,00,無し,荒木,120270.0,構内諸設備〔０３〕柵垣,構内諸設備,柵垣,681.2,ｍ,681.2,ｍ,,,,,対象
711,鹿児島本線,00,無し,荒木,120270.0,舗装(こ線階段下),構内諸設備,構内諸設備,70.9,m2,70.9,m2,,,,,対象
711,鹿児島本線,00,無し,荒木,120271.0,線間立入防止柵,構内諸設備,柵垣,6,ｍ,6,ｍ,,,,,対象
711,鹿児島本線,00,無し,西牟田,123540.0,構内排水設備,構内排水設備,構内排水設備（給炭水）,59.4,ｍ,,,,,,,対象
711,鹿児島本線,00,無し,西牟田,123540.0,PCﾌｪﾝｽ(第2ﾎ-ﾑ),構内諸設備,柵垣,96,ｍ,96,ｍ,,,,,対象
711,鹿児島本線,00,無し,西牟田,123540.0,構内諸設備〔０３〕柵垣,構内諸設備,柵垣,154.5,ｍ,154.5,ｍ,,,,,対象
711,鹿児島本線,00,無し,西牟田,123540.0,構内諸設備〔０４〕土留,構内諸設備,土留,13.5,m2,13.5,m2,,,,,対象
711,鹿児島本線,00,無し,西牟田,123540.0,構内諸設備〔０５〕諸設備,構内諸設備,構内諸設備,1,箇所,1,箇所,,,,,対象
711,鹿児島本線,00,無し,羽犬塚,127600.0,構内排水設備,構内排水設備,構内排水設備（給炭水）,9.5,ｍ,,,,,,,対象
711,鹿児島本線,00,無し,羽犬塚,127600.0,PCﾌｪﾝｽ精算基盤整備ﾖﾘ受,構内諸設備,柵垣,63.3,ｍ,63.3,ｍ,,,,,対象
711,鹿児島本線,00,無し,羽犬塚,127600.0,構内諸設備(雑設),構内諸設備,構内諸設備,,,,,,,,,対象外
711,鹿児島本線,00,無し,羽犬塚,127600.0,構内諸設備〔０２〕作業通路,構内諸設備,作業通路（雑設備）,188.4,m2,188.4,m2,,,,,対象外
711,鹿児島本線,00,無し,羽犬塚,127600.0,構内諸設備〔０３〕柵垣,構内諸設備,柵垣,529.2,ｍ,529.2,ｍ,,,,,対象外
711,鹿児島本線,00,無し,羽犬塚,127600.0,構内諸設備〔０４〕土留,構内諸設備,土留,8.1,m2,8.1,m2,,,,,対象外
711,鹿児島本線,00,無し,羽犬塚,127600.0,検査坑,検査坑（諸構築物）,検査坑（車庫工場）,27.4,ｍ,8.4,ｍ,19,ｍ,,,対象外
711,鹿児島本線,00,無し,筑後船小屋,130620.0,構内排水設備,構内排水設備,構内排水設備（給炭水）,10,ｍ,,,,,,,対象外
711,鹿児島本線,00,無し,筑後船小屋,130620.0,構内諸設備-土留擁壁,構内諸設備,土留擁壁,107.2,m2,12,m2,95.2,m2,,,対象外
711,鹿児島本線,00,無し,筑後船小屋,130620.0,構内諸設備〔０２〕作業通路,構内諸設備,作業通路（雑設備）,67.2,m2,67.2,m2,,,,,対象外
711,鹿児島本線,00,無し,筑後船小屋,130620.0,構内諸設備〔０３〕柵垣,構内諸設備,柵垣,180.8,ｍ,144.8,ｍ,36,ｍ,,,対象外
711,鹿児島本線,00,無し,筑後船小屋,130620.0,構内諸設備〔０４〕土留,構内諸設備,土留,14.4,m2,14.4,m2,,,,,対象外
711,鹿児島本線,00,無し,筑後船小屋,130620.0,構内諸設備〔０５〕諸設備,構内諸設備,構内諸設備,1,箇所,1,箇所,,,,,対象外
711,鹿児島本線,00,無し,筑後船小屋,130620.0,検査坑,検査坑（諸構築物）,検査坑（車庫工場）,17,ｍ,17,ｍ,,m2,,,対象外
711,鹿児島本線,00,無し,瀬高,133740.0,構内排水設備,構内排水設備,構内排水設備（給炭水）,77,ｍ,,,,,,,対象
711,鹿児島本線,00,無し,瀬高,133740.0,基盤整備による受(精事団)１,構内諸設備,土留,38.1,m2,38.1,m2,,,,,対象
711,鹿児島本線,00,無し,瀬高,133740.0,基盤整備による受(精事団)２,構内諸設備,柵垣,566.5,ｍ,234.7,ｍ,331.8,ｍ,,,対象
711,鹿児島本線,00,無し,瀬高,133740.0,構内雑設,構内諸設備,構内諸設備,,,,,,,,,対象
711,鹿児島本線,00,無し,瀬高,133740.0,構内諸設備(雑設),構内諸設備,構内諸設備,,,,,,,,,対象
711,鹿児島本線,00,無し,瀬高,133740.0,構内諸設備〔０２〕作業通路,構内諸設備,作業通路（雑設備）,262.1,m2,120,m2,108,m2,34.1,m2,対象
711,鹿児島本線,00,無し,瀬高,133740.0,構内諸設備〔０３〕柵垣,構内諸設備,柵垣,463.3,ｍ,394.8,ｍ,50.5,ｍ,,,対象
711,鹿児島本線,00,無し,瀬高,133740.0,構内諸設備〔０４〕土留,構内諸設備,土留,10.1,m2,4.9,m2,5.2,m2,,,対象
711,鹿児島本線,00,無し,瀬高,133740.0,検査坑,検査坑（諸構築物）,検査坑（車庫工場）,7,ｍ,7,ｍ,16.4,m2,48,ｍ,対象
711,鹿児島本線,00,無し,瀬高,133741.0,立入防止柵（H20.PCフェンス）,構内諸設備,柵垣,79.5,ｍ,79.5,ｍ,,ｍ,,,対象
711,鹿児島本線,00,無し,南瀬高,136650.0,構内排水設備,構内排水設備,構内排水設備（給炭水）,48.2,ｍ,,,,,,,対象
711,鹿児島本線,00,無し,南瀬高,136650.0,構内諸設備〔０２〕作業通路,構内諸設備,作業通路（雑設備）,108.3,m2,108.3,m2,,,,,対象
711,鹿児島本線,00,無し,南瀬高,136650.0,構内諸設備〔０３〕柵垣,構内諸設備,柵垣,164.3,ｍ,103,ｍ,61.3,ｍ,,,対象
711,鹿児島本線,00,無し,南瀬高,136650.0,構内諸設備〔０４〕土留,構内諸設備,土留,7.9,m2,7.9,m2,,,,,対象
711,鹿児島本線,00,無し,南瀬高,136650.0,構内諸設備〔０５〕諸設備,構内諸設備,構内諸設備,1,箇所,1,箇所,,,,,対象
711,鹿児島本線,00,無し,渡瀬,140580.0,構内排水設備,構内排水設備,構内排水設備（給炭水）,85.9,ｍ,43.9,ｍ,42,ｍ,,,対象
711,鹿児島本線,00,無し,渡瀬,140580.0,基盤整備(精事団ﾖﾘ受),構内諸設備,柵垣,442.2,ｍ,442.2,ｍ,,,,,対象
711,鹿児島本線,00,無し,渡瀬,140580.0,構内諸設備〔０３〕柵垣,構内諸設備,柵垣,691.8,ｍ,691.8,ｍ,,,,,対象
711,鹿児島本線,00,無し,渡瀬,140580.0,構内諸設備〔０４〕土留,構内諸設備,土留,12.6,m2,12.6,m2,,,,,対象
711,鹿児島本線,00,無し,渡瀬,140580.0,構内諸設備〔０５〕諸設備,構内諸設備,構内諸設備,2,箇所,2,箇所,,,,,対象
711,鹿児島本線,00,無し,渡瀬,140580.0,検査坑,検査坑（諸構築物）,検査坑（車庫工場）,6.5,ｍ,16.4,m2,20,ｍ,,,対象
711,鹿児島本線,00,無し,吉野,143400.0,構内諸設備〔０４〕土留,構内諸設備,土留,135.9,m2,135.9,m2,,,,,対象
711,鹿児島本線,00,無し,吉野,143400.0,構内諸設備〔０５〕諸設備,構内諸設備,構内諸設備,1,箇所,1,箇所,,,,,対象
711,鹿児島本線,00,無し,銀水,145790.0,PCﾌｪﾝｽ精算基盤ﾖﾘ受,構内諸設備,柵垣,125.5,ｍ,125.5,ｍ,,,,,対象
711,鹿児島本線,00,無し,銀水,145790.0,構内諸設備〔０３〕柵垣,構内諸設備,柵垣,72.5,ｍ,72.5,ｍ,,,,,対象
711,鹿児島本線,00,無し,銀水,145790.0,構内諸設備〔０４〕土留,構内諸設備,土留,3.6,ｍ,3.6,ｍ,,,,,対象
711,鹿児島本線,00,無し,銀水,145790.0,構内諸設備〔０５〕諸設備,構内諸設備,構内諸設備,1.6,ｍ,1.6,ｍ,,,,,対象
711,鹿児島本線,00,無し,大牟田,148970.0,基盤整備(精事団)より受,構内諸設備,構内諸設備,,,,,,,,,対象
711,鹿児島本線,00,無し,大牟田,148970.0,構内雑,構内諸設備,構内諸設備,,,,,,,,,対象
711,鹿児島本線,00,無し,大牟田,148970.0,構内諸設備〔０３〕柵垣,構内諸設備,柵垣,470,ｍ,470,ｍ,,,,,対象
711,鹿児島本線,00,無し,大牟田,148970.0,構内諸設備〔０４〕土留,構内諸設備,土留,7.9,m2,7.9,m2,,,,,対象
711,鹿児島本線,00,無し,大牟田,148970.0,構内諸設備〔０５〕諸設備,構内諸設備,構内諸設備,608.8,ｍ,608.8,ｍ,,,,,対象
711,鹿児島本線,00,無し,大牟田,148970.0,舗装(保線区前),構内諸設備,構内諸設備,101.9,m2,101.9,m2,,,,,対象
711,鹿児島本線,00,無し,大牟田,148970.0,ｶ-ｽﾄｯﾌ゜(保線区前),構内諸設備,柵垣,41.3,ｍ,41.3,ｍ,,,,,対象
711,鹿児島本線,00,無し,大牟田,148970.0,検査坑,検査坑（諸構築物）,検査坑（車庫工場）,19,ｍ,19,ｍ,103,m2,,,対象
711,鹿児島本線,00,無し,荒尾,153110.0,構内排水設備,構内排水設備,構内排水設備（給炭水）,561,ｍ,320.5,ｍ,240.5,ｍ,,,対象
711,鹿児島本線,00,無し,荒尾,153110.0,基盤整備、精事団ヨリ受,構内諸設備,柵垣,873.6,ｍ,320,ｍ,553.6,ｍ,,,対象
711,鹿児島本線,00,無し,荒尾,153110.0,構内諸設備(03)柵垣,構内諸設備,柵垣,399.8,ｍ,399.8,ｍ,,,,,対象
711,鹿児島本線,00,無し,荒尾,153110.0,構内諸設備（02)作業通路,構内諸設備,作業通路（雑設備）,961.8,m2,961.8,m2,,,,,対象
711,鹿児島本線,00,無し,荒尾,153110.0,自動車整備場舗装,構内諸設備,構内諸設備,4162,m2,502.7,m2,660,m2,,,対象
711,鹿児島本線,00,無し,荒尾,153110.0,車止柵,構内諸設備,柵垣,42,ｍ,42,ｍ,,,,,対象
711,鹿児島本線,00,無し,荒尾,153110.0,検査坑,検査坑,検査坑（検車洗浄）,21.9,ｍ,,,,,,,対象
711,鹿児島本線,00,無し,荒尾,153110.0,給水設備,給水設備,給水設備（給炭水設備）,255,ｍ,,,,,,,対象外
711,鹿児島本線,00,無し,南荒尾,156280.0,構内排水設備,構内排水設備,構内排水設備（給炭水）,1,ｍ,1,ｍ,,,,,対象
711,鹿児島本線,00,無し,南荒尾,156280.0,構内諸設備〔０３〕柵垣,構内諸設備,柵垣,34.6,ｍ,34.6,ｍ,,,,,対象
711,鹿児島本線,00,無し,南荒尾,156280.0,構内諸設備〔０５〕諸設備,構内諸設備,構内諸設備,1,箇所,1,箇所,,,,,対象
711,鹿児島本線,00,無し,長洲,160880.0,構内諸設備〔０２〕作業通路,構内諸設備,作業通路（雑設備）,574.7,m2,574.7,m2,,,,,対象外
711,鹿児島本線,00,無し,長洲,160880.0,構内諸設備〔０３〕柵垣,構内諸設備,柵垣,304,ｍ,175.1,ｍ,128.9,ｍ,,,対象
711,鹿児島本線,00,無し,長洲,160880.0,構内諸設備〔０４〕土留,構内諸設備,土留,3.8,m2,3.8,m2,,,,,対象
711,鹿児島本線,00,無し,長洲,160880.0,構内諸設備〔０５〕諸設備,構内諸設備,構内諸設備,49.8,ｍ,49.8,ｍ,,,,,対象
711,鹿児島本線,00,無し,長洲,160880.0,検査坑,検査坑（諸構築物）,検査坑（車庫工場）,7,ｍ,7,ｍ,,ｍ,,,対象
711,鹿児島本線,00,無し,大野下,165620.0,構内諸設備（作業通路）,構内諸設備,作業通路（雑設備）,14.4,ｍ,14.4,ｍ,,,,,対象外
711,鹿児島本線,00,無し,大野下,165620.0,構内諸設備〔０３〕柵垣,構内諸設備,柵垣,103.7,ｍ,103.7,ｍ,,,,,対象
711,鹿児島本線,00,無し,大野下,165620.0,構内諸設備〔０４〕土留,構内諸設備,構内諸設備,5.3,m2,5.3,m2,,,,,対象
711,鹿児島本線,00,無し,大野下,165620.0,第１、第２乗降場ホーム端部柵,構内諸設備,柵垣,18.7,ｍ,,,,,,,対象
711,鹿児島本線,00,無し,玉名,170080.0,構内諸設備〔０２〕作業通路,構内諸設備,作業通路（雑設備）,221,m2,221,m2,,,,,対象
711,鹿児島本線,00,無し,玉名,170080.0,構内諸設備〔０３〕柵垣,構内諸設備,柵垣,299.8,ｍ,296.8,ｍ,3.8,ｍ,,,対象
711,鹿児島本線,00,無し,玉名,170080.0,構内諸設備〔０４〕土留,構内諸設備,土留,125,m2,125,m2,,,,,対象
711,鹿児島本線,00,無し,玉名,170080.0,構内諸設備〔０５〕諸設備,構内諸設備,構内諸設備,3,箇所,3,箇所,,,,,対象
711,鹿児島本線,00,無し,玉名,170080.0,検査坑,検査坑（諸構築物）,検査坑（車庫工場）,7.6,ｍ,7.6,ｍ,,,,,対象
711,鹿児島本線,00,無し,肥後伊倉,174150.0,構内排水設備,構内排水設備,構内排水設備（給炭水）,56.5,ｍ,56.5,ｍ,,,,,対象
711,鹿児島本線,00,無し,肥後伊倉,174150.0,構内諸設備〔０２〕作業通路,構内諸設備,作業通路（雑設備）,6.1,m2,6.1,m2,,,,,対象外
711,鹿児島本線,00,無し,肥後伊倉,174150.0,構内諸設備〔０３〕柵垣,構内諸設備,柵垣,129.7,ｍ,89.7,ｍ,40,ｍ,,,対象
711,鹿児島本線,00,無し,肥後伊倉,174150.0,構内諸設備〔０４〕土留,構内諸設備,土留,84.9,m2,84.9,m2,,,,,対象
711,鹿児島本線,00,無し,肥後伊倉,174150.0,構内諸設備〔０５〕諸設備,構内諸設備,構内諸設備,835.2,m2,835.2,m2,,,,,対象
711,鹿児島本線,00,無し,肥後伊倉,174150.0,第１、第２乗降場ホーム端部柵,構内諸設備,柵垣,1.8,ｍ,,,,,,,対象
711,鹿児島本線,00,無し,木葉,178200.0,構内諸設備〔０２〕作業通路,構内諸設備,作業通路（雑設備）,6.2,m2,6.2,m2,,,,,対象外
711,鹿児島本線,00,無し,木葉,178200.0,構内諸設備〔０３〕柵垣,構内諸設備,柵垣,685.2,ｍ,685.2,ｍ,,,,,対象
711,鹿児島本線,00,無し,木葉,178200.0,構内諸設備〔０４〕土留,構内諸設備,土留,18.3,m2,18.3,m2,,,,,対象
711,鹿児島本線,00,無し,木葉,178200.0,検査坑,検査坑（諸構築物）,検査坑（車庫工場）,19,ｍ,19,ｍ,,,,,対象
711,鹿児島本線,00,無し,田原坂,181660.0,構内諸設備〔０３〕柵垣,構内諸設備,柵垣,187,ｍ,187,ｍ,,,,,対象
711,鹿児島本線,00,無し,田原坂,181660.0,構内諸設備〔０４〕土留,構内諸設備,土留,1.7,m2,1.7,m2,,,,,対象
711,鹿児島本線,00,無し,植木,186110.0,構内排水設備,構内排水設備,構内排水設備（給炭水）,45.5,ｍ,,,,,,,対象
711,鹿児島本線,00,無し,植木,186110.0,構内諸設備(02)作業通路,構内諸設備,作業通路（雑設備）,332.7,ｍ,332.7,ｍ,,,,,対象外
711,鹿児島本線,00,無し,植木,186110.0,構内諸設備(03)柵垣,構内諸設備,柵垣,390.6,ｍ,365.6,ｍ,25,ｍ,9,基,対象
711,鹿児島本線,00,無し,植木,186110.0,構内諸設備(04)土留,構内諸設備,土留,5.9,m2,5.9,m2,,,,,対象
711,鹿児島本線,00,無し,植木,186110.0,構内諸設備(05)諸設備,構内諸設備,構内諸設備,599,m2,599,m2,,,,,対象
711,鹿児島本線,00,無し,植木,186110.0,検査坑,検査坑（諸構築物）,検査坑（車庫工場）,26.4,ｍ,19,ｍ,7.4,ｍ,,,対象
711,鹿児島本線,00,無し,西里,190320.0,下り線ホーム端部柵,構内諸設備,柵垣,1.3,ｍ,1.3,ｍ,,,,,対象
711,鹿児島本線,00,無し,西里,190320.0,上りＩＣ改札機前転落防止柵,構内諸設備,柵垣,8,ｍ,8,ｍ,,,,,対象
711,鹿児島本線,00,無し,西里,190320.0,上り線ホーム端部柵,構内諸設備,柵垣,1.5,ｍ,1.5,ｍ,,,,,対象
711,鹿児島本線,00,無し,西里,190320.0,構内諸設備〔０３〕柵垣,構内諸設備,柵垣,170.9,ｍ,170.9,ｍ,,,,,対象
711,鹿児島本線,00,無し,崇城大学前,193220.0,構内諸設備〔０５〕諸設備,構内諸設備,構内諸設備,1,箇所,1,箇所,,,,,対象
711,鹿児島本線,00,無し,上熊本,194760.0,構内排水設備,構内排水設備,構内排水設備（給炭水）,86.5,ｍ,86.5,ｍ,,,,,対象
711,鹿児島本線,00,無し,上熊本,194760.0,構内諸設備〔０２〕作業通路,構内諸設備,作業通路（雑設備）,119.2,m2,119.2,m2,,,,,対象外
711,鹿児島本線,00,無し,上熊本,194760.0,構内諸設備〔０３〕柵垣,構内諸設備,柵垣,246.8,ｍ,246.8,ｍ,178,ｍ,,,対象
711,鹿児島本線,00,無し,上熊本,194760.0,構内諸設備〔０４〕土留,構内諸設備,土留,9.3,m2,9.3,m2,,,,,対象
711,鹿児島本線,00,無し,上熊本,194760.0,構内諸設備〔０５〕諸設備,構内諸設備,構内諸設備,1,箇所,1,箇所,,,,,対象
711,鹿児島本線,00,無し,上熊本,194760.0,駐車場排水こう,構内諸設備,構内排水設備,36.8,ｍ,36.8,ｍ,,,,,対象
711,鹿児島本線,00,無し,上熊本,194760.0,駐車場舗装,構内諸設備,駅前広場,320,m2,52,個,,,,,対象
711,鹿児島本線,00,無し,上熊本,194760.0,検査坑,検査坑（諸構築物）,検査坑（車庫工場）,8,ｍ,8,ｍ,,,,,対象外
711,鹿児島本線,00,無し,熊本,198110.0,構内排水設備１,構内排水設備,構内排水設備（給炭水）,1085.4,ｍ,1085.4,ｍ,,,,,対象
711,鹿児島本線,00,無し,熊本,198110.0,構内排水設備２,構内排水設備,構内排水設備（給炭水）,348.4,ｍ,348.4,ｍ,,,,,対象
711,鹿児島本線,00,無し,熊本,198110.0,庭園設備,庭園設備,庭園設備,1,箇所,1,箇所,,,,,対象
711,鹿児島本線,00,無し,熊本,198110.0,構内諸設備１,構内諸設備,作業通路（雑設備）,2734,m2,2734,m2,,,,,対象
711,鹿児島本線,00,無し,熊本,198110.0,構内諸設備２,構内諸設備,柵垣,2164,ｍ,2164,ｍ,,,,,対象
711,鹿児島本線,00,無し,熊本,198110.0,構内諸設備３,構内諸設備,土留,147.5,m2,147.5,m2,,,,,対象
711,鹿児島本線,00,無し,熊本,198110.0,構内諸設備４,構内諸設備,構内諸設備,1,箇所,1,箇所,,,,,対象
711,鹿児島本線,00,無し,熊本,198110.0,検査坑,検査坑（諸構築物）,検査坑（車庫工場）,28.5,ｍ,7,ｍ,21.5,ｍ,,,対象
711,鹿児島本線,00,無し,熊本,198110.0,機関車転車台,機関車転車台,機関車転車台,1,箇所,1,箇所,,,,,対象
711,鹿児島本線,00,無し,熊本,198110.0,車両洗浄設備１,車両洗浄設備,洗浄台,1083.8,ｍ,1083.8,ｍ,,,,,対象
711,鹿児島本線,00,無し,熊本,198110.0,車両洗浄設備２,車両洗浄設備,洗浄床,1074,ｍ,1074,ｍ,,,,,対象
711,鹿児島本線,00,無し,熊本,198110.0,貯炭場,貯炭場,貯炭場,82,m2,82,m2,,,,,対象
711,鹿児島本線,00,無し,熊本,198110.0,給油設備,給油設備,分離槽,1,箇所,1,箇所,,,,,対象
711,鹿児島本線,00,無し,熊本,198110.0,集灰坑,集灰坑,集灰坑,1,箇所,1,箇所,,,,,対象
711,鹿児島本線,00,無し,熊本,198110.0,砂置場,砂置場,砂置場,71,m2,71,m2,,,,,対象
711,鹿児島本線,00,無し,熊本,198110.0,水源井戸,水源井戸,水源井戸,1,箇所,1,箇所,,,,,対象
711,鹿児島本線,00,無し,熊本,198110.0,給水設備,給水設備,給水設備（給炭水設備）,6712,ｍ,6712,ｍ,,,,,対象
711,鹿児島本線,00,無し,熊本,198110.0,給水設備（給炭水設備）,給水設備,給水設備（給炭水設備）,1,箇所,,,,,,,対象
711,鹿児島本線,00,無し,熊本,198110.0,高架貯水槽,高架貯水槽,高架貯水槽,1,箇所,1,箇所,,,,,対象
711,鹿児島本線,00,無し,熊本,198110.0,ろ過装置,ろ過装置,ろ過装置（給炭水設備）,2,箇所,2,箇所,,,,,対象
711,鹿児島本線,00,無し,熊本,198110.0,汚物処理設備１,汚物処理設備,汚物処理設備,1,箇所,1,箇所,,,,,対象
711,鹿児島本線,00,無し,熊本,198110.0,汚物処理設備２,汚物処理設備,汚物処理設備,1,箇所,1,箇所,,,,,対象
711,鹿児島本線,00,無し,熊本,198110.0,検車洗浄設備その他１,検査洗浄設備その他,車両検査台,458,ｍ,458,ｍ,,,,,対象
711,鹿児島本線,00,無し,熊本,198110.0,検車洗浄設備その他２,検査洗浄設備その他,作業通路（検車洗浄）,384,m2,384,m2,,,,,対象
711,鹿児島本線,00,無し,熊本,198110.0,検車洗浄設備その他３,検査洗浄設備その他,作業場（検車洗浄）,7523,m2,7523,m2,,,,,対象
711,鹿児島本線,00,無し,熊本,198110.0,検車洗浄設備その他４,検査洗浄設備その他,検査洗浄設備その他,475,ｍ,475,ｍ,,,,,対象
711,鹿児島本線,00,無し,熊本,198110.01,車両検査台(6),検査洗浄設備その他,車両検査台,87,ｍ,44.5,ｍ,24.5,ｍ,18,ｍ,対象
711,鹿児島本線,00,無し,熊本車両センター,199350.5,熊本車両セ 構内排水１,構内排水設備,構内排水設備,19.1,ｍ,19.1,,,,,,対象
711,鹿児島本線,00,無し,熊本車両センター,199485.0,熊本車両セ 構内排水１,構内排水設備,構内排水設備,6.3,ｍ,6.3,,,,,,対象
711,鹿児島本線,00,無し,熊本車両センター,199550.0,熊本車両セ 構内排水１,構内排水設備,構内排水設備,108.8,ｍ,108.8,,,,,,対象
711,鹿児島本線,00,無し,熊本車両センター,199550.0,熊本車両セ 検査坑（庫2）,検査坑,検査坑（検車洗浄）,47,ｍ,47,,,,,,対象
711,鹿児島本線,00,無し,熊本車両センター,199573.0,熊本車両セ 給水設備１,給水設備,給水設備（給炭水設備）,4.5,ｍ,4.5,,,,,,対象
711,鹿児島本線,00,無し,熊本車両センター,199574.0,ｱｽﾌｧﾙﾄ舗装,構内諸設備,構内諸設備,2644.2,m2,2644.2,,,,,,対象
711,鹿児島本線,00,無し,熊本車両センター,199574.0,熊本車両セ 給水設備１,給水設備,給水設備（給炭水設備）,76,ｍ,76,,,,,,対象
711,鹿児島本線,00,無し,熊本車両センター,199575.0,ｱｽﾌｧﾙﾄ舗装,構内諸設備,構内諸設備,1403.8,m2,1403.8,,,,,,対象
711,鹿児島本線,00,無し,熊本車両センター,199575.0,車両セ内立入防止柵,雑設備その他,雑設備その他,1,箇所,1,,,,,,対象
711,鹿児島本線,00,無し,熊本車両センター,199575.0,熊本車両セ 給水設備１,給水設備,給水設備（給炭水設備）,76.9,ｍ,76.9,,,,,,対象
711,鹿児島本線,00,無し,熊本車両センター,199575.0,熊本車両セ 給排水設１,給水設備,給排水設備,140.2,ｍ,140.2,,,,,,対象
711,鹿児島本線,00,無し,熊本車両センター,199575.0,熊本車両セ 給水設備１,給水設備,給水設備（給炭水設備）,106,ｍ,106,,,,,,対象
711,鹿児島本線,00,無し,熊本車両センター,199576.0,ｱｽﾌｧﾙﾄ舗装,構内諸設備,構内諸設備,4058.9,m2,4058.9,,,,,,対象
711,鹿児島本線,00,無し,熊本車両センター,199576.0,熊本車両セ 給水設備１,給水設備,給水設備（給炭水設備）,27,ｍ,27,,,,,,対象
711,鹿児島本線,00,無し,熊本車両センター,199577.0,作業通路,構内諸設備,構内諸設備,36.8,m2,36.8,,,,,,対象
711,鹿児島本線,00,無し,熊本車両センター,199577.0,熊本車両セ 給水設備１,給水設備,給水設備（給炭水設備）,109.5,ｍ,109.5,,,,,,対象
711,鹿児島本線,00,無し,熊本車両センター,199595.0,熊本車両セ 構内排水１,構内排水設備,構内排水設備,50,ｍ,50,,,,,,対象
711,鹿児島本線,00,無し,熊本車両センター,199625.0,熊本車両セ 構内排水１（庫3）,構内排水設備,構内排水設備,10.8,ｍ,10.8,,,,,,対象
711,鹿児島本線,00,無し,熊本車両センター,199636.5,熊本車両セ 構内排水１,構内排水設備,構内排水設備,13.5,ｍ,13.5,,,,,,対象
711,鹿児島本線,00,無し,熊本車両センター,199643.1,構内排水１（庫4番右）,構内排水設備,構内排水設備,26.1,ｍ,26.1,,,,,,対象
711,鹿児島本線,00,無し,熊本車両センター,199644.0,熊本車両セ 構内排水１,構内排水設備,構内排水設備,24.85,ｍ,24.9,,,,,,対象
711,鹿児島本線,00,無し,熊本車両センター,199682.0,転車台排水,構内排水設備,構内排水設備,9.2,ｍ,9.2,,,,,,対象
711,鹿児島本線,00,無し,熊本車両センター,199744.0,熊本車両セ 構内排水１,構内排水設備,構内排水設備,7.35,ｍ,7.4,,,,,,対象
711,鹿児島本線,00,無し,熊本車両センター,199745.0,熊本車両セ 構内排水１,構内排水設備,構内排水設備,9.1,ｍ,9.1,,,,,,対象
711,鹿児島本線,00,無し,熊本車両センター,199796.0,熊本車両セ 構内排水１,構内排水設備,構内排水設備,40.13,ｍ,40.1,,,,,,対象
711,鹿児島本線,00,無し,川尻,203350.0,構内排水設備１,構内排水設備,構内排水設備（給炭水）,13.6,ｍ,13.6,ｍ,,,,,対象
711,鹿児島本線,00,無し,川尻,203350.0,構内排水設備２,構内排水設備,構内排水設備（給炭水）,672.9,ｍ,672.9,ｍ,,,,,対象
711,鹿児島本線,00,無し,川尻,203350.0,構内諸設備１,構内諸設備,構内諸設備,4,箇所,4,箇所,,,,,対象
711,鹿児島本線,00,無し,川尻,203350.0,構内諸設備２,構内諸設備,作業通路（雑設備）,212.5,m2,212.5,m2,,,,,対象外
711,鹿児島本線,00,無し,川尻,203350.0,構内諸設備３,構内諸設備,構内諸設備,2,箇所,2,箇所,,,,,対象
711,鹿児島本線,00,無し,川尻,203350.0,構内諸設備４,構内諸設備,柵垣,355,ｍ,355,ｍ,,,,,対象
711,鹿児島本線,00,無し,川尻,203350.0,構内諸設備５,構内諸設備,作業通路（雑設備）,1550.8,m2,1550.8,m2,,,,,対象外
711,鹿児島本線,00,無し,川尻,203350.0,構内諸設備６,構内諸設備,乗降台,1,箇所,1,箇所,,,,,対象
711,鹿児島本線,00,無し,川尻,203350.0,車両洗浄設備１,車両洗浄設備,洗浄台,870,ｍ,870,ｍ,,,,,対象外
711,鹿児島本線,00,無し,川尻,203350.0,車両洗浄設備２,車両洗浄設備,洗浄床,639.8,ｍ,639.8,ｍ,,,,,対象外
711,鹿児島本線,00,無し,川尻,203350.0,車両洗浄設備３,車両洗浄設備,給排水設備,1406.1,ｍ,1406.1,ｍ,,,,,対象外
711,鹿児島本線,00,無し,川尻,203350.0,給油設備,給油設備,分離槽,1,箇所,1,箇所,,,,,対象外
711,鹿児島本線,00,無し,川尻,203350.0,検査坑,検査坑,検査坑（検車洗浄）,105.1,ｍ,105.1,ｍ,,,,,対象外
711,鹿児島本線,00,無し,川尻,203350.0,水源井戸,水源井戸,水源井戸,1,箇所,1,箇所,,,,,対象外
711,鹿児島本線,00,無し,川尻,203350.0,給水設備,給水設備,給水設備（給炭水設備）,3285,ｍ,3285,ｍ,,,,,対象外
711,鹿児島本線,00,無し,川尻,203350.0,高架貯水槽,高架貯水槽,高架貯水槽,1,箇所,1,箇所,,,,,対象外
711,鹿児島本線,00,無し,川尻,203350.0,ろ過装置,ろ過装置,ろ過装置（給炭水設備）,1,箇所,1,箇所,,,,,対象外
711,鹿児島本線,00,無し,川尻,203350.0,検査洗浄設備その他１,検査洗浄設備その他,車両検査台,240,ｍ,240,ｍ,,,,,対象外
711,鹿児島本線,00,無し,川尻,203350.0,検査洗浄設備その他２,検査洗浄設備その他,作業通路（検車洗浄）,2127.4,m2,2127.4,m2,,,,,対象外
711,鹿児島本線,00,無し,川尻,203350.0,検査洗浄設備その他３,検査洗浄設備その他,検査洗浄設備その他,240,ｍ,240,ｍ,,,,,対象外
711,鹿児島本線,00,無し,宇土,209010.0,構内排水設備,構内排水設備,構内排水設備（給炭水）,97,ｍ,97,ｍ,,,,,対象
711,鹿児島本線,00,無し,宇土,209010.0,構内諸設備１,構内諸設備,構内諸設備,3,箇所,3,箇所,,,,,対象
711,鹿児島本線,00,無し,宇土,209010.0,構内諸設備２,構内諸設備,土留,5.3,m2,5.3,m2,,,,,対象外
711,鹿児島本線,00,無し,宇土,209010.0,構内諸設備３,構内諸設備,柵垣,606.7,ｍ,606.7,ｍ,,,,,対象
711,鹿児島本線,00,無し,宇土,209010.0,構内諸設備４,構内諸設備,作業通路（雑設備）,793.8,m2,793.8,m2,,,,,対象外
711,鹿児島本線,00,無し,宇土,209010.0,検査坑１,検査坑（諸構築物）,検査坑（車庫工場）,8,ｍ,8,ｍ,,,,,対象
711,鹿児島本線,00,無し,宇土,209010.0,検査坑２,検査坑,検査坑（検車洗浄）,11.4,ｍ,11.4,ｍ,,,,,対象
711,鹿児島本線,00,無し,松橋,213790.0,構内排水設備,構内排水設備,構内排水設備（給炭水）,14.6,ｍ,14.6,ｍ,,,,,対象
711,鹿児島本線,00,無し,松橋,213790.0,構内諸設備１,構内諸設備,柵垣,223.1,ｍ,156.8,ｍ,13,ｍ,25.8,ｍ,対象
711,鹿児島本線,00,無し,松橋,213790.0,構内諸設備２,構内諸設備,作業通路（雑設備）,280.8,m2,280.8,m2,,,,,対象外
711,鹿児島本線,00,無し,小川,220020.0,構内諸設備１,構内諸設備,構内諸設備,1,箇所,1,箇所,,,,,対象
711,鹿児島本線,00,無し,小川,220020.0,構内諸設備２,構内諸設備,土留,6.8,m2,6.8,m2,,,,,対象
711,鹿児島本線,00,無し,小川,220020.0,構内諸設備３,構内諸設備,柵垣,415.2,ｍ,415.2,ｍ,,,,,対象
711,鹿児島本線,00,無し,有佐,225000.0,構内諸設備１,構内諸設備,構内諸設備,2,箇所,,,,,,,対象
711,鹿児島本線,00,無し,有佐,225000.0,構内諸設備２,構内諸設備,柵垣,501.9,ｍ,501.9,ｍ,24,ｍ,,,対象
711,鹿児島本線,00,無し,有佐,225000.0,構内諸設備３,構内諸設備,作業通路（雑設備）,64.6,m2,,,,,,,対象
711,鹿児島本線,00,無し,有佐,225000.0,検査坑,検査坑（諸構築物）,検査坑（車庫工場）,7.6,ｍ,,,,,,,対象
711,鹿児島本線,00,無し,千丁,229050.0,構内諸設備１,構内諸設備,土留,8.9,m2,8.9,m2,,,,,対象
711,鹿児島本線,00,無し,千丁,229050.0,構内諸設備２,構内諸設備,柵垣,215.9,ｍ,215.9,ｍ,,,,,対象
711,鹿児島本線,00,無し,千丁,229050.0,構内諸設備３,構内諸設備,作業通路（雑設備）,17.1,m2,17.1,m2,,,,,対象外
711,鹿児島本線,00,無し,八代,233780.0,構内排水設備,構内排水設備,構内排水設備（給炭水）,82.5,ｍ,,,,,,,対象
711,鹿児島本線,00,無し,八代,233780.0,構内諸設備１,構内諸設備,構内諸設備,,箇所,,,,,,,対象
711,鹿児島本線,00,無し,八代,233780.0,構内諸設備２,構内諸設備,土留,60.1,m2,60.1,m2,,,,,対象
711,鹿児島本線,00,無し,八代,233780.0,構内諸設備３,構内諸設備,柵垣,187.6,ｍ,187.6,ｍ,,,,,対象
711,鹿児島本線,00,無し,八代,233780.0,構内諸設備４,構内諸設備,作業通路（雑設備）,1231.8,m2,1231.8,m2,,,,,対象
711,鹿児島本線,00,無し,八代,233780.0,構内諸設備５,構内諸設備,構内諸設備,893.3,ｍ,893.3,ｍ,,,,,対象
711,鹿児島本線,00,無し,八代,233780.0,検査坑,検査坑,検査坑（検車洗浄）,25,ｍ,,,,,,,対象
711,鹿児島本線,00,無し,八代,233780.0,給水設備,給水設備,給水設備（給炭水設備）,1226,ｍ,,,,,,,対象
711,鹿児島本線,00,無し,川内,350670.0,構内排水設備,構内排水設備,構内排水設備（給炭水）,662.4,ｍ,,,,,,,対象
711,鹿児島本線,00,無し,川内,350670.0,構内諸設備１,構内諸設備,構内諸設備,,ｍ,,,,,,,対象
711,鹿児島本線,00,無し,川内,350670.0,構内諸設備２,構内諸設備,土留,,ｍ,,,,,,,対象
711,鹿児島本線,00,無し,川内,350670.0,構内諸設備３,構内諸設備,柵垣,,ｍ,209.4,ｍ,,,,,対象
711,鹿児島本線,00,無し,川内,350670.0,構内諸設備４,構内諸設備,作業通路（雑設備）,9,ｍ,9,m2,,,,,対象
711,鹿児島本線,00,無し,川内,350670.0,検査坑,検査坑（諸構築物）,検査坑（車庫工場）,17,ｍ,,,,,,,対象
711,鹿児島本線,00,無し,川内,350670.0,排水設備,排水設備,排水設備（給炭水）,80,ｍ,,,,,,,対象
711,鹿児島本線,00,無し,川内,350670.0,構内諸設備1,構内諸設備,構内諸設備,218,ｍ,0,,0,,0,,対象
711,鹿児島本線,00,無し,川内,350670.0,駐車場2,駐車場,駐車場,420,m2,0,,0,,0,,対象
711,鹿児島本線,00,無し,隈之城,353280.0,構内諸設備,構内諸設備,構内諸設備,1,箇所,,m2,,,,,対象
711,鹿児島本線,00,無し,木場茶屋,356430.0,構内排水設備,構内排水設備,構内排水設備（給炭水）,11.8,ｍ,,,,,,,対象
711,鹿児島本線,00,無し,木場茶屋,356430.0,構内諸設備１,構内諸設備,構内諸設備,71,ｍ,,,,,,,対象
711,鹿児島本線,00,無し,木場茶屋,356430.0,構内諸設備２,構内諸設備,構内諸設備,,ｍ,1,箇所,,,,,対象
711,鹿児島本線,00,無し,木場茶屋,356430.0,構内諸設備３,構内諸設備,構内柵,37,ｍ,,,,,,,対象
711,鹿児島本線,00,無し,串木野,362680.0,構内排水設備,構内排水設備,構内排水設備（給炭水）,274.3,ｍ,,,,,,,対象
711,鹿児島本線,00,無し,串木野,362680.0,構内諸設備,構内諸設備,構内諸設備,2,箇所,2,箇所,,,,,対象
711,鹿児島本線,00,無し,市来,367310.0,構内諸設備１,構内諸設備,構内諸設備,,箇所,,箇所,,,,,対象
711,鹿児島本線,00,無し,市来,367310.0,構内諸設備２,構内諸設備,土留,,箇所,,箇所,,,,,対象
711,鹿児島本線,00,無し,市来,367310.0,構内諸設備３,構内諸設備,柵垣,1,箇所,195.4,ｍ,,,,,対象
711,鹿児島本線,00,無し,市来,367310.0,構内諸設備４,構内諸設備,作業通路（雑設備）,,箇所,49.7,m2,,,,,対象外
711,鹿児島本線,00,無し,市来,367310.0,排水設備,排水設備,排水設備（給炭水）,1,箇所,27,kg,,,,,対象
711,鹿児島本線,00,無し,湯之元,371060.0,構内排水設備,構内排水設備,構内排水設備（給炭水）,153.1,ｍ,,,,,,,対象
711,鹿児島本線,00,無し,湯之元,371060.0,構内諸設備１,構内諸設備,構内諸設備,,箇所,,箇所,,,,,対象
711,鹿児島本線,00,無し,湯之元,371060.0,構内諸設備２,構内諸設備,柵垣,,箇所,50,ｍ,,,,,対象
711,鹿児島本線,00,無し,湯之元,371060.0,構内諸設備３,構内諸設備,作業通路（雑設備）,1,箇所,2.4,m2,,,,,対象外
711,鹿児島本線,00,無し,東市来,373640.0,構内諸設備１,構内諸設備,構内諸設備,,箇所,,箇所,,,,,対象
711,鹿児島本線,00,無し,東市来,373640.0,構内諸設備２,構内諸設備,柵垣,1,箇所,69.8,ｍ,,,,,対象
711,鹿児島本線,00,無し,東市来,373640.0,東市来-構内排水設備,構内排水設備,構内排水設備（給炭水）,10,ｍ,,,,,,,対象
711,鹿児島本線,00,無し,東市来,373640.0,東市来-構内諸設備-転落防止柵,構内諸設備,構内諸設備,35.7,ｍ,,,,,,,対象
711,鹿児島本線,00,無し,伊集院,379530.0,構内排水設備,構内排水設備,構内排水設備（給炭水）,665.3,ｍ,,,,,,,対象
711,鹿児島本線,00,無し,伊集院,379530.0,構内諸設備１,構内諸設備,構内諸設備,2,箇所,2,箇所,,,,,対象
711,鹿児島本線,00,無し,伊集院,379530.0,構内諸設備２,構内諸設備,柵垣,,箇所,166.8,ｍ,,,,,対象
711,鹿児島本線,00,無し,伊集院,379530.0,構内諸設備３,構内諸設備,作業通路（雑設備）,,箇所,198,ｍ,,,,,対象
711,鹿児島本線,00,無し,薩摩松元,384750.0,構内諸設備,構内諸設備,柵垣,2,箇所,166.3,ｍ,,,,,対象
711,鹿児島本線,00,無し,上伊集院,387180.0,構内排水設備,構内排水設備,構内排水設備（給炭水）,461.2,ｍ,,,,,,,対象
711,鹿児島本線,00,無し,上伊集院,387180.0,構内諸設備１,構内諸設備,構内諸設備,1,箇所,1,箇所,,,,,対象
711,鹿児島本線,00,無し,上伊集院,387180.0,構内諸設備２,構内諸設備,土留,,箇所,,箇所,,,,,対象
711,鹿児島本線,00,無し,上伊集院,387180.0,構内諸設備３,構内諸設備,柵垣,,箇所,130,ｍ,,,,,対象
711,鹿児島本線,00,無し,上伊集院,387180.0,構内諸設備４,構内諸設備,作業通路（雑設備）,,箇所,118,m2,,,,,対象
711,鹿児島本線,00,無し,上伊集院,387180.0,検査坑,検査坑（諸構築物）,検査坑（車庫工場）,5,ｍ,,,,,,,対象
711,鹿児島本線,00,無し,鹿児島中央,396015.0,転落防止柵,構内諸設備,転落防止柵,13.6,ｍ,,,,,,,対象
711,鹿児島本線,00,無し,鹿児島中央,396760.0,構内排水設備１,構内排水設備,構内排水設備（給炭水）,38,箇所,,,,,,,対象
711,鹿児島本線,00,無し,鹿児島中央,396760.0,構内排水設備２,構内排水設備,構内排水設備（給炭水）,8332.8,ｍ,,,,,,,対象
711,鹿児島本線,00,無し,鹿児島中央,396760.0,構内排水設備３,構内排水設備,構内排水設備（給炭水）,2497.1,ｍ,,,,,,,対象
711,鹿児島本線,00,無し,鹿児島中央,396760.0,18番線立入防止柵,構内諸設備,構内諸設備,74.6,ｍ,,,,,,,対象
711,鹿児島本線,00,無し,鹿児島中央,396760.0,駅裏駐車場,構内諸設備,雑設備その他,1350,m2,,,,,,,対象
711,鹿児島本線,00,無し,鹿児島中央,396760.0,給油取扱所立入防止柵,構内諸設備,構内諸設備,18.5,ｍ,,,,,,,対象
711,鹿児島本線,00,無し,鹿児島中央,396760.0,構内諸設備１,構内諸設備,構内諸設備,1,箇所,1,箇所,,,,,対象
711,鹿児島本線,00,無し,鹿児島中央,396760.0,構内諸設備２,構内諸設備,構内諸設備,3,箇所,3,箇所,,,,,対象
711,鹿児島本線,00,無し,鹿児島中央,396760.0,構内諸設備３,構内諸設備,柵垣,,箇所,,箇所,,,,,対象
711,鹿児島本線,00,無し,鹿児島中央,396760.0,防音壁,構内諸設備,構内諸設備,18,ｍ,,,,,,,対象
711,鹿児島本線,00,無し,鹿児島中央,396760.0,走行路１,走行路,走行路,1621.2,ｍ,,,,,,,対象
711,鹿児島本線,00,無し,鹿児島中央,396760.0,走行路２,走行路,走行路,5705.9,ｍ,,,,,,,対象
711,鹿児島本線,00,無し,鹿児島中央,396760.0,走行路３,走行路,走行路,60,ｍ,,,,,,,対象
711,鹿児島本線,00,無し,鹿児島中央,396760.0,その他安全柵,雑設備その他,その他安全柵,60,ｍ,,,,,,,対象
711,鹿児島本線,00,無し,鹿児島中央,396760.0,鹿児島運転所,雑設備その他,線路雑その他,44,ｍ,,,,,,,対象
711,鹿児島本線,00,無し,鹿児島中央,396760.0,車両洗浄設備１,車両洗浄設備（諸構築物）,車両洗浄設備（車庫工場）,1,箇所,,,,,,,対象
711,鹿児島本線,00,無し,鹿児島中央,396760.0,車両洗浄設備２,車両洗浄設備（諸構築物）,車両洗浄設備（車庫工場）,40,ｍ,,,,,,,対象
711,鹿児島本線,00,無し,鹿児島中央,396760.0,検査坑１,検査坑（諸構築物）,検査坑（車庫工場）,,ｍ,,,,,,,対象
711,鹿児島本線,00,無し,鹿児島中央,396760.0,検査坑２,検査坑（諸構築物）,検査坑（車庫工場）,3,ｍ,,,,,,,対象
711,鹿児島本線,00,無し,鹿児島中央,396760.0,検査坑３,検査坑（諸構築物）,検査坑（車庫工場）,17,ｍ,,,,,,,対象
711,鹿児島本線,00,無し,鹿児島中央,396760.0,在姿車輪旋盤ピット,検査坑（諸構築物）,検査坑（車庫工場）,1,箇所,,,,,,,対象
711,鹿児島本線,00,無し,鹿児島中央,396760.0,南門付近汚水排水管,排水設備（諸構築物）,排水設備（諸構築物）,1,箇所,,,,,,,対象
711,鹿児島本線,00,無し,鹿児島中央,396760.0,排水設備,排水設備（諸構築物）,排水設備（諸構築物）,2,箇所,,,,,,,対象
711,鹿児島本線,00,無し,鹿児島中央,396760.0,排水設備２－１,排水設備（諸構築物）,排水設備（諸構築物）,1,,,,,,,,対象
711,鹿児島本線,00,無し,鹿児島中央,396760.0,駐車場１,駐車場,駐車場,862,m2,,,,,,,対象
711,鹿児島本線,00,無し,鹿児島中央,396760.0,駐車場２,駐車場,諸構築物その他,450,m2,,,,,,,対象
711,鹿児島本線,00,無し,鹿児島中央,396760.0,車庫工場構築物その他,雑構築物その他,雑構築物その他,,箇所,,,,,,,対象
711,鹿児島本線,00,無し,鹿児島中央,396760.0,車庫工場構築物その他２－１,雑構築物その他,雑構築物その他,,,,,,,,,対象
711,鹿児島本線,00,無し,鹿児島中央,396760.0,機関車転車台,機関車転車台,機関車転車台,1,箇所,,,,,,,対象
711,鹿児島本線,00,無し,鹿児島中央,396760.0,遷車台,機関車遷車台,機関車遷車台,,,,,,,,,対象
711,鹿児島本線,00,無し,鹿児島中央,396760.0,車両洗浄機用給排水管,車両洗浄設備,給排水設備,254,ｍ,,,,,,,対象
711,鹿児島本線,00,無し,鹿児島中央,396760.0,車両洗浄設備,車両洗浄設備,洗浄台,1859.6,ｍ,1859.6,ｍ,,,,,対象
711,鹿児島本線,00,無し,鹿児島中央,396760.0,給油設備,給油設備,分離槽,100,ｍ,,,,,,,対象
711,鹿児島本線,00,無し,鹿児島中央,396760.0,検査坑,検査坑,検査坑（検車洗浄）,1689,ｍ,,,,,,,対象
711,鹿児島本線,00,無し,鹿児島中央,396760.0,取水設備,取水設備,取水設備,1,箇所,,,,,,,対象
711,鹿児島本線,00,無し,鹿児島中央,396760.0,水源井戸,水源井戸,水源井戸,1,箇所,,,,,,,対象外
711,鹿児島本線,00,無し,鹿児島中央,396760.0,貯水池,貯水池,貯水池,2,箇所,,,,,,,対象
711,鹿児島本線,00,無し,鹿児島中央,396760.0,ＦＲＰ受水槽,貯水槽,貯水槽,1,箇所,,,,,,,対象
711,鹿児島本線,00,無し,鹿児島中央,396760.0,給水設備,給水設備,給水設備（給炭水設備）,9603.2,ｍ,,,,,,,対象
711,鹿児島本線,00,無し,鹿児島中央,396760.0,濾過装置,ろ過装置,ろ過装置（給炭水設備）,1,箇所,,,,,,,対象
711,鹿児島本線,00,無し,鹿児島中央,396760.0,ポンプ,ポンプ,ポンプ,2,箇所,2,箇所,,,,,対象
711,鹿児島本線,00,無し,鹿児島中央,396760.0,排水設備１,排水設備,排水設備（給炭水）,1,箇所,,,,,,,対象
711,鹿児島本線,00,無し,鹿児島中央,396760.0,排水設備２,排水設備,排水設備（給炭水）,1,箇所,,,,,,,対象
711,鹿児島本線,00,無し,鹿児島中央,396760.0,検査洗浄設備その他１,検査洗浄設備その他,検査洗浄設備その他,,箇所,8.5,,,,,,対象
711,鹿児島本線,00,無し,鹿児島中央,396760.0,検査洗浄設備その他２,検査洗浄設備その他,車両検査台,,箇所,,箇所,,,,,対象
711,鹿児島本線,00,無し,鹿児島中央,396760.0,検査洗浄設備その他３,検査洗浄設備その他,作業通路（検車洗浄）,,箇所,,箇所,,,,,対象
711,鹿児島本線,00,無し,鹿児島中央,396760.0,立入防止さく,構内諸設備,構内柵,79.5,ｍ,,,,,,,対象
711,鹿児島本線,00,無し,鹿児島中央,396760.0,立入防護柵,構内諸設備,構内諸設備,3,ｍ,,,,,,,対象
711,鹿児島本線,00,無し,鹿児島中央,396761.0,アスファルト舗装,構内諸設備,構内諸設備,,,232,m2,,,,,対象
711,鹿児島本線,00,無し,鹿児島中央,396761.0,駅裏駐車場さく,構内諸設備,雑設備その他,121,ｍ,,,,,,,対象
711,鹿児島本線,00,無し,鹿児島中央,396761.0,水源井戸2,水源井戸,水源井戸,1,箇所,,,,,,,対象
711,鹿児島本線,00,無し,鹿児島中央,396761.0,給水設備（水道管）,給水設備,給水設備（給炭水設備）,73.5,ｍ,,,,,,,対象
711,鹿児島本線,00,無し,鹿児島中央,396761.0,ＦＲＰポンプ室,ポンプ,ポンプ,1,箇所,2,台,2,台,2,基,対象
711,鹿児島本線,00,無し,鹿児島中央,396762.0,転車台付近立入防止柵,構内諸設備,構内諸設備,131.9,ｍ,,,,,,,対象
711,鹿児島本線,00,無し,鹿児島中央,396770.0,立入防止さく,構内諸設備,構内柵,7.3,ｍ,,,,,,,対象
711,鹿児島本線,00,無し,鹿児島,400000.0,構内排水設備,構内排水設備,構内排水設備（給炭水）,879.4,ｍ,153,ｍ,,,,,対象
711,鹿児島本線,00,無し,鹿児島,400000.0,構内諸設備１,構内諸設備,柵垣,,箇所,,,,,,,対象
711,鹿児島本線,00,無し,鹿児島,400000.0,構内諸設備２,構内諸設備,構内諸設備,,箇所,,,,,,,対象
711,鹿児島本線,00,無し,鹿児島,400000.0,構内諸設備３,構内諸設備,柵垣,,箇所,,,,,,,対象
711,鹿児島本線,00,無し,鹿児島,400000.0,走行路１,走行路,走行路,1671.4,ｍ,,,,,,,対象
711,鹿児島本線,00,無し,鹿児島,400000.0,駐車場,駐車場,駐車場,990,m2,,,,,,,対象
711,鹿児島本線,00,無し,鹿児島,400000.0,構内排水設備1,構内排水設備,構内排水設備（給炭水）,1,箇所,4,ｍ,0,,0,,対象
711,鹿児島本線,10,単線,川内,350670.0,駐車場,駐車場,駐車場,2747,m2,,,,,,,対象
711,鹿児島本線,10,単線,神村学園前,364840.0,立入防止さく,構内諸設備,構内諸設備,30,ｍ,,,,,,,対象
711,鹿児島本線,10,単線,湯之元,371077.0,湯之元-立入防止柵-371877.00,構内諸設備,構内諸設備,12,ｍ,,,,,,,対象
711,鹿児島本線,10,単線,東市来,373640.0,東市来　構内諸設備1,構内諸設備,構内諸設備,1,箇所,,,,,,,対象
711,鹿児島本線,10,単線,東市来,373640.0,東市来　柵垣1,構内諸設備,柵垣,,,,,,,,,対象
711,鹿児島本線,10,単線,上伊集院,387180.0,上伊集院駅,駐車場,駐車場,76,m2,,,,,,,対象
711,鹿児島本線,10,単線,鹿児島,400000.0,走行路２,走行路,走行路,28,ｍ,,,,,,,対象
711,鹿児島本線,21,下り線,小森江,4020.0,雑構築物その他,雑構築物その他,雑構築物その他,1,箇所,697,m2,,,,,対象
711,鹿児島本線,21,下り線,小倉,11010.0,給水設備,給水設備,防護その他,840,ｍ,245,ｍ,51,ｍ,544,ｍ,対象
711,鹿児島本線,21,下り線,竹下,80350.0,構内諸設備9,構内諸設備,柵垣,24,ｍ,,,,,,,対象
711,鹿児島本線,21,下り線,熊本車両センター,199315.0,熊本車両セ 構内排水１,構内排水設備,構内排水設備,60.8,ｍ,60.8,,,,,,対象
711,鹿児島本線,21,下り線,熊本車両センター,199374.0,熊本車両セ 構内排水１,構内排水設備,構内排水設備,59.7,ｍ,59.7,,,,,,対象
711,鹿児島本線,21,下り線,熊本車両センター,199419.1,熊本車両セ 構内排水１,構内排水設備,構内排水設備,28.85,ｍ,28.9,,,,,,対象
711,鹿児島本線,21,下り線,熊本車両センター,199504.6,熊本車両セ 構内排水１,構内排水設備,構内排水設備,17.2,ｍ,17.2,,,,,,対象
711,鹿児島本線,21,下り線,熊本車両センター,199543.1,熊本車両セ 構内排水１,構内排水設備,構内排水設備,59.85,ｍ,59.9,,,,,,対象
711,鹿児島本線,21,下り線,熊本車両センター,199603.2,熊本車両セ 構内排水１,構内排水設備,構内排水設備,60.35,ｍ,60.4,,,,,,対象
711,鹿児島本線,21,下り線,熊本車両センター,199735.6,熊本車両セ 構内排水１,構内排水設備,構内排水設備,60.24,ｍ,60.2,,,,,,対象
711,鹿児島本線,21,下り線,熊本車両センター,199796.4,熊本車両セ 構内排水１,構内排水設備,構内排水設備,61.23,ｍ,61.2,,,,,,対象
711,鹿児島本線,21,下り線,熊本車両センター,199855.1,熊本車両セ 構内排水１,構内排水設備,構内排水設備,56.23,ｍ,56.2,,,,,,対象
711,鹿児島本線,21,下り線,熊本車両センター,199908.2,熊本車両セ 構内排水１,構内排水設備,構内排水設備,50,ｍ,50,,,,,,対象
711,鹿児島本線,21,下り線,熊本車両センター,200230.9,熊本車両セ 構内排水１,構内排水設備,構内排水設備,101.7,ｍ,101.7,,,,,,対象
711,鹿児島本線,21,下り線,熊本車両センター,200301.0,熊本車両セ 構内排水１,構内排水設備,構内排水設備,41.44,ｍ,41.4,,,,,,対象
711,鹿児島本線,21,下り線,市来,367310.0,市来-構内諸設備-立入防止柵,構内諸設備,構内諸設備,38,ｍ,38,ｍ,,,,,対象
711,鹿児島本線,21,下り線,東市来,373640.0,東市来-構内諸設備-立入防止柵,構内諸設備,構内諸設備,36,ｍ,23.5,ｍ,12.5,ｍ,,,対象
711,鹿児島本線,21,下り線,伊集院,379530.0,立入防止さく,構内諸設備,構内諸設備,46,ｍ,10,ｍ,36,ｍ,,,対象
711,鹿児島本線,21,下り線,伊集院,379530.0,駐車場,駐車場,駐車場,375,m2,,,,,,,対象
711,鹿児島本線,22,上り線,遠賀川,35280.0,構内諸設備（ユニフェンス,構内諸設備,柵垣,9.2,ｍ,,,,,,,対象外
711,鹿児島本線,22,上り線,南福岡,86363.0,線間防護柵,構内諸設備,構内柵,,,,,,,,,対象
711,鹿児島本線,22,上り線,田原坂,181676.0,構内諸設備転落防止柵,構内諸設備,柵垣,24,ｍ,24,ｍ,,,,,対象
711,鹿児島本線,22,上り線,熊本車両センター,199227.0,熊本車両セ 柵垣１,構内諸設備,柵垣,6.2,ｍ,6.2,,,,,,対象
711,鹿児島本線,22,上り線,熊本車両センター,199380.0,熊本車両セ 構内排水１,構内排水設備,構内排水設備,35.9,ｍ,35.9,,,,,,対象
711,鹿児島本線,22,上り線,熊本車両センター,199425.0,熊本車両セ 構内排水１,構内排水設備,構内排水設備,50,ｍ,50,,,,,,対象
711,鹿児島本線,22,上り線,熊本車両センター,199468.7,熊本車両セ 構内排水１,構内排水設備,構内排水設備,31.35,ｍ,31.4,,,,,,対象
711,鹿児島本線,22,上り線,熊本車両センター,199520.0,熊本車両セ 構内排水１,構内排水設備,構内排水設備,4.95,ｍ,5,,,,,,対象
711,鹿児島本線,22,上り線,熊本車両センター,199540.8,熊本車両セ 構内排水１,構内排水設備,構内排水設備,41.6,ｍ,41.6,,,,,,対象
711,鹿児島本線,22,上り線,熊本車両センター,199551.2,熊本車両セ 構内排水１,構内排水設備,構内排水設備,122.45,ｍ,122.5,,,,,,対象
711,鹿児島本線,22,上り線,熊本車両センター,199580.0,熊本車両セ 構内排水１,構内排水設備,構内排水設備,35.3,ｍ,35.3,,,,,,対象
711,鹿児島本線,22,上り線,熊本車両センター,199623.0,熊本車両セ 構内排水１,構内排水設備,構内排水設備,50,ｍ,50,,,,,,対象
711,鹿児島本線,22,上り線,熊本車両センター,199629.5,熊本車両セ 構内排水１,構内排水設備,構内排水設備,30,ｍ,30,,,,,,対象
711,鹿児島本線,22,上り線,熊本車両センター,199633.5,熊本車両セ 汚物処理１,汚物処理設備,汚物処理設備,35.3,ｍ,35.3,,,,,,対象
711,鹿児島本線,22,上り線,熊本車両センター,199635.0,熊本車両セ 雑設備そ１,雑設備その他,雑設備その他,1,箇所,1,,,,,,対象
711,鹿児島本線,22,上り線,熊本車両センター,199636.0,熊本車両セ 構内排水１,構内排水設備,構内排水設備,39.2,ｍ,39.2,,,,,,対象
711,鹿児島本線,22,上り線,熊本車両センター,199648.0,熊本車両セ 構内排水１,構内排水設備,構内排水設備,48,ｍ,48,,,,,,対象
711,鹿児島本線,22,上り線,熊本車両センター,199653.0,熊本車両セ 構内排水１,構内排水設備,構内排水設備,11.03,ｍ,11,,,,,,対象
711,鹿児島本線,22,上り線,熊本車両センター,199658.5,熊本車両セ 構内排水１,構内排水設備,構内排水設備,9.45,ｍ,9.5,,,,,,対象
711,鹿児島本線,22,上り線,熊本車両センター,199663.0,熊本車両セ 構内排水１,構内排水設備,構内排水設備,38.6,ｍ,38.6,,,,,,対象
711,鹿児島本線,22,上り線,熊本車両センター,199689.5,熊本車両セ 構内排水１,構内排水設備,構内排水設備,50,ｍ,50,,,,,,対象
711,鹿児島本線,22,上り線,熊本車両センター,199696.0,熊本車両セ 汚物処理１,汚物処理設備,汚物処理設備,76,ｍ,76,,,,,,対象
711,鹿児島本線,22,上り線,熊本車両センター,199698.5,熊本車両セ 構内排水１,構内排水設備,構内排水設備,31.4,ｍ,31.4,,,,,,対象
711,鹿児島本線,22,上り線,熊本車両センター,199710.0,熊本車両セ 汚物処理１,汚物処理設備,汚物処理設備,1,箇所,1,,,,,,対象
711,鹿児島本線,22,上り線,熊本車両センター,199729.0,熊本車両セ 構内排水１,構内排水設備,構内排水設備,30.04,ｍ,30,,,,,,対象
711,鹿児島本線,22,上り線,熊本車両センター,199729.5,熊本車両セ 構内排水１,構内排水設備,構内排水設備,30,ｍ,30,,,,,,対象
711,鹿児島本線,22,上り線,熊本車両センター,199729.7,熊本車両セ 汚物処理１,汚物処理設備,汚物処理設備,47.1,ｍ,47.1,,,,,,対象
711,鹿児島本線,22,上り線,鹿児島中央,396760.0,鹿児島中央駅走行路,走行路,走行路,170,ｍ,,,,,,,対象
711,鹿児島本線,23,上下線,折尾,30954.49,折尾 作業通路（雑設備）１,構内諸設備,作業通路（雑設備）,2.3,m2,,,,,,,対象
711,鹿児島本線,23,上下線,折尾,31155.51,折尾 作業通路（雑設備）１,構内諸設備,作業通路（雑設備）,2.3,m2,,,,,,,対象
711,鹿児島本線,23,上下線,上熊本,194760.0,上熊本　構内諸設備１,構内諸設備,構内諸設備,10.6,ｍ,,,,,,,対象
711,鹿児島本線,23,上下線,熊本,198110.0,熊本　構内諸設備１,構内諸設備,構内諸設備,6.8,ｍ,,,,,,,対象
711,鹿児島本線,23,上下線,熊本～川尻,200750.75,雑構築物その他１,雑構築物その他,雑構築物その他,437.4,ｍ,,,,,,,対象
711,鹿児島本線,32,留置線,新八代,231260.0,新八代 乗降台１,構内諸設備,乗降台,1,箇所,,,,,,,対象外
711,鹿児島本線,32,留置線,新八代,231260.0,新八代 乗降台２,構内諸設備,乗降台,1,箇所,,,,,,,対象外
711,鹿児島本線,32,留置線,新八代,231399.0,新八代 乗降台３,構内諸設備,乗降台,1,箇所,,,,,,,対象外
711,鹿児島本線,32,留置線,新八代,231399.0,新八代 乗降台４,構内諸設備,乗降台,1,箇所,,,,,,,対象外
711,鹿児島本線,35,引上線、押上線,熊本車両センター,199284.5,熊本車両セ 走行路１,走行路,走行路,87,ｍ,87,,,,,,対象
711,鹿児島本線,35,引上線、押上線,熊本車両センター,199311.0,熊本車両セ 構内排水１,構内排水設備,構内排水設備,60,ｍ,60,,,,,,対象
711,鹿児島本線,35,引上線、押上線,熊本車両センター,199329.0,熊本車両セ 構内排水１,構内排水設備,構内排水設備,60.8,ｍ,60.8,,,,,,対象
711,鹿児島本線,35,引上線、押上線,熊本車両センター,199395.5,熊本車両セ 構内排水１,構内排水設備,構内排水設備,65.1,ｍ,65.1,,,,,,対象
711,鹿児島本線,35,引上線、押上線,熊本車両センター,199419.3,熊本車両セ 構内排水１,構内排水設備,構内排水設備,56.3,ｍ,56.3,,,,,,対象
711,鹿児島本線,35,引上線、押上線,熊本車両センター,199432.5,熊本車両セ 構内排水１,構内排水設備,構内排水設備,8.7,ｍ,8.7,,,,,,対象
711,鹿児島本線,35,引上線、押上線,熊本車両センター,199472.5,熊本車両セ 構内排水１,構内排水設備,構内排水設備,45,ｍ,45,,,,,,対象
711,鹿児島本線,35,引上線、押上線,熊本車両センター,199473.5,熊本車両セ 構内排水１,構内排水設備,構内排水設備,33,ｍ,33,,,,,,対象
711,鹿児島本線,35,引上線、押上線,熊本車両センター,199485.0,熊本車両セ 走行路１,走行路,走行路,46.2,ｍ,46.2,,,,,,対象
711,鹿児島本線,35,引上線、押上線,熊本車両センター,199491.1,熊本車両セ 走行路１,走行路,走行路,33.3,ｍ,33.3,,,,,,対象
711,鹿児島本線,35,引上線、押上線,熊本車両センター,199495.6,熊本車両セ 構内排水１,構内排水設備,構内排水設備,11.2,ｍ,11.2,,,,,,対象
711,鹿児島本線,35,引上線、押上線,熊本車両センター,199497.0,熊本車両セ 構内排水１,構内排水設備,構内排水設備,6.22,ｍ,6.2,,,,,,対象
711,鹿児島本線,35,引上線、押上線,熊本車両センター,199531.2,熊本車両セ 構内排水１,構内排水設備,構内排水設備,60,ｍ,60,,,,,,対象
711,鹿児島本線,35,引上線、押上線,熊本車両センター,199580.0,熊本車両セ 洗浄床１,車両洗浄設備,洗浄床,14.1,ｍ,14.1,,,,,,対象
711,鹿児島本線,35,引上線、押上線,熊本車両センター,199624.5,熊本車両セ 構内排水１,構内排水設備,構内排水設備,45,ｍ,45,,,,,,対象
711,鹿児島本線,35,引上線、押上線,熊本車両センター,199665.1,熊本車両セ 構内排水１,構内排水設備,構内排水設備,37.75,ｍ,37.8,,,,,,対象
711,鹿児島本線,35,引上線、押上線,熊本車両センター,199712.0,熊本車両セ 構内排水１,構内排水設備,構内排水設備,60,ｍ,60,,,,,,対象
711,鹿児島本線,35,引上線、押上線,熊本車両センター,199955.0,熊本車両セ 構内排水１,構内排水設備,構内排水設備,8.05,ｍ,8.1,,,,,,対象外
711,鹿児島本線,38,その他,熊本車両センター,199350.0,熊本車両セ 排水設備１,排水設備,排水設備（給炭水）,1,箇所,1,,,,,,対象
711,鹿児島本線,38,その他,熊本車両センター,199431.0,熊本車両セ 構内排水１,構内排水設備,構内排水設備,2,ｍ,2,,,,,,対象
711,鹿児島本線,38,その他,熊本車両センター,199432.0,熊本車両セ 構内排水１,構内排水設備,構内排水設備,14.2,ｍ,14.2,,,,,,対象
711,鹿児島本線,38,その他,熊本車両センター,199452.0,熊本車両セ 構内排水１,構内排水設備,構内排水設備,6.7,ｍ,6.7,,,,,,対象
711,鹿児島本線,38,その他,熊本車両センター,199452.5,熊本車両セ 構内排水１,構内排水設備,構内排水設備,10.15,ｍ,10.2,,,,,,対象
711,鹿児島本線,38,その他,熊本車両センター,199454.0,熊本車両セ 構内排水１,構内排水設備,構内排水設備,18.7,ｍ,18.7,,,,,,対象
711,鹿児島本線,38,その他,熊本車両センター,199472.0,熊本車両セ 構内排水１,構内排水設備,構内排水設備,7.62,ｍ,7.6,,,,,,対象
711,鹿児島本線,38,その他,熊本車両センター,199473.0,熊本車両セ 走行路１,走行路,走行路,64.2,ｍ,64.2,,,,,,対象
711,鹿児島本線,38,その他,熊本車両センター,199480.0,熊本車両セ 洗浄床１,車両洗浄設備,洗浄床,6.2,ｍ,6.2,,,,,,対象
711,鹿児島本線,38,その他,熊本車両センター,199481.5,熊本車両セ 構内排水１,構内排水設備,構内排水設備,17.33,ｍ,17.3,,,,,,対象
711,鹿児島本線,38,その他,熊本車両センター,199490.0,熊本車両セ 構内排水１,構内排水設備,構内排水設備,9.8,ｍ,9.8,,,,,,対象
711,鹿児島本線,38,その他,熊本車両センター,199491.0,熊本車両セ 構内排水１,構内排水設備,構内排水設備,28.3,ｍ,28.3,,,,,,対象
711,鹿児島本線,38,その他,熊本車両センター,199497.0,熊本車両セ 構内排水１,構内排水設備,構内排水設備,19,ｍ,19,,,,,,対象
711,鹿児島本線,38,その他,熊本車両センター,199498.0,熊本車両セ 構内排水１,構内排水設備,構内排水設備,2.2,ｍ,2.2,,,,,,対象
711,鹿児島本線,38,その他,熊本車両センター,199498.9,熊本車両セ 構内排水１,構内排水設備,構内排水設備,37.75,ｍ,37.8,,,,,,対象
711,鹿児島本線,38,その他,熊本車両センター,199500.0,熊本車両セ 検査坑（１,検査坑,検査坑（検車洗浄）,22.8,ｍ,22.8,,,,,,対象
711,鹿児島本線,38,その他,熊本車両センター,199520.0,熊本車両セ 構内排水１,構内排水設備,構内排水設備,5.15,ｍ,5.2,,,,,,対象
711,鹿児島本線,38,その他,熊本車両センター,199545.0,水源井戸１,水源井戸,水源井戸,1,箇所,,,,,,,対象
711,鹿児島本線,38,その他,熊本車両センター,199545.0,給水設備（給炭水設備）１,給水設備,給水設備（給炭水設備）,297.9,ｍ,76.2,ｍ,148.8,ｍ,72.9,ｍ,対象
711,鹿児島本線,38,その他,熊本車両センター,199551.0,熊本車両セ 検査坑（庫4）,検査坑,検査坑（検車洗浄）,43.6,ｍ,43.6,,,,,,対象
711,鹿児島本線,38,その他,熊本車両センター,199555.0,熊本車両セ 検査坑（庫3）,検査坑,検査坑（検車洗浄）,32,ｍ,32,,,,,,対象
711,鹿児島本線,38,その他,熊本車両センター,199560.0,庫内舗装,検査洗浄設備その他,作業場（検車洗浄）,324.2,m2,324.2,,,,,,対象
711,鹿児島本線,38,その他,熊本車両センター,199561.0,庫内舗装,検査洗浄設備その他,作業場（検車洗浄）,200.2,m2,200.2,,,,,,対象
711,鹿児島本線,38,その他,熊本車両センター,199569.0,熊本車両セ 構内排水１,構内排水設備,構内排水設備,5,ｍ,5,,,,,,対象
711,鹿児島本線,38,その他,熊本車両センター,199570.0,熊本車両セ 構内排水１,構内排水設備,構内排水設備,6.75,ｍ,6.8,,,,,,対象
711,鹿児島本線,38,その他,熊本車両センター,199570.0,熊本車両セ 検査坑（庫1）,検査坑,検査坑（検車洗浄）,69,ｍ,69,,,,,,対象
711,鹿児島本線,38,その他,熊本車両センター,199570.0,庫内舗装,検査洗浄設備その他,作業場（検車洗浄）,69.4,m2,69.4,,,,,,対象
711,鹿児島本線,38,その他,熊本車両センター,199570.0,庫内舗装,検査洗浄設備その他,作業場（検車洗浄）,220.7,m2,220.7,,,,,,対象
711,鹿児島本線,38,その他,熊本車両センター,199571.0,熊本車両セ 構内排水１,構内排水設備,構内排水設備,8,ｍ,8,,,,,,対象
711,鹿児島本線,38,その他,熊本車両センター,199571.0,庫内舗装,検査洗浄設備その他,作業場（検車洗浄）,338.7,m2,338.7,,,,,,対象
711,鹿児島本線,38,その他,熊本車両センター,199572.0,熊本車両セ 構内排水１,構内排水設備,構内排水設備,3,ｍ,3,,,,,,対象
711,鹿児島本線,38,その他,熊本車両センター,199580.0,検査坑（庫3終点方）,検査坑,検査坑（検車洗浄）,27,ｍ,27,,,,,,対象
711,鹿児島本線,38,その他,熊本車両センター,199585.0,熊本車両セ 貯水槽１,貯水槽,貯水槽,1,箇所,1,,,,,,対象
711,鹿児島本線,38,その他,熊本車両センター,199590.0,検査坑（庫2番終点方）,検査坑,検査坑（検車洗浄）,22,ｍ,22,,,,,,対象
711,鹿児島本線,38,その他,熊本車両センター,199591.0,検査坑（庫4中間）,検査坑,検査坑（検車洗浄）,36.8,ｍ,36.8,,,,,,対象
711,鹿児島本線,38,その他,熊本車両センター,199591.0,熊本車両セ 貯水槽１,貯水槽,貯水槽,1,箇所,1,,,,,,対象
711,鹿児島本線,38,その他,熊本車両センター,199599.7,熊本車両セ 構内排水１,構内排水設備,構内排水設備,39.4,ｍ,39.4,,,,,,対象
711,鹿児島本線,38,その他,熊本車両センター,199610.0,検査坑（庫4番終点方）,検査坑,検査坑（検車洗浄）,20.9,ｍ,20.9,,,,,,対象
711,鹿児島本線,38,その他,熊本車両センター,199619.0,熊本車両セ 構内排水１,構内排水設備,構内排水設備,18.7,ｍ,18.7,,,,,,対象
711,鹿児島本線,38,その他,熊本車両センター,199619.4,熊本車両セ 構内排水１,構内排水設備,構内排水設備,11,ｍ,11,,,,,,対象
711,鹿児島本線,38,その他,熊本車両センター,199630.0,熊本車両セ 構内排水１,構内排水設備,構内排水設備,11,ｍ,11,,,,,,対象
711,鹿児島本線,38,その他,熊本車両センター,199630.0,検査坑（庫4番外）,検査坑,検査坑（検車洗浄）,12.8,ｍ,12.8,,,,,,対象
711,鹿児島本線,38,その他,熊本車両センター,199643.0,熊本車両セ庫４～上り構内排水,構内排水設備,構内排水設備,9.8,ｍ,9.8,ｍ,,,,,対象
711,鹿児島本線,38,その他,熊本車両センター,199685.0,熊本車両セ 機関車遷１,機関車遷車台,機関車遷車台,1,箇所,1,,,,,,対象
711,鹿児島本線,38,その他,熊本車両センター,199700.0,熊本車両セ 汚物処理１,汚物処理設備,汚物処理設備,1,箇所,1,,,,,,対象
711,鹿児島本線,38,その他,熊本車両センター,199735.0,熊本車両セ 検査洗浄１,検査洗浄設備その他,検査洗浄設備その他,1,箇所,1,,,,,,対象
711,鹿児島本線,44,準本４番,八代,233780.0,集灰坑,集灰坑,集灰坑,1,箇所,,,,,,,対象
711,鹿児島本線,51,側線１番,熊本車両センター,199350.1,熊本車両セ 走行路１,走行路,走行路,234.1,ｍ,234.1,,,,,,対象
711,鹿児島本線,51,側線１番,熊本車両センター,199495.0,熊本車両セ 雑設備そ１,雑設備その他,雑設備その他,1,箇所,1,,,,,,対象
711,鹿児島本線,51,側線１番,熊本車両センター,199667.1,熊本車両セ 走行路１,走行路,走行路,10.2,ｍ,10.2,,,,,,対象
711,鹿児島本線,51,側線１番,熊本車両センター,199675.3,熊本車両セ 構内排水１,構内排水設備,構内排水設備,60.5,ｍ,60.5,,,,,,対象
711,鹿児島本線,51,側線１番,熊本車両センター,199792.0,熊本車両セ 走行路１,走行路,走行路,232,ｍ,232,,,,,,対象
711,鹿児島本線,51,側線１番,熊本車両センター,199881.0,熊本車両セ 走行路１,走行路,走行路,6,ｍ,6,,,,,,対象
711,鹿児島本線,51,側線１番,熊本車両センター,199883.0,熊本車両セ 構内排水１,構内排水設備,構内排水設備,4.7,ｍ,4.7,,,,,,対象
711,鹿児島本線,52,側線２番,熊本車両センター,199269.5,熊本車両セ 走行路１,走行路,走行路,102.4,ｍ,102.4,,,,,,対象
711,鹿児島本線,52,側線２番,熊本車両センター,199441.0,熊本車両セ 走行路１,走行路,走行路,26.7,ｍ,26.7,,,,,,対象
711,鹿児島本線,52,側線２番,熊本車両センター,199445.0,乗務員昇降設備,雑設備その他,雑設備その他,1,箇所,1,,,,,,対象
711,鹿児島本線,52,側線２番,熊本車両センター,199697.4,熊本車両セ 構内排水１,構内排水設備,構内排水設備,60,ｍ,60,,,,,,対象
711,鹿児島本線,52,側線２番,熊本車両センター,199724.0,熊本車両セ 走行路１,走行路,走行路,101.4,ｍ,101.4,,,,,,対象
711,鹿児島本線,52,側線２番,熊本車両センター,199757.1,熊本車両セ 構内排水１,構内排水設備,構内排水設備,60.1,ｍ,60.1,,,,,,対象
711,鹿児島本線,52,側線２番,熊本車両センター,199816.9,熊本車両セ 構内排水１,構内排水設備,構内排水設備,59.64,ｍ,59.6,,,,,,対象
711,鹿児島本線,52,側線２番,熊本車両センター,199863.5,熊本車両セ 構内排水１,構内排水設備,構内排水設備,33.43,ｍ,33.4,,,,,,対象
711,鹿児島本線,52,側線２番,熊本車両センター,199893.4,熊本車両セ 構内排水１,構内排水設備,構内排水設備,26.4,ｍ,26.4,,,,,,対象
711,鹿児島本線,52,側線２番,鹿児島中央,396760.0,走行路,構内諸設備,構内諸設備,163,ｍ,,,,,,,対象
711,鹿児島本線,53,側線３番,熊本車両センター,199629.1,熊本車両セ 構内排水１,構内排水設備,構内排水設備,34.2,ｍ,34.2,,,,,,対象
711,鹿児島本線,53,側線３番,熊本車両センター,199661.6,熊本車両セ 構内排水１,構内排水設備,構内排水設備,29.27,ｍ,29.3,,,,,,対象
711,鹿児島本線,53,側線３番,熊本車両センター,199706.5,熊本車両セ 構内排水１,構内排水設備,構内排水設備,60.45,ｍ,60.5,,,,,,対象
711,鹿児島本線,53,側線３番,熊本車両センター,199741.0,熊本車両セ 走行路１,走行路,走行路,139.5,ｍ,139.5,,,,,,対象
711,鹿児島本線,53,側線３番,熊本車両センター,199766.6,熊本車両セ 構内排水１,構内排水設備,構内排水設備,59.8,ｍ,59.8,,,,,,対象
711,鹿児島本線,53,側線３番,熊本車両センター,199883.0,熊本車両セ 構内排水１,構内排水設備,構内排水設備,5.1,ｍ,5.1,,,,,,対象
711,鹿児島本線,54,側線４番,熊本車両センター,199642.5,熊本車両セ 走行路１,走行路,走行路,66.9,ｍ,66.9,,,,,,対象
711,鹿児島本線,54,側線４番,熊本車両センター,199645.0,熊本車両セ 構内排水１,構内排水設備,構内排水設備,13.15,ｍ,13.2,,,,,,対象
711,鹿児島本線,54,側線４番,熊本車両センター,199748.5,熊本車両セ 走行路１,走行路,走行路,165,ｍ,165,,,,,,対象
711,鹿児島本線,55,側線５番,熊本車両センター,199712.0,熊本車両セ 構内排水１,構内排水設備,構内排水設備,60.2,ｍ,60.2,,,,,,対象
711,鹿児島本線,55,側線５番,熊本車両センター,199767.5,熊本車両セ 走行路１,走行路,走行路,214.2,ｍ,214.2,,,,,,対象
711,鹿児島本線,55,側線５番,熊本車両センター,199772.3,熊本車両セ 構内排水１,構内排水設備,構内排水設備,60.2,ｍ,60.2,,,,,,対象
711,鹿児島本線,55,側線５番,熊本車両センター,199827.1,熊本車両セ 構内排水１,構内排水設備,構内排水設備,49.4,ｍ,49.4,,,,,,対象
711,鹿児島本線,55,側線５番,熊本車両センター,199868.6,熊本車両セ 構内排水１,構内排水設備,構内排水設備,28.85,ｍ,28.9,,,,,,対象
711,鹿児島本線,55,側線５番,熊本車両センター,199897.4,熊本車両セ 構内排水１,構内排水設備,構内排水設備,28.75,ｍ,28.8,,,,,,対象
711,鹿児島本線,56,側線６番,熊本車両センター,199637.1,熊本車両セ 構内排水１,構内排水設備,構内排水設備,52.45,ｍ,52.5,,,,,,対象
711,鹿児島本線,56,側線６番,熊本車両センター,199780.0,熊本車両セ 構内排水１,構内排水設備,構内排水設備,67.3,ｍ,67.3,,,,,,対象
711,鹿児島本線,56,側線６番,熊本車両センター,199812.0,熊本車両セ 構内排水１,構内排水設備,構内排水設備,52.45,ｍ,52.5,,,,,,対象
711,鹿児島本線,57,側線７番,熊本車両センター,199574.0,熊本車両セ 給水設備１,給水設備,給水設備（給炭水設備）,211.4,ｍ,211.4,,,,,,対象
711,鹿児島本線,57,側線７番,熊本車両センター,199575.0,熊本車両セ 給水設備１,給水設備,給水設備（給炭水設備）,181,ｍ,181,,,,,,対象
711,鹿児島本線,57,側線７番,熊本車両センター,199575.0,熊本車両セ 給水設備１,給水設備,給水設備（給炭水設備）,34,ｍ,34,,,,,,対象
711,鹿児島本線,57,側線７番,熊本車両センター,199576.0,熊本車両セ 給水設備１,給水設備,給水設備（給炭水設備）,11.5,ｍ,11.5,,,,,,対象
711,鹿児島本線,57,側線７番,熊本車両センター,199576.0,熊本車両セ 給水設備１,給水設備,給水設備（給炭水設備）,34.6,ｍ,34.6,,,,,,対象
711,鹿児島本線,57,側線７番,熊本車両センター,199577.0,熊本車両セ 給水設備１,給水設備,給水設備（給炭水設備）,3.3,ｍ,3.3,,,,,,対象
711,鹿児島本線,57,側線７番,熊本車両センター,199645.0,熊本車両セ 構内排水１,構内排水設備,構内排水設備,9.93,ｍ,9.9,,,,,,対象
711,鹿児島本線,57,側線７番,熊本車両センター,199667.5,熊本車両セ 走行路１,走行路,走行路,7.5,ｍ,7.5,,,,,,対象
711,鹿児島本線,57,側線７番,熊本車両センター,199670.9,熊本車両セ 走行路１,走行路,走行路,29.7,ｍ,29.7,,,,,,対象
711,鹿児島本線,57,側線７番,熊本車両センター,199710.0,熊本車両セ 構内排水１,構内排水設備,構内排水設備,71.45,ｍ,71.5,,,,,,対象
711,鹿児島本線,57,側線７番,熊本車両センター,199720.0,熊本車両セ 構内排水１,構内排水設備,構内排水設備,78.2,ｍ,78.2,,,,,,対象
711,鹿児島本線,57,側線７番,熊本車両センター,199724.0,熊本車両セ 汚物処理１,汚物処理設備,汚物処理設備,54,ｍ,54,,,,,,対象
711,鹿児島本線,57,側線７番,熊本車両センター,199744.0,熊本車両セ 構内排水１,構内排水設備,構内排水設備,2.75,ｍ,2.8,,,,,,対象
711,鹿児島本線,57,側線７番,熊本車両センター,199745.0,熊本車両セ 構内排水１,構内排水設備,構内排水設備,1.35,ｍ,1.4,,,,,,対象
711,鹿児島本線,57,側線７番,熊本車両センター,199746.0,熊本車両セ 構内排水１,構内排水設備,構内排水設備,2.75,ｍ,2.8,,,,,,対象
711,鹿児島本線,57,側線７番,熊本車両センター,199751.0,熊本車両セ 汚物処理１,汚物処理設備,汚物処理設備,36.7,ｍ,36.7,,,,,,対象
711,鹿児島本線,57,側線７番,熊本車両センター,199770.0,熊本車両セ 検査坑（１,検査坑,検査坑（検車洗浄）,197,ｍ,197,,,,,,対象
711,鹿児島本線,57,側線７番,熊本車両センター,199770.0,熊本車両セ 洗浄台１,車両洗浄設備,洗浄台,195,ｍ,195,,,,,,対象
711,鹿児島本線,57,側線７番,熊本車両センター,199770.0,熊本車両セ 車両検査１,検査洗浄設備その他,車両検査台,195,ｍ,195,,,,,,対象
711,鹿児島本線,57,側線７番,熊本車両センター,199770.01,洗浄台１,車両洗浄設備,洗浄台,,,,,,,,,対象
711,鹿児島本線,57,側線７番,熊本車両センター,199772.0,熊本車両セ 検査洗浄１,検査洗浄設備その他,検査洗浄設備その他,137.9,m2,137.9,,,,,,対象
711,鹿児島本線,57,側線７番,熊本車両センター,199785.0,洗浄台下舗装,検査洗浄設備その他,検査洗浄設備その他,451.4,m2,451.4,,,,,,対象
711,鹿児島本線,57,側線７番,熊本車両センター,199790.0,熊本車両セ 洗浄台１,車両洗浄設備,洗浄台,225,ｍ,225,,,,,,対象
711,鹿児島本線,57,側線７番,熊本車両センター,199790.0,熊本車両セ 車両検査１,検査洗浄設備その他,車両検査台,225,ｍ,225,,,,,,対象
711,鹿児島本線,57,側線７番,熊本車両センター,199790.01,洗浄台１,車両洗浄設備,洗浄台,,ｍ,,,,,,,対象
711,鹿児島本線,57,側線７番,熊本車両センター,199810.0,熊本車両セ 構内排水１,構内排水設備,構内排水設備,116.1,ｍ,116.1,,,,,,対象
711,鹿児島本線,57,側線７番,熊本車両センター,199812.0,熊本車両セ 構内排水１,構内排水設備,構内排水設備,2.75,ｍ,2.8,,,,,,対象
711,鹿児島本線,57,側線７番,熊本車両センター,199813.0,熊本車両セ 構内排水１,構内排水設備,構内排水設備,1.35,ｍ,1.4,,,,,,対象
711,鹿児島本線,57,側線７番,熊本車両センター,199814.0,熊本車両セ 構内排水１,構内排水設備,構内排水設備,2.75,ｍ,2.8,,,,,,対象
711,鹿児島本線,57,側線７番,熊本車両センター,199818.5,熊本車両セ 汚物処理１,汚物処理設備,汚物処理設備,135.1,ｍ,135.1,,,,,,対象
711,鹿児島本線,57,側線７番,熊本車両センター,199956.6,熊本車両セ 構内排水１,構内排水設備,構内排水設備,31.25,ｍ,31.3,,,,,,対象
711,鹿児島本線,58,側線８番,熊本車両センター,199575.0,熊本車両セ 給水設備１,給水設備,給水設備（給炭水設備）,168,ｍ,168,,,,,,対象
711,鹿児島本線,58,側線８番,熊本車両センター,199576.0,熊本車両セ 給水設備１,給水設備,給水設備（給炭水設備）,11.5,ｍ,11.5,,,,,,対象
711,鹿児島本線,58,側線８番,熊本車両センター,199683.8,熊本車両セ 走行路１,走行路,走行路,33,ｍ,33,,,,,,対象
711,鹿児島本線,58,側線８番,熊本車両センター,199724.0,熊本車両セ 構内排水１,構内排水設備,構内排水設備,48.2,ｍ,48.2,,,,,,対象
711,鹿児島本線,58,側線８番,熊本車両センター,199745.0,熊本車両セ 構内排水１,構内排水設備,構内排水設備,2.25,ｍ,2.3,,,,,,対象
711,鹿児島本線,58,側線８番,熊本車両センター,199746.0,熊本車両セ 構内排水１,構内排水設備,構内排水設備,2.75,ｍ,2.8,,,,,,対象
711,鹿児島本線,58,側線８番,熊本車両センター,199775.0,熊本車両セ 構内排水１,構内排水設備,構内排水設備,91,ｍ,91,,,,,,対象
711,鹿児島本線,58,側線８番,熊本車両センター,199800.0,熊本車両セ 検査坑（１,検査坑,検査坑（検車洗浄）,197,ｍ,197,,,,,,対象
711,鹿児島本線,58,側線８番,熊本車両センター,199800.0,洗浄台１,車両洗浄設備,洗浄台,,ｍ,,,,,,,対象
711,鹿児島本線,58,側線８番,熊本車両センター,199800.0,熊本車両セ 構内排水１,構内排水設備,構内排水設備,195,ｍ,195,,,,,,対象
711,鹿児島本線,58,側線８番,熊本車両センター,199800.0,熊本車両セ 洗浄台１,車両洗浄設備,洗浄台,195,ｍ,195,,,,,,対象
711,鹿児島本線,58,側線８番,熊本車両センター,199800.0,熊本車両セ 車両検査１,検査洗浄設備その他,車両検査台,195,ｍ,195,,,,,,対象
711,鹿児島本線,58,側線８番,熊本車両センター,199800.01,洗浄台１,車両洗浄設備,洗浄台,,ｍ,,,,,,,対象
711,鹿児島本線,58,側線８番,熊本車両センター,199813.0,熊本車両セ 構内排水１,構内排水設備,構内排水設備,2.25,ｍ,2.3,,,,,,対象
711,鹿児島本線,58,側線８番,熊本車両センター,199814.0,熊本車両セ 構内排水１,構内排水設備,構内排水設備,2.75,ｍ,2.8,,,,,,対象
711,鹿児島本線,58,側線８番,熊本車両センター,199815.0,洗浄台下舗装,検査洗浄設備その他,検査洗浄設備その他,149.7,m2,149.7,,,,,,対象
711,鹿児島本線,58,側線８番,熊本車両センター,199821.0,熊本車両セ 構内排水１,構内排水設備,構内排水設備,146.02,ｍ,146,,,,,,対象
711,鹿児島本線,58,側線８番,熊本車両センター,199848.1,熊本車両セ 洗浄台１,車両洗浄設備,洗浄台,,ｍ,,,,,,,対象
711,鹿児島本線,58,側線８番,熊本車両センター,199877.8,熊本車両セ 洗浄台１,車両洗浄設備,洗浄台,,ｍ,,,,,,,対象
711,鹿児島本線,58,側線８番,熊本車両センター,199900.5,熊本車両セ 走行路１,走行路,走行路,6,ｍ,6,,,,,,対象
711,鹿児島本線,58,側線８番,熊本車両センター,199910.0,熊本車両セ 構内排水１,構内排水設備,構内排水設備,6.15,ｍ,6.2,,,,,,対象
711,鹿児島本線,58,側線８番,熊本車両センター,199917.7,熊本車両セ 構内排水１,構内排水設備,構内排水設備,31.33,ｍ,31.3,,,,,,対象
711,鹿児島本線,58,側線８番,熊本車両センター,199944.0,熊本車両セ 走行路１,走行路,走行路,74.4,ｍ,74.4,,,,,,対象
711,鹿児島本線,59,側線９番,熊本車両センター,199575.0,熊本車両セ 給水設備１,給水設備,給水設備（給炭水設備）,79.2,ｍ,79.2,,,,,,対象
711,鹿児島本線,59,側線９番,熊本車両センター,199576.0,熊本車両セ 給水設備１,給水設備,給水設備（給炭水設備）,13.5,ｍ,13.5,,,,,,対象
711,鹿児島本線,59,側線９番,熊本車両センター,199728.3,熊本車両セ 洗浄台１,車両洗浄設備,洗浄台,,ｍ,,,,,,,対象
711,鹿児島本線,59,側線９番,熊本車両センター,199740.0,熊本車両セ 構内排水１,構内排水設備,構内排水設備,20.85,ｍ,20.9,,,,,,対象
711,鹿児島本線,59,側線９番,熊本車両センター,199745.0,熊本車両セ 構内排水１,構内排水設備,構内排水設備,2.75,ｍ,2.8,,,,,,対象
711,鹿児島本線,59,側線９番,熊本車両センター,199746.0,熊本車両セ 構内排水１,構内排水設備,構内排水設備,2.75,ｍ,2.8,,,,,,対象
711,鹿児島本線,59,側線９番,熊本車両センター,199770.0,洗浄台１,車両洗浄設備,洗浄台,,ｍ,,,,,,,対象
711,鹿児島本線,59,側線９番,熊本車両センター,199770.0,熊本車両セ 洗浄台１,車両洗浄設備,洗浄台,91,ｍ,91,,,,,,対象
711,鹿児島本線,59,側線９番,熊本車両センター,199770.0,熊本車両セ 車両検査１,検査洗浄設備その他,車両検査台,91,ｍ,91,,,,,,対象
711,鹿児島本線,59,側線９番,熊本車両センター,199770.01,洗浄台１,車両洗浄設備,洗浄台,,ｍ,,,,,,,対象
711,鹿児島本線,59,側線９番,熊本車両センター,199775.0,熊本車両セ 検査坑（１,検査坑,検査坑（検車洗浄）,93,ｍ,93,,,,,,対象
711,鹿児島本線,59,側線９番,熊本車両センター,199775.0,熊本車両セ 構内排水１,構内排水設備,構内排水設備,69.43,ｍ,69.4,,,,,,対象
711,鹿児島本線,59,側線９番,熊本車両センター,199775.0,洗浄台下舗装,検査洗浄設備その他,検査洗浄設備その他,208.5,m2,208.5,,,,,,対象
711,鹿児島本線,59,側線９番,熊本車両センター,199784.0,熊本車両セ 汚物処理１,汚物処理設備,汚物処理設備,66.4,ｍ,66.4,,,,,,対象
711,鹿児島本線,59,側線９番,熊本車両センター,199790.0,熊本車両セ 構内排水１,構内排水設備,構内排水設備,91,ｍ,91,,,,,,対象
711,鹿児島本線,59,側線９番,熊本車両センター,199813.0,熊本車両セ 構内排水１,構内排水設備,構内排水設備,2.75,ｍ,2.8,,,,,,対象
711,鹿児島本線,59,側線９番,熊本車両センター,199814.0,熊本車両セ 構内排水１,構内排水設備,構内排水設備,2.75,ｍ,2.8,,,,,,対象
711,鹿児島本線,59,側線９番,熊本車両センター,199830.0,洗浄台階段下走行路,走行路,走行路,1.2,ｍ,1.2,,,,,,対象
711,鹿児島本線,60,側線１０番,熊本車両センター,199574.0,熊本車両セ 給水設備１,給水設備,給水設備（給炭水設備）,4.5,ｍ,4.5,,,,,,対象
711,鹿児島本線,60,側線１０番,熊本車両センター,199575.0,熊本車両セ 給水設備１,給水設備,給水設備（給炭水設備）,80.3,ｍ,80.3,,,,,,対象
711,鹿児島本線,60,側線１０番,熊本車両センター,199576.0,熊本車両セ 給水設備１,給水設備,給水設備（給炭水設備）,4,ｍ,4,,,,,,対象
711,鹿児島本線,60,側線１０番,熊本車両センター,199702.5,熊本車両セ 走行路１,走行路,走行路,57.1,ｍ,57.1,,,,,,対象
711,鹿児島本線,60,側線１０番,熊本車両センター,199718.0,熊本車両セ 走行路１,走行路,走行路,26.9,ｍ,26.9,,,,,,対象
711,鹿児島本線,60,側線１０番,熊本車両センター,199730.0,洗浄台１,車両洗浄設備,洗浄台,,ｍ,,,,,,,対象
711,鹿児島本線,60,側線１０番,熊本車両センター,199730.0,熊本車両セ 構内排水１,構内排水設備,構内排水設備,14.15,ｍ,14.2,,,,,,対象
711,鹿児島本線,60,側線１０番,熊本車両センター,199730.0,熊本車両セ 洗浄台１,車両洗浄設備,洗浄台,91.1,ｍ,91.1,,,,,,対象
711,鹿児島本線,60,側線１０番,熊本車両センター,199730.01,洗浄台１,車両洗浄設備,洗浄台,,ｍ,,,,,,,対象
711,鹿児島本線,60,側線１０番,熊本車両センター,199745.0,熊本車両セ 構内排水１,構内排水設備,構内排水設備,17.28,ｍ,17.3,,,,,,対象
711,鹿児島本線,60,側線１０番,熊本車両センター,199770.0,熊本車両セ 車両検査１,検査洗浄設備その他,車両検査台,91.1,ｍ,91.1,,,,,,対象
711,鹿児島本線,60,側線１０番,熊本車両センター,199775.0,熊本車両セ 検査坑（１,検査坑,検査坑（検車洗浄）,93,ｍ,93,,,,,,対象
711,鹿児島本線,60,側線１０番,熊本車両センター,199775.0,洗浄台下舗装,検査洗浄設備その他,検査洗浄設備その他,65.1,m2,65.1,,,,,,対象
711,鹿児島本線,60,側線１０番,熊本車両センター,199780.0,熊本車両セ 構内排水１,構内排水設備,構内排水設備,67.35,ｍ,67.4,,,,,,対象
711,鹿児島本線,60,側線１０番,熊本車両センター,199791.9,熊本車両セ 走行路１,走行路,走行路,76.2,ｍ,76.2,,,,,,対象
711,鹿児島本線,60,側線１０番,熊本車両センター,199813.0,熊本車両セ 構内排水１,構内排水設備,構内排水設備,1.35,ｍ,1.4,,,,,,対象
711,鹿児島本線,60,側線１０番,熊本車両センター,199814.0,熊本車両セ 構内排水１,構内排水設備,構内排水設備,26.82,ｍ,26.8,,,,,,対象
711,鹿児島本線,60,側線１０番,熊本車両センター,199820.0,熊本車両セ 構内排水１,構内排水設備,構内排水設備,5.8,ｍ,5.8,,,,,,対象
711,鹿児島本線,60,側線１０番,熊本車両センター,199830.0,洗浄台階段下走行路,走行路,走行路,1.2,ｍ,1.2,,,,,,対象
711,鹿児島本線,61,側線１１番,熊本車両センター,199910.0,熊本車両セ 構内排水１,構内排水設備,構内排水設備,10.55,ｍ,10.6,,,,,,対象
711,鹿児島本線,61,側線１１番,熊本車両センター,199950.5,熊本車両セ 走行路１,走行路,走行路,94.8,ｍ,94.8,,,,,,対象
711,鹿児島本線,61,側線１１番,熊本車両センター,199955.0,熊本車両セ 構内排水１,構内排水設備,構内排水設備,10.56,ｍ,10.6,,,,,,対象
711,鹿児島本線,62,側線１２番,熊本車両センター,199907.5,熊本車両セ 構内排水１,構内排水設備,構内排水設備,55.05,ｍ,55.1,,,,,,対象
711,鹿児島本線,62,側線１２番,熊本車両センター,199948.4,熊本車両セ 構内排水１,構内排水設備,構内排水設備,10.87,ｍ,10.9,,,,,,対象
711,鹿児島本線,62,側線１２番,熊本車両センター,199969.5,熊本車両セ 走行路１,走行路,走行路,136.5,ｍ,136.5,,,,,,対象
711,鹿児島本線,62,側線１２番,熊本車両センター,199977.1,熊本車両セ 構内排水１,構内排水設備,構内排水設備,46.45,ｍ,46.5,,,,,,対象
711,鹿児島本線,62,側線１２番,熊本車両センター,200026.8,熊本車両セ 構内排水１,構内排水設備,構内排水設備,52.89,ｍ,52.9,,,,,,対象
711,鹿児島本線,63,側線１３番,熊本車両センター,199575.0,熊本車両セ 給水設備１,給水設備,給水設備（給炭水設備）,138.8,ｍ,138.8,,,,,,対象
711,鹿児島本線,63,側線１３番,熊本車両センター,199575.0,熊本車両セ 給水設備１,給水設備,給水設備（給炭水設備）,231,ｍ,231,,,,,,対象
711,鹿児島本線,63,側線１３番,熊本車両センター,199576.0,熊本車両セ 給水設備１,給水設備,給水設備（給炭水設備）,14.9,ｍ,14.9,,,,,,対象
711,鹿児島本線,63,側線１３番,熊本車両センター,199888.3,熊本車両セ 走行路１,走行路,走行路,105.3,ｍ,105.3,,,,,,対象
711,鹿児島本線,63,側線１３番,熊本車両センター,199910.0,熊本車両セ 構内排水１,構内排水設備,構内排水設備,10.7,ｍ,10.7,,,,,,対象
711,鹿児島本線,63,側線１３番,熊本車両センター,199950.0,熊本車両セ 車両検査１,検査洗浄設備その他,車両検査台,240,ｍ,240,,,,,,対象
711,鹿児島本線,63,側線１３番,熊本車両センター,199955.0,熊本車両セ 構内排水１,構内排水設備,構内排水設備,27.7,ｍ,27.7,,,,,,対象
711,鹿児島本線,63,側線１３番,熊本車両センター,199970.0,熊本車両セ 車両検査１,検査洗浄設備その他,車両検査台,180,ｍ,180,,,,,,対象
711,鹿児島本線,63,側線１３番,熊本車両センター,200010.0,熊本車両セ 検査坑（１,検査坑,検査坑（検車洗浄）,102,ｍ,102,,,,,,対象
711,鹿児島本線,63,側線１３番,熊本車両センター,200010.0,ｺﾝｸﾘｰﾄ舗装,検査洗浄設備その他,検査洗浄設備その他,178.8,m2,178.8,,,,,,対象
711,鹿児島本線,63,側線１３番,熊本車両センター,200020.0,ｺﾝｸﾘｰﾄ舗装,検査洗浄設備その他,検査洗浄設備その他,363.8,m2,363.8,,,,,,対象
711,鹿児島本線,63,側線１３番,熊本車両センター,200032.0,熊本車両セ 構内排水１,構内排水設備,構内排水設備,5,ｍ,5,,,,,,対象
711,鹿児島本線,63,側線１３番,熊本車両センター,200075.2,熊本車両セ 構内排水１,構内排水設備,構内排水設備,16.6,ｍ,16.6,,,,,,対象
711,鹿児島本線,63,側線１３番,熊本車両センター,200084.0,熊本車両セ 構内排水１,構内排水設備,構内排水設備,20.6,ｍ,20.6,,,,,,対象
711,鹿児島本線,63,側線１３番,熊本車両センター,200200.0,分離槽１,給油設備,分離槽,1,箇所,,,,,,,対象
711,鹿児島本線,64,側線１４番,熊本車両センター,199850.0,熊本車両セ 洗浄台１,車両洗浄設備,洗浄台,,ｍ,,,,,,,対象
711,鹿児島本線,64,側線１４番,熊本車両センター,199850.0,熊本車両セ 構内排水１,構内排水設備,構内排水設備,60.2,ｍ,60.2,,,,,,対象
711,鹿児島本線,64,側線１４番,熊本車両センター,199884.5,熊本車両セ 走行路１,走行路,走行路,139.3,ｍ,139.3,,,,,,対象
711,鹿児島本線,64,側線１４番,熊本車両センター,199888.0,熊本車両セ 洗浄台１,車両洗浄設備,洗浄台,,ｍ,,,,,,,対象
711,鹿児島本線,64,側線１４番,熊本車両センター,199895.5,熊本車両セ 構内排水１,構内排水設備,構内排水設備,31,ｍ,31,,,,,,対象
711,鹿児島本線,64,側線１４番,熊本車両センター,199925.4,熊本車両セ 構内排水１,構内排水設備,構内排水設備,28.75,ｍ,28.8,,,,,,対象
711,鹿児島本線,64,側線１４番,熊本車両センター,199960.0,熊本車両セ 車両検査１,検査洗浄設備その他,車両検査台,240,ｍ,240,,,,,,対象
711,鹿児島本線,64,側線１４番,熊本車両センター,200020.0,熊本車両セ 検査坑（１,検査坑,検査坑（検車洗浄）,120,ｍ,120,,,,,,対象
711,鹿児島本線,64,側線１４番,熊本車両センター,200020.0,ｺﾝｸﾘｰﾄ舗装,検査洗浄設備その他,検査洗浄設備その他,285.6,m2,285.6,,,,,,対象
711,鹿児島本線,64,側線１４番,熊本車両センター,200032.0,熊本車両セ 構内排水１,構内排水設備,構内排水設備,5,ｍ,5,,,,,,対象
711,鹿児島本線,65,側線１５番,熊本車両センター,199575.0,熊本車両セ 給水設備１,給水設備,給水設備（給炭水設備）,113.5,ｍ,113.5,,,,,,対象
711,鹿児島本線,65,側線１５番,熊本車両センター,199576.0,熊本車両セ 給水設備１,給水設備,給水設備（給炭水設備）,4,ｍ,4,,,,,,対象
711,鹿児島本線,65,側線１５番,熊本車両センター,199910.0,熊本車両セ 構内排水１,構内排水設備,構内排水設備,5.16,ｍ,5.2,,,,,,対象
711,鹿児島本線,65,側線１５番,熊本車両センター,199941.0,分離槽１,給油設備,分離槽,1,箇所,,,,,,,対象
711,鹿児島本線,65,側線１５番,熊本車両センター,199954.0,熊本車両セ 走行路１,走行路,走行路,11.1,ｍ,11.1,,,,,,対象
711,鹿児島本線,65,側線１５番,熊本車両センター,199962.0,分離槽１,給油設備,分離槽,1,箇所,,,,,,,対象
711,鹿児島本線,65,側線１５番,熊本車両センター,199983.0,分離槽１,給油設備,分離槽,1,箇所,,,,,,,対象
711,鹿児島本線,65,側線１５番,熊本車両センター,200004.0,分離槽１,給油設備,分離槽,1,箇所,,,,,,,対象
711,鹿児島本線,65,側線１５番,熊本車両センター,200020.0,熊本車両セ 検査坑（１,検査坑,検査坑（検車洗浄）,120,ｍ,120,,,,,,対象
711,鹿児島本線,65,側線１５番,熊本車両センター,200020.0,ｺﾝｸﾘｰﾄ舗装,検査洗浄設備その他,検査洗浄設備その他,144.3,m2,144.3,,,,,,対象
711,鹿児島本線,65,側線１５番,熊本車両センター,200023.2,熊本車両セ 構内排水１,構内排水設備,構内排水設備,121.6,ｍ,121.6,,,,,,対象
711,鹿児島本線,65,側線１５番,熊本車両センター,200025.0,分離槽１,給油設備,分離槽,1,箇所,,,,,,,対象
711,鹿児島本線,65,側線１５番,熊本車両センター,200032.0,熊本車両セ 構内排水１,構内排水設備,構内排水設備,3.4,ｍ,3.4,,,,,,対象
711,鹿児島本線,65,側線１５番,熊本車両センター,200033.0,熊本車両セ 構内排水１,構内排水設備,構内排水設備,1.6,ｍ,1.6,,,,,,対象
711,鹿児島本線,65,側線１５番,熊本車両センター,200046.0,分離槽１,給油設備,分離槽,1,箇所,,,,,,,対象
711,鹿児島本線,66,側線１６番,熊本車両センター,200030.0,熊本車両セ 検査坑（１,検査坑,検査坑（検車洗浄）,95,ｍ,95,,,,,,対象
711,鹿児島本線,66,側線１６番,熊本車両センター,200032.0,熊本車両セ 構内排水１,構内排水設備,構内排水設備,5.8,ｍ,5.8,,,,,,対象
711,鹿児島本線,66,側線１６番,熊本車両センター,200035.0,ｺﾝｸﾘｰﾄ舗装,検査洗浄設備その他,検査洗浄設備その他,235.4,m2,235.4,,,,,,対象
711,鹿児島本線,67,側線１７番,熊本車両センター,199575.0,熊本車両セ 給水設備１,給水設備,給水設備（給炭水設備）,109.3,ｍ,109.3,,,,,,対象
711,鹿児島本線,67,側線１７番,熊本車両センター,199576.0,熊本車両セ 給水設備１,給水設備,給水設備（給炭水設備）,3.2,ｍ,3.2,,,,,,対象
711,鹿児島本線,67,側線１７番,熊本車両センター,199627.0,分離槽１,給油設備,分離槽,1,箇所,,,,,,,対象
711,鹿児島本線,67,側線１７番,熊本車両センター,199983.0,分離槽１,給油設備,分離槽,1,箇所,,,,,,,対象
711,鹿児島本線,67,側線１７番,熊本車両センター,200004.0,分離槽１,給油設備,分離槽,1,箇所,,,,,,,対象
711,鹿児島本線,67,側線１７番,熊本車両センター,200025.0,分離槽１,給油設備,分離槽,1,箇所,,,,,,,対象
711,鹿児島本線,67,側線１７番,熊本車両センター,200030.0,熊本車両セ 検査坑（１,検査坑,検査坑（検車洗浄）,95,ｍ,95,,,,,,対象
711,鹿児島本線,67,側線１７番,熊本車両センター,200032.0,熊本車両セ 構内排水１,構内排水設備,構内排水設備,3.4,ｍ,3.4,,,,,,対象
711,鹿児島本線,67,側線１７番,熊本車両センター,200035.0,ｺﾝｸﾘｰﾄ舗装,検査洗浄設備その他,検査洗浄設備その他,124.5,m2,124.5,,,,,,対象
711,鹿児島本線,67,側線１７番,熊本車両センター,200043.7,熊本車両セ 構内排水１,構内排水設備,構内排水設備,80.6,ｍ,80.6,,,,,,対象
711,鹿児島本線,67,側線１７番,熊本車両センター,200046.0,分離槽１,給油設備,分離槽,1,箇所,,,,,,,対象
711,鹿児島本線,68,側線１８番,熊本車両センター,199975.0,熊本車両セ 構内排水１,構内排水設備,構内排水設備,50.12,ｍ,50.1,,,,,,対象
711,鹿児島本線,68,側線１８番,熊本車両センター,200016.0,熊本車両セ 構内排水１,構内排水設備,構内排水設備,32,ｍ,32,,,,,,対象
711,鹿児島本線,68,側線１８番,熊本車両センター,200030.0,熊本車両セ 検査坑（１,検査坑,検査坑（検車洗浄）,95,ｍ,95,,,,,,対象
711,鹿児島本線,68,側線１８番,熊本車両センター,200032.0,熊本車両セ 構内排水１,構内排水設備,構内排水設備,1.6,ｍ,1.6,,,,,,対象
711,鹿児島本線,68,側線１８番,熊本車両センター,200033.0,熊本車両セ 構内排水１,構内排水設備,構内排水設備,3.5,ｍ,3.5,,,,,,対象
711,鹿児島本線,68,側線１８番,熊本車両センター,200034.0,ｺﾝｸﾘｰﾄ舗装,検査洗浄設備その他,検査洗浄設備その他,95,m2,95,,,,,,対象
711,鹿児島本線,69,側線１９番,熊本車両センター,199790.2,熊本車両セ 構内排水１,構内排水設備,構内排水設備,60.45,ｍ,60.5,,,,,,対象
711,鹿児島本線,69,側線１９番,熊本車両センター,199849.8,熊本車両セ 構内排水１,構内排水設備,構内排水設備,58.6,ｍ,58.6,,,,,,対象
711,鹿児島本線,69,側線１９番,熊本車両センター,199858.0,熊本車両セ 走行路１,走行路,走行路,124.2,ｍ,124.2,,,,,,対象
711,鹿児島本線,69,側線１９番,熊本車両センター,199860.0,熊本車両セ 構内排水１,構内排水設備,構内排水設備,5,ｍ,5,,,,,,対象
711,鹿児島本線,69,側線１９番,熊本車両センター,199860.0,熊本車両セ 走行路１,走行路,走行路,97.6,ｍ,97.6,,,,,,対象
711,鹿児島本線,69,側線１９番,熊本車両センター,199884.3,熊本車両セ 構内排水１,構内排水設備,構内排水設備,48.55,ｍ,48.6,,,,,,対象
711,鹿児島本線,69,側線１９番,熊本車両センター,199908.8,熊本車両セ 構内排水１,構内排水設備,構内排水設備,59.44,ｍ,59.4,,,,,,対象
711,鹿児島本線,70,側線２０番,熊本車両センター,199829.0,熊本車両セ 構内排水１,構内排水設備,構内排水設備,33.35,ｍ,33.4,,,,,,対象
711,鹿児島本線,70,側線２０番,熊本車両センター,199860.0,熊本車両セ 構内排水１,構内排水設備,構内排水設備,17.5,ｍ,17.5,,,,,,対象
711,鹿児島本線,70,側線２０番,熊本車両センター,199870.5,熊本車両セ 構内排水１,構内排水設備,構内排水設備,50,ｍ,50,,,,,,対象
711,鹿児島本線,70,側線２０番,熊本車両センター,199894.3,熊本車両セ 走行路１,走行路,走行路,174.5,ｍ,174.5,,,,,,対象
711,鹿児島本線,70,側線２０番,熊本車両センター,199916.0,熊本車両セ 構内排水１,構内排水設備,構内排水設備,38,ｍ,38,,,,,,対象
711,鹿児島本線,70,側線２０番,熊本車両センター,199944.0,熊本車両セ 構内排水１,構内排水設備,構内排水設備,10.95,ｍ,11,,,,,,対象
711,鹿児島本線,71,側線２１番,熊本車両センター,199759.0,熊本車両セ 構内排水１,構内排水設備,構内排水設備,29.25,ｍ,29.3,,,,,,対象
711,鹿児島本線,72,側線２２番,熊本車両センター,199460.0,熊本車両セ 走行路１,走行路,走行路,7.9,ｍ,7.9,,,,,,対象
711,鹿児島本線,72,側線２２番,熊本車両センター,199467.8,熊本車両セ 走行路１,走行路,走行路,75.7,ｍ,75.7,,,,,,対象
711,鹿児島本線,72,側線２２番,熊本車両センター,199473.6,熊本車両セ 走行路１,走行路,走行路,65.2,ｍ,65.2,,,,,,対象
711,鹿児島本線,72,側線２２番,熊本車両センター,199479.0,熊本車両セ 構内排水１,構内排水設備,構内排水設備,50.55,ｍ,50.6,,,,,,対象
711,鹿児島本線,72,側線２２番,熊本車両センター,199490.5,熊本車両セ 構内排水１,構内排水設備,構内排水設備,54.9,ｍ,54.9,,,,,,対象
711,鹿児島本線,72,側線２２番,熊本車両センター,199520.0,熊本車両セ 構内排水１,構内排水設備,構内排水設備,8,ｍ,8,,,,,,対象
711,鹿児島本線,73,側線２３番,熊本車両センター,199395.2,熊本車両セ 構内排水１,構内排水設備,構内排水設備,60.4,ｍ,60.4,,,,,,対象
711,鹿児島本線,73,側線２３番,熊本車両センター,199426.0,熊本車両セ 走行路１,走行路,走行路,127.3,ｍ,127.3,,,,,,対象
711,鹿児島本線,73,側線２３番,熊本車両センター,199455.6,熊本車両セ 構内排水１,構内排水設備,構内排水設備,60.4,ｍ,60.4,,,,,,対象
711,鹿児島本線,73,側線２３番,熊本車両センター,199495.6,熊本車両セ 構内排水１,構内排水設備,構内排水設備,19.5,ｍ,19.5,,,,,,対象
711,鹿児島本線,73,側線２３番,熊本車両センター,199510.0,熊本車両セ ポンプ１,ポンプ,ポンプ,1,箇所,1,,,,,,対象
711,鹿児島本線,74,側線２４番,熊本車両センター,199435.5,熊本車両セ 走行路１,走行路,走行路,99.6,ｍ,99.6,,,,,,対象
711,鹿児島本線,74,側線２４番,熊本車両センター,199455.0,熊本車両セ 構内排水１,構内排水設備,構内排水設備,6.6,ｍ,6.6,,,,,,対象
711,鹿児島本線,74,側線２４番,熊本車両センター,199520.0,熊本車両セ 構内排水１,構内排水設備,構内排水設備,11.6,ｍ,11.6,,,,,,対象
711,鹿児島本線,B0,電留線,吉塚,76535.0,吉塚 乗降台１,構内諸設備,乗降台,2,箇所,5,ｍ,5,ｍ,,,対象
711,鹿児島本線,B0,電留線,吉塚,76615.0,吉塚 乗降台２,構内諸設備,乗降台,2,箇所,10,ｍ,10,ｍ,,,対象
711,鹿児島本線,B0,電留線,吉塚,76675.0,吉塚 乗降台３,構内諸設備,乗降台,2,箇所,5,ｍ,5,ｍ,,,対象
723,香椎線,00,無し,西戸崎,0.0,構内諸設備,構内諸設備,柵垣,136.8,ｍ,,ｍ,,,,,対象
723,香椎線,00,無し,海ノ中道,1590.0,構内諸設備,構内諸設備,柵垣,52.7,ｍ,,ｍ,,,,,対象
723,香椎線,00,無し,雁ノ巣,6090.0,構内諸設備１,構内諸設備,作業通路（雑設備）,1,箇所,78,m2,,,,,対象
723,香椎線,00,無し,雁ノ巣,6090.0,構内諸設備２,構内諸設備,柵垣,245.6,ｍ,245.6,ｍ,,,,,対象
723,香椎線,00,無し,奈多,6980.0,構内諸設備,構内諸設備,柵垣,1,箇所,,ｍ,,,,,対象
723,香椎線,00,無し,和白,8760.0,構内諸設備,構内諸設備,柵垣,1,ｍ,,ｍ,,,,,対象
723,香椎線,00,無し,和白,8760.0,和白　柵垣1,構内諸設備,構内柵,58.8,ｍ,,,,,,,対象
723,香椎線,00,無し,香椎神宮,13820.0,構内諸設備１,構内諸設備,作業通路（雑設備）,1,箇所,,m2,,,,,対象
723,香椎線,00,無し,香椎神宮,13820.0,構内諸設備２,構内諸設備,柵垣,20,ｍ,20,ｍ,,,,,対象
723,香椎線,00,無し,土井,15930.0,構内排水設備,構内排水設備,構内排水設備（給炭水）,10.3,ｍ,,,,,,,対象
723,香椎線,00,無し,土井,15930.0,構内諸設備,構内諸設備,柵垣,282.7,ｍ,,ｍ,,,,,対象
723,香椎線,00,無し,伊賀,17750.0,構内諸設備,構内諸設備,柵垣,155.9,ｍ,,ｍ,,,,,対象
723,香椎線,00,無し,酒殿,20150.0,構内諸設備,構内諸設備,作業通路（雑設備）,1,箇所,,m2,,,,,対象
723,香椎線,00,無し,須恵,21440.0,構内諸設備,構内諸設備,柵垣,131.9,ｍ,,ｍ,,,,,対象
723,香椎線,00,無し,須恵中央,22650.0,構内諸設備,構内諸設備,柵垣,1,箇所,,ｍ,,,,,対象
723,香椎線,00,無し,新原,23700.0,構内排水設備,構内排水設備,構内排水設備（給炭水）,7.6,ｍ,,,,,,,対象
723,香椎線,00,無し,新原,23700.0,構内諸設備,構内諸設備,柵垣,1,箇所,1,箇所,,,,,対象
723,香椎線,00,無し,宇美,24950.0,構内排水設備,構内排水設備,構内排水設備（給炭水）,21.5,ｍ,,,,,,,対象
723,香椎線,00,無し,宇美,24950.0,構内諸設備,構内諸設備,柵垣,1,箇所,,ｍ,,,,,対象
723,香椎線,10,単線,香椎（香椎線）,12480.0,線間防護柵,構内諸設備,柵垣,5,ｍ,,,,,,,対象
723,香椎線,10,単線,香椎（香椎線）,12503.0,香椎-柵垣-12503-右,構内諸設備,柵垣,14,ｍ,,,,,,,対象
723,香椎線,10,単線,香椎（香椎線）,12504.0,香椎-作業通路-12504-右,構内諸設備,作業通路（雑設備）,12.9,m2,,,,,,,対象
723,香椎線,10,単線,舞松原,14430.0,有刺鉄線,構内諸設備,雑設備その他,1,箇所,,,,,,,対象
723,香椎線,10,単線,舞松原,14430.0,立入防止ネット,構内諸設備,雑設備その他,1,箇所,,,,,,,対象
723,香椎線,10,単線,舞松原,14430.0,立入防止柵,構内諸設備,柵垣,4.3,ｍ,,,,,,,対象
723,香椎線,10,単線,酒殿,20155.0,構内諸設備2,構内諸設備,柵垣,117.5,ｍ,,,,,,,対象
725,篠栗線,00,無し,柚須,2470.0,構内諸設備[03],構内諸設備,柵垣,58,ｍ,,,,,,,対象
725,篠栗線,00,無し,原町,5010.0,構内排水設備,構内排水設備,構内排水設備（給炭水）,5.5,ｍ,,,,,,,対象
725,篠栗線,00,無し,原町,5010.0,構内諸設備[03],構内諸設備,柵垣,24,箇所,,,,,,,対象
725,篠栗線,00,無し,長者原,5740.0,構内排水設備,構内排水設備,構内排水設備（給炭水）,60,ｍ,,,,,,,対象
725,篠栗線,00,無し,長者原,5740.0,構内諸設備[02],構内諸設備,構内諸設備,34.5,m2,,,,,,,対象
725,篠栗線,00,無し,長者原,5740.0,構内諸設備[03],構内諸設備,柵垣,83.3,ｍ,1,ｍ,,,,,対象
725,篠栗線,00,無し,長者原,5740.0,構内諸設備[04],構内諸設備,土留,1,箇所,,m2,,,,,対象
725,篠栗線,00,無し,門松,7670.0,構内諸設備[03],構内諸設備,柵垣,39.7,ｍ,39.7,ｍ,,,,,対象
725,篠栗線,00,無し,篠栗,10270.0,構内諸設備[04],構内諸設備,柵垣,1,ｍ,64.3,,,,,,対象
725,篠栗線,00,無し,篠栗,10270.0,舗装道路及び舗装路面（10年）,諸構築物その他,雑構築物その他,1,m2,70,,,,,,対象
725,篠栗線,00,無し,篠栗,10310.0,構内排水設備,構内排水設備,構内排水設備（給炭水）,461.4,ｍ,2,箇所,,,,,対象
725,篠栗線,00,無し,篠栗,10310.0,構内諸設備[02],構内諸設備,作業通路（雑設備）,,箇所,,m2,,,,,対象
725,篠栗線,00,無し,篠栗,10310.0,構内諸設備[03],構内諸設備,柵垣,1,箇所,,ｍ,,,,,対象
725,篠栗線,00,無し,筑前山手,13420.0,構内諸設備[03],構内諸設備,柵垣,1,箇所,57.7,ｍ,,,,,対象
725,篠栗線,00,無し,城戸南蔵院前,14880.0,構内諸設備[03],構内諸設備,柵垣,17.7,ｍ,2,箇所,,,,,対象
725,篠栗線,00,無し,九郎原,19940.0,構内諸設備[03],構内諸設備,柵垣,358.7,ｍ,3,箇所,,,,,対象
725,篠栗線,00,無し,筑前大分,21940.0,構内諸設備[03],構内諸設備,柵垣,1,箇所,11,ｍ,,,,,対象
725,篠栗線,10,単線,吉塚～柚須,1561.0,雑構築物その他１,雑構築物その他,雑構築物その他,100.4,ｍ,,,,,,,対象外
725,篠栗線,21,下り線,柚須,2470.0,作業通路（雑設備）1,構内諸設備,作業通路（雑設備）,1.44,m2,,,,,,,対象
725,篠栗線,31,着発線,柚須,2470.0,構内排水設備（給炭水）1,構内排水設備,排水設備（給炭水）,159,ｍ,,,,,,,対象
725,篠栗線,31,着発線,柚須,2470.0,作業通路（雑設備）1,構内諸設備,作業通路（雑設備）,1.44,m2,,,,,,,対象
731,筑肥線,00,無し,姪浜,12410.0,姪浜駅_構内排水設備,構内排水設備,構内排水設備（給炭水）,457.7,ｍ,,,,,,,対象
731,筑肥線,00,無し,姪浜,12410.0,姪浜駅_構内諸設備１,構内諸設備,柵垣,,ｍ,,ｍ,,,,,対象
731,筑肥線,00,無し,姪浜,12410.0,姪浜駅_構内諸設備２,構内諸設備,構内諸設備,,ｍ,,箇所,,,,,対象
731,筑肥線,00,無し,下山門,14100.0,下山門駅_構内排水設備,構内排水設備,構内排水設備（給炭水）,366.2,ｍ,,,,,,,対象
731,筑肥線,00,無し,下山門,14100.0,下山門駅_構内諸設備,構内諸設備,柵垣,1,箇所,,ｍ,,,,,対象
731,筑肥線,00,無し,下山門,14100.0,下山門駅右さくがき,構内諸設備,柵垣,77.8,ｍ,77.8,ｍ,,,,,対象
731,筑肥線,00,無し,今宿,17670.0,今宿駅_構内排水設備,構内排水設備,構内排水設備（給炭水）,322.9,ｍ,,,,,,,対象
731,筑肥線,00,無し,今宿,17670.0,今宿駅_構内諸設備１,構内諸設備,構内諸設備,,箇所,,箇所,,,,,対象
731,筑肥線,00,無し,今宿,17670.0,今宿駅_構内諸設備２,構内諸設備,土留,,箇所,,箇所,,,,,対象
731,筑肥線,00,無し,今宿,17670.0,今宿駅_構内諸設備３,構内諸設備,柵垣,,箇所,,ｍ,,,,,対象
731,筑肥線,00,無し,今宿,17670.0,今宿駅_構内諸設備４,構内諸設備,作業通路（雑設備）,,箇所,,m2,,,,,対象
731,筑肥線,00,無し,今宿,17670.0,今宿駅時刻案内標,構内諸設備,時刻案内表,2,箇所,1.7,ｍ,,,,,対象
731,筑肥線,00,無し,今宿,17670.0,今宿駅作業通路舗装,構内諸設備,作業通路（雑設備）,790,m2,79.6,ｍ,,,,,対象
731,筑肥線,00,無し,今宿,17670.0,今宿駅検査坑,検査坑,検査坑（検車洗浄）,5,ｍ,5,ｍ,,,,,対象
731,筑肥線,00,無し,周船寺,20570.0,構内排水設備,構内排水設備,構内排水設備（給炭水）,101.8,ｍ,,,,,,,対象
731,筑肥線,00,無し,周船寺,20570.0,構内諸設備１,構内諸設備,土留,,箇所,,m2,,,,,対象
731,筑肥線,00,無し,周船寺,20570.0,構内諸設備２,構内諸設備,柵垣,1,箇所,,ｍ,,,,,対象
731,筑肥線,00,無し,周船寺,20570.0,構内諸設備３,構内諸設備,作業通路（雑設備）,,箇所,,m2,,,,,対象
731,筑肥線,00,無し,周船寺,20570.0,周船寺駅時刻案内標,構内諸設備,時刻案内表,2,箇所,1.7,ｍ,,,,,対象
731,筑肥線,00,無し,波多江,22560.0,構内排水設備,構内排水設備,構内排水設備（給炭水）,103.6,ｍ,,,,,,,対象
731,筑肥線,00,無し,波多江,22560.0,構内諸設備１,構内諸設備,柵垣,,箇所,,ｍ,,,,,対象
731,筑肥線,00,無し,波多江,22560.0,構内諸設備２,構内諸設備,作業通路（雑設備）,,箇所,,m2,,,,,対象
731,筑肥線,00,無し,波多江,22560.0,波多江駅時刻案内標,構内諸設備,時刻案内表,2,箇所,1.7,ｍ,,,,,対象
731,筑肥線,00,無し,波多江,22560.0,波多江駅さくがき,構内諸設備,柵垣,33.2,ｍ,30.2,ｍ,2,ｍ,1,箇所,対象
731,筑肥線,00,無し,筑前前原,25200.0,構内排水設備,構内排水設備,構内排水設備（給炭水）,129,ｍ,,,,,,,対象
731,筑肥線,00,無し,筑前前原,25200.0,構内諸設備１,構内諸設備,構内諸設備,,ｍ,,ｍ,,,,,対象
731,筑肥線,00,無し,筑前前原,25200.0,構内諸設備２,構内諸設備,土留,3,ｍ,,m2,,,,,対象
731,筑肥線,00,無し,筑前前原,25200.0,構内諸設備３,構内諸設備,柵垣,1,ｍ,,ｍ,,,,,対象
731,筑肥線,00,無し,筑前前原,25200.0,構内諸設備４,構内諸設備,作業通路（雑設備）,1,ｍ,,m2,,,,,対象
731,筑肥線,00,無し,筑前前原,25200.0,筑前前原駅作業通路,構内諸設備,作業通路（雑設備）,54.5,m2,83.3,ｍ,,,,,対象
731,筑肥線,00,無し,筑前前原,25200.0,筑前前原駅時刻案内標,構内諸設備,時刻案内表,4,箇所,1.7,ｍ,,,,,対象
731,筑肥線,00,無し,筑前前原,25200.0,走行路,走行路,走行路,137.6,ｍ,,,,,,,対象
731,筑肥線,00,無し,筑前前原,25200.0,検車洗浄設備その他,検査洗浄設備その他,車両検査台,,基,,箇所,,,,,対象
731,筑肥線,00,無し,加布里,27880.0,構内排水設備,構内排水設備,構内排水設備（給炭水）,47.1,ｍ,,,,,,,対象
731,筑肥線,00,無し,加布里,27880.0,構内諸設備１,構内諸設備,土留,,箇所,134.8,m2,,,,,対象
731,筑肥線,00,無し,加布里,27880.0,構内諸設備２,構内諸設備,柵垣,1,箇所,,ｍ,,,,,対象
731,筑肥線,00,無し,加布里,27880.0,構内諸設備３,構内諸設備,作業通路（雑設備）,,箇所,,m2,,,,,対象
731,筑肥線,00,無し,一貴山,29160.0,構内諸設備,構内諸設備,柵垣,1,箇所,335,ｍ,,,,,対象
731,筑肥線,00,無し,一貴山,29160.0,走行路,走行路,走行路,69,ｍ,,,,,,,対象
731,筑肥線,00,無し,筑前深江,32610.0,構内諸設備１,構内諸設備,土留,,箇所,12.4,m2,,,,,対象
731,筑肥線,00,無し,筑前深江,32610.0,構内諸設備２,構内諸設備,柵垣,1,箇所,605.5,ｍ,,,,,対象
731,筑肥線,00,無し,大入,36010.0,構内諸設備１,構内諸設備,時刻案内表,,箇所,1,箇所,,,,,対象
731,筑肥線,00,無し,大入,36010.0,構内諸設備２,構内諸設備,柵垣,1,箇所,629.5,m2,,,,,対象
731,筑肥線,00,無し,大入,36010.0,構内諸設備３,構内諸設備,作業通路（雑設備）,,箇所,9,m2,,,,,対象
731,筑肥線,00,無し,福吉,38650.0,構内排水設備,構内排水設備,構内排水設備（給炭水）,145.5,ｍ,,,,,,,対象
731,筑肥線,00,無し,福吉,38650.0,構内諸設備１,構内諸設備,構内諸設備,,箇所,1,箇所,,,,,対象
731,筑肥線,00,無し,福吉,38650.0,構内諸設備２,構内諸設備,土留,,箇所,17.9,m2,,,,,対象
731,筑肥線,00,無し,福吉,38650.0,構内諸設備３,構内諸設備,柵垣,,箇所,179.8,ｍ,,,,,対象
731,筑肥線,00,無し,福吉,38650.0,構内諸設備４,構内諸設備,作業通路（雑設備）,1,箇所,21,m2,,,,,対象
731,筑肥線,00,無し,鹿家,42700.0,構内排水設備,構内排水設備,構内排水設備（給炭水）,79,ｍ,,,,,,,対象
731,筑肥線,00,無し,鹿家,42700.0,構内諸設備１,構内諸設備,構内諸設備,1,箇所,1,箇所,,,,,対象
731,筑肥線,00,無し,鹿家,42700.0,構内諸設備２,構内諸設備,土留,,箇所,112.2,m2,,,,,対象
731,筑肥線,00,無し,鹿家,42700.0,構内諸設備３,構内諸設備,柵垣,,箇所,391.2,ｍ,,,,,対象
731,筑肥線,00,無し,鹿家,42700.0,構内諸設備４,構内諸設備,作業通路（雑設備）,,箇所,226.4,m2,,,,,対象
731,筑肥線,00,無し,浜崎,47880.0,構内排水設備,構内排水設備,構内排水設備（給炭水）,22.3,ｍ,,,,,,,対象
731,筑肥線,00,無し,浜崎,47880.0,構内諸設備１,構内諸設備,土留,,箇所,,m2,,,,,対象
731,筑肥線,00,無し,浜崎,47880.0,構内諸設備２,構内諸設備,柵垣,1,箇所,556.9,ｍ,,,,,対象
731,筑肥線,00,無し,浜崎,47880.0,構内諸設備３,構内諸設備,作業通路（雑設備）,,箇所,130.8,m2,,,,,対象
731,筑肥線,00,無し,浜崎,47880.0,走行路,走行路,走行路,266,ｍ,,,,,,,対象
731,筑肥線,00,無し,虹ノ松原,49970.0,構内諸設備,構内諸設備,柵垣,1,箇所,407.4,ｍ,,,,,対象
731,筑肥線,00,無し,肥前久保,65500.0,構内諸設備,構内諸設備,柵垣,1,箇所,24,ｍ,,,,,対象
731,筑肥線,00,無し,西相知,66950.0,構内諸設備,構内諸設備,作業通路（雑設備）,1,箇所,24.2,m2,,,,,対象
731,筑肥線,00,無し,佐里,68610.0,構内諸設備,構内諸設備,柵垣,2,箇所,67,ｍ,,,,,対象
731,筑肥線,00,無し,駒鳴,71410.0,構内諸設備,構内諸設備,柵垣,,箇所,42,ｍ,,,,,対象
731,筑肥線,00,無し,大川野,73280.0,構内諸設備１,構内諸設備,柵垣,,箇所,54,m2,,,,,対象
731,筑肥線,00,無し,大川野,73280.0,構内諸設備２,構内諸設備,作業通路（雑設備）,,箇所,27.5,m2,,,,,対象
731,筑肥線,00,無し,肥前長野,74650.0,構内諸設備,構内諸設備,柵垣,1,箇所,7.5,ｍ,,,,,対象
731,筑肥線,00,無し,桃川,77760.0,構内排水設備,構内排水設備,構内排水設備（給炭水）,94,ｍ,,,,,,,対象
731,筑肥線,00,無し,桃川,77760.0,構内諸設備,構内諸設備,柵垣,,箇所,114,m2,,,,,対象
731,筑肥線,00,無し,金石原,80070.0,構内諸設備,構内諸設備,柵垣,3,箇所,3,,,,,,対象
731,筑肥線,00,無し,上伊万里,84450.0,構内諸設備,構内諸設備,柵垣,1,箇所,184.9,ｍ,,,,,対象
731,筑肥線,00,無し,伊万里,86113.0,構内排水設備,構内排水設備,構内排水設備（給炭水）,194.5,ｍ,,,,,,,対象
731,筑肥線,00,無し,伊万里,86113.0,構内諸設備１,構内諸設備,土留,1,箇所,7.9,m2,,,,,対象
731,筑肥線,00,無し,伊万里,86113.0,構内諸設備２,構内諸設備,柵垣,1,箇所,272,ｍ,,,,,対象
731,筑肥線,00,無し,伊万里,86113.0,構内諸設備３,構内諸設備,作業通路（雑設備）,2,箇所,90.4,m2,,,,,対象
731,筑肥線,10,単線,美咲が丘,26780.0,構内排水設備,構内排水設備,構内排水設備,104.7,ｍ,0.2,ｍ,2,ｍ,0.6,ｍ,対象
731,筑肥線,10,単線,美咲が丘,26780.0,構内諸設備,構内諸設備,構内諸設備,167,ｍ,1.5,ｍ,,,,,対象
731,筑肥線,21,下り線,筑前前原,25200.0,筑前前原駅さくがき,構内諸設備,柵垣,24.6,ｍ,21.6,ｍ,3,ｍ,,,対象
731,筑肥線,23,上下線,筑前前原,25200.0,筑前前原柵垣8,構内諸設備,柵垣,9.7,ｍ,8.7,ｍ,1,ｍ,,,対象
737,三角線,00,無し,緑川,3960.0,構内諸設備〔０３〕柵垣,構内諸設備,柵垣,27,ｍ,27,ｍ,,,,,対象
737,三角線,00,無し,住吉,7190.0,構内諸設備〔０３〕柵垣,構内諸設備,柵垣,685.1,ｍ,685.1,ｍ,,,,,対象
737,三角線,00,無し,住吉,7190.0,構内諸設備〔０４〕土留,構内諸設備,土留,685.1,ｍ,685.1,ｍ,,,,,対象
737,三角線,00,無し,住吉,7190.0,構内諸設備〔０５〕諸設備,構内諸設備,構内諸設備,1,箇所,1,箇所,,,,,対象
737,三角線,00,無し,肥後長浜,11360.0,構内諸設備〔０３〕柵垣,構内諸設備,柵垣,67.8,ｍ,67.8,ｍ,,,,,対象
737,三角線,00,無し,肥後長浜,11360.0,構内諸設備〔０５〕諸設備,構内諸設備,構内諸設備,85,ｍ,85,ｍ,,,,,対象
737,三角線,00,無し,網田,14510.0,構内排水設備,構内排水設備,構内排水設備（給炭水）,19,ｍ,19,ｍ,,,,,対象
737,三角線,00,無し,網田,14510.0,構内諸設備〔０３〕柵垣,構内諸設備,柵垣,71.5,ｍ,71.5,ｍ,,,,,対象
737,三角線,00,無し,網田,14510.0,構内諸設備〔０４〕土留,構内諸設備,土留,3,m2,3,m2,,,,,対象
737,三角線,00,無し,網田,14510.0,構内諸設備〔０５〕諸設備,構内諸設備,構内諸設備,139,ｍ,139,ｍ,,,,,対象
737,三角線,00,無し,網田,14510.0,検査坑,検査坑（諸構築物）,検査坑（車庫工場）,8,ｍ,8,ｍ,,,,,対象
737,三角線,00,無し,赤瀬,18440.0,構内排水設備,構内排水設備,構内排水設備（給炭水）,14.9,ｍ,14.9,ｍ,,,,,対象
737,三角線,00,無し,赤瀬,18440.0,構内諸設備〔０５〕諸設備,構内諸設備,構内諸設備,1,箇所,1,箇所,,,,,対象
737,三角線,00,無し,石打ダム,19670.0,構内諸設備〔０３〕柵垣,構内諸設備,柵垣,107.2,ｍ,107.2,ｍ,,,,,対象
737,三角線,00,無し,石打ダム,19670.0,構内諸設備〔０４〕土留,構内諸設備,土留,27,m2,27,m2,,,,,対象
737,三角線,00,無し,石打ダム,19670.0,構内諸設備〔０５〕諸設備,構内諸設備,構内諸設備,98,ｍ,98,ｍ,,,,,対象
737,三角線,00,無し,波多浦,23460.0,構内諸設備〔０３〕柵垣,構内諸設備,柵垣,106.4,ｍ,106.4,ｍ,,,,,対象
737,三角線,00,無し,波多浦,23460.0,構内諸設備〔０４〕土留,構内諸設備,土留,15.6,m2,15.6,m2,,,,,対象
737,三角線,00,無し,三角,25400.0,立入防止柵,構内諸設備,雑設備その他,39,ｍ,,,,,,,対象
737,三角線,00,無し,三角,25510.0,構内排水設備,構内排水設備,構内排水設備（給炭水）,129.6,ｍ,129.6,ｍ,,,,,対象
737,三角線,00,無し,三角,25510.0,構内諸設備〔０２〕作業通路,構内諸設備,作業通路（雑設備）,71.3,ｍ,67.1,ｍ,4.2,ｍ,,,対象
737,三角線,00,無し,三角,25510.0,構内諸設備〔０３〕柵垣,構内諸設備,柵垣,356.6,ｍ,356.6,ｍ,,,,,対象
737,三角線,00,無し,三角,25510.0,構内諸設備〔０４〕土留,構内諸設備,土留,37.1,m2,37.1,m2,,,,,対象
737,三角線,00,無し,三角,25510.0,構内諸設備〔０５〕諸設備,構内諸設備,構内諸設備,1,個,10.1,,,,,,対象
737,三角線,00,無し,三角,25560.0,構内諸設備（柵垣）,構内諸設備,柵垣,20.31,ｍ,,,,,,,対象
737,三角線,10,単線,住吉,7190.0,検査坑,検査坑（諸構築物）,検査坑（車庫工場）,8,ｍ,8,ｍ,,,,,対象
737,三角線,51,側線１番,三角,25780.0,乗務員昇降台,構内諸設備,乗降台,1,式,,,,,,,対象
741,肥薩線,00,無し,坂本,10970.0,構内諸設備１,構内諸設備,柵垣,28.2,ｍ,28.2,ｍ,,,,,対象
741,肥薩線,00,無し,坂本,10970.0,構内諸設備２,構内諸設備,構内諸設備,,,,,,,,,対象
741,肥薩線,00,無し,坂本,10970.0,検査坑,検査坑（諸構築物）,検査坑（車庫工場）,4.5,ｍ,,,,,,,対象
741,肥薩線,00,無し,瀬戸石,19600.0,構内諸設備１,構内諸設備,構内諸設備,150,m2,150,m2,,,,,対象
741,肥薩線,00,無し,瀬戸石,19600.0,構内諸設備２,構内諸設備,柵垣,101,ｍ,101,ｍ,,,,,対象
741,肥薩線,00,無し,瀬戸石,19600.0,構内諸設備３,構内諸設備,土留,3.9,m2,3.9,m2,,,,,対象
741,肥薩線,00,無し,瀬戸石,19600.0,構内諸設備４,構内諸設備,構内諸設備,1,箇所,1,箇所,,,,,対象
741,肥薩線,00,無し,白石,29840.0,構内排水設備,構内排水設備,構内排水設備（給炭水）,21,ｍ,,,,,,,対象
741,肥薩線,00,無し,白石,29840.0,構内諸設備１,構内諸設備,作業通路（雑設備）,126.9,m2,126.9,m2,,,,,対象
741,肥薩線,00,無し,白石,29840.0,構内諸設備２,構内諸設備,柵垣,391.8,ｍ,391.8,ｍ,,,,,対象
741,肥薩線,00,無し,白石,29840.0,構内諸設備３,構内諸設備,土留,15,m2,15,m2,,,,,対象
741,肥薩線,00,無し,白石,29840.0,構内諸設備４,構内諸設備,構内諸設備,1,箇所,1,箇所,,,,,対象
741,肥薩線,00,無し,白石,29840.0,検査坑,検査坑（諸構築物）,検査坑（車庫工場）,4.5,ｍ,,,,,,,対象
741,肥薩線,00,無し,球泉洞,34890.0,構内諸設備,構内諸設備,柵垣,93.8,ｍ,93.8,ｍ,,,,,対象
741,肥薩線,00,無し,一勝地,39810.0,構内諸設備,構内諸設備,構内諸設備,1,箇所,1,箇所,,,,,対象
741,肥薩線,00,無し,一勝地,39810.0,検査坑,検査坑（諸構築物）,検査坑（車庫工場）,7.6,ｍ,,,,,,,対象
741,肥薩線,00,無し,那良口,42440.0,構内諸設備,構内諸設備,柵垣,204,ｍ,204,ｍ,,,,,対象
741,肥薩線,00,無し,渡,45270.0,構内排水設備,構内排水設備,構内排水設備（給炭水）,75.1,ｍ,,,,,,,対象
741,肥薩線,00,無し,渡,45270.0,構内諸設備１,構内諸設備,柵垣,116.3,ｍ,116.3,ｍ,,,,,対象
741,肥薩線,00,無し,渡,45270.0,構内諸設備２,構内諸設備,構内諸設備,1,箇所,1,箇所,,,,,対象
741,肥薩線,00,無し,西人吉,48410.0,構内諸設備１,構内諸設備,柵垣,33,ｍ,,,,,,,対象
741,肥薩線,00,無し,西人吉,48410.0,構内諸設備２,構内諸設備,構内諸設備,1,箇所,1,箇所,,,,,対象
741,肥薩線,00,無し,人吉,51770.0,構内排水設備１,構内排水設備,構内排水設備（給炭水）,512,ｍ,,,,,,,対象
741,肥薩線,00,無し,人吉,51770.0,構内排水設備２,構内排水設備,構内排水設備（給炭水）,827.5,ｍ,,,,,,,対象
741,肥薩線,00,無し,人吉,51770.0,構内諸設備１,構内諸設備,土留,250.1,ｍ,,,,,,,対象
741,肥薩線,00,無し,人吉,51770.0,構内諸設備２,構内諸設備,構内諸設備,1,箇所,1,箇所,,,,,対象
741,肥薩線,00,無し,人吉,51770.0,構内諸設備３,構内諸設備,作業通路（雑設備）,1456.8,m2,1456.8,m2,,,,,対象
741,肥薩線,00,無し,人吉,51770.0,構内諸設備４,構内諸設備,柵垣,39.3,ｍ,39.3,ｍ,,,,,対象
741,肥薩線,00,無し,人吉,51770.0,構内諸設備５,構内諸設備,土留,91.6,m2,91.6,m2,,,,,対象
741,肥薩線,00,無し,人吉,51770.0,検査坑,検査坑（諸構築物）,検査坑（車庫工場）,7,箇所,,,,,,,対象
741,肥薩線,00,無し,人吉,51770.0,機関車転車台,機関車転車台,機関車転車台,1,箇所,,,,,,,対象
741,肥薩線,00,無し,人吉,51770.0,車両洗浄設備１,車両洗浄設備,洗浄台,140,ｍ,140,ｍ,,,,,対象
741,肥薩線,00,無し,人吉,51770.0,車両洗浄設備２,車両洗浄設備,洗浄床,165.2,ｍ,165.2,ｍ,,,,,対象
741,肥薩線,00,無し,人吉,51770.0,給油設備,給油設備,分離槽,1,箇所,,,,,,,対象
741,肥薩線,00,無し,人吉,51770.0,人吉検査坑（検車1,検査坑,検査坑（検車洗浄）,56.5,ｍ,,,,,,,対象
741,肥薩線,00,無し,人吉,51770.0,給水設備,給水設備,給水設備（給炭水設備）,622,ｍ,,,,,,,対象
741,肥薩線,00,無し,人吉,51770.0,排水設備,排水設備,排水設備（給炭水）,31,ｍ,,,,,,,対象
741,肥薩線,00,無し,人吉,51770.0,人吉検査洗浄設備3,検査洗浄設備その他,検査洗浄設備その他,15,箇所,15,箇所,,,,,対象
741,肥薩線,00,無し,人吉,51770.0,検車洗浄設備１作業通路,検査洗浄設備その他,作業通路（検車洗浄）,52.6,m2,52.6,m2,,,,,対象
741,肥薩線,00,無し,人吉,51770.0,検車洗浄設備２作業場,検査洗浄設備その他,作業場（検車洗浄）,1933,m2,1933,m2,,,,,対象
741,肥薩線,00,無し,大畑,62230.0,構内排水設備,構内排水設備,構内排水設備（給炭水）,48,ｍ,,,,,,,対象
741,肥薩線,00,無し,大畑,62230.0,構内諸設備,構内諸設備,構内諸設備,1,箇所,1,箇所,,,,,対象
741,肥薩線,00,無し,大畑,62230.0,検査坑,検査坑（諸構築物）,検査坑（車庫工場）,7.5,ｍ,,,,,,,対象
741,肥薩線,00,無し,矢岳,71730.0,構内諸設備,構内諸設備,土留,4.5,m2,4.5,m2,,,,,対象
741,肥薩線,00,無し,矢岳,71730.0,検査坑,検査坑（諸構築物）,検査坑（車庫工場）,5.6,ｍ,,,,,,,対象
741,肥薩線,00,無し,真幸,78560.0,構内排水設備,構内排水設備,構内排水設備（給炭水）,228,ｍ,,,,,,,対象
741,肥薩線,00,無し,真幸,78560.0,構内諸設備,構内諸設備,構内諸設備,1,箇所,1,箇所,,,,,対象
741,肥薩線,00,無し,真幸,78560.0,検査坑,検査坑（諸構築物）,検査坑（車庫工場）,4.5,ｍ,,,,,,,対象
741,肥薩線,00,無し,吉松,85860.0,構内排水設備１,構内排水設備,構内排水設備（給炭水）,66.8,ｍ,50,ｍ,16.8,ｍ,,,対象
741,肥薩線,00,無し,吉松,85860.0,構内排水設備２,構内排水設備,構内排水設備（給炭水）,47,ｍ,25,ｍ,22,ｍ,,,対象
741,肥薩線,00,無し,吉松,85860.0,構内排水設備３,構内排水設備,構内排水設備（給炭水）,1286.5,ｍ,,,,,,,対象
741,肥薩線,00,無し,吉松,85860.0,構内諸設備１,構内諸設備,作業通路（雑設備）,,箇所,,箇所,,,,,対象
741,肥薩線,00,無し,吉松,85860.0,構内諸設備２,構内諸設備,柵垣,,箇所,,箇所,,,,,対象
741,肥薩線,00,無し,吉松,85860.0,構内諸設備３,構内諸設備,土留,,箇所,,箇所,,,,,対象
741,肥薩線,00,無し,吉松,85860.0,構内諸設備４,構内諸設備,構内諸設備,,箇所,,箇所,,,,,対象
741,肥薩線,00,無し,吉松,85860.0,保守基地設備,雑構築物その他,雑構築物その他,316,,,,,,,,対象外
741,肥薩線,00,無し,栗野,93400.0,構内排水設備,構内排水設備,構内排水設備（給炭水）,141,ｍ,,,,,,,対象
741,肥薩線,00,無し,栗野,93400.0,構内諸設備,構内諸設備,構内諸設備,114,箇所,114,箇所,22.8,ｍ,,,対象
741,肥薩線,00,無し,栗野,93400.0,走行路,走行路,走行路,19,ｍ,,,,,,,対象
741,肥薩線,00,無し,栗野,93400.0,検査坑,検査坑（諸構築物）,検査坑（車庫工場）,13.7,ｍ,,,,,,,対象
741,肥薩線,00,無し,栗野,93400.0,排水設備,排水設備,排水設備（給炭水）,1,箇所,,,,,,,対象
741,肥薩線,00,無し,大隅横川,99880.0,構内排水設備,構内排水設備,構内排水設備（給炭水）,297.4,ｍ,39.4,ｍ,150,ｍ,108,ｍ,対象
741,肥薩線,00,無し,大隅横川,99880.0,構内諸設備１,構内諸設備,柵垣,3,箇所,,箇所,17.5,ｍ,32.5,ｍ,対象
741,肥薩線,00,無し,大隅横川,99880.0,構内諸設備２,構内諸設備,構内諸設備,,箇所,,箇所,,,,,対象
741,肥薩線,00,無し,大隅横川,99880.0,作業通路,構内諸設備,作業通路（雑設備）,60,m2,,,,,,,対象
741,肥薩線,00,無し,植村,102760.0,構内排水設備,構内排水設備,構内排水設備（給炭水）,6,ｍ,,,,,,,対象外
741,肥薩線,00,無し,植村,102760.0,構内諸設備,構内諸設備,構内諸設備,1,箇所,1,箇所,,,,,対象
741,肥薩線,00,無し,霧島温泉,105590.0,構内排水設備,構内排水設備,構内排水設備（給炭水）,84,ｍ,,,,,,,対象外
741,肥薩線,00,無し,霧島温泉,105590.0,構内諸設備１,構内諸設備,作業通路（雑設備）,1,箇所,1,箇所,,,,,対象
741,肥薩線,00,無し,霧島温泉,105590.0,構内諸設備２,構内諸設備,構内諸設備,1,箇所,1,箇所,,,,,対象
741,肥薩線,00,無し,霧島温泉,105590.0,検査坑,検査坑（諸構築物）,検査坑（車庫工場）,5.1,ｍ,,,,,,,対象外
741,肥薩線,00,無し,霧島温泉,105590.0,排水設備,排水設備,排水設備（給炭水）,1,箇所,,,,,,,対象外
741,肥薩線,00,無し,嘉例川,111380.0,構内排水設備,構内排水設備,構内排水設備（給炭水）,66.4,ｍ,,,,,,,対象外
741,肥薩線,00,無し,嘉例川,111380.0,構内諸設備,構内諸設備,構内諸設備,1,箇所,1,箇所,,,,,対象
741,肥薩線,00,無し,嘉例川,111380.0,保守基地設備,雑構築物その他,雑構築物その他,68,,,,,,,,対象外
741,肥薩線,00,無し,中福良,113460.0,構内諸設備,構内諸設備,構内諸設備,1,箇所,1,箇所,,,,,対象
741,肥薩線,00,無し,表木山,115890.0,構内諸設備,構内諸設備,構内諸設備,1,箇所,1,箇所,12,ｍ,,,対象
741,肥薩線,00,無し,日当山,120710.0,構内諸設備,構内諸設備,柵垣,1,箇所,1,箇所,,,,,対象
741,肥薩線,10,単線,人吉,51770.0,人吉－柵垣1－右,構内諸設備,構内柵,56,ｍ,,,,,,,対象
741,肥薩線,10,単線,吉松,85860.0,柵垣,構内諸設備,柵垣,80,ｍ,40,ｍ,40,ｍ,,,対象
741,肥薩線,10,単線,大隅横川,99995.0,立入防止柵(桧),構内諸設備,構内諸設備,2.4,ｍ,,,,,,,対象
741,肥薩線,10,単線,霧島温泉,105578.0,立入防止柵,構内諸設備,構内諸設備,8,ｍ,,,,,,,対象
741,肥薩線,10,単線,霧島温泉,105600.0,霧島温泉構内諸設備3,構内諸設備,構内諸設備,1,基,1,基,,,,,対象
741,肥薩線,10,単線,表木山,115800.0,,構内諸設備,構内柵,108,ｍ,,,,,,,対象
747,指宿枕崎線,00,無し,郡元,2240.0,,構内諸設備,柵垣,,,,,,,,,対象
747,指宿枕崎線,00,無し,南鹿児島,3480.0,構内排水設備,構内排水設備,構内排水設備（給炭水）,237,ｍ,,,,,,,対象
747,指宿枕崎線,00,無し,南鹿児島,3480.0,構内諸設備１,構内諸設備,柵垣,1,箇所,102.9,ｍ,,,,,対象
747,指宿枕崎線,00,無し,南鹿児島,3480.0,構内諸設備２,構内諸設備,土留,,箇所,169.1,m2,,,,,対象
747,指宿枕崎線,00,無し,宇宿,4940.0,構内諸設備１,構内諸設備,柵垣,1,箇所,1,箇所,,,,,対象
747,指宿枕崎線,00,無し,宇宿,4940.0,構内諸設備２,構内諸設備,構内諸設備,,箇所,,箇所,,,,,対象
747,指宿枕崎線,00,無し,谷山,7430.0,構内排水設備,構内排水設備,構内排水設備（給炭水）,259.5,ｍ,,,,,,,対象外
747,指宿枕崎線,00,無し,谷山,7430.0,構内諸設備１,構内諸設備,柵垣,,箇所,,箇所,,,,,対象外
747,指宿枕崎線,00,無し,谷山,7430.0,構内諸設備２,構内諸設備,土留,,箇所,,箇所,,,,,対象外
747,指宿枕崎線,00,無し,谷山,7430.0,構内諸設備３,構内諸設備,構内諸設備,2,箇所,2,箇所,,,,,対象外
747,指宿枕崎線,00,無し,谷山,7430.0,検査坑,検査坑（諸構築物）,検査坑（車庫工場）,5,ｍ,,,,,,,対象外
747,指宿枕崎線,00,無し,谷山,7430.0,排水設備,排水設備,排水設備（給炭水）,1,箇所,,,,,,,対象外
747,指宿枕崎線,00,無し,慈眼寺,9190.0,構内排水設備,構内排水設備,構内排水設備（給炭水）,322.3,ｍ,,,,,,,対象外
747,指宿枕崎線,00,無し,慈眼寺,9190.0,庭園設備,庭園設備,庭園設備,,箇所,,,,,,,対象外
747,指宿枕崎線,00,無し,慈眼寺,9190.0,構内諸設備,構内諸設備,構内諸設備,280.3,ｍ,280.3,ｍ,,,,,対象外
747,指宿枕崎線,00,無し,坂之上,11250.0,構内諸設備１,構内諸設備,柵垣,,箇所,,箇所,,,,,対象
747,指宿枕崎線,00,無し,坂之上,11250.0,構内諸設備２,構内諸設備,構内諸設備,,箇所,,箇所,,,,,対象
747,指宿枕崎線,00,無し,五位野,14130.0,構内排水設備,構内排水設備,構内排水設備（給炭水）,70,ｍ,,,,,,,対象
747,指宿枕崎線,00,無し,五位野,14130.0,構内諸設備3,構内諸設備,柵垣,1,箇所,2.8,ｍ,,,,,対象
747,指宿枕崎線,00,無し,五位野,14130.0,構内諸設備１,構内諸設備,構内諸設備,,箇所,,箇所,,,,,対象
747,指宿枕崎線,00,無し,五位野,14130.0,構内諸設備２,構内諸設備,柵垣,,箇所,78,ｍ,30,ｍ,,ｍ,対象
747,指宿枕崎線,00,無し,平川,17220.0,構内諸設備,構内諸設備,柵垣,1,箇所,84.9,ｍ,,,,,対象
747,指宿枕崎線,00,無し,瀬々串,20580.0,構内排水設備,構内排水設備,構内排水設備（給炭水）,68.5,ｍ,,,,,,,対象
747,指宿枕崎線,00,無し,瀬々串,20580.0,構内諸設備１,構内諸設備,柵垣,,箇所,151,ｍ,24.5,ｍ,,,対象
747,指宿枕崎線,00,無し,瀬々串,20580.0,構内諸設備２,構内諸設備,構内諸設備,24.5,ｍ,24.5,ｍ,,,,,対象
747,指宿枕崎線,00,無し,中名,23915.0,構内諸設備,構内諸設備,その他安全柵,4,ｍ,4,ｍ,,,,,対象外
747,指宿枕崎線,00,無し,中名,24010.0,構内排水設備,構内排水設備,構内排水設備（給炭水）,51.3,ｍ,,,,,,,対象
747,指宿枕崎線,00,無し,中名,24010.0,構内諸設備,構内諸設備,柵垣,1,箇所,180.6,ｍ,,,,,対象
747,指宿枕崎線,00,無し,中名,24040.0,構内諸設備,構内諸設備,その他安全柵,2,ｍ,2,ｍ,,,,,対象外
747,指宿枕崎線,00,無し,喜入,26610.0,構内排水設備,構内排水設備,構内排水設備（給炭水）,56.6,ｍ,,,,,,,対象
747,指宿枕崎線,00,無し,喜入,26610.0,構内諸設備１,構内諸設備,作業通路（雑設備）,,箇所,327,m2,,,,,対象
747,指宿枕崎線,00,無し,喜入,26610.0,構内諸設備２,構内諸設備,柵垣,,箇所,444.2,ｍ,,,,,対象
747,指宿枕崎線,00,無し,喜入,26610.0,構内諸設備３,構内諸設備,構内諸設備,,箇所,,箇所,,,,,対象
747,指宿枕崎線,00,無し,喜入,26610.0,検査坑,検査坑（諸構築物）,検査坑（車庫工場）,5,ｍ,,,,,,,対象
747,指宿枕崎線,00,無し,喜入,26610.0,給水設備,給水設備（諸構築物）,給水設備（雑構築物）,1,箇所,,,,,,,対象
747,指宿枕崎線,00,無し,喜入,26610.0,保守基地設備,雑構築物その他,雑構築物その他,135,ｍ,,,,,,,対象
747,指宿枕崎線,00,無し,前之浜,30350.0,構内諸設備１,構内諸設備,柵垣,,箇所,363.6,ｍ,,,,,対象
747,指宿枕崎線,00,無し,前之浜,30350.0,構内諸設備２,構内諸設備,構内諸設備,1,箇所,1,箇所,,,,,対象
747,指宿枕崎線,00,無し,生見,34970.0,構内諸設備,構内諸設備,柵垣,1,箇所,147,ｍ,30,ｍ,,,対象
747,指宿枕崎線,00,無し,生見,34970.0,保守基地設備,雑構築物その他,雑構築物その他,93,ｍ,,,,,,,対象
747,指宿枕崎線,00,無し,薩摩今和泉,37880.0,構内諸設備１,構内諸設備,柵垣,1,箇所,319.3,ｍ,,,,,対象
747,指宿枕崎線,00,無し,薩摩今和泉,37880.0,構内諸設備２,構内諸設備,土留,,箇所,,箇所,,,,,対象
747,指宿枕崎線,00,無し,薩摩今和泉,37880.0,線路立入防止柵,構内諸設備,構内諸設備,1,箇所,10,ｍ,,,,,対象外
747,指宿枕崎線,00,無し,宮ヶ浜,40650.0,さくがき,構内諸設備,柵垣,1,箇所,233.8,ｍ,,,,,対象
747,指宿枕崎線,00,無し,二月田,43430.0,構内諸設備,構内諸設備,柵垣,1,箇所,39.5,ｍ,88.5,ｍ,,,対象
747,指宿枕崎線,00,無し,指宿,45710.0,構内排水設備,構内排水設備,構内排水設備（給炭水）,162,ｍ,,,,,,,対象
747,指宿枕崎線,00,無し,指宿,45710.0,構内諸設備１,構内諸設備,作業通路（雑設備）,,箇所,324.1,m2,,,,,対象
747,指宿枕崎線,00,無し,指宿,45710.0,構内諸設備２,構内諸設備,柵垣,1,箇所,330,ｍ,,,,,対象
747,指宿枕崎線,00,無し,指宿,45710.0,構内諸設備３,構内諸設備,構内諸設備,,箇所,,箇所,,,,,対象
747,指宿枕崎線,00,無し,指宿,45710.0,走行路,走行路,走行路,770.9,m2,,,,,,,対象
747,指宿枕崎線,00,無し,指宿,45710.0,検査坑,検査坑（諸構築物）,検査坑（車庫工場）,11.3,ｍ,,,,,,,対象
747,指宿枕崎線,00,無し,山川,50040.0,構内排水設備,構内排水設備,構内排水設備（給炭水）,45,ｍ,,,,,,,対象
747,指宿枕崎線,00,無し,山川,50040.0,構内諸設備１,構内諸設備,作業通路（雑設備）,1,箇所,8.8,m2,,,,,対象
747,指宿枕崎線,00,無し,山川,50040.0,構内諸設備２,構内諸設備,柵垣,,箇所,36,ｍ,45,ｍ,,,対象
747,指宿枕崎線,00,無し,大山,54220.0,保守基地設備,雑構築物その他,雑構築物その他,61,ｍ,,,,,,,対象
747,指宿枕崎線,00,無し,開聞,60990.0,構内諸設備,構内諸設備,柵垣,1,箇所,1.2,ｍ,,,,,対象
747,指宿枕崎線,00,無し,御領,70350.0,構内諸設備,構内諸設備,柵垣,1,箇所,24,ｍ,,,,,対象外
747,指宿枕崎線,00,無し,石垣,72760.0,構内諸設備,構内諸設備,柵垣,1,箇所,1,箇所,,,,,対象
747,指宿枕崎線,00,無し,薩摩塩屋,79870.0,構内諸設備,構内諸設備,柵垣,1,箇所,46,ｍ,,,,,対象
747,指宿枕崎線,00,無し,薩摩塩屋,79870.0,検査坑,検査坑（諸構築物）,検査坑（車庫工場）,4.4,ｍ,,,,,,,対象
747,指宿枕崎線,00,無し,薩摩塩屋,79870.0,保守基地設備,雑構築物その他,雑構築物その他,62,ｍ,,,,,,,対象外
747,指宿枕崎線,10,単線,郡元,2240.0,,構内諸設備,構内諸設備,,,,,,,,,対象
747,指宿枕崎線,10,単線,宇宿,4940.0,,構内諸設備,柵垣,,,,,,,,,対象
747,指宿枕崎線,10,単線,谷山,7430.0,駐車場,駐車場,駐車場,420,m2,,,,,,,対象外
747,指宿枕崎線,10,単線,瀬々串,20564.5,柵垣,構内諸設備,柵垣,44,ｍ,,,,,,,対象
747,指宿枕崎線,10,単線,瀬々串,20580.0,立入防止柵,構内諸設備,構内諸設備,9,ｍ,1.2,ｍ,,,,,対象外
747,指宿枕崎線,10,単線,瀬々串,20580.0,駐車場,駐車場,駐車場,131,m2,,,,,,,対象
747,指宿枕崎線,10,単線,瀬々串,20581.0,立入防止柵,構内諸設備,構内諸設備,1,箇所,59,ｍ,,,,,対象
747,指宿枕崎線,10,単線,瀬々串,20582.0,線路立入防止柵,構内諸設備,構内諸設備,12.6,ｍ,1.5,ｍ,,,,,対象
747,指宿枕崎線,10,単線,瀬々串,20750.0,立入防止柵,構内諸設備,構内諸設備,9,ｍ,1.5,ｍ,,,,,対象外
747,指宿枕崎線,10,単線,瀬々串,20785.0,立入防止柵,構内諸設備,構内諸設備,2,ｍ,1.5,ｍ,,,,,対象外
747,指宿枕崎線,10,単線,薩摩今和泉,37853.0,柵垣,構内諸設備,柵垣,16,ｍ,,,,,,,対象
747,指宿枕崎線,10,単線,薩摩今和泉,37880.0,線路立入防止柵,構内諸設備,構内諸設備,5,ｍ,1.5,ｍ,,,,,対象
747,指宿枕崎線,10,単線,指宿,45600.5,柵垣,構内諸設備,柵垣,11,ｍ,,,,,,,対象
747,指宿枕崎線,10,単線,山川,50040.0,立入防止柵,構内諸設備,構内諸設備,1,箇所,87.8,ｍ,,,,,対象
747,指宿枕崎線,10,単線,西頴娃,67670.0,走行路,走行路,走行路,1,箇所,45,ｍ,,,,,対象
747,指宿枕崎線,10,単線,薩摩今和泉,79749.0,簡易落石止柵,構内諸設備,簡易落石止柵,12,ｍ,,,,,,,対象外
747,指宿枕崎線,10,単線,薩摩今和泉,79749.0,簡易落石止柵,構内諸設備,簡易落石止柵,12,ｍ,,,,,,,対象外
747,指宿枕崎線,23,上下線,谷山,7530.0,谷山 作業通路（雑設備）１,構内諸設備,作業通路（雑設備）,1,箇所,2.8,m2,,,,,対象
747,指宿枕崎線,23,上下線,谷山,7530.0,谷山 作業通路（雑設備）２,構内諸設備,作業通路（雑設備）,0,箇所,2.8,m2,,,,,対象
747,指宿枕崎線,23,上下線,慈眼寺,9160.0,慈眼寺 作業通路（雑設備）１,構内諸設備,作業通路（雑設備）,1,箇所,2.8,m2,,,,,対象
747,指宿枕崎線,23,上下線,慈眼寺,9160.0,慈眼寺 作業通路（雑設備）２,構内諸設備,作業通路（雑設備）,0,箇所,2.8,m2,,,,,対象
753,長崎本線,00,無し,肥前麓,4160.0,構内諸設備１,構内諸設備,柵垣,1,箇所,117.8,ｍ,,,,,対象
753,長崎本線,00,無し,肥前麓,4160.0,構内諸設備２,構内諸設備,構内諸設備,,箇所,1,箇所,,,,,対象
753,長崎本線,00,無し,中原,8550.0,構内諸設備,構内諸設備,柵垣,1,箇所,407.5,ｍ,,,,,対象
753,長崎本線,00,無し,吉野ヶ里公園,13140.0,構内排水設備,構内排水設備,構内排水設備（給炭水）,100.9,ｍ,,,,,,,対象
753,長崎本線,00,無し,吉野ヶ里公園,13140.0,構内諸設備１,構内諸設備,作業通路（雑設備）,1,箇所,,m2,,,,,対象
753,長崎本線,00,無し,吉野ヶ里公園,13140.0,構内諸設備２,構内諸設備,柵垣,,箇所,72,ｍ,,,,,対象
753,長崎本線,00,無し,吉野ヶ里公園,13140.0,構内諸設備３,構内諸設備,構内諸設備,,箇所,500,m2,,,,,対象
753,長崎本線,00,無し,神埼,15670.0,構内排水設備,構内排水設備,構内排水設備（給炭水）,16,ｍ,,,,,,,対象
753,長崎本線,00,無し,神埼,15670.0,構内諸設備１,構内諸設備,作業通路（雑設備）,,箇所,38.2,m2,,,,,対象
753,長崎本線,00,無し,神埼,15670.0,構内諸設備２,構内諸設備,柵垣,1,箇所,140.5,ｍ,,,,,対象
753,長崎本線,00,無し,神埼,15670.0,構内諸設備３,構内諸設備,土留,,箇所,189.2,m2,,,,,対象
753,長崎本線,00,無し,神埼,15670.0,構内諸設備４,構内諸設備,構内諸設備,,箇所,,箇所,,,,,対象
753,長崎本線,00,無し,伊賀屋,20180.0,構内諸設備１,構内諸設備,作業通路（雑設備）,,箇所,33.3,m2,,,,,対象
753,長崎本線,00,無し,伊賀屋,20180.0,構内諸設備２,構内諸設備,柵垣,,箇所,250,ｍ,,,,,対象
753,長崎本線,00,無し,伊賀屋,20180.0,構内諸設備３,構内諸設備,土留,1,箇所,,m2,,,,,対象
753,長崎本線,00,無し,佐賀,24980.0,構内排水設備,構内排水設備,構内排水設備（給炭水）,347,ｍ,,,,,,,対象
753,長崎本線,00,無し,佐賀,24980.0,構内諸設備１,構内諸設備,作業通路（雑設備）,1,箇所,,m2,,,,,対象
753,長崎本線,00,無し,佐賀,24980.0,構内諸設備２,構内諸設備,柵垣,,箇所,429.4,ｍ,,,,,対象
753,長崎本線,00,無し,佐賀,24980.0,構内諸設備３,構内諸設備,土留,,箇所,,m2,,,,,対象
753,長崎本線,00,無し,佐賀,24980.0,構内諸設備４,構内諸設備,構内諸設備,,箇所,,箇所,,,,,対象
753,長崎本線,00,無し,佐賀,24980.0,構内諸設備５,構内諸設備,時刻案内表,,箇所,4,箇所,,,,,対象
753,長崎本線,00,無し,佐賀,24980.0,検車洗浄設備その他,検査洗浄設備その他,検査洗浄設備その他,1,箇所,1,箇所,,,,,対象
753,長崎本線,00,無し,鍋島,28060.0,構内排水設備,構内排水設備,構内排水設備（給炭水）,276.2,ｍ,,,,,,,対象
753,長崎本線,00,無し,鍋島,28060.0,構内諸設備１,構内諸設備,作業通路（雑設備）,1,箇所,,m2,,,,,対象
753,長崎本線,00,無し,鍋島,28060.0,構内諸設備２,構内諸設備,柵垣,,箇所,100,ｍ,,,,,対象
753,長崎本線,00,無し,鍋島,28060.0,走行路,走行路,走行路,210,ｍ,,,,,,,対象
753,長崎本線,00,無し,久保田,31460.0,構内排水設備,構内排水設備,構内排水設備（給炭水）,286.5,ｍ,,,,,,,対象
753,長崎本線,00,無し,久保田,31460.0,構内諸設備１,構内諸設備,作業通路（雑設備）,1,箇所,,m2,,,,,対象
753,長崎本線,00,無し,久保田,31460.0,構内諸設備２,構内諸設備,柵垣,,箇所,67.5,ｍ,,,,,対象
753,長崎本線,00,無し,久保田,31460.0,構内諸設備３,構内諸設備,土留,,箇所,23.6,m2,,,,,対象
753,長崎本線,00,無し,久保田,31460.0,走行路,走行路,走行路,1483,ｍ,,,,,,,対象
753,長崎本線,00,無し,牛津,34280.0,構内排水設備,構内排水設備,構内排水設備（給炭水）,15,ｍ,,,,,,,対象
753,長崎本線,00,無し,牛津,34280.0,構内諸設備１,構内諸設備,作業通路（雑設備）,,箇所,,m2,,,,,対象
753,長崎本線,00,無し,牛津,34280.0,構内諸設備２,構内諸設備,柵垣,1,箇所,668.3,ｍ,,,,,対象
753,長崎本線,00,無し,牛津,34280.0,構内諸設備３,構内諸設備,土留,,箇所,51.7,m2,,,,,対象
753,長崎本線,00,無し,肥前山口,39670.0,構内排水設備,構内排水設備,構内排水設備（給炭水）,43.5,ｍ,,,,,,,対象
753,長崎本線,00,無し,肥前山口,39670.0,構内諸設備１,構内諸設備,構内諸設備,2,箇所,2,箇所,,,,,対象
753,長崎本線,00,無し,肥前山口,39670.0,構内諸設備２,構内諸設備,柵垣,,箇所,604.8,ｍ,,,,,対象
753,長崎本線,00,無し,肥前山口,39670.0,構内諸設備３,構内諸設備,作業通路（雑設備）,1,箇所,1131.3,m2,,,,,対象
753,長崎本線,00,無し,肥前山口,39670.0,じんかい処理装置,雑設備その他,雑設備その他,1,箇所,,,,,,,対象
753,長崎本線,00,無し,肥前白石,44740.0,構内排水設備,構内排水設備,構内排水設備（給炭水）,85.1,ｍ,,,,,,,対象
753,長崎本線,00,無し,肥前白石,44740.0,構内諸設備１,構内諸設備,土留,,箇所,31.3,m2,,,,,対象
753,長崎本線,00,無し,肥前白石,44740.0,構内諸設備２,構内諸設備,柵垣,,箇所,504.4,ｍ,43.5,ｍ,,,対象
753,長崎本線,00,無し,肥前白石,44740.0,構内諸設備３,構内諸設備,作業通路（雑設備）,1,箇所,11.5,m2,,,,,対象
753,長崎本線,00,無し,肥前竜王,49480.0,構内排水設備,構内排水設備,構内排水設備（給炭水）,24,ｍ,,,,,,,対象
753,長崎本線,00,無し,肥前竜王,49480.0,構内諸設備１,構内諸設備,作業通路（雑設備）,1,箇所,352,m2,,,,,対象
753,長崎本線,00,無し,肥前竜王,49480.0,構内諸設備２,構内諸設備,柵垣,,箇所,130,ｍ,,,,,対象
753,長崎本線,00,無し,肥前鹿島,54660.0,構内排水設備,構内排水設備,構内排水設備（給炭水）,402.2,ｍ,,,,,,,対象
753,長崎本線,00,無し,肥前鹿島,54660.0,構内諸設備１,構内諸設備,土留,,箇所,110.4,m2,,,,,対象
753,長崎本線,00,無し,肥前鹿島,54660.0,構内諸設備２,構内諸設備,柵垣,,箇所,125.2,ｍ,133.3,ｍ,,,対象
753,長崎本線,00,無し,肥前鹿島,54660.0,構内諸設備３,構内諸設備,作業通路（雑設備）,1,箇所,427.7,m2,,,,,対象
753,長崎本線,00,無し,肥前鹿島,54660.0,構内諸設備４,構内諸設備,構内諸設備,,箇所,539,ｍ,,,,,対象
753,長崎本線,00,無し,肥前鹿島,54660.0,構内諸設備５,構内諸設備,柵垣,,箇所,16,ｍ,63.1,ｍ,,,対象
753,長崎本線,00,無し,肥前浜,57630.0,構内諸設備１,構内諸設備,作業通路（雑設備）,1,箇所,17,m2,,,,,対象
753,長崎本線,00,無し,肥前浜,57630.0,構内諸設備２,構内諸設備,柵垣,,箇所,175.7,ｍ,,,,,対象
753,長崎本線,00,無し,肥前浜,57630.0,構内諸設備３,構内諸設備,土留,,箇所,45.8,m2,,,,,対象
753,長崎本線,00,無し,肥前七浦,61520.0,構内諸設備１,構内諸設備,作業通路（雑設備）,1,箇所,25.9,m2,,,,,対象
753,長崎本線,00,無し,肥前七浦,61520.0,構内諸設備２,構内諸設備,柵垣,,箇所,38.3,ｍ,,,,,対象
753,長崎本線,00,無し,肥前飯田,63680.0,構内排水設備,構内排水設備,構内排水設備（給炭水）,446.1,ｍ,,,,,,,対象
753,長崎本線,00,無し,肥前飯田,63680.0,構内諸設備１,構内諸設備,柵垣,1,箇所,1,箇所,,,,,対象
753,長崎本線,00,無し,肥前飯田,63680.0,構内諸設備２,構内諸設備,構内諸設備,,箇所,220,ｍ,,,,,対象
753,長崎本線,00,無し,多良,67780.0,排水設備,構内排水設備,構内排水設備（給炭水）,1,箇所,,,,,,,対象
753,長崎本線,00,無し,多良,67780.0,給水設備,構内諸設備,構内排水設備,1,箇所,,,,,,,対象
753,長崎本線,00,無し,多良,67780.0,構内諸設備１,構内諸設備,構内諸設備,,箇所,50,ｍ,,,,,対象
753,長崎本線,00,無し,多良,67780.0,構内諸設備２,構内諸設備,土留,,箇所,151,m2,,,,,対象
753,長崎本線,00,無し,多良,67780.0,構内諸設備３,構内諸設備,柵垣,,箇所,649.3,ｍ,,,,,対象
753,長崎本線,00,無し,多良,67780.0,構内諸設備４,構内諸設備,作業通路（雑設備）,1,箇所,668.6,m2,,,,,対象
753,長崎本線,00,無し,里（信）,72300.0,構内諸設備１,構内諸設備,構内諸設備,2,箇所,240,ｍ,,,,,対象外
753,長崎本線,00,無し,里（信）,72300.0,構内諸設備２,構内諸設備,作業通路（雑設備）,,箇所,9.8,m2,,,,,対象
753,長崎本線,00,無し,里（信）,72300.0,構内諸設備（さくがき左）,構内諸設備,柵垣,,ｍ,9.8,ｍ,,,,,対象
753,長崎本線,00,無し,里（信）,72300.0,構内諸設備（さくがき右）,構内諸設備,柵垣,,ｍ,9.8,ｍ,,,,,対象
753,長崎本線,00,無し,肥前大浦,75700.0,構内排水設備,構内排水設備,構内排水設備（給炭水）,73.5,ｍ,,,,,,,対象
753,長崎本線,00,無し,肥前大浦,75700.0,構内諸設備１,構内諸設備,柵垣,,箇所,514.5,ｍ,,,,,対象
753,長崎本線,00,無し,肥前大浦,75700.0,構内諸設備２,構内諸設備,作業通路（雑設備）,1,箇所,69.1,m2,,,,,対象
753,長崎本線,00,無し,肥前大浦,75700.0,排水設備,排水設備,排水設備（給炭水）,1,箇所,,,,,,,対象
753,長崎本線,00,無し,土井崎（信）,79030.0,構内諸設備,構内諸設備,構内諸設備,2,箇所,500,ｍ,,,,,対象
753,長崎本線,00,無し,小長井,82380.0,構内排水設備,構内排水設備,構内排水設備（給炭水）,10,ｍ,,,,,,,対象
753,長崎本線,00,無し,小長井,82380.0,構内諸設備１,構内諸設備,柵垣,,箇所,234.2,ｍ,,,,,対象
753,長崎本線,00,無し,小長井,82380.0,構内諸設備２,構内諸設備,土留,2,箇所,24.8,m2,,,,,対象
753,長崎本線,00,無し,小長井,82380.0,構内諸設備３,構内諸設備,構内諸設備,,箇所,,,,,,,対象
753,長崎本線,00,無し,小長井,82380.0,排水設備,排水設備,排水設備（給炭水）,1,箇所,,,,,,,対象
753,長崎本線,00,無し,長里,84780.0,構内排水設備,構内排水設備,構内排水設備（給炭水）,153.7,ｍ,,,,,,,対象
753,長崎本線,00,無し,長里,84780.0,構内諸設備（さくがき）,構内諸設備,柵垣,1,箇所,40.2,ｍ,,,,,対象
753,長崎本線,00,無し,湯江,87650.0,構内諸設備,構内諸設備,構内諸設備,4,箇所,3,箇所,,,,,対象
753,長崎本線,00,無し,湯江,87650.0,その他,雑設備その他,雑設備その他,,箇所,,,,,,,対象
753,長崎本線,00,無し,湯江,87650.0,排水設備,排水設備,排水設備（給炭水）,1,箇所,,,,,,,対象
753,長崎本線,00,無し,小江,90870.0,構内排水設備,構内排水設備,構内排水設備（給炭水）,1,ｍ,,,,,,,対象
753,長崎本線,00,無し,小江,90870.0,構内諸設備,構内諸設備,構内諸設備,3,箇所,,箇所,,,,,対象
753,長崎本線,00,無し,小江,90870.0,構内諸設備(門扉）91090,構内諸設備,柵垣,1.4,ｍ,,ｍ,,,,,対象
753,長崎本線,00,無し,肥前長田,95570.0,構内諸設備,構内諸設備,構内諸設備,,箇所,,箇所,,,,,対象
753,長崎本線,00,無し,肥前長田,95570.0,排水設備,排水設備,排水設備（給炭水）,1,箇所,,,,,,,対象
753,長崎本線,00,無し,東諫早,97740.0,構内諸設備,構内諸設備,構内諸設備,2,箇所,,箇所,,,,,対象
753,長崎本線,00,無し,諫早,100400.0,構内諸設備,構内諸設備,構内諸設備,6,箇所,,箇所,,,,,対象
753,長崎本線,00,無し,諫早,100400.0,雑設備その他（９９９）,雑設備その他,雑設備その他,,箇所,,,,,,,対象
753,長崎本線,00,無し,西諫早,103190.0,構内諸設備,構内諸設備,構内諸設備,2,箇所,,箇所,,,,,対象
753,長崎本線,00,無し,喜々津,106930.0,構内排水設備,構内排水設備,構内排水設備（給炭水）,8,ｍ,,,,,,,対象
753,長崎本線,00,無し,喜々津,106930.0,構内諸設備,構内諸設備,構内諸設備,10,箇所,,箇所,,,,,対象
753,長崎本線,00,無し,喜々津,106930.0,排水設備,排水設備,排水設備（給炭水）,1,箇所,,,,,,,対象
753,長崎本線,00,無し,市布,109550.0,構内排水設備,構内排水設備,構内排水設備（給炭水）,58.3,ｍ,,,,,,,対象
753,長崎本線,00,無し,市布,109550.0,構内諸設備,構内諸設備,柵垣,1,箇所,,ｍ,,,,,対象
753,長崎本線,00,無し,市布,109550.0,さくがき,構内諸設備,柵垣,1,箇所,,,,,,,対象
753,長崎本線,00,無し,肥前古賀,112360.0,構内排水設備,構内排水設備,構内排水設備（給炭水）,106.4,ｍ,,,,,,,対象
753,長崎本線,00,無し,肥前古賀,112360.0,構内諸設備1,構内諸設備,柵垣,1,箇所,172.1,ｍ,,,,,対象
753,長崎本線,00,無し,肥前古賀,112360.0,構内諸設備2,構内諸設備,旅客通路,1,箇所,26.9,ｍ,,,,,対象
753,長崎本線,00,無し,現川,114850.0,構内排水設備,構内排水設備,構内排水設備（給炭水）,90.1,ｍ,,,,,,,対象
753,長崎本線,00,無し,現川,114850.0,構内諸設備,構内諸設備,柵垣,1,箇所,329,ｍ,,,,,対象
753,長崎本線,00,無し,肥前三川（信）,118600.0,構内諸設備,構内諸設備,作業通路（雑設備）,1,箇所,854,m2,,,,,対象
753,長崎本線,00,無し,長崎,131520.0,構内諸設備,構内諸設備,構内諸設備,,,,,,,,,対象
753,長崎本線,00,無し,長崎,131940.0,構内排水設備,構内排水設備,構内排水設備（給炭水）,1702.6,ｍ,,,,,,,対象
753,長崎本線,00,無し,長崎,131940.0,構内諸設備１,構内諸設備,構内諸設備,538,箇所,,箇所,,,,,対象
753,長崎本線,00,無し,長崎,131940.0,構内諸設備２,構内諸設備,構内諸設備,1,箇所,1,箇所,,,,,対象
753,長崎本線,00,無し,長崎,131940.0,雑設備その他,雑設備その他,雑設備その他,,箇所,,,,,,,対象
753,長崎本線,00,無し,長崎,131940.0,機関車転車台,機関車転車台,機関車転車台,1,箇所,,,,,,,対象
753,長崎本線,00,無し,長崎,131940.0,車両洗浄設備１,車両洗浄設備,洗浄台,996,ｍ,996,ｍ,,,,,対象
753,長崎本線,00,無し,長崎,131940.0,車両洗浄設備２,車両洗浄設備,洗浄床,,ｍ,728,ｍ,,,,,対象
753,長崎本線,00,無し,長崎,131940.0,検査坑,検査坑,検査坑（検車洗浄）,265.3,ｍ,265.3,,,,,,対象
753,長崎本線,00,無し,長崎,131940.0,貯水槽,貯水槽,貯水槽,1,箇所,,,,,,,対象
753,長崎本線,00,無し,長崎,131940.0,給水設備,給水設備,給水設備（給炭水設備）,1,箇所,,,,,,,対象
753,長崎本線,00,無し,長崎,131940.0,排水設備,排水設備,排水設備（給炭水）,2,箇所,,,,,,,対象
753,長崎本線,00,無し,長崎,131940.0,汚水処理設備,検査洗浄設備その他,検査洗浄設備その他,1,箇所,,箇所,,,,,対象
753,長崎本線,00,無し,長崎,131940.0,検車洗浄設備その他１,検査洗浄設備その他,車両検査台,,箇所,16.5,ｍ,,,,,対象
753,長崎本線,00,無し,長崎,131940.0,検車洗浄設備その他２,検査洗浄設備その他,作業場（検車洗浄）,,箇所,3051.1,m2,,,,,対象
753,長崎本線,00,無し,長崎,131940.0,検車洗浄設備その他３,検査洗浄設備その他,検査洗浄設備その他,,箇所,190,m2,,,,,対象
754,長崎旧線,00,無し,東園,110560.0,排水設備,排水設備,排水設備（給炭水）,2,箇所,,,,,,,対象
754,長崎旧線,00,無し,大草,114070.0,構内諸設備,構内諸設備,構内諸設備,1,箇所,,箇所,,,,,対象
754,長崎旧線,00,無し,大草,114070.0,排水設備,排水設備,排水設備（給炭水）,1,箇所,,,,,,,対象
754,長崎旧線,00,無し,本川内,119200.0,排水設備,排水設備,排水設備（給炭水）,1,箇所,,,,,,,対象
754,長崎旧線,00,無し,長与,122260.0,構内諸設備,構内諸設備,構内諸設備,4,箇所,,箇所,,,,,対象
754,長崎旧線,00,無し,長与,122260.0,排水設備,排水設備,排水設備（給炭水）,1,箇所,,,,,,,対象
754,長崎旧線,00,無し,長与,122420.0,雑設備その他,雑設備その他,雑設備その他,1,箇所,,箇所,,,,,対象
754,長崎旧線,00,無し,高田,123280.0,構内諸設備１,構内諸設備,柵垣,,,,,,,,,対象
754,長崎旧線,00,無し,高田,123280.0,構内諸設備２,構内諸設備,構内諸設備,,,,,,,,,対象
754,長崎旧線,00,無し,道ノ尾,125760.0,構内排水設備,構内排水設備,構内排水設備（給炭水）,1,ｍ,,,,,,,対象
754,長崎旧線,00,無し,道ノ尾,125760.0,構内諸設備,構内諸設備,構内諸設備,1,箇所,,箇所,,,,,対象
754,長崎旧線,00,無し,道ノ尾,125760.0,排水設備,排水設備,排水設備（給炭水）,1,箇所,,,,,,,対象
754,長崎旧線,00,無し,西浦上,127460.0,構内排水設備,構内排水設備,構内排水設備（給炭水）,11.8,ｍ,,,,,,,対象
754,長崎旧線,00,無し,西浦上,127460.0,構内諸設備,構内諸設備,構内諸設備,1,箇所,,箇所,,,,,対象
754,長崎旧線,00,無し,浦上,130340.0,,構内排水設備,構内排水設備（給炭水）,331.2,ｍ,,,,,,,対象
754,長崎旧線,00,無し,浦上,130340.0,,排水設備,排水設備（給炭水）,1,箇所,,,,,,,対象
754,長崎旧線,10,単線,東園,110560.0,構内排水設備,構内排水設備,構内排水設備（給炭水）,1,式,,,,,,,対象
761,唐津線,00,無し,小城,5110.0,構内排水設備,構内排水設備,構内排水設備（給炭水）,201.8,ｍ,,,,,,,対象
761,唐津線,00,無し,小城,5110.0,構内諸設備１,構内諸設備,作業通路（雑設備）,,箇所,,m2,,,,,対象
761,唐津線,00,無し,小城,5110.0,構内諸設備２,構内諸設備,柵垣,,箇所,454.1,ｍ,,,,,対象
761,唐津線,00,無し,小城,5110.0,構内諸設備３,構内諸設備,土留,2,箇所,2,m2,,,,,対象
761,唐津線,00,無し,小城,5110.0,構内諸設備４,構内諸設備,構内諸設備,1,箇所,1,箇所,,,,,対象
761,唐津線,00,無し,東多久,10620.0,構内諸設備１,構内諸設備,作業通路（雑設備）,,箇所,,m2,,,,,対象
761,唐津線,00,無し,東多久,10620.0,構内諸設備２,構内諸設備,柵垣,,箇所,413.2,ｍ,,,,,対象
761,唐津線,00,無し,東多久,10620.0,構内諸設備３,構内諸設備,土留,2,箇所,2,m2,,,,,対象
761,唐津線,00,無し,中多久,13620.0,構内諸設備,構内諸設備,柵垣,1,箇所,1568.4,ｍ,,,,,対象
761,唐津線,00,無し,多久,15200.0,構内排水設備,構内排水設備,構内排水設備（給炭水）,252.3,ｍ,,,,,,,対象
761,唐津線,00,無し,多久,15200.0,構内諸設備１,構内諸設備,作業通路（雑設備）,374.4,箇所,374.4,m2,,,,,対象
761,唐津線,00,無し,多久,15200.0,構内諸設備２,構内諸設備,柵垣,1,箇所,423.3,ｍ,,,,,対象
761,唐津線,00,無し,厳木,20790.0,構内排水設備,構内排水設備,構内排水設備（給炭水）,130.5,ｍ,,,,,,,対象
761,唐津線,00,無し,厳木,20790.0,構内排水設備２,構内排水設備,構内排水設備（給炭水）,17.8,ｍ,,,,,,,対象
761,唐津線,00,無し,厳木,20790.0,構内諸設備１,構内諸設備,作業通路（雑設備）,,箇所,649.8,m2,,,,,対象
761,唐津線,00,無し,厳木,20790.0,構内諸設備２,構内諸設備,柵垣,1,箇所,402,ｍ,,,,,対象
761,唐津線,00,無し,厳木,20790.0,構内諸設備４,構内諸設備,構内諸設備,1,箇所,1,箇所,,,,,対象
761,唐津線,00,無し,岩屋,23330.0,構内諸設備,構内諸設備,柵垣,1,箇所,196.2,ｍ,,,,,対象
761,唐津線,00,無し,岩屋,23330.0,転落防止柵,構内諸設備,防護柵,11.3,ｍ,,,,,,,対象
761,唐津線,00,無し,相知,25970.0,構内諸設備１,構内諸設備,作業通路（雑設備）,,箇所,428.8,m2,,,,,対象
761,唐津線,00,無し,相知,25970.0,構内諸設備２,構内諸設備,柵垣,1,箇所,442.6,m2,,,,,対象
761,唐津線,00,無し,相知,25970.0,構内諸設備３,構内諸設備,土留,2,箇所,132.2,m2,,,,,対象
761,唐津線,00,無し,相知,25970.0,構内諸設備４,構内諸設備,構内諸設備,2,箇所,2,箇所,,,,,対象
761,唐津線,00,無し,相知,25970.0,構内諸設備５,構内諸設備,柵垣,27.6,ｍ,,,,,,,対象
761,唐津線,00,無し,相知,25970.0,構内諸設備６,構内諸設備,構内諸設備,1,箇所,,,,,,,対象
761,唐津線,00,無し,本牟田部,30080.0,構内諸設備,構内諸設備,柵垣,1,箇所,20,ｍ,,,,,対象
761,唐津線,00,無し,山本,32880.0,構内排水設備,構内排水設備,構内排水設備（給炭水）,73.5,ｍ,,,,,,,対象
761,唐津線,00,無し,山本,32880.0,構内諸設備１,構内諸設備,作業通路（雑設備）,2,箇所,547.4,m2,,,,,対象
761,唐津線,00,無し,山本,32880.0,構内諸設備２,構内諸設備,柵垣,2,箇所,224,m2,,,,,対象
761,唐津線,00,無し,山本,32880.0,構内諸設備３,構内諸設備,土留,1,箇所,10.8,m2,,,,,対象
761,唐津線,00,無し,鬼塚,36550.0,構内諸設備,構内諸設備,柵垣,1,箇所,472.6,ｍ,,,,,対象
761,唐津線,00,無し,唐津,40290.0,構内排水設備,構内排水設備,構内排水設備（給炭水）,242.1,ｍ,,,,,,,対象
761,唐津線,00,無し,唐津,40290.0,構内諸設備１,構内諸設備,作業通路（雑設備）,1,箇所,,m2,,,,,対象
761,唐津線,00,無し,唐津,40290.0,構内諸設備２,構内諸設備,柵垣,,箇所,,ｍ,,,,,対象
761,唐津線,00,無し,唐津,40290.0,構内諸設備３,構内諸設備,土留,,箇所,,m2,,,,,対象
761,唐津線,00,無し,唐津,40290.0,構内諸設備４,構内諸設備,構内諸設備,,箇所,1,箇所,,,,,対象
761,唐津線,00,無し,西唐津,42520.0,構内排水設備１,構内排水設備,構内排水設備（給炭水）,249.2,ｍ,,,,,,,対象
761,唐津線,00,無し,西唐津,42520.0,構内排水設備２,構内排水設備,構内排水設備（給炭水）,1226.6,ｍ,,,,,,,対象
761,唐津線,00,無し,西唐津,42520.0,構内諸設備１,構内諸設備,作業通路（雑設備）,1,箇所,,m2,,,,,対象
761,唐津線,00,無し,西唐津,42520.0,構内諸設備２,構内諸設備,柵垣,,箇所,41.5,ｍ,,,,,対象
761,唐津線,00,無し,西唐津,42520.0,構内諸設備３,構内諸設備,作業通路（雑設備）,1,箇所,2774.9,m2,,,,,対象
761,唐津線,00,無し,西唐津,42520.0,構内諸設備４,構内諸設備,柵垣,,箇所,450.9,ｍ,,,,,対象
761,唐津線,00,無し,西唐津,42520.0,構内諸設備５,構内諸設備,構内諸設備,,箇所,,箇所,,,,,対象
761,唐津線,00,無し,西唐津,42520.0,構内諸設備６,構内諸設備,構内諸設備,,ｍ,79,ｍ,,,,,対象
761,唐津線,00,無し,西唐津,42520.0,走行路１,走行路,走行路,139,ｍ,,,,,,,対象
761,唐津線,00,無し,西唐津,42520.0,走行路２,走行路,走行路,795.7,ｍ,,,,,,,対象
761,唐津線,00,無し,西唐津,42520.0,雑設備その他,雑設備その他,雑設備その他,,箇所,,,,,,,対象
761,唐津線,00,無し,西唐津,42520.0,機関車転車台,機関車転車台,機関車転車台,1,箇所,20.2,ｍ,2,基,10.5,ｍ,対象
761,唐津線,00,無し,西唐津,42520.0,車両洗浄設備１,車両洗浄設備,洗浄台,375,ｍ,375,ｍ,,,,,対象
761,唐津線,00,無し,西唐津,42520.0,車両洗浄設備２,車両洗浄設備,洗浄床,,ｍ,,ｍ,,,,,対象
761,唐津線,00,無し,西唐津,42520.0,車両洗浄設備３,車両洗浄設備,給排水設備,,ｍ,,ｍ,,,,,対象
761,唐津線,00,無し,西唐津,42520.0,給油設備,給油設備,分離槽,511,m2,,,,,,,対象
761,唐津線,00,無し,西唐津,42520.0,検査坑,検査坑,検査坑（検車洗浄）,569.4,ｍ,42.4,ｍ,8.1,ｍ,1,基,対象
761,唐津線,00,無し,西唐津,42520.0,水源井戸,水源井戸,水源井戸,1,箇所,,,,,,,対象
761,唐津線,00,無し,西唐津,42520.0,貯水池,貯水池,貯水池,2,箇所,,,,,,,対象
761,唐津線,00,無し,西唐津,42520.0,給水設備,給水設備,給水設備（給炭水設備）,3279.3,ｍ,,,,,,,対象
761,唐津線,00,無し,西唐津,42520.0,検車洗浄設備その他１,検査洗浄設備その他,車両検査台,,箇所,111.3,ｍ,,,,,対象
761,唐津線,00,無し,西唐津,42520.0,検車洗浄設備その他２,検査洗浄設備その他,作業場（検車洗浄）,,箇所,495,m2,,,,,対象
761,唐津線,00,無し,西唐津,42520.0,検車洗浄設備その他３,検査洗浄設備その他,検査洗浄設備その他,,箇所,,箇所,,,,,対象
761,唐津線,43,準本３番,西唐津,42400.0,西唐津_構内諸設備１,構内諸設備,構内諸設備,6,ｍ,,,,,,,対象
761,唐津線,43,準本３番,西唐津,42400.0,西唐津_走行路１,走行路,走行路,54.5,m2,,,,,,,対象
761,唐津線,43,準本３番,西唐津,42520.0,汚物処理設備,汚物処理設備,汚物処理設備,1,箇所,1,箇所,,,,,対象
767,佐世保線,00,無し,大町,5250.0,構内排水設備,構内排水設備,構内排水設備（給炭水）,116,ｍ,51,ｍ,29,ｍ,36,ｍ,対象
767,佐世保線,00,無し,大町,5250.0,構内諸設備１,構内諸設備,作業通路（雑設備）,1,箇所,30,ｍ,,,,,対象
767,佐世保線,00,無し,大町,5250.0,構内諸設備２,構内諸設備,柵垣,1,箇所,,ｍ,,,,,対象
767,佐世保線,00,無し,北方,7440.0,構内諸設備,構内諸設備,作業通路（雑設備）,1,箇所,246.8,m2,,,,,対象
767,佐世保線,00,無し,高橋,11470.0,構内排水設備,構内排水設備,構内排水設備（給炭水）,174.9,ｍ,,,,,,,対象
767,佐世保線,00,無し,高橋,11470.0,構内諸設備１,構内諸設備,作業通路（雑設備）,,箇所,,箇所,,,,,対象
767,佐世保線,00,無し,高橋,11470.0,構内諸設備２,構内諸設備,柵垣,1,箇所,180,ｍ,,,,,対象
767,佐世保線,00,無し,高橋,11470.0,構内諸設備３,構内諸設備,構内諸設備,,箇所,1,箇所,,,,,対象
767,佐世保線,00,無し,武雄温泉,12443.5,管理用道路橋,雑構築物その他,構内諸設備,1,箇所,,箇所,,,,,対象
767,佐世保線,00,無し,武雄温泉,13680.0,構内排水設備,構内排水設備,構内排水設備（給炭水）,3.1,ｍ,,,,,,,対象
767,佐世保線,00,無し,武雄温泉,13680.0,構内諸設備１,構内諸設備,作業通路（雑設備）,,箇所,,m2,,,,,対象
767,佐世保線,00,無し,武雄温泉,13680.0,構内諸設備２,構内諸設備,柵垣,1,箇所,,ｍ,,,,,対象
767,佐世保線,00,無し,武雄温泉,13680.0,構内諸設備３,構内諸設備,土留,,箇所,42.8,m2,,,,,対象
767,佐世保線,00,無し,武雄温泉,13680.0,構内諸設備４,構内諸設備,構内諸設備,,箇所,,箇所,,,,,対象
767,佐世保線,00,無し,永尾,18250.0,構内諸設備,構内諸設備,作業通路（雑設備）,2,箇所,20.6,m2,,,,,対象
767,佐世保線,00,無し,三間坂,21480.0,構内諸設備１,構内諸設備,作業通路（雑設備）,,箇所,658.7,m2,,,,,対象
767,佐世保線,00,無し,三間坂,21480.0,構内諸設備２,構内諸設備,柵垣,1,箇所,,ｍ,,,,,対象
767,佐世保線,00,無し,三間坂,21480.0,構内諸設備３,構内諸設備,土留,,箇所,,m2,,,,,対象
767,佐世保線,00,無し,三間坂,21480.0,構内諸設備４,構内諸設備,構内諸設備,,箇所,,箇所,,,,,対象
767,佐世保線,00,無し,上有田,25710.0,構内排水設備,構内排水設備,構内排水設備（給炭水）,160.7,ｍ,,,,,,,対象
767,佐世保線,00,無し,上有田,25710.0,構内諸設備１,構内諸設備,作業通路（雑設備）,1,箇所,,m2,,,,,対象
767,佐世保線,00,無し,上有田,25710.0,構内諸設備２,構内諸設備,柵垣,,箇所,75.3,ｍ,,,,,対象
767,佐世保線,00,無し,有田,28220.0,構内排水設備,構内排水設備,構内排水設備（給炭水）,99.6,ｍ,,,,,,,対象
767,佐世保線,00,無し,有田,28220.0,構内諸設備１,構内諸設備,作業通路（雑設備）,,箇所,244.1,m2,,,,,対象
767,佐世保線,00,無し,有田,28220.0,構内諸設備２,構内諸設備,柵垣,,箇所,183,ｍ,,,,,対象
767,佐世保線,00,無し,有田,28220.0,構内諸設備３,構内諸設備,構内諸設備,1,箇所,,箇所,,,,,対象
767,佐世保線,00,無し,有田,28220.0,給水設備,給水設備,給水設備（給炭水設備）,92,ｍ,92,ｍ,,,,,対象
767,佐世保線,00,無し,西有田（信）,31400.0,構内諸設備１,構内諸設備,作業通路（雑設備）,1,箇所,,m2,,,,,対象
767,佐世保線,00,無し,西有田（信）,31400.0,構内諸設備２,構内諸設備,柵垣,,箇所,191.9,ｍ,,,,,対象
767,佐世保線,00,無し,三河内,35760.0,構内排水設備,構内排水設備,構内排水設備（給炭水）,155.8,ｍ,,,,,,,対象
767,佐世保線,00,無し,三河内,35760.0,構内諸設備１,構内諸設備,作業通路（雑設備）,,ｍ,624.8,m2,,,,,対象
767,佐世保線,00,無し,三河内,35760.0,構内諸設備２,構内諸設備,柵垣,,箇所,520,ｍ,,,,,対象
767,佐世保線,00,無し,三河内,35760.0,構内諸設備３,構内諸設備,土留,1,箇所,8.4,m2,,,,,対象
767,佐世保線,00,無し,早岐,39950.0,沈でん池,沈殿池,沈殿池,3,箇所,,,,,,,対象外
767,佐世保線,00,無し,早岐,39950.0,給油設備・油水排水・汚水排水,構内排水設備,構内排水設備,2650.5,ｍ,,,,,,,対象
767,佐世保線,00,無し,早岐,39950.0,構内排水設備,構内排水設備,構内排水設備,100.4,ｍ,,,,,,,対象
767,佐世保線,00,無し,早岐,39950.0,構内排水設備１,構内排水設備,構内排水設備（給炭水）,688.8,m2,,,,,,,対象
767,佐世保線,00,無し,早岐,39950.0,構内排水設備２,構内排水設備,構内排水設備（給炭水）,424.2,ｍ,,,,,,,対象
767,佐世保線,00,無し,早岐,39950.0,早岐　土留擁壁（重力式）,構内諸設備,土留,145.7,m2,,,,,,,対象
767,佐世保線,00,無し,早岐,39950.0,構内諸設備１,構内諸設備,作業通路（雑設備）,,箇所,2340.6,m2,,,,,対象
767,佐世保線,00,無し,早岐,39950.0,構内諸設備２,構内諸設備,柵垣,,箇所,326.9,ｍ,,,,,対象
767,佐世保線,00,無し,早岐,39950.0,構内諸設備３,構内諸設備,土留,1,箇所,464.4,m2,,,,,対象
767,佐世保線,00,無し,早岐,39950.0,構内諸設備４,構内諸設備,構内諸設備,1,箇所,,箇所,,,,,対象
767,佐世保線,00,無し,早岐,39950.0,構内諸設備５,構内諸設備,作業通路（雑設備）,241,箇所,1409.3,m2,,,,,対象外
767,佐世保線,00,無し,早岐,39950.0,構内諸設備６,構内諸設備,柵垣,,箇所,253,ｍ,,,,,対象
767,佐世保線,00,無し,早岐,39950.0,構内諸設備７,構内諸設備,土留,,箇所,64.8,m2,,,,,対象
767,佐世保線,00,無し,早岐,39950.0,構内諸設備８,構内諸設備,構内諸設備,,箇所,2,箇所,,,,,対象
767,佐世保線,00,無し,早岐,39950.0,構内諸設備９,構内諸設備,柵垣,80.3,ｍ,,,,,,,対象
767,佐世保線,00,無し,早岐,39950.0,機関車転車台,機関車転車台,機関車転車台,1,箇所,109,本,4.6,ｍ,19.3,ｍ,対象外
767,佐世保線,00,無し,早岐,39950.0,車両洗じょう設備１,車両洗浄設備,洗浄台,700.9,ｍ,745.9,ｍ,,,,,対象外
767,佐世保線,00,無し,早岐,39950.0,車両洗じょう設備２,車両洗浄設備,洗浄床,25,ｍ,520.4,ｍ,,,,,対象外
767,佐世保線,00,無し,早岐,39950.0,給油設備,給油設備,分離槽,3,箇所,248.9,m2,,,,,対象外
767,佐世保線,00,無し,早岐,39950.0,検査坑,検査坑,検査坑（検車洗浄）,360,ｍ,165,ｍ,180,ｍ,15,ｍ,対象外
767,佐世保線,00,無し,早岐,39950.0,貯水池,貯水池,貯水池,1,箇所,1,箇所,,,,,対象外
767,佐世保線,00,無し,早岐,39950.0,早岐給水設備（給炭水設備）1,給水設備,給水設備（給炭水設備）,1096.7,ｍ,,,,,,,対象
767,佐世保線,00,無し,早岐,39950.0,給水管路,給水設備,給水設備（給炭水設備）,1778,ｍ,1740.1,ｍ,64,個,,,対象外
767,佐世保線,00,無し,早岐,39950.0,ろ過装置,ろ過装置,ろ過装置（給炭水設備）,3,箇所,3,箇所,,,,,対象外
767,佐世保線,00,無し,早岐,39950.0,早岐　汚物処理設備1,汚物処理設備,汚物処理設備,1,箇所,,,,,,,対象
767,佐世保線,00,無し,早岐,39950.0,検車洗浄設備その他１,検査洗浄設備その他,車両検査台,,箇所,85,ｍ,,,,,対象外
767,佐世保線,00,無し,早岐,39950.0,検車洗浄設備その他２,検査洗浄設備その他,作業通路（検車洗浄）,,箇所,2021.7,m2,,,,,対象外
767,佐世保線,00,無し,早岐,39950.0,検車洗浄設備その他３,検査洗浄設備その他,作業場（検車洗浄）,,箇所,4306.8,m2,,,,,対象外
767,佐世保線,00,無し,大塔,42630.0,構内諸設備１,構内諸設備,作業通路（雑設備）,1,箇所,96.9,m2,,,,,対象
767,佐世保線,00,無し,大塔,42630.0,構内諸設備２,構内諸設備,柵垣,,箇所,24,ｍ,,,,,対象
767,佐世保線,00,無し,大塔,42630.0,構内諸設備３,構内諸設備,土留,,箇所,13.6,m2,,,,,対象
767,佐世保線,00,無し,日宇,45510.0,構内排水設備,構内排水設備,構内排水設備（給炭水）,6.7,ｍ,,,,,,,対象
767,佐世保線,00,無し,日宇,45510.0,構内諸設備１,構内諸設備,作業通路（雑設備）,,箇所,658.3,m2,,,,,対象
767,佐世保線,00,無し,日宇,45510.0,構内諸設備２,構内諸設備,柵垣,1,箇所,154.3,ｍ,,,,,対象
767,佐世保線,10,単線,佐世保,48830.0,排水こう１,構内排水設備,構内排水設備（給炭水）,130.7,ｍ,111.2,ｍ,19.5,ｍ,,,対象
767,佐世保線,10,単線,佐世保,48830.0,排水こう２,構内排水設備,構内排水設備（給炭水）,365.1,ｍ,144.6,ｍ,129.3,ｍ,91.2,ｍ,対象
767,佐世保線,10,単線,佐世保,48830.0,階段,構内諸設備,構内諸設備,12.9,m2,,,,,,,対象
767,佐世保線,10,単線,佐世保,48830.0,佐世保駅,構内諸設備,構内諸設備,593.1,ｍ,240.1,ｍ,238,ｍ,115,ｍ,対象
767,佐世保線,10,単線,佐世保,48830.0,作業通路１,構内諸設備,構内諸設備,1952.9,m2,,,,,,,対象
767,佐世保線,10,単線,佐世保,48830.0,作業通路２,構内諸設備,構内諸設備,716.1,m2,,,,,,,対象
767,佐世保線,10,単線,佐世保,48830.0,作業通路３,構内諸設備,構内諸設備,13.2,m2,,,,,,,対象
767,佐世保線,10,単線,佐世保,48830.0,土留壁,構内諸設備,構内諸設備,254.3,m2,215.9,m2,38.4,m2,,,対象
767,佐世保線,10,単線,佐世保,48830.0,2.3番線間,走行路,走行路,164,ｍ,,,,,,,対象
767,佐世保線,10,単線,佐世保,48830.0,4.5番線間,走行路,走行路,164,ｍ,,,,,,,対象
767,佐世保線,32,留置線,早岐,39950.0,早岐　洗浄床 留置6#,車両洗浄設備,洗浄床,176.1,ｍ,,,,,,,対象
767,佐世保線,32,留置線,早岐,39950.0,早岐　洗浄床 留置9#,車両洗浄設備,洗浄床,30,ｍ,,,,,,,対象
767,佐世保線,37,洗・検修線,早岐,39950.0,洗浄台 洗浄7#・パン検台,車両洗浄設備,洗浄台,178.7,ｍ,,,,,,,対象
767,佐世保線,37,洗・検修線,早岐,39950.0,洗浄台 洗浄8.#・パン検台,車両洗浄設備,洗浄台,156.2,ｍ,,,,,,,対象
767,佐世保線,37,洗・検修線,早岐,39950.0,検査坑検修庫14#集塵装置庫,検査坑,検査坑（検車洗浄）,25,ｍ,,,,,,,対象
767,佐世保線,37,洗・検修線,早岐,39950.0,早岐　検査坑 検修庫13#,検査坑,検査坑（検車洗浄）,90,ｍ,,,,,,,対象
767,佐世保線,37,洗・検修線,早岐,39950.0,早岐　検査坑 検修庫14#,検査坑,検査坑（検車洗浄）,90,ｍ,,,,,,,対象
767,佐世保線,37,洗・検修線,早岐,39950.0,早岐　検査坑 検修庫15＃,検査坑,検査坑（検車洗浄）,48.6,ｍ,,,,,,,対象
767,佐世保線,37,洗・検修線,早岐,39950.0,早岐　検査坑 洗浄7#,検査坑,検査坑（検車洗浄）,177.9,ｍ,,,,,,,対象
767,佐世保線,37,洗・検修線,早岐,39950.0,早岐　検査坑 洗浄8#,検査坑,検査坑（検車洗浄）,157.9,ｍ,,,,,,,対象
767,佐世保線,38,その他,早岐,39950.0,パン検台裏　防音壁,構内諸設備,柵垣,62.8,ｍ,,,,,,,対象
767,佐世保線,38,その他,早岐,39950.0,詰所前　防音壁,構内諸設備,防音壁,61.7,ｍ,,,,,,,対象
767,佐世保線,38,その他,早岐,39950.0,早岐　機関車転車台1,機関車転車台,機関車転車台,1,箇所,,,,,,,対象
767,佐世保線,38,その他,早岐,39950.0,早岐　分離槽1 給油12＃,給油設備,分離槽,1,箇所,,,,,,,対象
767,佐世保線,38,その他,早岐,39950.0,早岐　検査坑 (給油11#）,検査坑,検査坑（検車洗浄）,112,ｍ,,,,,,,対象
767,佐世保線,38,その他,早岐,39950.0,早岐　検査坑 (給油12#）,検査坑,検査坑（検車洗浄）,112,ｍ,,,,,,,対象
781,大村線,00,無し,ハウステンボス,4740.0,構内排水設備,構内排水設備,構内排水設備（給炭水）,404.2,ｍ,,,,,,,対象
781,大村線,00,無し,ハウステンボス,4740.0,構内諸設備１,構内諸設備,作業通路（雑設備）,364.6,ｍ,75.9,m2,,,,,対象
781,大村線,00,無し,ハウステンボス,4740.0,構内諸設備２,構内諸設備,柵垣,287.7,ｍ,290.7,ｍ,,,,,対象
781,大村線,00,無し,ハウステンボス,4740.0,構内諸設備３,構内諸設備,構内諸設備,1,箇所,5,ｍ,,,,,対象
781,大村線,00,無し,ハウステンボス,4740.0,その他,雑設備その他,雑設備その他,,箇所,,,,,,,対象
781,大村線,00,無し,南風崎,5520.0,構内諸設備１,構内諸設備,作業通路（雑設備）,,箇所,5,m2,,,,,対象
781,大村線,00,無し,南風崎,5520.0,構内諸設備２,構内諸設備,柵垣,1,箇所,91,ｍ,,,,,対象
781,大村線,00,無し,南風崎,5520.0,構内諸設備３,構内諸設備,土留,,箇所,4.2,m2,,,,,対象
781,大村線,00,無し,小串郷,9780.0,構内諸設備,構内諸設備,柵垣,1,箇所,32,ｍ,,,,,対象
781,大村線,00,無し,川棚,13520.0,構内排水設備,構内排水設備,構内排水設備（給炭水）,21.9,ｍ,,,,,,,対象
781,大村線,00,無し,川棚,13520.0,構内諸設備１,構内諸設備,作業通路（雑設備）,,箇所,386.1,m2,,,,,対象
781,大村線,00,無し,川棚,13520.0,構内諸設備２,構内諸設備,柵垣,19.5,ｍ,246.5,ｍ,,,,,対象
781,大村線,00,無し,川棚,13520.0,構内諸設備３,構内諸設備,土留,1,m2,7.2,m2,,,,,対象
781,大村線,00,無し,彼杵,19580.0,構内諸設備１,構内諸設備,柵垣,,箇所,70,ｍ,,,,,対象
781,大村線,00,無し,彼杵,19580.0,構内諸設備２,構内諸設備,土留,,箇所,8.4,m2,,,,,対象
781,大村線,00,無し,彼杵,19580.0,構内諸設備３,構内諸設備,構内諸設備,78,箇所,,箇所,,,,,対象
781,大村線,00,無し,千綿,23980.0,構内諸設備,構内諸設備,柵垣,2,箇所,56,ｍ,,,,,対象
781,大村線,00,無し,松原,28350.0,構内諸設備１,構内諸設備,作業通路（雑設備）,2,箇所,50.3,m2,,,,,対象
781,大村線,00,無し,松原,28350.0,構内諸設備２,構内諸設備,柵垣,2,箇所,230,ｍ,,,,,対象
781,大村線,00,無し,松原,28350.0,構内諸設備３,構内諸設備,土留,1,箇所,179.4,m2,,,,,対象
781,大村線,00,無し,松原,28350.0,構内諸設備４,構内諸設備,構内諸設備,3,箇所,55.5,m2,,,,,対象
781,大村線,00,無し,竹松,32770.0,構内諸設備5,構内諸設備,構内諸設備,,箇所,1,箇所,,,,,対象
781,大村線,00,無し,竹松,32770.0,構内諸設備１,構内諸設備,作業通路（雑設備）,,箇所,776,m2,,,,,対象
781,大村線,00,無し,竹松,32770.0,構内諸設備２,構内諸設備,柵垣,1,箇所,315,ｍ,,,,,対象
781,大村線,00,無し,竹松,32770.0,構内諸設備３,構内諸設備,土留,1,箇所,129.2,m2,,,,,対象
781,大村線,00,無し,竹松,32770.0,構内諸設備４,構内諸設備,構内諸設備,,箇所,,箇所,,,,,対象
781,大村線,00,無し,諏訪,34730.0,構内諸設備,構内諸設備,構内諸設備,1,箇所,,箇所,,,,,対象
781,大村線,00,無し,大村,36200.0,構内諸設備１,構内諸設備,作業通路（雑設備）,,箇所,166.1,m2,,,,,対象
781,大村線,00,無し,大村,36200.0,構内諸設備２,構内諸設備,柵垣,2,箇所,466,ｍ,,,,,対象
781,大村線,00,無し,大村,36200.0,構内諸設備３,構内諸設備,土留,1,箇所,46.9,m2,,,,,対象
781,大村線,00,無し,大村,36200.0,構内諸設備４,構内諸設備,構内諸設備,2,箇所,3,箇所,,,,,対象
781,大村線,00,無し,岩松,39770.0,構内排水設備,構内排水設備,構内排水設備（給炭水）,62,ｍ,,,,,,,対象
781,大村線,00,無し,岩松,39770.0,構内諸設備,構内諸設備,柵垣,1,箇所,45,ｍ,,,,,対象
783,久大本線,00,無し,南久留米,4870.0,構内排水設備,構内排水設備,構内排水設備（給炭水）,92.7,ｍ,,,,,,,対象
783,久大本線,00,無し,南久留米,4870.0,構内諸設備１,構内諸設備,柵垣,,箇所,319.9,ｍ,30,ｍ,,,対象
783,久大本線,00,無し,南久留米,4870.0,構内諸設備２,構内諸設備,構内諸設備,31,箇所,,箇所,,,,,対象
783,久大本線,00,無し,久留米大学前,6780.0,構内諸設備１,構内諸設備,構内諸設備,22,ｍ,22,ｍ,,,,,対象
783,久大本線,00,無し,久留米大学前,6780.0,柵垣,構内諸設備,柵垣,,箇所,37.1,ｍ,2,箇所,,,対象
783,久大本線,00,無し,御井,8040.0,構内諸設備,構内諸設備,構内諸設備,,箇所,,箇所,,,,,対象
783,久大本線,00,無し,御井,8040.0,構内諸設備２,構内諸設備,柵垣,2,箇所,522.3,ｍ,,,,,対象
783,久大本線,00,無し,御井,8040.0,構内諸設備３,構内諸設備,土留,,箇所,26.3,m2,,,,,対象
783,久大本線,00,無し,善導寺,12570.0,構内排水設備,構内排水設備,構内排水設備（給炭水）,57,ｍ,,,,,,,対象
783,久大本線,00,無し,善導寺,12570.0,構内諸設備１,構内諸設備,柵垣,1,箇所,40,ｍ,30,ｍ,,,対象
783,久大本線,00,無し,善導寺,12570.0,構内諸設備２,構内諸設備,土留,,箇所,18.4,m2,,,,,対象
783,久大本線,00,無し,善導寺,12570.0,構内諸設備３,構内諸設備,構内諸設備,51,箇所,,箇所,,,,,対象
783,久大本線,00,無し,筑後草野,15670.0,構内諸設備１,構内諸設備,作業通路（雑設備）,,箇所,473,m2,,,,,対象
783,久大本線,00,無し,筑後草野,15670.0,構内諸設備２,構内諸設備,柵垣,1,箇所,540,ｍ,,,,,対象
783,久大本線,00,無し,筑後草野,15670.0,構内諸設備３,構内諸設備,土留,,箇所,11.7,m2,,,,,対象
783,久大本線,00,無し,筑後草野,15670.0,構内諸設備４,構内諸設備,構内諸設備,1,箇所,,箇所,,,,,対象
783,久大本線,00,無し,田主丸,20790.0,構内排水設備,構内排水設備,構内排水設備（給炭水）,24.6,ｍ,,,,,,,対象
783,久大本線,00,無し,田主丸,20790.0,構内諸設備１,構内諸設備,作業通路（雑設備）,,箇所,,m2,,,,,対象
783,久大本線,00,無し,田主丸,20790.0,構内諸設備２,構内諸設備,柵垣,,箇所,288.3,ｍ,,,,,対象
783,久大本線,00,無し,田主丸,20790.0,構内諸設備３,構内諸設備,土留,1,箇所,11.8,m2,,,,,対象
783,久大本線,00,無し,田主丸,20790.0,構内諸設備４,構内諸設備,構内諸設備,,箇所,,箇所,,,,,対象
783,久大本線,00,無し,筑後吉井,26420.0,構内排水設備,構内排水設備,構内排水設備（給炭水）,3,箇所,150.7,ｍ,,,,,対象
783,久大本線,00,無し,筑後吉井,26420.0,構内諸設備１,構内諸設備,柵垣,,箇所,349.8,ｍ,,,,,対象
783,久大本線,00,無し,筑後吉井,26420.0,構内諸設備２,構内諸設備,土留,8.5,m2,8.5,m2,,,,,対象
783,久大本線,00,無し,筑後吉井,26420.0,構内諸設備３,構内諸設備,構内諸設備,2,箇所,,箇所,,,,,対象
783,久大本線,00,無し,うきは,29980.0,構内排水設備,構内排水設備,構内排水設備（給炭水）,120.2,ｍ,,,,,,,対象
783,久大本線,00,無し,うきは,29980.0,構内諸設備１,構内諸設備,作業通路（雑設備）,2,箇所,7.2,m2,,,,,対象
783,久大本線,00,無し,うきは,29980.0,構内諸設備２,構内諸設備,柵垣,,箇所,240.5,ｍ,,,,,対象
783,久大本線,00,無し,うきは,29980.0,構内諸設備３,構内諸設備,構内諸設備,,箇所,,箇所,,,,,対象
783,久大本線,00,無し,うきは,29980.0,柵垣,構内諸設備,柵垣,,箇所,20,ｍ,12,ｍ,,,対象
783,久大本線,00,無し,筑後大石,32970.0,構内諸設備,構内諸設備,構内諸設備,,箇所,,箇所,,,,,対象
783,久大本線,00,無し,夜明,39050.0,構内排水設備,構内排水設備,構内排水設備（給炭水）,18.8,ｍ,,,,,,,対象
783,久大本線,00,無し,夜明,39050.0,転落防止柵,構内諸設備,柵垣,8.5,ｍ,,,,,,,対象
783,久大本線,00,無し,夜明,39050.0,構内諸設備１,構内諸設備,作業通路（雑設備）,,箇所,193.5,m2,,,,,対象
783,久大本線,00,無し,夜明,39050.0,構内諸設備２,構内諸設備,柵垣,1,箇所,219,ｍ,30,ｍ,,,対象
783,久大本線,00,無し,夜明,39050.0,構内諸設備３,構内諸設備,土留,1,箇所,6.1,m2,,,,,対象
783,久大本線,00,無し,夜明,39050.0,構内諸設備４,構内諸設備,構内諸設備,30,箇所,30,箇所,,,,,対象
783,久大本線,00,無し,光岡,45150.0,構内諸設備１,構内諸設備,作業通路（雑設備）,,箇所,3.8,m2,,,,,対象
783,久大本線,00,無し,光岡,45150.0,構内諸設備２,構内諸設備,柵垣,,箇所,154,ｍ,,,,,対象
783,久大本線,00,無し,光岡,45150.0,構内諸設備３,構内諸設備,構内諸設備,,箇所,,箇所,,,,,対象
783,久大本線,00,無し,日田,47570.0,構内排水設備,構内排水設備,構内排水設備（給炭水）,255.3,ｍ,,,,,,,対象
783,久大本線,00,無し,日田,47570.0,構内諸設備３,構内諸設備,作業通路（雑設備）,,箇所,321.9,m2,9.4,m2,,,対象
783,久大本線,00,無し,日田,47570.0,構内諸設備４,構内諸設備,柵垣,5,箇所,472.9,ｍ,6.9,ｍ,,,対象
783,久大本線,00,無し,日田,47570.0,構内諸設備５,構内諸設備,土留,1,箇所,46.5,m2,,,,,対象
783,久大本線,00,無し,日田,47570.0,構内諸設備６,構内諸設備,構内諸設備,,箇所,,箇所,,,,,対象
783,久大本線,00,無し,日田,47570.0,給油設備,給油設備,分離槽,1,m2,,,,,,,対象
783,久大本線,00,無し,日田,47570.0,給水設備,給水設備,給水設備（給炭水設備）,298,ｍ,239,ｍ,160,ｍ,244.4,ｍ,対象
783,久大本線,00,無し,日田,47570.0,構内諸設備７,構内諸設備,柵垣,1,箇所,13.9,ｍ,,,,,対象
783,久大本線,00,無し,日田,47570.0,走行路盤,構内諸設備,走行路,25,ｍ,25,ｍ,,,,,対象
783,久大本線,00,無し,豊後三芳,49410.0,構内諸設備,構内諸設備,柵垣,,箇所,35,ｍ,,,,,対象
783,久大本線,00,無し,豊後中川,55270.0,豊後中川　構内諸設備,構内諸設備,柵垣,5.4,ｍ,5.4,ｍ,,,,,対象
783,久大本線,00,無し,天ヶ瀬,59490.0,天ヶ瀬　構内諸設備１,構内諸設備,作業通路（雑設備）,80.3,m2,80.3,m2,,,,,対象
783,久大本線,00,無し,天ヶ瀬,59490.0,天ヶ瀬　構内諸設備２,構内諸設備,柵垣,218.2,ｍ,218.2,ｍ,,,,,対象
783,久大本線,00,無し,天ヶ瀬,59490.0,天ヶ瀬　構内諸設備３,構内諸設備,土留,48.3,m2,48.3,m2,,,,,対象
783,久大本線,00,無し,天ヶ瀬,59490.0,天ヶ瀬　構内諸設備４,構内諸設備,構内諸設備,1,箇所,1,箇所,,,,,対象外
783,久大本線,00,無し,天ヶ瀬,59490.0,天ヶ瀬　検査坑,検査坑（諸構築物）,検査坑（車庫工場）,5.7,m2,,,,,,,対象
783,久大本線,00,無し,杉河内,63610.0,杉河内　構内諸設備,構内諸設備,作業通路（雑設備）,57.3,m2,57.3,m2,,,,,対象外
783,久大本線,00,無し,北山田,67820.0,北山田　構内諸設備１,構内諸設備,柵垣,17.5,ｍ,17.5,ｍ,,,,,対象
783,久大本線,00,無し,北山田,67820.0,北山田　構内諸設備２,構内諸設備,土留,13.6,m2,13.6,m2,,,,,対象
783,久大本線,00,無し,豊後森,73220.0,豊後森　構内排水設備,構内排水設備,構内排水設備（給炭水）,180.5,ｍ,,,,,,,対象
783,久大本線,00,無し,豊後森,73220.0,豊後森　構内諸設備１,構内諸設備,作業通路（雑設備）,399.4,m2,399.4,m2,,,,,対象
783,久大本線,00,無し,豊後森,73220.0,豊後森　構内諸設備２,構内諸設備,柵垣,188.3,ｍ,126.7,ｍ,,,,,対象
783,久大本線,00,無し,豊後森,73220.0,豊後森　構内諸設備３,構内諸設備,土留,18.4,m2,18.4,m2,,,,,対象
783,久大本線,00,無し,豊後森,73220.0,豊後森　構内諸設備４,構内諸設備,構内諸設備,11,箇所,11,箇所,,,,,対象外
783,久大本線,00,無し,豊後森,73220.0,豊後森　検査坑,検査坑（諸構築物）,検査坑（車庫工場）,22.5,ｍ,,,,,,,対象外
783,久大本線,00,無し,恵良,77330.0,恵良　構内諸設備１,構内諸設備,作業通路（雑設備）,0.9,m2,0.9,m2,,,,,対象外
783,久大本線,00,無し,恵良,77330.0,恵良　構内諸設備２,構内諸設備,柵垣,65.6,ｍ,65.6,ｍ,,,,,対象
783,久大本線,00,無し,恵良,77330.0,恵良　構内諸設備３,構内諸設備,構内諸設備,2,箇所,2,箇所,,,,,対象
783,久大本線,00,無し,恵良,77330.0,恵良　検査坑,検査坑（諸構築物）,検査坑（車庫工場）,9.6,ｍ,,,,,,,対象
783,久大本線,00,無し,引治,80700.0,引地　構内排水設備,構内排水設備,構内排水設備（給炭水）,40,ｍ,,,,,,,対象外
783,久大本線,00,無し,引治,80700.0,引地　構内諸設備１,構内諸設備,作業通路（雑設備）,45.3,m2,45.3,m2,,,,,対象外
783,久大本線,00,無し,引治,80700.0,引地　構内諸設備２,構内諸設備,柵垣,20,ｍ,20.1,ｍ,,,,,対象
783,久大本線,00,無し,豊後中村,83150.0,豊後中村　構内排水設備,構内排水設備,構内排水設備（給炭水）,57,ｍ,,,,,,,対象
783,久大本線,00,無し,豊後中村,83150.0,豊後中村　構内諸設備１,構内諸設備,作業通路（雑設備）,23.3,m2,23.3,m2,,,,,対象
783,久大本線,00,無し,豊後中村,83150.0,豊後中村　構内諸設備２,構内諸設備,柵垣,228.3,ｍ,228.3,ｍ,,,,,対象
783,久大本線,00,無し,豊後中村,83150.0,豊後中村　構内諸設備３,構内諸設備,土留,317.5,m2,317.5,m2,,,,,対象
783,久大本線,00,無し,豊後中村,83150.0,豊後中村　構内諸設備４,構内諸設備,構内諸設備,9,箇所,9,箇所,,,,,対象外
783,久大本線,00,無し,豊後中村,83150.0,豊後中村　検査坑,検査坑（諸構築物）,検査坑（車庫工場）,5.7,ｍ,,,,,,,対象
783,久大本線,00,無し,野矢,88260.0,野矢　構内諸設備１,構内諸設備,作業通路（雑設備）,1.7,m2,1.7,m2,,,,,対象外
783,久大本線,00,無し,野矢,88260.0,野矢　構内諸設備２,構内諸設備,柵垣,16.4,ｍ,16.4,ｍ,,,,,対象
783,久大本線,00,無し,野矢,88260.0,野矢　構内諸設備３,構内諸設備,土留,4.6,m2,4.6,m2,,,,,対象
783,久大本線,00,無し,野矢,88260.0,野矢　雑設備その他,雑設備その他,雑設備その他,,,,,,,,,対象外
783,久大本線,00,無し,由布院,99140.0,由布院　構内排水設備,構内排水設備,構内排水設備（給炭水）,244,ｍ,,,,,,,対象
783,久大本線,00,無し,由布院,99140.0,由布院　庭園設備,庭園設備,庭園設備,46,ｍ,,,,,,,対象
783,久大本線,00,無し,由布院,99140.0,由布院　構内諸設備１,構内諸設備,作業通路（雑設備）,110,m2,110,m2,,,,,対象外
783,久大本線,00,無し,由布院,99140.0,由布院　構内諸設備２,構内諸設備,柵垣,707.4,ｍ,707.4,ｍ,,,,,対象
783,久大本線,00,無し,由布院,99140.0,由布院　構内諸設備３,構内諸設備,土留,114.6,m2,114.6,m2,,,,,対象
783,久大本線,00,無し,由布院,99140.0,由布院　構内諸設備４,構内諸設備,構内諸設備,8,箇所,8,箇所,,,,,対象外
783,久大本線,00,無し,由布院,99140.0,由布院　検査坑,検査坑（諸構築物）,検査坑（車庫工場）,5.7,ｍ,,,,,,,対象
783,久大本線,00,無し,由布院,99140.0,由布院駅　駐車場,駐車場,駐車場,2967,m2,,,,,,,対象
783,久大本線,00,無し,由布院,99140.0,排水設備,駐車場,排水設備（諸構築物）,129,ｍ,,,,,,,対象
783,久大本線,00,無し,南由布,102540.0,南由布　構内排水設備,構内排水設備,構内排水設備（給炭水）,100.3,ｍ,,,,,,,対象
783,久大本線,00,無し,南由布,102540.0,南由布　構内諸設備１,構内諸設備,柵垣,208.1,ｍ,208.1,ｍ,,,,,対象
783,久大本線,00,無し,南由布,102540.0,南由布　構内諸設備２,構内諸設備,土留,8,m2,8,m2,,,,,対象外
783,久大本線,00,無し,南由布,102540.0,南由布　雑設備その他,雑設備その他,雑設備その他,,箇所,,,,,,,対象外
783,久大本線,00,無し,湯平,109580.0,構内排水設備,構内排水設備,構内排水設備（給炭水）,28.5,ｍ,,,,,,,対象
783,久大本線,00,無し,湯平,109580.0,構内諸設備１,構内諸設備,柵垣,41,ｍ,41,ｍ,,,,,対象
783,久大本線,00,無し,湯平,109580.0,構内諸設備２,構内諸設備,土留,5.2,m2,5.2,m2,,,,,対象
783,久大本線,00,無し,湯平,109580.0,湯平　構内諸設備３,構内諸設備,構内諸設備,1,箇所,1,箇所,,,,,対象外
783,久大本線,00,無し,湯平,109580.0,検査坑,検査坑（諸構築物）,検査坑（車庫工場）,5.7,ｍ,,,,,,,対象
783,久大本線,00,無し,庄内,114560.0,庄内　構内排水設備,構内排水設備,構内排水設備（給炭水）,34.7,ｍ,,,,,,,対象
783,久大本線,00,無し,庄内,114560.0,庄内　構内諸設備１,構内諸設備,作業通路（雑設備）,83.2,m2,83.2,m2,,,,,対象
783,久大本線,00,無し,庄内,114560.0,庄内　構内諸設備２,構内諸設備,柵垣,132.7,ｍ,132.7,ｍ,,,,,対象外
783,久大本線,00,無し,庄内,114560.0,庄内　構内諸設備３,構内諸設備,土留,10.7,m2,10.7,m2,,,,,対象
783,久大本線,00,無し,庄内,114560.0,庄内　構内諸設備４,構内諸設備,構内諸設備,4,箇所,4,箇所,,,,,対象外
783,久大本線,00,無し,庄内,114560.0,庄内　雑設備その他,雑設備その他,雑設備その他,,箇所,,,,,,,対象外
783,久大本線,00,無し,庄内,114560.0,庄内　検査坑,検査坑（諸構築物）,検査坑（車庫工場）,26.8,ｍ,,,,,,,対象
783,久大本線,00,無し,天神山,118100.0,天神山　構内排水設備,構内排水設備,構内排水設備（給炭水）,34.7,ｍ,,,,,,,対象
783,久大本線,00,無し,天神山,118100.0,天神山　構内諸設備１,構内諸設備,柵垣,82,ｍ,82,ｍ,,,,,対象
783,久大本線,00,無し,天神山,118100.0,天神山　構内諸設備２,構内諸設備,土留,1.7,m2,1.7,m2,,,,,対象
783,久大本線,00,無し,小野屋,119580.0,小野屋　構内排水設備,構内排水設備,構内排水設備（給炭水）,22,ｍ,,,,,,,対象
783,久大本線,00,無し,小野屋,119580.0,小野屋　構内諸設備１,構内諸設備,柵垣,363.1,ｍ,363.1,ｍ,,,,,対象
783,久大本線,00,無し,小野屋,119580.0,小野屋　構内諸設備２,構内諸設備,土留,62.5,m2,62.5,m2,,,,,対象
783,久大本線,00,無し,小野屋,119580.0,小野屋　構内諸設備３,構内諸設備,構内諸設備,2,箇所,2,箇所,,,,,対象外
783,久大本線,00,無し,小野屋,119580.0,小野屋　雑設備その他,雑設備その他,雑設備その他,,箇所,,,,,,,対象外
783,久大本線,00,無し,小野屋,119580.0,小野屋　検査坑,検査坑（諸構築物）,検査坑（車庫工場）,5.7,ｍ,,,,,,,対象
783,久大本線,00,無し,鬼瀬,123930.0,鬼瀬　構内諸設備,構内諸設備,柵垣,30,ｍ,30,ｍ,,,,,対象
783,久大本線,00,無し,向之原,127080.0,向之原　構内排水設備,構内排水設備,構内排水設備（給炭水）,13,ｍ,,,,,,,対象
783,久大本線,00,無し,向之原,127080.0,向之原　構内諸設備１,構内諸設備,柵垣,87.5,ｍ,87.5,ｍ,,,,,対象
783,久大本線,00,無し,向之原,127080.0,向之原　構内諸設備２,構内諸設備,構内諸設備,1,箇所,1,箇所,,,,,対象外
783,久大本線,00,無し,向之原,127080.0,向之原　雑設備その他,雑設備その他,雑設備その他,,箇所,,,,,,,対象外
783,久大本線,00,無し,向之原,127080.0,向之原　検査坑,検査坑（諸構築物）,検査坑（車庫工場）,5.7,ｍ,,,,,,,対象
783,久大本線,00,無し,豊後国分,131060.0,構内諸設備,構内諸設備,土留,399.1,m2,399.1,m2,,,,,対象
783,久大本線,00,無し,豊後国分,131060.0,豊後国分　雑設備その他,雑設備その他,雑設備その他,,箇所,,,,,,,対象外
783,久大本線,00,無し,賀来,133400.0,賀来　構内排水設備,構内排水設備,構内排水設備（給炭水）,94.1,ｍ,,,,,,,対象
783,久大本線,00,無し,賀来,133400.0,賀来　構内諸設備１,構内諸設備,柵垣,179.4,ｍ,179.4,ｍ,,,,,対象
783,久大本線,00,無し,賀来,133400.0,賀来　構内諸設備２,構内諸設備,土留,133.7,m2,133.7,m2,,,,,対象
783,久大本線,00,無し,賀来,133400.0,賀来_駐車場,駐車場,駐車場,,,,,,,,,対象
783,久大本線,00,無し,南大分,135710.0,南大分　構内排水設備,構内排水設備,構内排水設備（給炭水）,8,ｍ,,,,,,,対象
783,久大本線,00,無し,南大分,135710.0,南大分　構内諸設備１,構内諸設備,柵垣,6,ｍ,6,ｍ,,,,,対象
783,久大本線,00,無し,南大分,135710.0,南大分　構内諸設備２,構内諸設備,土留,27.6,m2,27.6,m2,,,,,対象
783,久大本線,00,無し,南大分,135710.0,南大分　雑設備その他,雑設備その他,雑設備その他,,箇所,,,,,,,対象外
783,久大本線,00,無し,古国府,137990.0,古国府　構内排水設備,構内排水設備,構内排水設備（給炭水）,118.3,ｍ,,,,,,,対象
783,久大本線,00,無し,古国府,137990.0,古国府　構内諸設備,構内諸設備,構内諸設備,1,箇所,1,箇所,,,,,対象
783,久大本線,10,単線,久留米高校前,3400.0,構内排水設備（給炭水）1,構内排水設備,構内排水設備（給炭水）,62.8,ｍ,,,,,,,対象
783,久大本線,10,単線,御井,8040.0,構内諸設備４,構内諸設備,柵垣,16,ｍ,,,,,,,対象
783,久大本線,10,単線,善導寺,12570.0,構内諸設備４,構内諸設備,柵垣,24,ｍ,24,ｍ,,,,,対象
783,久大本線,10,単線,夜明,39050.0,柵垣,構内諸設備,柵垣,93,ｍ,,,,,,,対象
783,久大本線,10,単線,光岡,45150.0,柵垣,構内諸設備,柵垣,8.6,,,,,,,,対象
783,久大本線,10,単線,日田,47570.0,ガードレール（構内諸設備９）,構内諸設備,ガードレール,39,ｍ,,,,,,,対象
783,久大本線,10,単線,日田,47570.0,構内諸設備２,構内諸設備,作業通路（雑設備）,400,m2,400,m2,,,,,対象
783,久大本線,10,単線,日田,47570.0,作業通路（構内諸設備８）,構内諸設備,作業通路（雑設備）,282,m2,,測定,,,,,対象
783,久大本線,10,単線,日田,47570.0,構内柵（構内諸設備10）,構内諸設備,構内柵,43,ｍ,35,ｍ,,,,,対象
783,久大本線,10,単線,日田,47570.0,構内諸設備１,構内諸設備,作業通路（雑設備）,168,m2,280,ｍ,,,,,対象
783,久大本線,10,単線,日田,47570.0,諸標,構内諸設備,線路雑その他,2,本,,,,,,,対象
783,久大本線,10,単線,庄内,114560.0,庄内　柵垣,構内諸設備,構内柵,135.2,ｍ,,,,,,,対象
783,久大本線,10,単線,天神山,118100.0,天神山_構内諸設備１,構内諸設備,構内諸設備,,,,,,,,,対象
783,久大本線,10,単線,天神山,118145.0,さくがき,構内諸設備,柵垣,26.9,ｍ,26.9,ｍ,,,,,対象
783,久大本線,10,単線,小野屋,119580.0,小野屋_構内諸設備１,構内諸設備,構内諸設備,,,,,,,,,対象
783,久大本線,32,留置線,日田,47550.0,作業通路（構内諸設備８）,構内諸設備,作業通路（雑設備）,15.9,m2,,測定,,,,,対象
783,久大本線,42,準本２番,豊後森,73323.0,豊後森構内　立入防止柵,構内諸設備,構内諸設備,4.55,ｍ,4.5,ｍ,,,,,対象
786,豊肥本線,00,無し,平成,2730.0,構内諸設備柵垣〔０３〕,構内諸設備,柵垣,0,ｍ,,ｍ,,,,,対象
786,豊肥本線,00,無し,南熊本,3630.0,構内排水設備,構内排水設備,構内排水設備（給炭水）,67.4,ｍ,67.4,ｍ,,,,,対象
786,豊肥本線,00,無し,南熊本,3630.0,構内諸設備〔０２〕（作業通路,構内諸設備,作業通路（雑設備）,449.9,m2,449.9,m2,,,,,対象外
786,豊肥本線,00,無し,南熊本,3630.0,構内諸設備〔０５〕諸設備（駐,構内諸設備,構内諸設備,459.6,m2,459.6,m2,,,,,対象
786,豊肥本線,00,無し,南熊本,3630.0,構内諸設備柵垣〔０３〕,構内諸設備,柵垣,731.9,ｍ,731.9,ｍ,,,,,対象
786,豊肥本線,00,無し,南熊本,3630.0,構内諸設備土留〔０４〕,構内諸設備,土留,7.7,m2,7.7,m2,,,,,対象
786,豊肥本線,00,無し,新水前寺,5250.0,構内排水設備,構内排水設備,構内排水設備（給炭水）,65.5,ｍ,,,,,,,対象外
786,豊肥本線,00,無し,新水前寺,5250.0,構内諸設備〔０５〕駐輪場,構内諸設備,構内諸設備,1,箇所,1,箇所,,,,,対象
786,豊肥本線,00,無し,新水前寺,5250.0,構内諸設備土留（０４）,構内諸設備,土留,44.3,m2,44.3,m2,,,,,対象外
786,豊肥本線,00,無し,水前寺,5830.0,構内排水設備,構内排水設備,構内排水設備（給炭水）,204.4,ｍ,87.1,ｍ,24,ｍ,93.3,ｍ,対象
786,豊肥本線,00,無し,水前寺,5830.0,構内諸設備〔０２〕作業通路,構内諸設備,作業通路（雑設備）,226.8,ｍ,226.8,ｍ,,,,,対象
786,豊肥本線,00,無し,水前寺,5830.0,構内諸設備〔０３〕柵垣,構内諸設備,柵垣,874.3,ｍ,874.3,ｍ,,,,,対象
786,豊肥本線,00,無し,水前寺,5830.0,構内諸設備〔０４〕土留,構内諸設備,土留,12.5,m2,12.5,m2,,,,,対象
786,豊肥本線,00,無し,水前寺,5830.0,構内諸設備〔０５〕諸設備,構内諸設備,構内諸設備,1,箇所,1,箇所,,,,,対象
786,豊肥本線,00,無し,水前寺,5830.0,給水設備,給水設備,給水設備（給炭水設備）,10,ｍ,,,,,,,対象
786,豊肥本線,00,無し,東海学園前,7840.0,構内諸設備〔０５〕諸設備,構内諸設備,構内諸設備,1,箇所,1,箇所,,,,,対象
786,豊肥本線,00,無し,東海学園前,7840.0,構内諸設備柵垣（０３）,構内諸設備,柵垣,1,箇所,1,箇所,,,,,対象
786,豊肥本線,00,無し,竜田口,8910.0,ホーム端部柵,構内諸設備,柵垣,3,ｍ,,,,,,,対象
786,豊肥本線,00,無し,竜田口,8910.0,構内諸設備さく垣〔０３〕,構内諸設備,柵垣,1,箇所,1,箇所,,,,,対象
786,豊肥本線,00,無し,竜田口,8910.0,構内諸設備作業通路〔０２〕,構内諸設備,作業通路（雑設備）,221.1,ｍ,221.1,ｍ,,,,,対象
786,豊肥本線,00,無し,竜田口,8910.0,構内諸設備諸設備〔０５〕,構内諸設備,構内諸設備,108.6,ｍ,108.6,ｍ,,,,,対象
786,豊肥本線,00,無し,武蔵塚,12900.0,構内諸設備〔０３〕柵垣,構内諸設備,柵垣,1,式,1,式,,,,,対象
786,豊肥本線,00,無し,武蔵塚,12900.0,構内諸設備〔０５〕諸設備,構内諸設備,構内諸設備,1,式,1,式,,,,,対象
786,豊肥本線,00,無し,光の森,14750.0,構内諸設備柵垣,構内諸設備,柵垣,0,m2,,,,,,,対象
786,豊肥本線,00,無し,三里木,15750.0,ホーム端部柵,構内諸設備,柵垣,3,ｍ,,,,,,,対象
786,豊肥本線,00,無し,三里木,15750.0,構内諸設備（土留）０４,構内諸設備,土留,25.6,m2,25.6,m2,,,,,対象
786,豊肥本線,00,無し,三里木,15750.0,構内諸設備柵垣（０３）,構内諸設備,柵垣,25.6,m2,,,,,,,対象
786,豊肥本線,00,無し,三里木,15750.0,構内諸設備通路（０２）,構内諸設備,作業通路（雑設備）,110,m2,110,m2,,,,,対象
786,豊肥本線,00,無し,三里木,15750.0,検査坑,検査坑（諸構築物）,検査坑（車庫工場）,8,ｍ,,,,,,,対象
786,豊肥本線,00,無し,三里木,15750.0,給水設備,給水設備,給水設備（給炭水設備）,77.4,ｍ,,,,,,,対象外
786,豊肥本線,00,無し,原水,18940.0,構内諸設備〔０５〕諸設備（構,構内諸設備,構内諸設備,1,箇所,1,箇所,,,,,対象
786,豊肥本線,00,無し,原水,18940.0,構内諸設備作業通路〔０２〕,構内諸設備,作業通路（雑設備）,107,m2,107,m2,,,,,対象外
786,豊肥本線,00,無し,原水,18940.0,構内諸設備柵垣〔０３〕,構内諸設備,柵垣,82,ｍ,82,ｍ,,,,,対象
786,豊肥本線,00,無し,原水,18940.0,構内諸設備土留壁〔０４〕,構内諸設備,土留,53.8,m2,53.8,m2,,,,,対象
786,豊肥本線,00,無し,肥後大津,22550.0,構内排水設備,構内排水設備,構内排水設備（給炭水）,130,ｍ,,,,,,,対象
786,豊肥本線,00,無し,肥後大津,22550.0,構内諸設備構内諸設備〔０５〕,構内諸設備,構内諸設備,399,m2,399,m2,,,,,対象
786,豊肥本線,00,無し,肥後大津,22550.0,構内諸設備作業通路〔０２〕,構内諸設備,作業通路（雑設備）,755.4,m2,755.4,m2,,,,,対象
786,豊肥本線,00,無し,肥後大津,22550.0,構内諸設備土留壁〔０４〕,構内諸設備,土留,11.8,m2,11.8,m2,,,,,対象
786,豊肥本線,00,無し,肥後大津,22550.0,検査坑（自動車検修ピット）,検査坑（諸構築物）,検査坑（車庫工場）,5.6,ｍ,5.6,ｍ,29,ｍ,,,対象外
786,豊肥本線,00,無し,瀬田,27190.0,構内諸設備柵垣〔０３〕,構内諸設備,柵垣,171.4,ｍ,171.4,ｍ,,,,,対象
786,豊肥本線,00,無し,瀬田,27190.0,構内諸設備土留〔０４〕,構内諸設備,土留,27.5,m2,27.5,m2,,,,,対象
786,豊肥本線,00,無し,瀬田,27190.0,検査坑,検査坑（諸構築物）,検査坑（車庫工場）,6.6,ｍ,,,,,,,対象
786,豊肥本線,00,無し,立野,32250.0,構内排水設備,構内排水設備,構内排水設備（給炭水）,101.3,ｍ,101.3,ｍ,,,,,対象
786,豊肥本線,00,無し,立野,32250.0,構内諸設備作業通路〔０２〕,構内諸設備,作業通路（雑設備）,501.8,ｍ,501.8,ｍ,,,,,対象
786,豊肥本線,00,無し,立野,32250.0,構内諸設備諸設備〔０５〕,構内諸設備,構内諸設備,2,箇所,2,箇所,,,,,対象
786,豊肥本線,00,無し,立野,32250.0,雑設備その他,雑設備その他,雑設備その他,1,式,,,,,,,対象
786,豊肥本線,00,無し,立野,32250.0,検査坑,検査坑（諸構築物）,検査坑（車庫工場）,16.5,ｍ,,,,,,,対象
786,豊肥本線,00,無し,立野,32250.0,集灰坑,集灰坑,集灰坑,1,箇所,,,,,,,対象
786,豊肥本線,00,無し,立野,32250.0,給水設備,給水設備,給水設備（給炭水設備）,150,ｍ,,,,,,,対象
786,豊肥本線,00,無し,赤水,40170.0,構内諸設備作業通路〔０２〕,構内諸設備,作業通路（雑設備）,248,m2,248,m2,,,,,対象
786,豊肥本線,00,無し,赤水,40170.0,構内諸設備柵垣〔０３〕,構内諸設備,柵垣,234.2,ｍ,234.2,ｍ,,,,,対象
786,豊肥本線,00,無し,赤水,40170.0,構内諸設備諸設備〔０５〕構内,構内諸設備,構内諸設備,1,箇所,1,箇所,,,,,対象
786,豊肥本線,00,無し,赤水,40170.0,検査坑,検査坑（諸構築物）,検査坑（車庫工場）,6,ｍ,,,,,,,対象
786,豊肥本線,00,無し,内牧,46370.0,構内諸設備柵垣〔０３〕,構内諸設備,柵垣,210.3,ｍ,210.3,ｍ,,,,,対象
786,豊肥本線,00,無し,内牧,46370.0,構内諸設備通路〔０２〕,構内諸設備,作業通路（雑設備）,203.8,ｍ,203.8,ｍ,,,,,対象
786,豊肥本線,00,無し,阿蘇,49870.0,構内排水設備,構内排水設備,構内排水設備（給炭水）,8.9,ｍ,,,,,,,対象
786,豊肥本線,00,無し,阿蘇,49870.0,庭園設備,庭園設備,庭園設備,1,箇所,,,,,,,対象
786,豊肥本線,00,無し,阿蘇,49870.0,構内諸設備柵垣〔０３〕,構内諸設備,柵垣,153.9,ｍ,153.9,ｍ,,,,,対象
786,豊肥本線,00,無し,阿蘇,49870.0,雑設備,雑設備その他,雑設備その他,1,箇所,,,,,,,対象
786,豊肥本線,00,無し,阿蘇,49950.0,立入防止柵,構内諸設備,柵垣,6,ｍ,,ｍ,6,,,,対象
786,豊肥本線,00,無し,阿蘇,50000.0,立入防止柵,構内諸設備,柵垣,1,ｍ,,ｍ,130.9,,,,対象
786,豊肥本線,00,無し,宮地,53410.0,構内排水設備,構内排水設備,構内排水設備（給炭水）,567.6,ｍ,125.8,ｍ,377,ｍ,64.8,ｍ,対象
786,豊肥本線,00,無し,宮地,53410.0,構内諸設備その他諸設備〔０５,構内諸設備,構内諸設備,1,箇所,1,箇所,,,,,対象
786,豊肥本線,00,無し,宮地,53410.0,構内諸設備柵垣〔０３〕,構内諸設備,柵垣,152.2,ｍ,152.2,ｍ,,,,,対象
786,豊肥本線,00,無し,宮地,53410.0,構内諸設備通路〔０２〕,構内諸設備,作業通路（雑設備）,105.4,ｍ,105.4,ｍ,,,,,対象
786,豊肥本線,00,無し,宮地,53410.0,構内諸設備土留〔０４〕,構内諸設備,土留,50.1,m2,50.1,m2,,,,,対象
786,豊肥本線,00,無し,宮地,53410.0,検査坑,検査坑（諸構築物）,検査坑（車庫工場）,50.6,ｍ,,,,,,,対象
786,豊肥本線,00,無し,宮地,53410.0,雑構築物その他,雑構築物その他,雑構築物その他,,,,,,,,,対象
786,豊肥本線,00,無し,宮地,53410.0,機関車転車台,機関車転車台,機関車転車台,1,箇所,1,連,1,式,11.5,ｍ,対象
786,豊肥本線,00,無し,宮地,53410.0,集灰坑,集灰坑,集灰坑,1,箇所,1,箇所,13.8,ｍ,,,対象
786,豊肥本線,00,無し,宮地,53410.0,給水設備,給水設備,給水設備（給炭水設備）,3440.7,ｍ,261.1,ｍ,2848.1,ｍ,331.5,ｍ,対象
786,豊肥本線,00,無し,宮地,53410.0,高架貯水槽,高架貯水槽,高架貯水槽,1,基,,,,,,,対象外
786,豊肥本線,00,無し,宮地,53410.0,機関車給水柱,機関車給水柱,機関車給水柱,1,基,,,,,,,対象
786,豊肥本線,00,無し,宮地,53440.0,立入防止柵,構内諸設備,柵垣,10.8,ｍ,,ｍ,10.8,,,,対象
786,豊肥本線,00,無し,波野,64120.0,構内諸設備柵垣〔０３〕,構内諸設備,柵垣,189.5,ｍ,180.3,ｍ,9.2,ｍ,,,対象
786,豊肥本線,00,無し,波野,64120.0,検査坑,検査坑（諸構築物）,検査坑（車庫工場）,6,ｍ,,,,,,,対象
786,豊肥本線,00,無し,滝水,68980.0,構内排水設備,構内排水設備,構内排水設備（給炭水）,48.8,ｍ,,,,,,,対象
786,豊肥本線,00,無し,滝水,68980.0,構内諸設備柵垣〔０３〕,構内諸設備,柵垣,,ｍ,,ｍ,,,,,対象
786,豊肥本線,00,無し,滝水,68980.0,構内諸設備通路〔０２〕,構内諸設備,作業通路（雑設備）,192.3,m2,192.3,m2,,,,,対象
786,豊肥本線,00,無し,豊後荻,75190.0,豊後荻　構内諸設備,構内諸設備,柵垣,,ｍ,,ｍ,,,,,対象
786,豊肥本線,00,無し,豊後荻,75190.0,豊後荻　雑設備その他,雑設備その他,雑設備その他,1,箇所,,,,,,,対象外
786,豊肥本線,00,無し,豊後竹田,88030.0,豊後竹田　構内排水設備,構内排水設備,構内排水設備（給炭水）,198.9,ｍ,,,,,,,対象
786,豊肥本線,00,無し,豊後竹田,88030.0,豊後竹田　構内諸設備,構内諸設備,柵垣,,ｍ,,ｍ,,,,,対象
786,豊肥本線,00,無し,豊後竹田,88030.0,豊後竹田　雑設備その他,雑設備その他,雑設備その他,,箇所,,,,,,,対象外
786,豊肥本線,00,無し,豊後竹田,88030.0,豊後竹田　検査坑,検査坑（諸構築物）,検査坑（車庫工場）,13.8,ｍ,,,,,,,対象
786,豊肥本線,00,無し,朝地,93920.0,朝地　排水設備,排水設備,排水設備（給炭水）,1,箇所,,,,,,,対象
786,豊肥本線,00,無し,緒方,100300.0,緒方　構内排水設備,構内排水設備,構内排水設備（給炭水）,198.1,ｍ,,,,,,,対象
786,豊肥本線,00,無し,緒方,100300.0,緒方　構内諸設備１,構内諸設備,柵垣,1,ｍ,1,ｍ,,,,,対象
786,豊肥本線,00,無し,緒方,100300.0,緒方　構内諸設備２,構内諸設備,土留,1,m2,1,m2,,,,,対象外
786,豊肥本線,00,無し,豊後清川,105350.0,豊後清川　雑設備その他,雑設備その他,雑設備その他,64.2,箇所,,,,,,,対象外
786,豊肥本線,00,無し,三重町,111860.0,三重町　構内排水設備,構内排水設備,構内排水設備（給炭水）,135.7,ｍ,,,,,,,対象
786,豊肥本線,00,無し,三重町,111860.0,三重町　構内諸設備１,構内諸設備,柵垣,1,ｍ,1,ｍ,,,,,対象
786,豊肥本線,00,無し,三重町,111860.0,三重町　構内諸設備２,構内諸設備,土留,1,m2,1,m2,,,,,対象
786,豊肥本線,00,無し,三重町,111860.0,三重町　構内諸設備３,構内諸設備,構内諸設備,,箇所,,箇所,,,,,対象外
786,豊肥本線,00,無し,三重町,111860.0,三重町　走行路,走行路,走行路,,ｍ,,,,,,,対象外
786,豊肥本線,00,無し,菅尾,117250.0,菅尾　構内諸設備１,構内諸設備,柵垣,,ｍ,,ｍ,,,,,対象
786,豊肥本線,00,無し,菅尾,117250.0,菅尾　構内諸設備２,構内諸設備,土留,1,m2,1,m2,,,,,対象
786,豊肥本線,00,無し,菅尾,117250.0,菅尾　雑設備その他,雑設備その他,雑設備その他,,箇所,,,,,,,対象外
786,豊肥本線,00,無し,犬飼,125160.0,犬飼　構内諸設備２,構内諸設備,作業通路（雑設備）,35.9,m2,,m2,,,,,対象外
786,豊肥本線,00,無し,犬飼,125160.0,犬飼　構内諸設備３,構内諸設備,柵垣,1,ｍ,1,ｍ,,,,,対象
786,豊肥本線,00,無し,犬飼,125160.0,犬飼　雑設備その他,雑設備その他,雑設備その他,,箇所,,,,,,,対象外
786,豊肥本線,00,無し,竹中,130800.0,竹中　構内諸設備１,構内諸設備,柵垣,1,ｍ,1,ｍ,,,,,対象
786,豊肥本線,00,無し,竹中,130800.0,竹中　構内諸設備２,構内諸設備,土留,1,m2,1,m2,,,,,対象
786,豊肥本線,00,無し,竹中,130800.0,竹中　雑設備その他,雑設備その他,雑設備その他,,箇所,,,,,,,対象外
786,豊肥本線,00,無し,中判田,136280.0,中判田　構内諸設備１,構内諸設備,柵垣,,m2,,m2,,,,,対象
786,豊肥本線,00,無し,中判田,136280.0,中判田　構内諸設備２,構内諸設備,土留,1,m2,1,m2,,,,,対象
786,豊肥本線,00,無し,中判田,136280.0,中判田　排水設備,排水設備,排水設備（給炭水）,,箇所,,,,,,,対象
786,豊肥本線,00,無し,敷戸,140180.0,敷戸　構内排水設備,構内排水設備,構内排水設備（給炭水）,77,ｍ,,,,,,,対象
786,豊肥本線,00,無し,敷戸,140180.0,敷戸　構内諸設備,構内諸設備,構内諸設備,2,箇所,2,箇所,,,,,対象外
786,豊肥本線,00,無し,滝尾,142930.0,滝尾　構内排水設備,構内排水設備,構内排水設備（給炭水）,252.7,ｍ,,,,,,,対象
786,豊肥本線,00,無し,滝尾,142930.0,滝尾　構内諸設備,構内諸設備,柵垣,1,m2,1,m2,,,,,対象
786,豊肥本線,00,無し,滝尾,142930.0,滝尾　雑設備その他,雑設備その他,雑設備その他,,箇所,,,,,,,対象外
786,豊肥本線,10,単線,平成,2760.0,平成駅,構内諸設備,柵垣,99.6,ｍ,,,,,,,対象
786,豊肥本線,10,単線,平成,2760.0,伏び,排水設備（諸構築物）,伏び,4.8,ｍ,45,cm,,,,,対象
786,豊肥本線,10,単線,南熊本,3630.0,柵垣,構内排水設備,柵垣,143.2,ｍ,,,,,,,対象
786,豊肥本線,10,単線,東海学園前,7840.0,伏び１,排水設備（諸構築物）,伏び,4.8,ｍ,,,,,,,対象
786,豊肥本線,10,単線,東海学園前,7840.0,伏び２,排水設備（諸構築物）,伏び,12.2,ｍ,,,,,,,対象
786,豊肥本線,10,単線,東海学園前,7840.0,伏び３,排水設備（諸構築物）,伏び,5,ｍ,,,,,,,対象
786,豊肥本線,10,単線,竜田口,8910.0,竜田口駅,構内排水設備,柵垣,196.9,ｍ,,,,,,,対象
786,豊肥本線,10,単線,三里木,15750.0,三里木駅,構内排水設備,柵垣,42.3,ｍ,,,,,,,対象
786,豊肥本線,10,単線,肥後大津,22550.0,肥後大津駅２,雑設備その他,柵垣,63.3,ｍ,,,,,,,対象
786,豊肥本線,10,単線,肥後大津,22550.0,肥後大津駅１,構内諸設備,柵垣,49,ｍ,,,,,,,対象
786,豊肥本線,10,単線,立野,33400.0,構内諸設備作業通路〔０３〕,構内諸設備,作業通路（雑設備）,11.94,ｍ,,ｍ,,,,,対象
786,豊肥本線,10,単線,市ノ川,42600.0,柵垣,構内諸設備,構内柵,20,ｍ,,,,,,,対象
786,豊肥本線,10,単線,阿蘇,49945.0,転落防止柵,構内諸設備,転落防止柵,21.8,ｍ,21.8,ｍ,,,,,対象
786,豊肥本線,10,単線,豊後竹田,87930.0,豊後竹田　構内諸設備2 柵垣,構内諸設備,柵垣,21.3,,,,,,,,対象
786,豊肥本線,10,単線,豊後竹田,88030.0,豊後竹田_構内諸設備１ 柵垣,構内諸設備,柵垣,,,,,,,,,対象
786,豊肥本線,10,単線,豊後竹田,88030.0,豊後竹田_駐車場１,駐車場,駐車場,979,m2,,,,,,,対象
786,豊肥本線,10,単線,朝地,93920.0,朝地　構内諸設備,構内諸設備,構内諸設備,,,,,,,,,対象外
786,豊肥本線,10,単線,三重町,111860.0,三重町_構内諸設備１,構内諸設備,構内諸設備,,,,,,,,,対象
786,豊肥本線,10,単線,犬飼,125160.0,犬飼　構内諸設備１,構内諸設備,構内諸設備,,,,,,,,,対象外
786,豊肥本線,10,単線,犬飼,125160.0,犬飼_駐車場１,駐車場,駐車場,144.9,m2,,,,,,,対象
786,豊肥本線,10,単線,犬飼,125160.01,犬飼_構内諸設備４,構内諸設備,構内諸設備,34.1,ｍ,,,,,,,対象
791,日豊本線,00,無し,南小倉,2840.0,構内排水設備,構内排水設備,構内排水設備（給炭水）,180,ｍ,,,,,,,対象
791,日豊本線,00,無し,南小倉,2840.0,構内諸設備１,構内諸設備,作業通路（雑設備）,,箇所,5.1,m2,,,,,対象
791,日豊本線,00,無し,南小倉,2840.0,構内諸設備２,構内諸設備,柵垣,1,箇所,879.7,ｍ,,,,,対象
791,日豊本線,00,無し,南小倉,2840.0,構内諸設備３,構内諸設備,構内諸設備,,箇所,3,箇所,,,,,対象
791,日豊本線,00,無し,城野,5370.0,構内諸設備１,構内諸設備,作業通路（雑設備）,465,m2,632.6,m2,,,,,対象
791,日豊本線,00,無し,城野,5370.0,構内諸設備２,構内諸設備,柵垣,4,箇所,1117,ｍ,,,,,対象
791,日豊本線,00,無し,城野,5370.0,構内諸備,構内諸設備,構内諸設備,2,箇所,,箇所,,,,,対象
791,日豊本線,00,無し,安部山公園,7710.0,構内諸設備,構内諸設備,構内諸設備,,箇所,,箇所,,,,,対象
791,日豊本線,00,無し,下曽根,10920.0,構内排水設備,構内排水設備,構内排水設備（給炭水）,19.1,ｍ,,,,,,,対象
791,日豊本線,00,無し,下曽根,10920.0,構内諸設備１,構内諸設備,作業通路（雑設備）,,箇所,717.3,m2,,,,,対象
791,日豊本線,00,無し,下曽根,10920.0,構内諸設備２,構内諸設備,柵垣,1,箇所,589.8,ｍ,,,,,対象
791,日豊本線,00,無し,下曽根,10920.0,構内諸設備３,構内諸設備,構内諸設備,,箇所,49.2,ｍ,,,,,対象
791,日豊本線,00,無し,下曽根,10920.0,構内諸設備４(PCフェンス）,構内諸設備,柵垣,16,ｍ,16,ｍ,,,,,対象
791,日豊本線,00,無し,朽網,14310.0,構内排水設備,構内排水設備,構内排水設備（給炭水）,178,ｍ,,,,,,,対象
791,日豊本線,00,無し,朽網,14310.0,構内諸設備１,構内諸設備,作業通路（雑設備）,,ｍ,28,m2,,,,,対象
791,日豊本線,00,無し,朽網,14310.0,構内諸設備２,構内諸設備,柵垣,500,ｍ,50,ｍ,,,,,対象
791,日豊本線,00,無し,苅田,17910.0,構内排水設備,構内排水設備,構内排水設備（給炭水）,32,ｍ,,,,,,,対象
791,日豊本線,00,無し,苅田,17910.0,構内諸設備１,構内諸設備,作業通路（雑設備）,,箇所,503.6,m2,,,,,対象
791,日豊本線,00,無し,苅田,17910.0,構内諸設備２,構内諸設備,柵垣,4,箇所,458.2,ｍ,63,ｍ,105.7,ｍ,対象
791,日豊本線,00,無し,苅田,17910.0,構内諸設備３,構内諸設備,構内諸設備,,箇所,,箇所,,,,,対象
791,日豊本線,00,無し,小波瀬西工大前,21480.0,構内排水設備,構内排水設備,構内排水設備（給炭水）,157.5,ｍ,,,,,,,対象
791,日豊本線,00,無し,小波瀬西工大前,21480.0,構内諸設備１,構内諸設備,作業通路（雑設備）,,箇所,324,m2,,,,,対象
791,日豊本線,00,無し,小波瀬西工大前,21480.0,構内諸設備２,構内諸設備,柵垣,4,箇所,383.6,ｍ,,,,,対象
791,日豊本線,00,無し,小波瀬西工大前,21480.0,構内諸設備３,構内諸設備,土留,,箇所,33,m2,,,,,対象
791,日豊本線,00,無し,小波瀬西工大前,21480.0,構内諸設備４,構内諸設備,構内諸設備,,箇所,,箇所,,,,,対象
791,日豊本線,00,無し,南行橋,26010.0,構内排水設備（給炭水）,構内排水設備,構内排水設備（給炭水）,20,ｍ,20,ｍ,,,,,対象
791,日豊本線,00,無し,南行橋,26010.0,構内諸設備,構内諸設備,構内諸設備,37,ｍ,37,ｍ,,,,,対象
791,日豊本線,00,無し,新田原,29460.0,構内排水設備,構内排水設備,構内排水設備（給炭水）,190.8,ｍ,,,,,,,対象
791,日豊本線,00,無し,新田原,29460.0,構内諸設備１,構内諸設備,作業通路（雑設備）,155.4,m2,155.4,m2,,,,,対象
791,日豊本線,00,無し,新田原,29460.0,構内諸設備２,構内諸設備,柵垣,474.9,ｍ,474.9,ｍ,,,,,対象
791,日豊本線,00,無し,新田原,29460.0,構内諸設備３,構内諸設備,土留,91.1,m2,91.1,m2,,,,,対象
791,日豊本線,00,無し,築城,33220.0,構内排水設備,構内排水設備,構内排水設備（給炭水）,82,ｍ,,,,,,,対象
791,日豊本線,00,無し,築城,33220.0,構内諸設備１,構内諸設備,作業通路（雑設備）,135.2,m2,135.2,m2,,,,,対象
791,日豊本線,00,無し,築城,33220.0,構内諸設備２,構内諸設備,柵垣,498,ｍ,324.6,ｍ,174,ｍ,,,対象
791,日豊本線,00,無し,築城,33220.0,構内諸設備３,構内諸設備,土留,8.6,m2,8.6,m2,,,,,対象
791,日豊本線,00,無し,椎田,36170.0,構内排水設備,構内排水設備,構内排水設備（給炭水）,41.5,ｍ,,,,,,,対象
791,日豊本線,00,無し,椎田,36170.0,構内諸設備１,構内諸設備,作業通路（雑設備）,112.1,m2,112.1,m2,,,,,対象
791,日豊本線,00,無し,椎田,36170.0,構内諸設備２,構内諸設備,柵垣,653.7,ｍ,621.7,ｍ,32,ｍ,,,対象
791,日豊本線,00,無し,椎田,36170.0,構内諸設備３,構内諸設備,土留,28.1,m2,28.1,m2,,,,,対象
791,日豊本線,00,無し,豊前松江,41100.0,構内排水設備,構内排水設備,構内排水設備（給炭水）,30.9,ｍ,,,,,,,対象
791,日豊本線,00,無し,豊前松江,41100.0,構内諸設備１,構内諸設備,作業通路（雑設備）,93,m2,93,m2,,,,,対象
791,日豊本線,00,無し,豊前松江,41100.0,構内諸設備２,構内諸設備,柵垣,211.5,ｍ,211.5,ｍ,,,,,対象
791,日豊本線,00,無し,豊前松江,41100.0,構内諸設備３,構内諸設備,土留,40,m2,40,m2,,,,,対象
791,日豊本線,00,無し,宇島,44460.0,構内排水設備,構内排水設備,構内排水設備（給炭水）,432.8,ｍ,136.2,ｍ,296.6,ｍ,,,対象
791,日豊本線,00,無し,宇島,44460.0,構内諸設備１,構内諸設備,作業通路（雑設備）,303,m2,303,m2,,,,,対象
791,日豊本線,00,無し,宇島,44460.0,構内諸設備２,構内諸設備,柵垣,815.4,ｍ,420.1,ｍ,395.3,ｍ,,,対象
791,日豊本線,00,無し,宇島,44460.0,構内諸設備３,構内諸設備,土留,25.5,m2,25.5,m2,,,,,対象
791,日豊本線,00,無し,宇島,44460.0,走行路,走行路,走行路,210.1,ｍ,,,,,,,対象
791,日豊本線,00,無し,宇島,44460.0,雑設備その他,雑設備その他,雑設備その他,6,箇所,,,,,,,対象
791,日豊本線,00,無し,三毛門,47290.0,構内諸設備１,構内諸設備,作業通路（雑設備）,17.2,m2,17.2,m2,,,,,対象
791,日豊本線,00,無し,三毛門,47290.0,構内諸設備２,構内諸設備,柵垣,103.6,ｍ,103.6,ｍ,,,,,対象
791,日豊本線,00,無し,三毛門,47290.0,雑設備その他,雑設備その他,雑設備その他,2,箇所,,,,,,,対象
791,日豊本線,00,無し,中津,51050.0,中津 構内排水設備,構内排水設備,構内排水設備（給炭水）,1246.7,ｍ,,,,,,,対象
791,日豊本線,00,無し,中津,51050.0,中津 構内諸設備２,構内諸設備,柵垣,282.4,ｍ,282.4,ｍ,,,,,対象
791,日豊本線,00,無し,中津,51050.0,中津 構内諸設備３,構内諸設備,作業通路（雑設備）,1038.2,m2,1038.2,m2,,,,,対象
791,日豊本線,00,無し,中津,51050.0,中津　構内諸設備１,構内諸設備,構内諸設備,,箇所,,箇所,,,,,対象外
791,日豊本線,00,無し,中津,51050.0,中津 雑設備その他,雑設備その他,雑設備その他,3,箇所,,,,,,,対象
791,日豊本線,00,無し,中津,51050.0,上小川駐車場,駐車場,駐車場,256,m2,256,m2,,,,,対象
791,日豊本線,00,無し,東中津,55960.0,東中津 構内諸設備１,構内諸設備,構内諸設備,,箇所,,箇所,,,,,対象外
791,日豊本線,00,無し,東中津,55960.0,東中津 構内諸設備２,構内諸設備,柵垣,207.1,ｍ,135.7,ｍ,71.4,ｍ,,,対象
791,日豊本線,00,無し,東中津,55960.0,東中津 構内諸設備３,構内諸設備,作業通路（雑設備）,325.1,m2,325.1,m2,,,,,対象外
791,日豊本線,00,無し,東中津,55960.0,東中津 走行路,走行路,走行路,124,ｍ,,,,,,,対象
791,日豊本線,00,無し,東中津,55960.0,東中津 雑設備その他,雑設備その他,雑設備その他,3,箇所,,,,,,,対象
791,日豊本線,00,無し,今津,59350.0,今津 構内排水設備,構内排水設備,構内排水設備（給炭水）,21.8,ｍ,,,,,,,対象
791,日豊本線,00,無し,今津,59350.0,今津 構内諸設備１,構内諸設備,構内諸設備,1,箇所,1,箇所,,,,,対象外
791,日豊本線,00,無し,今津,59350.0,今津 構内諸設備２,構内諸設備,柵垣,448.1,ｍ,448.1,ｍ,,,,,対象
791,日豊本線,00,無し,今津,59350.0,今津 雑設備その他,雑設備その他,雑設備その他,3,箇所,,,,,,,対象
791,日豊本線,00,無し,天津,61810.0,天津 構内排水設備,構内排水設備,構内排水設備（給炭水）,18.2,ｍ,,,,,,,対象
791,日豊本線,00,無し,天津,61810.0,天津 構内諸設備１,構内諸設備,作業通路（雑設備）,12.2,m2,12.2,m2,,,,,対象外
791,日豊本線,00,無し,天津,61810.0,天津 構内諸設備２,構内諸設備,柵垣,463.7,ｍ,463.7,ｍ,,,,,対象
791,日豊本線,00,無し,天津,61810.0,天津 雑設備その他,雑設備その他,雑設備その他,4,箇所,,,,,,,対象
791,日豊本線,00,無し,豊前善光寺,64750.0,豊前善光寺 構内排水設備,構内排水設備,構内排水設備（給炭水）,251.5,ｍ,,,,,,,対象
791,日豊本線,00,無し,豊前善光寺,64750.0,豊前善光寺 構内諸設備１,構内諸設備,柵垣,1001.7,ｍ,988.2,ｍ,13.5,ｍ,,,対象
791,日豊本線,00,無し,豊前善光寺,64750.0,豊前善光寺 構内諸設備２,構内諸設備,作業通路（雑設備）,84.6,m2,84.6,m2,,,,,対象外
791,日豊本線,00,無し,豊前善光寺,64750.0,豊前善光寺 雑設備その他,雑設備その他,雑設備その他,2,箇所,,,,,,,対象
791,日豊本線,00,無し,柳ヶ浦,67820.0,乗降台,構内諸設備,構内諸設備,1,箇所,,箇所,,,,,対象
791,日豊本線,00,無し,柳ヶ浦,68430.0,柳ヶ浦 構内排水設備,構内排水設備,構内排水設備（給炭水）,472.6,ｍ,472.6,ｍ,245.6,ｍ,,,対象
791,日豊本線,00,無し,柳ヶ浦,68430.0,柳ヶ浦 構内諸設備１,構内諸設備,構内諸設備,1,箇所,1,箇所,,,,,対象外
791,日豊本線,00,無し,柳ヶ浦,68430.0,柳ヶ浦 構内諸設備２,構内諸設備,土留,37.9,m2,12.9,m2,25,m2,,,対象
791,日豊本線,00,無し,柳ヶ浦,68430.0,柳ヶ浦 構内諸設備３,構内諸設備,柵垣,895.4,ｍ,489.4,ｍ,405.9,ｍ,,,対象
791,日豊本線,00,無し,柳ヶ浦,68430.0,柳ヶ浦 構内諸設備４,構内諸設備,作業通路（雑設備）,453.6,m2,4458,m2,,,,,対象
791,日豊本線,00,無し,柳ヶ浦,68430.0,柳ヶ浦 走行路,走行路,走行路,2630.1,ｍ,,,,,,,対象
791,日豊本線,00,無し,柳ヶ浦,68430.0,柳ヶ浦 雑設備その他,雑設備その他,雑設備その他,21,箇所,,,,,,,対象
791,日豊本線,00,無し,豊前長洲,70310.0,豊前長洲 構内排水設備,構内排水設備,構内排水設備（給炭水）,124.2,ｍ,,,,,,,対象
791,日豊本線,00,無し,豊前長洲,70310.0,豊前長洲 構内諸設備１,構内諸設備,柵垣,340.3,ｍ,340.3,ｍ,,,,,対象
791,日豊本線,00,無し,豊前長洲,70310.0,豊前長洲 構内諸設備２,構内諸設備,作業通路（雑設備）,60.8,m2,60.8,m2,,,,,対象外
791,日豊本線,00,無し,豊前長洲,70310.0,豊前長洲 雑設備その他,雑設備その他,雑設備その他,1,箇所,,,,,,,対象外
791,日豊本線,00,無し,宇佐,75100.0,宇佐 構内排水設備,構内排水設備,構内排水設備（給炭水）,176,ｍ,,,,,,,対象
791,日豊本線,00,無し,宇佐,75100.0,宇佐 構内諸設備１,構内諸設備,作業通路（雑設備）,134.1,m2,134.1,m2,,,,,対象
791,日豊本線,00,無し,宇佐,75100.0,宇佐 構内諸設備２,構内諸設備,柵垣,190.8,ｍ,190.8,ｍ,,,,,対象
791,日豊本線,00,無し,宇佐,75100.0,宇佐 構内諸設備３,構内諸設備,構内諸設備,2,箇所,2,箇所,,,,,対象
791,日豊本線,00,無し,宇佐,75100.0,宇佐 走行路,走行路,走行路,100.2,ｍ,,,,,,,対象外
791,日豊本線,00,無し,宇佐,75100.0,宇佐 雑設備（その他）,雑設備その他,雑設備その他,1,箇所,,,,,,,対象外
791,日豊本線,00,無し,宇佐,75100.0,宇佐 排水設備,排水設備,排水設備（給炭水）,1,箇所,,,,,,,対象外
791,日豊本線,00,無し,立石,84520.0,立石 構内排水設備,構内排水設備,構内排水設備（給炭水）,1214.8,ｍ,,,,,,,対象
791,日豊本線,00,無し,立石,84520.0,立石 構内諸設備１,構内諸設備,作業通路（雑設備）,5,m2,5,m2,,,,,対象外
791,日豊本線,00,無し,立石,84520.0,立石 構内諸設備２,構内諸設備,柵垣,363.6,ｍ,363.6,ｍ,,,,,対象
791,日豊本線,00,無し,立石,84520.0,立石 構内諸設備３,構内諸設備,土留,161,m2,161,m2,,,,,対象
791,日豊本線,00,無し,立石,84520.0,立石 雑設備（その他）,雑設備その他,雑設備その他,5,箇所,,,,,,,対象外
791,日豊本線,00,無し,中山香,89680.0,中山香  構内排水設備,構内排水設備,構内排水設備（給炭水）,104.6,ｍ,,,,,,,対象外
791,日豊本線,00,無し,中山香,89680.0,中山香  雑設備（その他）,雑設備その他,雑設備その他,2,箇所,,,,,,,対象外
791,日豊本線,00,無し,杵築,98540.0,杵築 構内排水設備,構内排水設備,構内排水設備（給炭水）,225.4,ｍ,,,,,,,対象
791,日豊本線,00,無し,杵築,98540.0,杵築 構内諸設備１,構内諸設備,作業通路（雑設備）,315.1,m2,315.1,m2,,,,,対象
791,日豊本線,00,無し,杵築,98540.0,杵築 構内諸設備２,構内諸設備,柵垣,291,ｍ,291,ｍ,,,,,対象
791,日豊本線,00,無し,杵築,98540.0,杵築 構内諸設備３,構内諸設備,構内諸設備,2,箇所,2,箇所,,,,,対象
791,日豊本線,00,無し,杵築,98540.0,杵築 雑設備（その他）,雑設備その他,雑設備その他,4,箇所,,,,,,,対象外
791,日豊本線,00,無し,大神,102550.0,大神 構内排水設備,構内排水設備,構内排水設備（給炭水）,56.2,ｍ,,,,,,,対象
791,日豊本線,00,無し,大神,102550.0,大神 構内諸設備１,構内諸設備,柵垣,87.1,ｍ,87.1,ｍ,,,,,対象
791,日豊本線,00,無し,大神,102550.0,大神 構内諸設備２,構内諸設備,構内諸設備,1,箇所,1,箇所,,,,,対象外
791,日豊本線,00,無し,日出,106540.0,日出 構内排水設備,構内排水設備,構内排水設備（給炭水）,41.7,ｍ,,,,,,,対象
791,日豊本線,00,無し,日出,106540.0,日出 構内諸設備１,構内諸設備,柵垣,,ｍ,,ｍ,,,,,対象
791,日豊本線,00,無し,日出,106540.0,日出 構内諸設備２,構内諸設備,構内諸設備,180,箇所,180,箇所,,,,,対象外
791,日豊本線,00,無し,日出,106540.0,日出 走行路,走行路,走行路,,m2,,,,,,,対象
791,日豊本線,00,無し,日出,106540.0,日出 雑設備（その他）,雑設備その他,雑設備その他,1,箇所,,,,,,,対象外
791,日豊本線,00,無し,日出,106540.0,日出 排水設備,排水設備,排水設備（給炭水）,25,ｍ,,,,,,,対象
791,日豊本線,00,無し,暘谷,107670.0,暘谷 構内諸設備１,構内諸設備,柵垣,,ｍ,,ｍ,,,,,対象
791,日豊本線,00,無し,暘谷,107670.0,暘谷 構内諸設備２,構内諸設備,土留,,m2,,m2,,,,,対象
791,日豊本線,00,無し,暘谷,107670.0,暘谷 構内諸設備３,構内諸設備,構内諸設備,,箇所,,箇所,,,,,対象外
791,日豊本線,00,無し,暘谷,107670.0,暘谷 雑設備（その他）,雑設備その他,雑設備その他,2,箇所,,,,,,,対象外
791,日豊本線,00,無し,豊後豊岡,110550.0,豊後豊岡 構内排水設備,構内排水設備,構内排水設備（給炭水）,76.7,ｍ,,,,,,,対象外
791,日豊本線,00,無し,豊後豊岡,110550.0,豊後豊岡 構内諸設備１,構内諸設備,柵垣,1,ｍ,1,ｍ,,,,,対象
791,日豊本線,00,無し,豊後豊岡,110550.0,豊後豊岡 構内諸設備２,構内諸設備,土留,,m2,,m2,,,,,対象
791,日豊本線,00,無し,豊後豊岡,110550.0,豊後豊岡 構内諸設備３,構内諸設備,構内諸設備,,箇所,,箇所,,,,,対象外
791,日豊本線,00,無し,豊後豊岡,110550.0,豊後豊岡 雑設備（その他）,雑設備その他,雑設備その他,1,箇所,,,,,,,対象
791,日豊本線,00,無し,亀川,114260.0,亀川 構内排水設備,構内排水設備,構内排水設備（給炭水）,560,ｍ,,,,,,,対象
791,日豊本線,00,無し,亀川,114260.0,亀川 構内諸設備１,構内諸設備,作業通路（雑設備）,,m2,,m2,,,,,対象
791,日豊本線,00,無し,亀川,114260.0,亀川 構内諸設備２,構内諸設備,柵垣,47,ｍ,47,ｍ,,,,,対象
791,日豊本線,00,無し,亀川,114260.0,亀川 構内諸設備３,構内諸設備,土留,,m2,,m2,,,,,対象
791,日豊本線,00,無し,亀川,114260.0,亀川 構内諸設備４,構内諸設備,構内諸設備,46.5,箇所,46.5,箇所,,,,,対象外
791,日豊本線,00,無し,亀川,114260.0,亀川 雑設備（その他）,雑設備その他,雑設備その他,,箇所,,,,,,,対象外
791,日豊本線,00,無し,亀川,114260.0,亀川 検査杭,検査坑（諸構築物）,検査坑（車庫工場）,5.7,ｍ,,,,,,,対象
791,日豊本線,00,無し,亀川,114260.0,亀川 給水設備,給水設備,給水設備（給炭水設備）,426,ｍ,426,ｍ,,,,,対象
791,日豊本線,00,無し,別府大学,116390.0,別府大学 構内排水設備,構内排水設備,構内排水設備（給炭水）,63.6,ｍ,,,,,,,対象
791,日豊本線,00,無し,別府大学,116390.0,別府大学 構内諸設備,構内諸設備,柵垣,1,ｍ,1,ｍ,,,,,対象
791,日豊本線,00,無し,別府,120160.0,別府 構内排水設備,構内排水設備,構内排水設備（給炭水）,56.5,ｍ,,,,,,,対象
791,日豊本線,00,無し,別府,120160.0,別府 構内諸設備１,構内諸設備,作業通路（雑設備）,,m2,,m2,,,,,対象
791,日豊本線,00,無し,別府,120160.0,別府 構内諸設備２,構内諸設備,柵垣,1,ｍ,1,ｍ,,,,,対象
791,日豊本線,00,無し,別府,120160.0,別府 構内諸設備３,構内諸設備,土留,,m2,,m2,,,,,対象
791,日豊本線,00,無し,別府,120160.0,別府 走行路,走行路,走行路,1,ｍ,,,,,,,対象
791,日豊本線,00,無し,別府,120160.0,別府 雑設備（その他）,雑設備その他,雑設備その他,,箇所,,,,,,,対象
791,日豊本線,00,無し,別府,120160.0,別府 雑構築物　排水設備,排水設備（諸構築物）,排水設備（諸構築物）,1,箇所,,,,,,,対象
791,日豊本線,00,無し,別府,120160.0,別府 給水設備,給水設備,給水設備（給炭水設備）,884,ｍ,,,,,,,対象外
791,日豊本線,00,無し,東別府,122190.0,東別府 構内排水設備,構内排水設備,構内排水設備（給炭水）,23,ｍ,,,,,,,対象
791,日豊本線,00,無し,東別府,122190.0,東別府 構内諸設備１,構内諸設備,作業通路（雑設備）,,箇所,,箇所,,,,,対象外
791,日豊本線,00,無し,東別府,122190.0,東別府 構内諸設備２,構内諸設備,柵垣,,箇所,,箇所,,,,,対象
791,日豊本線,00,無し,東別府,122190.0,東別府 構内諸設備３,構内諸設備,土留,,箇所,,箇所,,,,,対象
791,日豊本線,00,無し,東別府,122190.0,東別府 雑設備（その他）,雑設備その他,雑設備その他,1,箇所,,,,,,,対象外
791,日豊本線,00,無し,西大分,129770.0,西大分 構内排水設備,構内排水設備,構内排水設備（給炭水）,222.3,ｍ,,,,,,,対象
791,日豊本線,00,無し,西大分,129770.0,西大分 構内諸設備,構内諸設備,柵垣,1,箇所,1,箇所,,,,,対象
791,日豊本線,00,無し,西大分,129770.0,西大分 走行路,走行路,走行路,,,,,,,,,対象
791,日豊本線,00,無し,西大分,129770.0,西大分 雑設備（その他）,雑設備その他,雑設備その他,1,箇所,,,,,,,対象
791,日豊本線,00,無し,大分,131300.0,南春日第二駐車場,駐車場,駐車場,845.9,m2,,,,,,,対象
791,日豊本線,00,無し,大分,131350.0,南春日駐車場,駐車場,駐車場,781.6,m2,,,,,,,対象
791,日豊本線,00,無し,大分,131658.0,大分 乗降台１,構内諸設備,乗降台,,箇所,1,,,,,,対象
791,日豊本線,00,無し,大分,132240.0,大分 作業通路（雑設備）１,構内諸設備,作業通路（雑設備）,,m2,10.9,,,,,,対象
791,日豊本線,00,無し,大分,132240.0,大分 雑設備その他１,雑設備その他,雑設備その他,,箇所,1,,,,,,対象
791,日豊本線,00,無し,大分,132360.0,大分 構内排水設備１,構内排水設備,構内排水設備（給炭水）,1420.6,ｍ,,,,,,,対象外
791,日豊本線,00,無し,大分,132360.0,大分 構内排水設備２,構内排水設備,構内排水設備（給炭水）,4847.5,ｍ,,,,,,,対象外
791,日豊本線,00,無し,大分,132360.0,大分 構内諸設備１,構内諸設備,作業通路（雑設備）,1,箇所,1,箇所,,,,,対象外
791,日豊本線,00,無し,大分,132360.0,大分 構内諸設備２,構内諸設備,柵垣,146.6,ｍ,146.6,ｍ,,,,,対象外
791,日豊本線,00,無し,大分,132360.0,大分 構内諸設備３,構内諸設備,構内諸設備,4,箇所,3,箇所,1,箇所,,,対象外
791,日豊本線,00,無し,大分,132360.0,大分 構内諸設備４,構内諸設備,作業通路（雑設備）,3,m2,3,m2,,,,,対象外
791,日豊本線,00,無し,大分,132360.0,大分 走行路１,走行路,走行路,,ｍ,,,,,,,対象外
791,日豊本線,00,無し,大分,132360.0,大分 走行路２,走行路,走行路,1,ｍ,,,,,,,対象外
791,日豊本線,00,無し,大分,132360.0,大分 雑設備（その他）１,雑設備その他,雑設備その他,,箇所,,,,,,,対象外
791,日豊本線,00,無し,大分,132360.0,大分 雑設備（その他）２,雑設備その他,雑設備その他,1,箇所,,,,,,,対象外
791,日豊本線,00,無し,大分,132360.0,大分 車両洗浄設備１,車両洗浄設備,洗浄台,1141.2,ｍ,1141.2,ｍ,,,,,対象外
791,日豊本線,00,無し,大分,132360.0,大分 車両洗浄設備２,車両洗浄設備,洗浄床,,ｍ,,ｍ,,,,,対象外
791,日豊本線,00,無し,大分,132360.0,大分 車両洗浄設備３,車両洗浄設備,浄化槽,,ｍ,,ｍ,,,,,対象外
791,日豊本線,00,無し,大分,132360.0,大分 車両洗浄設備４,車両洗浄設備,給排水設備,40,ｍ,40,ｍ,,,,,対象外
791,日豊本線,00,無し,大分,132360.0,大分 給油設備,給油設備,分離槽,5,m2,,,,,,,対象外
791,日豊本線,00,無し,大分,132360.0,大分 検査坑１,検査坑,検査坑（検車洗浄）,10,ｍ,10,ｍ,,,,,対象外
791,日豊本線,00,無し,大分,132360.0,大分 検査坑２,検査坑,検査坑（検車洗浄）,995.7,ｍ,995.7,ｍ,,,,,対象外
791,日豊本線,00,無し,大分,132360.0,大分 砂置場,砂置場,砂置場,176.9,m2,,,,,,,対象外
791,日豊本線,00,無し,大分,132360.0,大分 水源井戸,水源井戸,水源井戸,1,箇所,,,,,,,対象外
791,日豊本線,00,無し,大分,132360.0,大分 給水設備１,給水設備,給水設備（給炭水設備）,190,ｍ,,,,,,,対象外
791,日豊本線,00,無し,大分,132360.0,大分 給水設備２,給水設備,給水設備（給炭水設備）,7675.2,ｍ,,,,,,,対象外
791,日豊本線,00,無し,大分,132360.0,大分 高架貯水槽,高架貯水槽,高架貯水槽,2,箇所,,,,,,,対象外
791,日豊本線,00,無し,大分,132360.0,大分 ろ過装置,ろ過装置,ろ過装置（給炭水設備）,1,箇所,,,,,,,対象外
791,日豊本線,00,無し,大分,132360.0,大分 排水設備,排水設備,排水設備（給炭水）,1,箇所,,,,,,,対象外
791,日豊本線,00,無し,大分,132360.0,大分 検査洗浄設備その他１,検査洗浄設備その他,作業通路（検車洗浄）,,m2,,m2,,,,,対象外
791,日豊本線,00,無し,大分,132360.0,大分 検査洗浄設備その他２,検査洗浄設備その他,作業場（検車洗浄）,,m2,,m2,,,,,対象外
791,日豊本線,00,無し,大分,132360.0,大分 検査洗浄設備その他３,検査洗浄設備その他,検査洗浄設備その他,60,ｍ,60,ｍ,,,,,対象外
791,日豊本線,00,無し,大分,132689.0,大分 乗降台２,構内諸設備,乗降台,,箇所,1,,,,,,対象
791,日豊本線,00,無し,牧,135660.0,牧・車両セ 構内排水設備,構内排水設備,構内排水設備（給炭水）,3750.6,ｍ,,,,,,,対象
791,日豊本線,00,無し,牧,135660.0,牧 構内諸設備１,構内諸設備,作業通路（雑設備）,,m2,,m2,,,,,対象外
791,日豊本線,00,無し,牧,135660.0,牧 構内諸設備２,構内諸設備,柵垣,,ｍ,,ｍ,,,,,対象
791,日豊本線,00,無し,牧,135660.0,牧 構内諸設備３,構内諸設備,土留,,m2,,m2,,,,,対象
791,日豊本線,00,無し,牧,135660.0,牧 構内諸設備４,構内諸設備,構内諸設備,6475.1,m2,,箇所,,,,,対象
791,日豊本線,00,無し,牧,135660.0,牧 構内諸設備５,構内諸設備,構内諸設備,1,箇所,1,箇所,,,,,対象外
791,日豊本線,00,無し,牧,135660.0,車両セ 作業通路,走行路,作業通路（雑設備）,12.5,ｍ,,,,,,,対象
791,日豊本線,00,無し,牧,135660.0,牧 走行路,走行路,走行路,2760,ｍ,,,,,,,対象
791,日豊本線,00,無し,牧,135660.0,牧 雑設備（その他）,雑設備その他,雑設備その他,,箇所,,,,,,,対象外
791,日豊本線,00,無し,牧,135660.0,車両セ 転車台,機関車転車台,機関車転車台,1,箇所,,,,,,,対象
791,日豊本線,00,無し,牧,135660.0,車両セ 給排水設備,車両洗浄設備,給排水設備,552.6,ｍ,552.6,ｍ,,,,,対象
791,日豊本線,00,無し,牧,135660.0,車両セ 車両洗浄設備,車両洗浄設備,洗浄台,241,ｍ,241,ｍ,,,,,対象
791,日豊本線,00,無し,牧,135660.0,車両セ 洗浄床,車両洗浄設備,洗浄床,,ｍ,,ｍ,,,,,対象
791,日豊本線,00,無し,牧,135660.0,車両セ 検査坑,検査坑,検査坑（検車洗浄）,366.4,ｍ,366.4,ｍ,,,,,対象
791,日豊本線,00,無し,牧,135660.0,車両セ  水源井戸,水源井戸,水源井戸,1,箇所,1,箇所,,,,,対象
791,日豊本線,00,無し,牧,135660.0,車両セ  給水設備,給水設備,給水設備（給炭水設備）,2421,ｍ,2421,ｍ,,,,,対象
791,日豊本線,00,無し,牧,135660.0,車両セ 車両洗浄設備その他１,検査洗浄設備その他,車両検査台,,ｍ,,ｍ,,,,,対象
791,日豊本線,00,無し,牧,135660.0,車両セ 車両洗浄設備その他２,検査洗浄設備その他,作業通路（検車洗浄）,,m2,,m2,,,,,対象
791,日豊本線,00,無し,牧,135660.0,車両セ 車両洗浄設備その他３,検査洗浄設備その他,作業場（検車洗浄）,,m2,,m2,,,,,対象
791,日豊本線,00,無し,牧,135660.0,車両セ 車両洗浄設備その他４,検査洗浄設備その他,検査洗浄設備その他,,箇所,,箇所,,,,,対象
791,日豊本線,00,無し,牧,135660.01,牧 水源井戸,水源井戸,水源井戸,1,箇所,1,箇所,,,,,対象外
791,日豊本線,00,無し,牧,135660.01,車両セ 給水設備,給水設備,給水設備（給炭水設備）,30.4,ｍ,30.4,ｍ,,,,,対象
791,日豊本線,00,無し,高城,137380.0,高城 構内排水設備,構内排水設備,構内排水設備（給炭水）,17.3,ｍ,,,,,,,対象
791,日豊本線,00,無し,高城,137380.0,高城 構内諸設備１,構内諸設備,作業通路（雑設備）,,m2,,m2,,,,,対象
791,日豊本線,00,無し,高城,137380.0,高城 構内諸設備２,構内諸設備,柵垣,2,ｍ,2,ｍ,56,ｍ,,,対象
791,日豊本線,00,無し,高城,137380.0,高城 構内諸設備３,構内諸設備,構内諸設備,,箇所,,箇所,,,,,対象外
791,日豊本線,00,無し,高城,137380.0,高城 雑設備（その他）,雑設備その他,雑設備その他,3,箇所,,,,,,,対象外
791,日豊本線,00,無し,高城,137380.0,高城 排水設備,排水設備,排水設備（給炭水）,1,箇所,,,,,,,対象
791,日豊本線,00,無し,鶴崎,140430.0,鶴崎 構内諸設備１,構内諸設備,作業通路（雑設備）,,m2,,m2,,,,,対象
791,日豊本線,00,無し,鶴崎,140430.0,鶴崎 構内諸設備２,構内諸設備,柵垣,11,ｍ,11,ｍ,,,,,対象
791,日豊本線,00,無し,鶴崎,140430.0,鶴崎 構内諸設備３,構内諸設備,構内諸設備,,箇所,,箇所,,,,,対象外
791,日豊本線,00,無し,鶴崎,140430.0,鶴崎 雑設備（その他）,雑設備その他,雑設備その他,51,箇所,,,,,,,対象外
791,日豊本線,00,無し,大在,143670.0,大在 雑設備（その他）,雑設備その他,雑設備その他,1,箇所,,,,,,,対象外
791,日豊本線,00,無し,坂ノ市,146820.0,坂ノ市 構内排水設備,構内排水設備,構内排水設備（給炭水）,73.8,ｍ,,,,,,,対象
791,日豊本線,00,無し,坂ノ市,146820.0,坂ノ市 構内諸設備１,構内諸設備,柵垣,1,ｍ,1,ｍ,,,,,対象
791,日豊本線,00,無し,坂ノ市,146820.0,坂ノ市 構内諸設備２,構内諸設備,構内諸設備,,箇所,,箇所,,,,,対象外
791,日豊本線,00,無し,坂ノ市,146820.0,坂ノ市 雑設備その他,雑設備その他,雑設備その他,1,箇所,,,,,,,対象外
791,日豊本線,00,無し,幸崎,151200.0,幸崎 構内排水設備,構内排水設備,構内排水設備（給炭水）,159.1,ｍ,,,,,,,対象
791,日豊本線,00,無し,幸崎,151200.0,幸崎 構内諸設備,構内諸設備,作業通路（雑設備）,,m2,,m2,,,,,対象
791,日豊本線,00,無し,幸崎,151200.0,幸崎 土留,構内諸設備,構内諸設備,,m2,,m2,,,,,対象外
791,日豊本線,00,無し,幸崎,151200.0,幸崎土留3,構内諸設備,土留,,m2,,m2,,,,,対象外
791,日豊本線,00,無し,幸崎,151200.0,幸崎 走行路,走行路,走行路,,ｍ,,,,,,,対象外
791,日豊本線,00,無し,幸崎,151200.0,幸崎 雑設備（その他）,雑設備その他,雑設備その他,,箇所,,,,,,,対象外
791,日豊本線,00,無し,佐志生,158400.0,佐志生 構内諸設備１,構内諸設備,構内諸設備,2,箇所,2,箇所,,,,,対象
791,日豊本線,00,無し,佐志生,158400.0,佐志生 構内諸設備２,構内諸設備,土留,13.7,m2,13.7,m2,,,,,対象
791,日豊本線,00,無し,佐志生,158400.0,佐志生 構内諸設備３,構内諸設備,柵垣,391.2,ｍ,391.2,ｍ,,,,,対象
791,日豊本線,00,無し,下ノ江,160510.0,下ノ江　構内排水設備,構内排水設備,構内排水設備,26.8,ｍ,,,,,,,対象
791,日豊本線,00,無し,下ノ江,160510.0,下ノ江　構内諸設備１,構内諸設備,柵垣,120.5,ｍ,120.5,ｍ,,,,,対象
791,日豊本線,00,無し,下ノ江,160510.0,下ノ江　構内諸設備２,構内諸設備,作業通路（雑設備）,26.9,m2,26.9,m2,,,,,対象外
791,日豊本線,00,無し,熊崎,164090.0,熊崎 構内排水設備,構内排水設備,構内排水設備,18,ｍ,,,,,,,対象
791,日豊本線,00,無し,熊崎,164090.0,熊崎 構内諸設備１,構内諸設備,構内諸設備,1,箇所,1,箇所,,,,,対象
791,日豊本線,00,無し,熊崎,164090.0,熊崎 構内諸設備２,構内諸設備,土留,17.8,m2,17.8,m2,,,,,対象外
791,日豊本線,00,無し,熊崎,164090.0,熊崎 構内諸設備３,構内諸設備,柵垣,278.8,ｍ,278.8,ｍ,,,,,対象
791,日豊本線,00,無し,上臼杵,167040.0,上臼杵　構内諸設備１,構内諸設備,構内諸設備,1,箇所,1,箇所,,,,,対象
791,日豊本線,00,無し,上臼杵,167040.0,上臼杵　構内諸設備２,構内諸設備,柵垣,151.5,ｍ,151.5,ｍ,,,,,対象
791,日豊本線,00,無し,臼杵,168560.0,臼杵 構内排水設備,構内排水設備,構内排水設備,543.9,ｍ,,,,,,,対象
791,日豊本線,00,無し,臼杵,168560.0,臼杵 構内諸設備１,構内諸設備,構内諸設備,1,箇所,1,箇所,,,,,対象
791,日豊本線,00,無し,臼杵,168560.0,臼杵 構内諸設備２,構内諸設備,土留,123.3,m2,123.3,m2,,,,,対象
791,日豊本線,00,無し,臼杵,168560.0,臼杵 構内諸設備３,構内諸設備,柵垣,762.4,ｍ,762.4,ｍ,,,,,対象
791,日豊本線,00,無し,臼杵,168560.0,臼杵 走行路,走行路,走行路,232,ｍ,,,,,,,対象
791,日豊本線,00,無し,徳浦（信）,174520.0,徳浦（信） 構内諸設備,構内諸設備,構内諸設備,,,,,,,,,対象
791,日豊本線,00,無し,徳浦（信）,174520.0,徳浦（信） 構内排水設備,構内諸設備,構内排水設備,,,,,,,,,対象
791,日豊本線,00,無し,徳浦（信）,174520.0,徳浦（信） 柵垣,構内諸設備,柵垣,,,,,,,,,対象
791,日豊本線,00,無し,徳浦（信）,174520.0,徳浦（信） 土留,構内諸設備,土留,,,,,,,,,対象
791,日豊本線,00,無し,津久見,178280.0,津久見 構内諸設備１,構内諸設備,構内諸設備,1,箇所,1,箇所,,,,,対象
791,日豊本線,00,無し,津久見,178280.0,津久見 構内諸設備２,構内諸設備,土留,18.9,m2,18.9,m2,,,,,対象
791,日豊本線,00,無し,津久見,178280.0,津久見 構内諸設備３,構内諸設備,柵垣,850.6,ｍ,850.6,ｍ,,,,,対象
791,日豊本線,00,無し,津久見,178280.0,津久見 構内排水設備,構内諸設備,構内排水設備,319.2,ｍ,,,,,,,対象
791,日豊本線,00,無し,津久見,178280.0,津久見 走行路,走行路,走行路,83,ｍ,,,,,,,対象
791,日豊本線,00,無し,日代,183840.0,日代 構内諸設備１,構内諸設備,柵垣,881.9,ｍ,881.9,ｍ,,,,,対象
791,日豊本線,00,無し,日代,183840.0,日代 構内諸設備２,構内諸設備,土留,66,m2,66,m2,,,,,対象
791,日豊本線,00,無し,日代,183840.0,日代 構内諸設備３,構内諸設備,構内諸設備,1,箇所,1,箇所,,,,,対象
791,日豊本線,00,無し,浅海井,187590.0,浅海井 構内諸設備１,構内諸設備,柵垣,69,ｍ,69,ｍ,,,,,対象
791,日豊本線,00,無し,浅海井,187590.0,浅海井 構内諸設備２,構内諸設備,構内諸設備,1,箇所,1,箇所,,,,,対象
791,日豊本線,00,無し,浅海井,187590.0,浅海井 構内排水設備,構内諸設備,構内排水設備,99.2,ｍ,,,,,,,対象
791,日豊本線,00,無し,狩生,191430.0,狩生 構内諸設備１,構内諸設備,柵垣,400.7,ｍ,400.7,ｍ,,,,,対象
791,日豊本線,00,無し,狩生,191430.0,狩生 構内諸設備２,構内諸設備,土留,13.2,m2,13.2,m2,,,,,対象
791,日豊本線,00,無し,狩生,191430.0,狩生 構内諸設備３,構内諸設備,構内排水設備,1,箇所,1,箇所,,,,,対象
791,日豊本線,00,無し,海崎,194200.0,海崎 構内諸設備,構内諸設備,作業通路（雑設備）,57.3,m2,57.3,m2,,,,,対象
791,日豊本線,00,無し,佐伯,197230.0,佐伯 構内諸設備１,構内諸設備,作業通路（雑設備）,284.4,m2,284.4,m2,,,,,対象
791,日豊本線,00,無し,佐伯,197230.0,佐伯 構内諸設備２,構内諸設備,柵垣,254.4,ｍ,254.4,ｍ,,,,,対象
791,日豊本線,00,無し,佐伯,197230.0,佐伯 構内諸設備３,構内諸設備,土留,9.8,m2,,ｍ,,,,,対象
791,日豊本線,00,無し,佐伯,197230.0,佐伯 構内諸設備４,構内諸設備,構内諸設備,5,箇所,5,箇所,,,,,対象外
791,日豊本線,00,無し,佐伯,197230.0,佐伯 構内排水設備,構内諸設備,構内排水設備,516.2,ｍ,,,,,,,対象
791,日豊本線,00,無し,佐伯,197230.0,佐伯 走行路,走行路,走行路,1260,ｍ,,,,,,,対象
791,日豊本線,00,無し,上岡,201780.0,上岡 構内諸設備１,構内諸設備,柵垣,91.8,ｍ,91.8,ｍ,,,,,対象
791,日豊本線,00,無し,上岡,201780.0,上岡　構内諸設備２,構内諸設備,土留,23.7,m2,23.7,m2,,,,,対象
791,日豊本線,00,無し,直見,208170.0,直見 構内諸設備１,構内諸設備,柵垣,85.6,ｍ,85.6,ｍ,,,,,対象
791,日豊本線,00,無し,直見,208170.0,直見 構内諸設備２,構内諸設備,土留,27.9,m2,27.9,m2,,,,,対象
791,日豊本線,00,無し,直川,213030.0,直川 構内排水設備,構内排水設備,構内排水設備（給炭水）,93.8,ｍ,,,,,,,対象
791,日豊本線,00,無し,直川,213030.0,直川 構内諸設備１,構内諸設備,柵垣,90.5,ｍ,90.5,ｍ,,,,,対象
791,日豊本線,00,無し,直川,213030.0,直川 構内諸設備２,構内諸設備,土留,27.7,m2,27.7,m2,,,,,対象
791,日豊本線,00,無し,直川,213030.0,直川 構内諸設備３,構内諸設備,構内諸設備,1,箇所,1,箇所,,,,,対象外
791,日豊本線,00,無し,重岡,223610.0,重岡 構内諸設備１,構内諸設備,作業通路（雑設備）,27.9,m2,27.9,m2,,,,,対象
791,日豊本線,00,無し,重岡,223610.0,重岡 構内諸設備２,構内諸設備,柵垣,55.8,ｍ,55.8,ｍ,,,,,対象
791,日豊本線,00,無し,重岡,223610.0,重岡 構内諸設備３,構内諸設備,土留,9.2,m2,9.2,m2,,,,,対象
791,日豊本線,00,無し,重岡,223610.0,重岡 構内排水設備,構内諸設備,構内排水設備,76,ｍ,,,,,,,対象
791,日豊本線,00,無し,宗太郎,230370.0,宗太郎 構内諸設備１,構内諸設備,柵垣,63.4,ｍ,63.4,ｍ,,,,,対象
791,日豊本線,00,無し,宗太郎,230370.0,宗太郎 構内諸設備２,構内諸設備,土留,67.1,m2,67.1,m2,,,,,対象
791,日豊本線,00,無し,宗太郎,230370.0,宗太郎 構内排水設備,構内諸設備,構内排水設備,50,ｍ,,,,,,,対象
791,日豊本線,00,無し,市棚,237940.0,構内排水設備,構内排水設備,構内排水設備（給炭水）,361.1,ｍ,,,,,,,対象
791,日豊本線,00,無し,市棚,237940.0,構内排水設備（給炭水）,構内排水設備,構内排水設備（給炭水）,1,,,,,,,,対象
791,日豊本線,00,無し,市棚,237940.0,構内諸設備１,構内諸設備,構内諸設備,1,,,,,,,,対象
791,日豊本線,00,無し,市棚,237940.0,構内諸設備２,構内諸設備,柵垣,1,ｍ,1,ｍ,,,,,対象
791,日豊本線,00,無し,北川,242610.0,構内排水設備,構内排水設備,構内排水設備（給炭水）,1,ｍ,,,,,,,対象
791,日豊本線,00,無し,北川,242610.0,構内諸設備,構内諸設備,柵垣,,ｍ,,ｍ,,,,,対象
791,日豊本線,00,無し,北川,242610.0,雑設備その他,雑設備その他,雑設備その他,,箇所,,,,,,,対象外
791,日豊本線,00,無し,日向長井,246090.0,構内排水設備,構内排水設備,構内排水設備（給炭水）,57.7,ｍ,,,,,,,対象
791,日豊本線,00,無し,日向長井,246090.0,構内諸設備,構内諸設備,柵垣,1,ｍ,1,ｍ,,,,,対象
791,日豊本線,00,無し,北延岡,250680.0,構内排水設備,構内排水設備,構内排水設備（給炭水）,51,ｍ,,,,,,,対象外
791,日豊本線,00,無し,北延岡,250680.0,構内諸設備,構内諸設備,柵垣,1,ｍ,1,ｍ,,,,,対象
791,日豊本線,00,無し,延岡,255560.0,構内排水設備,構内排水設備,構内排水設備（給炭水）,71,ｍ,,,,,,,対象
791,日豊本線,00,無し,延岡,255560.0,構内諸設備１,構内諸設備,作業通路（雑設備）,51.3,m2,51.3,m2,,,,,対象
791,日豊本線,00,無し,延岡,255560.0,構内諸設備２,構内諸設備,柵垣,2,ｍ,2,ｍ,,,,,対象
791,日豊本線,00,無し,延岡,255560.0,走行路,走行路,走行路,,ｍ,,,,,,,対象
791,日豊本線,00,無し,南延岡,258980.0,構内諸設備１,構内諸設備,柵垣,215,ｍ,215,ｍ,,,,,対象
791,日豊本線,00,無し,南延岡,258980.0,構内諸設備２,構内諸設備,作業通路（雑設備）,,m2,,m2,,,,,対象
791,日豊本線,00,無し,南延岡,258980.0,走行路,走行路,走行路,7,ｍ,,,,,,,対象
791,日豊本線,00,無し,南延岡,258980.0,雑設備その他,雑設備その他,雑設備その他,1,箇所,,,,,,,対象
791,日豊本線,00,無し,土々呂,265110.0,構内諸設備,構内諸設備,柵垣,47,ｍ,47,ｍ,50,ｍ,,,対象
791,日豊本線,00,無し,土々呂,265110.0,雑設備その他,雑設備その他,雑設備その他,1,箇所,,,,,,,対象
791,日豊本線,00,無し,土々呂,265110.0,検査坑,検査坑（諸構築物）,検査坑（車庫工場）,18.8,ｍ,,,,,,,対象
791,日豊本線,00,無し,門川,269390.0,構内排水設備,構内排水設備,構内排水設備（給炭水）,202.7,ｍ,14,ｍ,64,ｍ,,,対象
791,日豊本線,00,無し,門川,269390.0,構内諸設備,構内諸設備,柵垣,3,箇所,1,ｍ,30,ｍ,5,ｍ,対象
791,日豊本線,00,無し,門川,269390.0,雑設備その他,雑設備その他,雑設備その他,,箇所,,,,,,,対象
791,日豊本線,00,無し,南日向,282470.0,構内排水設備,構内排水設備,構内排水設備（給炭水）,462.2,ｍ,,,,,,,対象
791,日豊本線,00,無し,南日向,282470.0,構内諸設備,構内諸設備,柵垣,1,ｍ,1,ｍ,,,,,対象
791,日豊本線,00,無し,美々津,289120.0,構内排水設備,構内排水設備,構内排水設備（給炭水）,270.8,ｍ,,,,,,,対象
791,日豊本線,00,無し,東都農,293520.0,構内排水設備,構内排水設備,構内排水設備（給炭水）,5.8,ｍ,,,,,,,対象
791,日豊本線,00,無し,都農,298120.0,構内排水設備,構内排水設備,構内排水設備（給炭水）,796,ｍ,,,,,,,対象
791,日豊本線,00,無し,都農,298120.0,構内諸設備１,構内諸設備,柵垣,38,ｍ,38,ｍ,,,,,対象
791,日豊本線,00,無し,都農,298120.0,構内諸設備２,構内諸設備,土留,1,m2,1,m2,,,,,対象
791,日豊本線,00,無し,都農,298120.0,雑設備その他,雑設備その他,雑設備その他,,箇所,,,,,,,対象
791,日豊本線,00,無し,都農,298120.0,検査坑,検査坑,検査坑（検車洗浄）,6,ｍ,6,ｍ,,,,,対象
791,日豊本線,00,無し,川南,304960.0,構内排水設備,構内排水設備,構内排水設備（給炭水）,294.5,ｍ,,,,,,,対象
791,日豊本線,00,無し,川南,304960.0,構内諸設備,構内諸設備,柵垣,1,ｍ,1,ｍ,,,,,対象
791,日豊本線,00,無し,川南,304960.0,川南駅１,構内諸設備,構内諸設備,,,9.7,ｍ,,,,,対象
791,日豊本線,00,無し,川南,304960.0,雑設備その他,雑設備その他,雑設備その他,,箇所,,,,,,,対象
791,日豊本線,00,無し,川南,304960.0,雑構築物その他,雑構築物その他,雑構築物その他,,,,,,,,,対象
791,日豊本線,00,無し,高鍋,312960.0,構内排水設備,構内排水設備,構内排水設備（給炭水）,244.3,ｍ,,,,,,,対象
791,日豊本線,00,無し,高鍋,312960.0,構内諸設備１,構内諸設備,作業通路（雑設備）,,m2,,m2,,,,,対象
791,日豊本線,00,無し,高鍋,312960.0,構内諸設備２,構内諸設備,柵垣,24.5,ｍ,24.5,ｍ,,,,,対象
791,日豊本線,00,無し,高鍋,312960.0,高鍋駅,構内諸設備,構内諸設備,,,9.9,ｍ,,,,,対象
791,日豊本線,00,無し,高鍋,312960.0,走行路,走行路,走行路,1,ｍ,,,,,,,対象
791,日豊本線,00,無し,高鍋,312960.0,雑設備その他,雑設備その他,雑設備その他,,箇所,,,,,,,対象
791,日豊本線,00,無し,日向新富,319360.0,構内排水設備,構内排水設備,構内排水設備（給炭水）,245,ｍ,,,,,,,対象
791,日豊本線,00,無し,日向新富,319360.0,構内諸設備,構内諸設備,柵垣,1,ｍ,1,ｍ,,,,,対象
791,日豊本線,00,無し,日向新富,319360.0,日向新富駅,構内諸設備,構内諸設備,,,9.7,ｍ,,,,,対象
791,日豊本線,00,無し,日向新富,319360.0,雑設備その他,雑設備その他,雑設備その他,,箇所,,,,,,,対象
791,日豊本線,00,無し,佐土原,325600.0,構内諸設備５,構内諸設備,境界柵,102,ｍ,88,ｍ,14,ｍ,,,対象
791,日豊本線,00,無し,佐土原,325644.0,構内諸設備６,構内諸設備,境界柵,20,ｍ,,ｍ,,ｍ,,,対象
791,日豊本線,00,無し,佐土原,325900.0,構内諸設備３,構内諸設備,境界柵,93,ｍ,83,ｍ,10,ｍ,,,対象
791,日豊本線,00,無し,佐土原,326100.0,構内排水設備,構内排水設備,構内排水設備（給炭水）,,,3,箇所,,,,,対象
791,日豊本線,00,無し,佐土原,326100.0,構内諸設備１,構内諸設備,構内諸設備,,箇所,,箇所,,,,,対象
791,日豊本線,00,無し,佐土原,326100.0,構内諸設備２,構内諸設備,柵垣,140.1,ｍ,7.1,ｍ,166,ｍ,,,対象
791,日豊本線,00,無し,佐土原,326220.0,構内諸設備４,構内諸設備,境界柵,155,ｍ,,ｍ,,ｍ,,,対象
791,日豊本線,00,無し,日向住吉,330230.0,構内諸設備,構内諸設備,柵垣,1,箇所,1,箇所,78.5,ｍ,,,対象
791,日豊本線,00,無し,日向住吉,330290.0,構内諸設備,構内諸設備,柵垣,23.8,ｍ,17.8,ｍ,6,ｍ,,,対象
791,日豊本線,00,無し,日向住吉,330300.0,構内排水設備,構内排水設備,構内排水設備（給炭水）,273.3,ｍ,2,箇所,,,,,対象
791,日豊本線,00,無し,日向住吉,330300.0,日向住吉駅,構内諸設備,構内諸設備,,,23.1,ｍ,,,,,対象
791,日豊本線,00,無し,宮崎神宮,336825.0,転落防止柵　336825-336827,構内諸設備,転落防止柵,,ｍ,2,,,,,,対象
791,日豊本線,00,無し,宮崎神宮,336840.0,構内排水設備,構内排水設備,構内排水設備（給炭水）,332,ｍ,,,,,,,対象
791,日豊本線,00,無し,宮崎神宮,336840.0,構内諸設備１,構内諸設備,構内諸設備,,箇所,,箇所,,,,,対象
791,日豊本線,00,無し,宮崎神宮,336840.0,構内諸設備２,構内諸設備,土留,1,箇所,1,箇所,,,,,対象
791,日豊本線,00,無し,宮崎神宮,336840.0,柵垣,構内諸設備,柵垣,537,ｍ,242,ｍ,294.2,ｍ,,,対象
791,日豊本線,00,無し,宮崎,339330.0,さくがき,構内諸設備,柵垣,211.6,ｍ,211.6,ｍ,1,箇所,,,対象
791,日豊本線,00,無し,南宮崎,341880.0,構内排水設備１,構内排水設備,構内排水設備（給炭水）,598.8,ｍ,,,,,,,対象
791,日豊本線,00,無し,南宮崎,341880.0,構内排水設備２,構内排水設備,構内排水設備（給炭水）,1,箇所,,,,,,,対象
791,日豊本線,00,無し,南宮崎,341880.0,構内諸設備１,構内諸設備,作業通路（雑設備）,4,箇所,57,ｍ,,,,,対象
791,日豊本線,00,無し,南宮崎,341880.0,構内諸設備２,構内諸設備,柵垣,118,ｍ,,,,,,,対象
791,日豊本線,00,無し,南宮崎,341880.0,構内諸設備３,構内諸設備,構内諸設備,,箇所,,箇所,,,,,対象
791,日豊本線,00,無し,南宮崎,341880.0,走行路,走行路,走行路,270.2,,,,,,,,対象
791,日豊本線,00,無し,南宮崎,341880.0,給油設備,給油設備,分離槽,4,ｍ,,,,,,,対象
791,日豊本線,00,無し,南宮崎,341880.0,検査坑,検査坑,検査坑（検車洗浄）,420,ｍ,420,ｍ,,,,,対象
791,日豊本線,00,無し,南宮崎,341880.0,給水設備,給水設備,給水設備（給炭水設備）,2073,ｍ,,,,,,,対象
791,日豊本線,00,無し,南宮崎,341880.0,排水設備,排水設備,排水設備（給炭水）,,ｍ,,,,,,,対象
791,日豊本線,00,無し,南宮崎,341880.0,検査洗浄設備その他１,検査洗浄設備その他,検査洗浄設備その他,2,箇所,2,箇所,,,,,対象
791,日豊本線,00,無し,南宮崎,341880.0,検査洗浄設備その他２,検査洗浄設備その他,検査洗浄設備その他,,ｍ,,,,,,,対象
791,日豊本線,00,無し,南宮崎,341980.0,検査坑（ダブルピット）,検査坑,検査坑（検車洗浄）,25,ｍ,25,ｍ,,,,,対象
791,日豊本線,00,無し,南宮崎,342005.0,U字溝-240,構内排水設備,構内排水設備（給炭水）,36,ｍ,,,,,,,対象
791,日豊本線,00,無し,加納,344460.0,構内排水設備,構内排水設備,構内排水設備（給炭水）,8.6,ｍ,1,ｍ,,,,,対象
791,日豊本線,00,無し,清武,347160.0,構内排水設備,構内排水設備,構内排水設備（給炭水）,18.4,ｍ,,,,,,,対象
791,日豊本線,00,無し,清武,347160.0,構内諸設備1,構内諸設備,柵垣,170,ｍ,150,ｍ,20,ｍ,,,対象
791,日豊本線,00,無し,清武,347160.0,構内諸設備2,構内諸設備,構内諸設備,1,箇所,1,箇所,,,,,対象
791,日豊本線,00,無し,清武,347160.0,構内諸設備３,構内諸設備,構内柵,13,ｍ,,,,,,,対象
791,日豊本線,00,無し,清武,347160.0,砂利舗装,構内諸設備,駐車場,368,m2,,,,,,,対象
791,日豊本線,00,無し,清武,347160.0,作業通路（雑設備）,構内諸設備,作業通路（雑設備）,26,ｍ,26,ｍ,,,,,対象
791,日豊本線,00,無し,清武,347160.0,排水設備,排水設備,排水設備（給炭水）,1,ｍ,,,,,,,対象
791,日豊本線,00,無し,日向沓掛,352550.0,構内諸設備１,構内諸設備,作業通路（雑設備）,,ｍ,,,,,,,対象
791,日豊本線,00,無し,日向沓掛,352550.0,構内諸設備２,構内諸設備,柵垣,,ｍ,,ｍ,,,,,対象
791,日豊本線,00,無し,田野,357390.0,構内排水設備,構内排水設備,構内排水設備（給炭水）,140.8,ｍ,,,,,,,対象
791,日豊本線,00,無し,田野,357390.0,構内諸設備１,構内諸設備,柵垣,1,ｍ,1,ｍ,,,,,対象
791,日豊本線,00,無し,田野,357390.0,構内諸設備２,構内諸設備,土留,,箇所,,,,,,,対象
791,日豊本線,00,無し,田野,357390.0,構内諸設備３,構内諸設備,構内諸設備,1,箇所,,,,,,,対象
791,日豊本線,00,無し,田野,357390.0,検査坑,検査坑（諸構築物）,検査坑（車庫工場）,5,ｍ,,,,,,,対象
791,日豊本線,00,無し,田野,357390.0,排水設備,排水設備,排水設備（給炭水）,1,ｍ,,,,,,,対象
791,日豊本線,00,無し,門石（信）,363000.0,構内諸設備１,構内諸設備,作業通路（雑設備）,1,箇所,1,箇所,,,,,対象
791,日豊本線,00,無し,門石（信）,363000.0,構内諸設備２,構内諸設備,土留,1,箇所,1,箇所,,,,,対象
791,日豊本線,00,無し,青井岳,368650.0,構内諸設備１,構内諸設備,作業通路（雑設備）,1,箇所,1,箇所,,,,,対象
791,日豊本線,00,無し,青井岳,368650.0,構内諸設備２,構内諸設備,柵垣,,箇所,,,,,,,対象
791,日豊本線,00,無し,青井岳,368650.0,構内諸設備３,構内諸設備,構内諸設備,1,箇所,1,箇所,,,,,対象
791,日豊本線,00,無し,青井岳,368650.0,検査坑,検査坑,検査坑（検車洗浄）,5,ｍ,,,,,,,対象
791,日豊本線,00,無し,青井岳,368835.0,構内諸設備４,構内諸設備,柵垣,74,ｍ,,,,,,,対象
791,日豊本線,00,無し,楠ヶ丘（信）,374070.0,構内諸設備,構内諸設備,土留,1,箇所,1,箇所,,,,,対象
791,日豊本線,00,無し,山之口,378520.0,構内排水設備,構内排水設備,構内排水設備（給炭水）,9.2,ｍ,,,,,,,対象
791,日豊本線,00,無し,山之口,378520.0,構内諸設備,構内諸設備,柵垣,30,ｍ,,,,,,,対象
791,日豊本線,00,無し,山之口,378658.0,構内諸設備,構内諸設備,境界柵,45,ｍ,,,,,,,対象
791,日豊本線,00,無し,餅原,382080.0,構内諸設備,構内諸設備,柵垣,1,ｍ,1,ｍ,,,,,対象外
791,日豊本線,00,無し,三股,385030.0,構内排水設備,構内排水設備,構内排水設備（給炭水）,59.1,ｍ,,,,,,,対象
791,日豊本線,00,無し,三股,385030.0,構内諸設備１,構内諸設備,土留,1,箇所,1,箇所,,,,,対象
791,日豊本線,00,無し,三股,385030.0,構内諸設備２,構内諸設備,構内諸設備,1,箇所,1,箇所,,,,,対象
791,日豊本線,00,無し,三股,385030.0,排水設備,排水設備,排水設備（給炭水）,1,箇所,,,,,,,対象
791,日豊本線,00,無し,都城,389340.0,構内諸設備２,構内諸設備,土留,,ｍ,,,,,,,対象
791,日豊本線,00,無し,都城,389340.0,構内諸設備３,構内諸設備,柵垣,,ｍ,,,,,,,対象
791,日豊本線,00,無し,都城,389340.0,構内諸設備４,構内諸設備,作業通路（雑設備）,237,ｍ,237,ｍ,,,,,対象
791,日豊本線,00,無し,都城,389340.0,走行路,構内諸設備,走行路,2146.8,ｍ,,,,,,,対象
791,日豊本線,00,無し,西都城,391850.0,構内排水設備,構内排水設備,構内排水設備（給炭水）,1050.3,ｍ,2,箇所,,,,,対象
791,日豊本線,00,無し,西都城,391850.0,構内諸設備１,構内諸設備,柵垣,,ｍ,,,,,,,対象
791,日豊本線,00,無し,西都城,391850.0,構内諸設備２,構内諸設備,構内諸設備,,m2,,,,,,,対象
791,日豊本線,00,無し,西都城,391850.0,転落防止柵-391809-391941,構内諸設備,転落防止柵,,,,,,,,,対象
791,日豊本線,00,無し,五十市,394587.0,構内諸設備,構内諸設備,境界柵,33,ｍ,,箇所,,,,,対象
791,日豊本線,00,無し,五十市,394660.0,構内諸設備,構内諸設備,作業通路（雑設備）,1,箇所,1,箇所,,,,,対象
791,日豊本線,00,無し,五十市,394660.0,排水設備,排水設備（諸構築物）,排水設備（諸構築物）,1,箇所,1,箇所,,,,,対象
791,日豊本線,00,無し,財部,398850.0,構内諸設備１,構内諸設備,作業通路（雑設備）,1,箇所,,脚,,,,,対象
791,日豊本線,00,無し,財部,398850.0,構内諸設備２,構内諸設備,柵垣,1,箇所,,脚,,,,,対象
791,日豊本線,00,無し,財部,398850.0,構内諸設備３,構内諸設備,構内諸設備,1,箇所,1,箇所,,,,,対象
791,日豊本線,00,無し,財部,398850.0,排水設備,排水設備,排水設備（給炭水）,1,箇所,,,,,,,対象
791,日豊本線,00,無し,北俣,402490.0,構内諸設備１,構内諸設備,柵垣,1,箇所,1,箇所,,,,,対象
791,日豊本線,00,無し,北俣,402490.0,構内諸設備２,構内諸設備,土留,1,箇所,1,箇所,,,,,対象
791,日豊本線,00,無し,北俣,402490.0,構内諸設備３,構内諸設備,構内諸設備,,箇所,,,,,,,対象
791,日豊本線,00,無し,北俣,402490.0,排水設備,排水設備,排水設備（給炭水）,1,箇所,,,,,,,対象
791,日豊本線,00,無し,大隅大川原,407530.0,構内排水設備,構内排水設備,構内排水設備（給炭水）,36.8,ｍ,,,,,,,対象
791,日豊本線,00,無し,大隅大川原,407530.0,構内諸設備１,構内諸設備,柵垣,1,箇所,141.8,ｍ,,,,,対象
791,日豊本線,00,無し,大隅大川原,407530.0,構内諸設備２,構内諸設備,土留,,箇所,61.8,m2,,,,,対象
791,日豊本線,00,無し,大隅大川原,407530.0,構内諸設備３,構内諸設備,構内諸設備,,箇所,6.6,m2,,,,,対象
791,日豊本線,00,無し,大隅大川原,407530.0,検査坑,検査坑（諸構築物）,検査坑（車庫工場）,,箇所,,,,,,,対象
791,日豊本線,00,無し,北永野田,412890.0,構内排水設備,構内排水設備,構内排水設備（給炭水）,51.5,ｍ,,,,,,,対象
791,日豊本線,00,無し,北永野田,412890.0,構内諸設備,構内諸設備,構内諸設備,1,箇所,94,m2,,,,,対象
791,日豊本線,00,無し,北永野田,412890.0,走行路,走行路,走行路,20,ｍ,,,,,,,対象
791,日豊本線,00,無し,霧島神宮,418820.0,構内排水設備,構内排水設備,構内排水設備（給炭水）,96.8,ｍ,,,,,,,対象
791,日豊本線,00,無し,霧島神宮,418820.0,構内諸設備１,構内諸設備,作業通路（雑設備）,,箇所,,箇所,,,,,対象
791,日豊本線,00,無し,霧島神宮,418820.0,構内諸設備２,構内諸設備,土留,1,箇所,116.6,m2,,,,,対象
791,日豊本線,00,無し,霧島神宮,418820.0,構内諸設備３,構内諸設備,構内諸設備,,箇所,,箇所,,,,,対象
791,日豊本線,00,無し,南霧島（信）,423300.0,構内諸設備,構内諸設備,構内諸設備,,,,,,,,,対象
791,日豊本線,00,無し,国分,431540.0,構内諸設備,構内諸設備,柵垣,,,24,ｍ,,,,,対象
791,日豊本線,00,無し,国分,431540.0,構内諸設備2,構内諸設備,土留,1,箇所,6,m2,,,,,対象
791,日豊本線,00,無し,国分,431540.0,構内諸設備3,構内諸設備,構内諸設備,,,,,,,,,対象
791,日豊本線,00,無し,国分,431540.0,走行路,走行路,走行路,330.2,m2,,,,,,,対象
791,日豊本線,00,無し,国分,431540.0,駐車場,駐車場,駐車場,225,m2,,,,,,,対象
791,日豊本線,00,無し,国分,431540.0,構内排水設備,構内排水設備,構内排水設備（給炭水）,10.8,ｍ,,,,,,,対象
791,日豊本線,00,無し,隼人,434120.0,構内排水設備,構内排水設備,構内排水設備（給炭水）,164.9,ｍ,,,,,,,対象外
791,日豊本線,00,無し,隼人,434120.0,構内諸設備１,構内諸設備,柵垣,,箇所,48.2,ｍ,,,,,対象外
791,日豊本線,00,無し,隼人,434120.0,構内諸設備２,構内諸設備,構内諸設備,3,箇所,3,箇所,,,,,対象外
791,日豊本線,00,無し,隼人,434120.0,走行路１,走行路,走行路,296.2,m2,,,,,,,対象
791,日豊本線,00,無し,隼人,434120.0,検査坑,検査坑（諸構築物）,検査坑（車庫工場）,21.5,ｍ,,,,,,,対象外
791,日豊本線,00,無し,隼人,434120.0,駐車場,駐車場,駐車場,190,m2,,,,,,,対象
791,日豊本線,00,無し,加治木,441010.0,構内排水設備,構内排水設備,構内排水設備（給炭水）,304.8,ｍ,,,,,,,対象
791,日豊本線,00,無し,加治木,441010.0,構内諸設備１,構内諸設備,作業通路（雑設備）,1,箇所,8.7,m2,,,,,対象外
791,日豊本線,00,無し,加治木,441010.0,構内諸設備２,構内諸設備,柵垣,,箇所,,箇所,,,,,対象
791,日豊本線,00,無し,加治木,441010.0,構内諸設備３,構内諸設備,土留,,箇所,,箇所,,,,,対象
791,日豊本線,00,無し,加治木,441010.0,構内諸設備４,構内諸設備,構内諸設備,1,箇所,1,箇所,,,,,対象
791,日豊本線,00,無し,加治木,441010.0,走行路,走行路,走行路,25.4,ｍ,,,,,,,対象
791,日豊本線,00,無し,加治木,441010.0,雑設備その他,雑設備その他,雑設備その他,,,,,,,,,対象外
791,日豊本線,00,無し,帖佐,445010.0,構内諸設備１,構内諸設備,作業通路（雑設備）,,箇所,,箇所,,,,,対象
791,日豊本線,00,無し,帖佐,445010.0,構内諸設備２,構内諸設備,柵垣,1,箇所,1,箇所,,,,,対象
791,日豊本線,00,無し,帖佐,445010.0,構内諸設備３,構内諸設備,構内諸設備,,箇所,,箇所,,,,,対象
791,日豊本線,00,無し,重富,448170.0,構内諸設備１,構内諸設備,作業通路（雑設備）,1,箇所,1,箇所,,,,,対象
791,日豊本線,00,無し,重富,448170.0,構内諸設備２,構内諸設備,柵垣,,箇所,100,ｍ,,,,,対象
791,日豊本線,00,無し,重富,448170.0,構内諸設備３,構内諸設備,構内諸設備,40.5,ｍ,40.5,ｍ,,,,,対象
791,日豊本線,00,無し,重富,448170.0,検査坑,検査坑（諸構築物）,検査坑（車庫工場）,9.3,ｍ,,,,,,,対象
791,日豊本線,00,無し,竜ヶ水,455130.0,構内諸設備１,構内諸設備,作業通路（雑設備）,,箇所,75,m2,,,,,対象
791,日豊本線,00,無し,竜ヶ水,455130.0,構内諸設備２,構内諸設備,柵垣,1,箇所,1,箇所,,,,,対象
791,日豊本線,00,無し,竜ヶ水,455130.0,構内諸設備３,構内諸設備,構内諸設備,,箇所,,箇所,,,,,対象
791,日豊本線,00,無し,竜ヶ水,455130.0,走行路,走行路,走行路,61,ｍ,,,,,,,対象
791,日豊本線,00,無し,竜ヶ水,455130.0,排水設備,排水設備,排水設備（給炭水）,1,,,,,,,,対象
791,日豊本線,10,単線,高城,137370.0,高城駅前 駐車場,駐車場,駐車場,,m2,,m2,,,,,対象
791,日豊本線,10,単線,高城,137380.0,高城 駐車場,駐車場,駐車場,363,m2,363,m2,,,,,対象
791,日豊本線,10,単線,鶴崎,140430.0,鶴崎 駐車場,諸構築物その他,駐車場,608.4,m2,367.7,m2,240.7,m2,,,対象
791,日豊本線,10,単線,大在,143670.0,大在 構内諸設備 構内柵,構内諸設備,構内諸設備,163,ｍ,,,,,,,対象
791,日豊本線,10,単線,津久見,178280.0,津久見 構内諸設備５(土留）,構内諸設備,構内諸設備,84.8,ｍ,84.8,ｍ,,,,,対象
791,日豊本線,10,単線,津久見,178280.0,津久見 構内諸設備４(土留）,構内諸設備,構内諸設備,222,ｍ,222,ｍ,,,,,対象
791,日豊本線,10,単線,日代,183765.0,日代 構内諸設備-バラスト止め,構内諸設備,構内諸設備,1,箇所,1,箇所,,,,,対象
791,日豊本線,10,単線,市棚,237835.0,構内諸設備 237835.00左 門扉,構内柵,構内柵,12,ｍ,,,,,,,対象
791,日豊本線,10,単線,土々呂,264918.0,構内諸設備 264918.00左 門扉,構内柵,構内柵,6,ｍ,,,,,,,対象
791,日豊本線,10,単線,川南,304960.0,川南駅２,構内諸設備,構内諸設備,,,9.7,ｍ,,,,,対象
791,日豊本線,10,単線,日向住吉,330250.0,立入防止柵-330250-左,構内諸設備,柵垣,78,ｍ,78,ｍ,,ｍ,,,対象
791,日豊本線,10,単線,日向住吉,330370.0,立入防止柵-330370-右,構内諸設備,柵垣,12,ｍ,12,ｍ,,ｍ,,,対象
791,日豊本線,10,単線,蓮ヶ池,334090.0,柵垣,構内諸設備,柵垣,80,ｍ,80,ｍ,,,,,対象
791,日豊本線,10,単線,南宮崎,341880.0,分離槽,ろ過装置,ろ過装置（雑構築物）,1,箇所,,,,,,,対象
791,日豊本線,10,単線,南宮崎,341880.0,汚物処理設備,汚物処理設備,汚物処理設備,,箇所,2,箇所,,,,,対象
791,日豊本線,10,単線,清武,347111.0,立入り防止さく,構内諸設備,構内諸設備,48.4,ｍ,,,,,,,対象
791,日豊本線,10,単線,清武,347116.0,構内排水設備,構内排水設備,構内排水設備,21.7,ｍ,,,,,,,対象
791,日豊本線,10,単線,清武,347284.0,立入防止さく-347284-左,構内諸設備,構内諸設備,43,ｍ,,,,,,,対象
791,日豊本線,10,単線,青井岳,368650.0,構内排水設備,構内排水設備,構内排水設備,254.4,ｍ,,,,,,,対象
791,日豊本線,10,単線,三股,385195.0,構内諸設備３,構内諸設備,構内柵,38,ｍ,38,ｍ,,,,,対象
791,日豊本線,10,単線,都城,389265.0,転落防止さく-389265-左,構内諸設備,構内諸設備,10,ｍ,,,,,,,対象
791,日豊本線,10,単線,財部,398850.0,財部-立入防止柵-398860,構内諸設備,構内諸設備,29.3,ｍ,,,,,,,対象
791,日豊本線,10,単線,国分,431400.0,立入防止柵,構内諸設備,構内諸設備,,,,,,,,,対象
791,日豊本線,10,単線,国分,431540.0,作業通路,構内諸設備,作業通路（雑設備）,8.5,m2,,,,,,,対象
791,日豊本線,10,単線,国分,431540.0,立入防止柵,構内諸設備,構内諸設備,11.1,ｍ,,,,,,,対象
791,日豊本線,10,単線,隼人,434120.0,作業通路１,雑設備その他,雑設備その他,31.5,ｍ,,,,,,,対象
791,日豊本線,10,単線,隼人,434120.0,作業通路２,雑設備その他,雑設備その他,5.9,ｍ,,,,,,,対象
791,日豊本線,10,単線,加治木,440990.0,加治木-立入防止柵-440990,構内諸設備,構内諸設備,18,ｍ,,,,,,,対象
791,日豊本線,10,単線,加治木,441038.0,加治木-立入防止柵-441038,構内諸設備,構内諸設備,9.5,ｍ,,,,,,,対象
791,日豊本線,10,単線,重富,448015.0,重富-立入防止柵-448015,構内諸設備,構内諸設備,85.2,ｍ,,,,,,,対象
791,日豊本線,10,単線,重富,448170.0,重富-構内諸設備-立入防止柵,構内諸設備,構内諸設備,84.6,ｍ,6.5,ｍ,74.1,ｍ,4,ｍ,対象
791,日豊本線,21,下り線,西小倉,190.0,ろ過装置（雑構築物）,給水設備（諸構築物）,給水設備（雑構築物）,1,箇所,1734.5,ｍ,117.3,ｍ,,,対象
791,日豊本線,21,下り線,柳ヶ浦,68468.0,柳ヶ浦 構内諸設備５,構内諸設備,柵垣,34.9,ｍ,34.9,ｍ,,,,,対象
791,日豊本線,22,上り線,南延岡,258980.0,構内排水設備,構内排水設備,構内排水設備（給炭水）,1070,ｍ,,,,,,,対象
791,日豊本線,23,上下線,朽網,14319.0,朽網-柵垣-14319-右,構内諸設備,柵垣,22,ｍ,,,,,,,対象
791,日豊本線,23,上下線,朽網,14382.0,朽網-柵垣-14382-左,構内諸設備,柵垣,44.5,ｍ,,,,,,,対象
791,日豊本線,23,上下線,朽網,14387.0,朽網-柵垣-14387-左,構内諸設備,柵垣,55,ｍ,,,,,,,対象
791,日豊本線,23,上下線,中津,51100.0,乗務員昇降台,構内諸設備,乗降台,2,箇所,,,,,,,対象
791,日豊本線,23,上下線,中津,51100.0,転落防止柵,構内諸設備,転落防止柵,2,箇所,,,,,,,対象
791,日豊本線,23,上下線,大分,131883.0,大分 作業通路（雑設備）１,構内諸設備,作業通路（雑設備）,41,m2,,,,,,,対象
791,日豊本線,23,上下線,大分,131923.0,大分 作業通路（雑設備）２,構内諸設備,作業通路（雑設備）,41,m2,,,,,,,対象
791,日豊本線,23,上下線,大分,131960.0,大分 作業通路（雑設備）３,構内諸設備,作業通路（雑設備）,41,m2,,,,,,,対象
791,日豊本線,23,上下線,大分,132314.0,大分 作業通路（雑設備）８,構内諸設備,作業通路（雑設備）,1.8,m2,,,,,,,対象
791,日豊本線,23,上下線,大分,132715.0,大分 作業通路（雑設備）６,構内諸設備,作業通路（雑設備）,66.4,m2,,,,,,,対象
791,日豊本線,23,上下線,大分,132809.5,大分 作業通路（雑設備）５,構内諸設備,作業通路（雑設備）,114.6,m2,,,,,,,対象
791,日豊本線,23,上下線,大分,132860.0,大分 作業通路（雑設備）４,構内諸設備,作業通路（雑設備）,42,m2,,,,,,,対象
791,日豊本線,23,上下線,大分,132900.0,大分 作業通路（雑設備）７,構内諸設備,作業通路（雑設備）,66.3,m2,,,,,,,対象
791,日豊本線,23,上下線,国分,431540.0,国分　構内諸設備2,構内諸設備,構内諸設備,42.1,ｍ,,,,,,,対象
791,日豊本線,38,その他,南宮崎,341880.0,線間防護さく,雑設備その他,雑設備その他,1,箇所,,,,,,,対象
791,日豊本線,38,その他,都城,389340.0,作業通路（雑設備）,構内諸設備,作業通路（雑設備）,90.6,m2,,,,,,,対象
791,日豊本線,56,側線６番,隼人,434120.0,走行路２,走行路,走行路,67,ｍ,,,,,,,対象
795,日田彦山線,00,無し,石田,3270.0,構内排水設備,構内排水設備,構内排水設備（給炭水）,137.9,ｍ,,,,,,,対象
795,日田彦山線,00,無し,石田,3270.0,構内諸設備１,構内諸設備,作業通路（雑設備）,,箇所,58.8,m2,,,,,対象
795,日田彦山線,00,無し,石田,3270.0,構内諸設備２,構内諸設備,柵垣,1,箇所,242.7,ｍ,,,,,対象
795,日田彦山線,00,無し,石田,3270.0,構内諸設備３,構内諸設備,構内諸設備,,箇所,,箇所,,,,,対象
795,日田彦山線,00,無し,志井公園,5080.0,構内排水設備,構内排水設備,構内排水設備（給炭水）,205.4,ｍ,,,,,,,対象
795,日田彦山線,00,無し,志井公園,5080.0,構内諸設備１,構内諸設備,柵垣,,箇所,69.4,ｍ,,,,,対象
795,日田彦山線,00,無し,志井公園,5080.0,構内諸設備２,構内諸設備,土留,,箇所,2,m2,,,,,対象
795,日田彦山線,00,無し,志井公園,5080.0,構内諸設備３,構内諸設備,構内諸設備,1,箇所,1,箇所,,,,,対象
795,日田彦山線,00,無し,志井公園,5080.0,雑設備その他,雑設備その他,雑設備その他,,箇所,,,,,,,対象
795,日田彦山線,00,無し,志井,6750.0,構内諸設備 PCフェンスL=20m,構内諸設備,柵垣,20,ｍ,20,ｍ,,,,,対象
795,日田彦山線,00,無し,志井,6750.0,構内諸設備１,構内諸設備,作業通路（雑設備）,,箇所,130.1,m2,,,,,対象
795,日田彦山線,00,無し,志井,6750.0,構内諸設備２,構内諸設備,柵垣,1,箇所,211.7,ｍ,,,,,対象
795,日田彦山線,00,無し,志井,6750.0,構内諸設備３,構内諸設備,土留,,箇所,10.8,m2,,,,,対象
795,日田彦山線,00,無し,石原町,8947.0,構内排水設備２,構内排水設備,構内排水設備（給炭水）,53,ｍ,,,,,,,対象
795,日田彦山線,00,無し,石原町,9006.0,構内排水設備１,構内排水設備,構内排水設備（給炭水）,24,ｍ,,,,,,,対象
795,日田彦山線,00,無し,石原町,9030.0,構内諸設備１,構内諸設備,作業通路（雑設備）,,箇所,209.6,m2,,,,,対象
795,日田彦山線,00,無し,石原町,9030.0,構内諸設備２,構内諸設備,柵垣,1,箇所,169.7,ｍ,,,,,対象
795,日田彦山線,00,無し,石原町,9030.0,構内諸設備３,構内諸設備,構内諸設備,,箇所,2,箇所,,,,,対象
795,日田彦山線,00,無し,石原町,9030.0,給水設備,給水設備,給水設備（給炭水設備）,107,ｍ,107,ｍ,,,,,対象
795,日田彦山線,00,無し,呼野,12330.0,構内諸設備,構内諸設備,柵垣,1,箇所,21,ｍ,,,,,対象
795,日田彦山線,00,無し,採銅所,18130.0,構内排水設備,構内排水設備,構内排水設備（給炭水）,9,ｍ,,,,,,,対象
795,日田彦山線,00,無し,採銅所,18130.0,構内諸設備１,構内諸設備,作業通路（雑設備）,,箇所,50,m2,,,,,対象
795,日田彦山線,00,無し,採銅所,18130.0,構内諸設備２,構内諸設備,柵垣,,箇所,167.9,ｍ,,,,,対象
795,日田彦山線,00,無し,採銅所,18130.0,構内諸設備３,構内諸設備,土留,10,箇所,11.1,m2,,,,,対象
795,日田彦山線,00,無し,採銅所,18130.0,構内諸設備４,構内諸設備,構内諸設備,,箇所,1,箇所,,,,,対象
795,日田彦山線,00,無し,香春,23380.0,構内排水設備,構内排水設備,構内排水設備（給炭水）,16,ｍ,,,,,,,対象
795,日田彦山線,00,無し,香春,23380.0,構内諸設備１,構内諸設備,作業通路（雑設備）,3,箇所,55.5,m2,,,,,対象
795,日田彦山線,00,無し,香春,23380.0,構内諸設備２,構内諸設備,柵垣,1,箇所,335.5,ｍ,,,,,対象
795,日田彦山線,00,無し,香春,23380.0,構内諸設備３,構内諸設備,構内諸設備,,箇所,1,箇所,,,,,対象
795,日田彦山線,00,無し,田川伊田,27400.0,構内諸設備１,構内諸設備,作業通路（雑設備）,2,箇所,512.8,m2,,,,,対象
795,日田彦山線,00,無し,田川伊田,27400.0,構内諸設備２,構内諸設備,柵垣,2,箇所,143.8,ｍ,,,,,対象
795,日田彦山線,00,無し,田川伊田,27400.0,構内諸設備３,構内諸設備,時刻案内表,1,箇所,,,,,,,対象
795,日田彦山線,00,無し,田川伊田,27400.0,構内諸設備４,構内諸設備,駐車場,,,300,m2,140,m2,,,対象
795,日田彦山線,00,無し,田川後藤寺,29980.0,構内排水設備,構内排水設備,構内排水設備（給炭水）,292,ｍ,,,,,,,対象
795,日田彦山線,00,無し,田川後藤寺,29980.0,構内諸設備5,構内諸設備,作業通路（雑設備）,24.4,m2,24.4,m2,,,,,対象
795,日田彦山線,00,無し,田川後藤寺,29980.0,構内諸設備１,構内諸設備,作業通路（雑設備）,5,箇所,808.6,m2,,,,,対象
795,日田彦山線,00,無し,田川後藤寺,29980.0,構内諸設備２,構内諸設備,柵垣,,箇所,722.1,ｍ,,,,,対象
795,日田彦山線,00,無し,田川後藤寺,29980.0,構内諸設備３,構内諸設備,土留,,箇所,303.6,m2,,,,,対象
795,日田彦山線,00,無し,田川後藤寺,29980.0,構内諸設備４,構内諸設備,構内諸設備,,箇所,1,箇所,,,,,対象
795,日田彦山線,00,無し,田川後藤寺,29980.0,作業通路,構内諸設備,雑設備その他,24.4,m2,,,,,,,対象
795,日田彦山線,00,無し,田川後藤寺,29980.0,雑設備その他,雑設備その他,雑設備その他,4,箇所,1,箇所,1,本,3,本,対象
795,日田彦山線,00,無し,田川後藤寺,29980.0,給油設備,給油設備,諸構築物その他,1,箇所,,,,,,,対象
795,日田彦山線,00,無し,田川後藤寺,29980.0,給油床付属給水設備,給水設備,給水設備（給炭水設備）,70,ｍ,,,,,,,対象
795,日田彦山線,00,無し,田川後藤寺,30160.0,構内諸設備６（駐車場）,駐車場,駐車場,1,箇所,914.8,m2,,,,,対象
795,日田彦山線,00,無し,池尻,32200.0,構内諸設備１,構内諸設備,作業通路（雑設備）,,箇所,2.6,m2,,,,,対象
795,日田彦山線,00,無し,池尻,32200.0,構内諸設備２,構内諸設備,柵垣,1,箇所,173.3,ｍ,,,,,対象
795,日田彦山線,00,無し,豊前川崎,34700.0,構内排水設備,構内排水設備,構内排水設備（給炭水）,25,ｍ,,,,,,,対象
795,日田彦山線,00,無し,豊前川崎,34700.0,構内諸設備１,構内諸設備,柵垣,3,箇所,218,ｍ,,,,,対象
795,日田彦山線,00,無し,豊前川崎,34700.0,構内諸設備２,構内諸設備,土留,2,箇所,17,m2,,,,,対象
795,日田彦山線,00,無し,豊前川崎,34700.0,構内諸設備３,構内諸設備,構内諸設備,,箇所,,箇所,,,,,対象
795,日田彦山線,00,無し,豊前川崎,34700.0,雑設備その他,雑設備その他,雑設備その他,,,,,,,,,対象
795,日田彦山線,00,無し,豊前川崎,34700.0,盛土,雑設備その他,盛土,,,,,,,,,対象
795,日田彦山線,00,無し,豊前川崎,34700.0,土留擁壁,雑設備その他,土留擁壁,,,,,,,,,対象
795,日田彦山線,00,無し,西添田,38320.0,構内諸設備,構内諸設備,作業通路（雑設備）,1,箇所,8.5,m2,,,,,対象
795,日田彦山線,00,無し,添田,39480.0,構内諸設備１,構内諸設備,作業通路（雑設備）,,箇所,3.2,m2,,,,,対象
795,日田彦山線,00,無し,添田,39480.0,構内諸設備２,構内諸設備,柵垣,1,箇所,70,ｍ,,,,,対象
795,日田彦山線,00,無し,添田,39480.0,構内諸設備３,構内諸設備,構内諸設備,1,箇所,2,箇所,,,,,対象
795,日田彦山線,00,無し,添田,39480.0,雑設備その他,雑設備その他,雑設備その他,,箇所,,,,,,,対象
795,日田彦山線,00,無し,彦山,47000.0,構内排水設備,構内排水設備,構内排水設備（給炭水）,63.9,ｍ,,,,,,,対象
795,日田彦山線,00,無し,彦山,47140.0,構内排水設備,構内排水設備,構内排水設備（給炭水）,76.5,ｍ,,,,,,,対象
795,日田彦山線,00,無し,彦山,47140.0,構内諸設備１,構内諸設備,作業通路（雑設備）,,箇所,463.5,m2,,,,,対象
795,日田彦山線,00,無し,彦山,47140.0,構内諸設備２,構内諸設備,柵垣,1,箇所,176.5,ｍ,,,,,対象
795,日田彦山線,00,無し,彦山,47140.0,構内諸設備３,構内諸設備,土留,,箇所,60.5,m2,,,,,対象
795,日田彦山線,00,無し,彦山,47140.0,構内諸設備４（反射鏡）,構内諸設備,構内諸設備,1,箇所,,,,,,,対象
795,日田彦山線,00,無し,大行司,59250.0,構内排水設備,構内排水設備,構内排水設備（給炭水）,24.4,ｍ,,,,,,,対象
795,日田彦山線,00,無し,大行司,59250.0,構内諸設備１,構内諸設備,作業通路（雑設備）,,箇所,59,m2,,,,,対象
795,日田彦山線,00,無し,大行司,59250.0,構内諸設備２,構内諸設備,構内諸設備,1,箇所,,箇所,,,,,対象
795,日田彦山線,00,無し,宝珠山,61250.0,構内諸設備,構内諸設備,柵垣,,箇所,1,ｍ,,,,,対象
795,日田彦山線,10,単線,石原町,8955.0,構内諸設備４（駐車場）,駐車場,駐車場,1,式,,,,,,,対象
795,日田彦山線,10,単線,石原町,8992.5,構内諸設備５_ガードレール,構内諸設備,ガードレール,40.5,ｍ,,,,,,,対象
795,日田彦山線,10,単線,池尻,32200.0,構内排水設備,構内排水設備,構内排水設備,27,ｍ,,,,,,,対象
795,日田彦山線,10,単線,大行司,59250.0,構内諸設備３,構内諸設備,乗降場,2,箇所,1,本,1,本,,,対象
823,日南線,00,無し,南方,4230.0,構内諸設備,構内諸設備,柵垣,1,箇所,1,箇所,,,,,対象
823,日南線,00,無し,木花,7450.0,構内排水設備,構内排水設備,構内排水設備（給炭水）,6,ｍ,,,,,,,対象
823,日南線,00,無し,木花,7450.0,構内諸設備,構内諸設備,柵垣,1,箇所,1,箇所,,,,,対象
823,日南線,00,無し,木花,7450.0,保守基地設備,雑構築物その他,雑構築物その他,76,ｍ,,,,,,,対象
823,日南線,00,無し,運動公園,8925.0,構内排水設備,構内排水設備,構内排水設備（給炭水）,18.3,ｍ,,,,,,,対象
823,日南線,00,無し,運動公園,8925.0,構内諸設備,構内諸設備,柵垣,1,箇所,1,箇所,,,,,対象
823,日南線,00,無し,曽山寺,10150.0,構内諸設備,構内諸設備,柵垣,1,箇所,1,箇所,,,,,対象
823,日南線,00,無し,子供の国,11390.0,構内排水設備,構内排水設備,構内排水設備（給炭水）,1,箇所,,,,,,,対象
823,日南線,00,無し,子供の国,11390.0,構内諸設備,構内諸設備,柵垣,1,箇所,1,箇所,,,,,対象
823,日南線,00,無し,青島,12680.0,構内諸設備１,構内諸設備,作業通路（雑設備）,1,箇所,1,箇所,,,,,対象
823,日南線,00,無し,青島,12680.0,構内諸設備２,構内諸設備,柵垣,1,箇所,1,箇所,41,ｍ,4,ｍ,対象
823,日南線,00,無し,青島,12680.0,構内諸設備３,構内諸設備,構内諸設備,,箇所,,箇所,,,,,対象
823,日南線,00,無し,折生迫,13820.0,構内諸設備,構内諸設備,柵垣,2,箇所,2,箇所,,,,,対象
823,日南線,00,無し,内海,17450.0,構内排水設備,構内排水設備,構内排水設備（給炭水）,14,ｍ,,,,,,,対象
823,日南線,00,無し,内海,17450.0,構内諸設備１,構内諸設備,作業通路（雑設備）,,箇所,,箇所,,,,,対象
823,日南線,00,無し,内海,17450.0,構内諸設備２,構内諸設備,構内諸設備,1,箇所,1,箇所,,,,,対象
823,日南線,00,無し,内海,17450.0,検査坑,検査坑（諸構築物）,検査坑（車庫工場）,5,ｍ,,,,,,,対象
823,日南線,00,無し,内海,17450.0,保守基地設備,雑構築物その他,雑構築物その他,78,ｍ,,,,,,,対象
823,日南線,00,無し,小内海,19910.0,構内諸設備,構内諸設備,柵垣,1,箇所,1,箇所,,,,,対象
823,日南線,00,無し,伊比井,23320.0,構内排水設備,構内排水設備,構内排水設備（給炭水）,2,箇所,,,,,,,対象外
823,日南線,00,無し,伊比井,23320.0,構内諸設備１,構内諸設備,構内諸設備,2,箇所,2,箇所,,,,,対象
823,日南線,00,無し,北郷,32540.0,構内諸設備,構内諸設備,柵垣,1,箇所,1,箇所,,,,,対象外
823,日南線,00,無し,北郷,32540.0,構内諸設備２,構内諸設備,作業通路（雑設備）,,箇所,,箇所,,,,,対象
823,日南線,00,無し,北郷,32540.0,保守基地設備,雑構築物その他,雑構築物その他,111,,,,,,,,対象
823,日南線,00,無し,内之田,37090.0,構内諸設備,構内諸設備,構内諸設備,1,m2,1,m2,,,,,対象
823,日南線,00,無し,飫肥,39780.0,立入防止さく,構内諸設備,構内諸設備,17.5,ｍ,17.5,ｍ,,,,,対象
823,日南線,00,無し,日南,43770.0,構内諸設備１,構内諸設備,作業通路（雑設備）,,箇所,,箇所,,,,,対象
823,日南線,00,無し,日南,43770.0,構内諸設備２,構内諸設備,柵垣,8,ｍ,8,ｍ,,,,,対象
823,日南線,00,無し,油津,45990.0,構内排水設備,構内排水設備,構内排水設備（給炭水）,88,ｍ,,,,,,,対象
823,日南線,00,無し,油津,45990.0,構内諸設備１,構内諸設備,柵垣,,箇所,,箇所,,,,,対象
823,日南線,00,無し,油津,45990.0,構内諸設備２,構内諸設備,土留,1,箇所,1,箇所,,,,,対象
823,日南線,00,無し,油津,45990.0,構内諸設備３,構内諸設備,構内諸設備,2,箇所,2,箇所,,,,,対象
823,日南線,00,無し,油津,45990.0,構内諸設備４(46086),構内諸設備,構内諸設備,10.4,ｍ,4,ｍ,6.4,ｍ,,,対象
823,日南線,00,無し,油津,45990.0,転落防止柵,構内諸設備,構内柵,61.2,ｍ,61.2,ｍ,,,,,対象
823,日南線,00,無し,油津,45990.0,検査坑,検査坑（諸構築物）,検査坑（車庫工場）,13.7,ｍ,,,,,,,対象
823,日南線,00,無し,油津,45990.0,保守基地設備,雑構築物その他,雑構築物その他,86,,,,,,,,対象
823,日南線,00,無し,油津,45990.0,排水設備,排水設備,排水設備（給炭水）,3,箇所,,,,,,,対象
823,日南線,00,無し,大堂津,50280.0,転落防止柵,構内諸設備,構内柵,95.4,ｍ,68,ｍ,27.4,ｍ,,,対象
823,日南線,00,無し,大堂津,50280.0,立入防止柵,構内諸設備,柵垣,22.2,ｍ,22.2,ｍ,,,,,対象
823,日南線,00,無し,南郷,52990.0,構内諸設備１,構内諸設備,作業通路（雑設備）,,箇所,,箇所,,,,,対象
823,日南線,00,無し,南郷,52990.0,構内諸設備２,構内諸設備,柵垣,1,箇所,1,箇所,21.2,ｍ,,,対象
823,日南線,00,無し,南郷,52990.0,保守基地設備,雑構築物その他,雑構築物その他,80,,,,,,,,対象
823,日南線,00,無し,榎原,60460.0,構内諸設備,構内諸設備,構内諸設備,2,箇所,2,箇所,,,,,対象
823,日南線,00,無し,日向大束,68610.0,構内排水設備,構内排水設備,構内排水設備（給炭水）,80,ｍ,,,,,,,対象
823,日南線,00,無し,日向大束,68610.0,構内諸設備,構内諸設備,柵垣,2,箇所,2,箇所,,,,,対象
823,日南線,00,無し,日向北方,71830.0,構内諸設備,構内諸設備,柵垣,,箇所,,箇所,,,,,対象外
823,日南線,00,無し,串間,74430.0,構内排水設備,構内排水設備,構内排水設備（給炭水）,79.5,,,,,,,,対象外
823,日南線,00,無し,串間,74430.0,構内諸設備,構内諸設備,柵垣,,箇所,,箇所,,,,,対象
823,日南線,00,無し,串間,74430.0,保守基地設備,雑構築物その他,雑構築物その他,158,,,,,,,,対象外
823,日南線,00,無し,福島今町,77190.0,構内排水設備,構内排水設備,構内排水設備（給炭水）,60,ｍ,,,,,,,対象外
823,日南線,00,無し,福島今町,77190.0,構内諸設備１,構内諸設備,柵垣,1,箇所,1,箇所,,,,,対象
823,日南線,00,無し,福島今町,77190.0,構内諸設備２,構内諸設備,土留,2,箇所,2,箇所,,,,,対象
823,日南線,00,無し,福島今町,77190.0,排水設備,排水設備,排水設備（給炭水）,1,箇所,,,,,,,対象外
823,日南線,00,無し,福島高松,79630.0,構内諸設備,構内諸設備,構内諸設備,1,箇所,1,箇所,,,,,対象
823,日南線,00,無し,大隅夏井,84470.0,構内諸設備（立入防止柵）,構内諸設備,構内諸設備,1,箇所,1,箇所,,,,,対象
823,日南線,00,無し,大隅夏井,84470.0,保守基地設備,雑構築物その他,雑構築物その他,76,,,,,,,,対象外
823,日南線,00,無し,志布志,88890.0,構内排水設備,構内排水設備,構内排水設備（給炭水）,98.3,ｍ,,,,,,,対象
823,日南線,00,無し,志布志,88890.0,構内諸設備１,構内諸設備,構内諸設備,1,箇所,1,箇所,,,,,対象
823,日南線,00,無し,志布志,88890.0,構内諸設備２,構内諸設備,作業通路（雑設備）,1,箇所,1,箇所,,,,,対象
823,日南線,00,無し,志布志,88890.0,給水設備,給水設備,給水設備（給炭水設備）,30,ｍ,,,,,,,対象
823,日南線,10,単線,小内海,19880.0,転落防止さく-19880-左,構内諸設備,構内諸設備,20.5,ｍ,,,,,,,対象
823,日南線,10,単線,飫肥,39767.0,立入防止さく-39767-右,構内諸設備,構内諸設備,5,ｍ,,,,,,,対象
823,日南線,10,単線,飫肥,39880.0,立入防止さく-39880-右,構内諸設備,構内諸設備,222.3,ｍ,,,,,,,対象
823,日南線,10,単線,油津,45990.0,構内諸設備５(45933),構内諸設備,構内諸設備,4,ｍ,,,,,,,対象
823,日南線,10,単線,油津,45990.0,構内諸設備６(46181),構内諸設備,構内柵,38.9,ｍ,38.9,ｍ,,,,,対象
824,宮崎空港線,00,無し,宮崎空港,3370.0,保守用階段,構内諸設備,構内諸設備,3,箇所,0.7,ｍ,0.7,ｍ,0.7,ｍ,対象
825,吉都線,00,無し,日向庄内,4070.0,構内諸設備,構内諸設備,柵垣,1,箇所,1,箇所,,,,,対象
825,吉都線,00,無し,谷頭,7080.0,構内排水設備,構内排水設備,構内排水設備（給炭水）,56.8,,,,,,,,対象
825,吉都線,00,無し,谷頭,7080.0,構内諸設備１,構内諸設備,柵垣,,箇所,,箇所,,,,,対象
825,吉都線,00,無し,谷頭,7080.0,構内諸設備２,構内諸設備,構内諸設備,1,箇所,1,箇所,,,,,対象
825,吉都線,00,無し,谷頭,7080.0,検査坑,検査坑（諸構築物）,検査坑（車庫工場）,13,ｍ,,,,,,,対象
825,吉都線,00,無し,谷頭,7080.0,保守基地設備,雑構築物その他,雑構築物その他,185,,,,,,,,対象
825,吉都線,00,無し,万ヶ塚,10600.0,構内排水設備,構内排水設備,構内排水設備（給炭水）,98,ｍ,,,,,,,対象
825,吉都線,00,無し,万ヶ塚,10600.0,構内諸設備,構内諸設備,構内諸設備,1,箇所,1,箇所,,,,,対象
825,吉都線,00,無し,高崎新田,17740.0,構内排水設備,構内排水設備,構内排水設備（給炭水）,211.9,ｍ,,,,,,,対象
825,吉都線,00,無し,高崎新田,17740.0,構内諸設備１,構内諸設備,作業通路（雑設備）,2,箇所,2,箇所,,,,,対象
825,吉都線,00,無し,高崎新田,17740.0,構内諸設備２,構内諸設備,柵垣,2,箇所,1,箇所,7,ｍ,,,対象
825,吉都線,00,無し,高崎新田,17740.0,構内諸設備３,構内諸設備,構内諸設備,,箇所,,箇所,,,,,対象
825,吉都線,00,無し,高崎新田,17740.0,保守基地設備,雑構築物その他,雑構築物その他,95,,,,,,,,対象
825,吉都線,00,無し,高崎新田,17740.0,排水設備,排水設備,排水設備（給炭水）,1,箇所,,,,,,,対象
825,吉都線,00,無し,日向前田,22200.0,構内諸設備,構内諸設備,構内諸設備,2,箇所,2,箇所,,,,,対象
825,吉都線,00,無し,高原,26770.0,構内排水設備,構内排水設備,構内排水設備（給炭水）,338.5,ｍ,,,,,,,対象
825,吉都線,00,無し,高原,26770.0,構内諸設備１,構内諸設備,作業通路（雑設備）,,箇所,,箇所,,,,,対象
825,吉都線,00,無し,高原,26770.0,構内諸設備２,構内諸設備,柵垣,2,箇所,1,箇所,172,ｍ,,,対象
825,吉都線,00,無し,高原,26770.0,構内諸設備３,構内諸設備,構内諸設備,,箇所,,箇所,,,,,対象
825,吉都線,00,無し,高原,26770.0,保守基地設備,雑構築物その他,雑構築物その他,169,,,,,,,,対象
825,吉都線,00,無し,高原,26770.0,排水設備,排水設備,排水設備（給炭水）,1,箇所,,,,,,,対象
825,吉都線,00,無し,広原,30740.0,構内排水設備,構内排水設備,構内排水設備（給炭水）,106.8,ｍ,,,,,,,対象
825,吉都線,00,無し,広原,30740.0,構内諸設備,構内諸設備,柵垣,1,箇所,1,箇所,,,,,対象
825,吉都線,00,無し,小林,34750.0,構内排水設備,構内排水設備,構内排水設備（給炭水）,404.7,ｍ,,,,,,,対象
825,吉都線,00,無し,小林,34750.0,構内諸設備１,構内諸設備,作業通路（雑設備）,,箇所,,箇所,,,,,対象
825,吉都線,00,無し,小林,34750.0,構内諸設備２,構内諸設備,柵垣,2,箇所,1,箇所,17.5,ｍ,,,対象
825,吉都線,00,無し,小林,34750.0,構内諸設備３,構内諸設備,土留,,箇所,,箇所,,,,,対象
825,吉都線,00,無し,小林,34750.0,構内諸設備４,構内諸設備,構内諸設備,262.3,m2,262.3,m2,,,,,対象
825,吉都線,00,無し,小林,34750.0,検査坑,検査坑（諸構築物）,検査坑（車庫工場）,20,ｍ,,,,,,,対象
825,吉都線,00,無し,西小林,40920.0,構内排水設備,構内排水設備,構内排水設備（給炭水）,162.8,ｍ,75.8,ｍ,87,ｍ,,,対象外
825,吉都線,00,無し,西小林,40920.0,構内諸設備１,構内諸設備,構内諸設備,1,箇所,1,箇所,,,,,対象外
825,吉都線,00,無し,西小林,40920.0,構内諸設備２,構内諸設備,柵垣,1,箇所,85,ｍ,,,,,対象
825,吉都線,00,無し,えびの飯野,46540.0,構内排水設備,構内排水設備,構内排水設備（給炭水）,140.8,ｍ,,,,,,,対象外
825,吉都線,00,無し,えびの飯野,46540.0,構内諸設備１,構内諸設備,作業通路（雑設備）,,箇所,,箇所,,,,,対象
825,吉都線,00,無し,えびの飯野,46540.0,構内諸設備２,構内諸設備,柵垣,2,箇所,1,箇所,33,ｍ,,,対象
825,吉都線,00,無し,えびの飯野,46540.0,構内諸設備３,構内諸設備,構内諸設備,,箇所,,箇所,,,,,対象
825,吉都線,00,無し,えびの,51910.0,構内排水設備,構内排水設備,構内排水設備（給炭水）,41.4,ｍ,,,,,,,対象外
825,吉都線,00,無し,えびの,51910.0,構内諸設備１,構内諸設備,柵垣,2,箇所,1,箇所,21,ｍ,,,対象
825,吉都線,00,無し,えびの,51910.0,構内諸設備２,構内諸設備,構内諸設備,,箇所,,箇所,,,,,対象
825,吉都線,00,無し,えびの,51910.0,排水設備,排水設備,排水設備（給炭水）,1,箇所,,,,,,,対象外
825,吉都線,00,無し,京町温泉,56580.0,構内諸設備１,構内諸設備,作業通路（雑設備）,,箇所,,箇所,,,,,対象外
825,吉都線,00,無し,京町温泉,56580.0,構内諸設備２,構内諸設備,柵垣,1,箇所,1,箇所,,,,,対象
825,吉都線,00,無し,京町温泉,56580.0,構内諸設備３,構内諸設備,構内諸設備,110,m2,110,m2,,,,,対象
825,吉都線,00,無し,京町温泉,56580.0,構内諸設備４,構内諸設備,作業通路（雑設備）,1,箇所,1,箇所,,,,,対象外
825,吉都線,00,無し,京町温泉,56580.0,構内諸設備５,構内諸設備,柵垣,2,箇所,1,箇所,1,ｍ,,,対象
825,吉都線,00,無し,京町温泉,56580.0,構内諸設備６,構内諸設備,構内諸設備,110,m2,111,m2,,,,,対象
825,吉都線,10,単線,高原,26600.0,,構内諸設備,柵垣,114,ｍ,,,,,,,対象
825,吉都線,10,単線,えびの飯野,46535.0,,構内諸設備,柵垣,24,ｍ,,,,,,,対象
825,吉都線,10,単線,えびの飯野,46550.0,,構内諸設備,柵垣,11,ｍ,,,,,,,対象
825,吉都線,10,単線,えびの,51910.0,,構内諸設備,柵垣,15.5,ｍ,,,,,,,対象
825,吉都線,10,単線,京町温泉,56600.0,,構内諸設備,柵垣,19.5,ｍ,,,,,,,対象
831,筑豊本線,00,無し,若松,0.0,構内排水設備,構内排水設備,構内排水設備（給炭水）,451.2,ｍ,451.2,ｍ,2,箇所,,,対象
831,筑豊本線,00,無し,若松,0.0,構内諸設備[02],構内諸設備,作業通路（雑設備）,121.8,ｍ,121.8,ｍ,,,,,対象
831,筑豊本線,00,無し,若松,0.0,構内諸設備[03],構内諸設備,柵垣,,箇所,2257.8,ｍ,106,箇所,,,対象
831,筑豊本線,00,無し,若松,0.0,構内諸設備[04],構内諸設備,構内諸設備,,箇所,26.5,m2,,,,,対象
831,筑豊本線,00,無し,藤ノ木,2860.0,構内諸設備[03],構内諸設備,柵垣,3,箇所,333.3,ｍ,,,,,対象
831,筑豊本線,00,無し,奥洞海,4550.0,構内諸設備[03],構内諸設備,柵垣,476.9,ｍ,476.9,ｍ,,,,,対象
831,筑豊本線,00,無し,二島,6260.0,構内諸設備[02],構内諸設備,作業通路（雑設備）,,箇所,14.8,m2,,,,,対象
831,筑豊本線,00,無し,二島,6260.0,構内諸設備[03],構内諸設備,柵垣,,箇所,277.2,ｍ,,ｍ,,,対象
831,筑豊本線,00,無し,本城,9260.0,構内排水設備,構内排水設備,構内排水設備（給炭水）,53.4,ｍ,,,,,,,対象
831,筑豊本線,00,無し,本城,9260.0,構内諸設備[03],構内諸設備,柵垣,319.4,ｍ,1.5,ｍ,,,,,対象
831,筑豊本線,00,無し,折尾,10770.0,構内排水設備,構内排水設備,構内排水設備（給炭水）,24,ｍ,24,ｍ,,,,,対象
831,筑豊本線,00,無し,折尾,10770.0,構内諸設備[02],構内諸設備,作業通路（雑設備）,,箇所,459,ｍ,,,,,対象
831,筑豊本線,00,無し,折尾,10770.0,構内諸設備[03],構内諸設備,柵垣,,箇所,915.3,ｍ,,,,,対象
831,筑豊本線,00,無し,東水巻,13430.0,構内諸設備[03],構内諸設備,柵垣,1,箇所,,ｍ,7.5,ｍ,,,対象
831,筑豊本線,00,無し,中間,14810.3,構内諸設備[01],構内諸設備,その他安全柵,,ｍ,26.2,ｍ,,,,,対象
831,筑豊本線,00,無し,中間,14880.0,構内諸設備[02],構内諸設備,作業通路（雑設備）,,箇所,72.4,m2,,,,,対象
831,筑豊本線,00,無し,中間,14880.0,構内諸設備[03],構内諸設備,柵垣,1,箇所,724.2,ｍ,,,,,対象
831,筑豊本線,00,無し,筑前垣生,16350.0,構内諸設備[02],構内諸設備,土留,1,箇所,8.2,m2,,,,,対象
831,筑豊本線,00,無し,筑前垣生,16350.0,構内諸設備[03],構内諸設備,柵垣,1,箇所,71.3,ｍ,,,,,対象
831,筑豊本線,00,無し,鞍手,18740.0,構内排水設備,構内排水設備,構内排水設備（給炭水）,109.1,ｍ,,,,,,,対象
831,筑豊本線,00,無し,鞍手,18740.0,構内諸設備[03],構内諸設備,柵垣,1,箇所,354,ｍ,,,,,対象
831,筑豊本線,00,無し,鞍手,18740.0,構内諸設備[04],構内諸設備,土留,,箇所,,,,,,,対象
831,筑豊本線,00,無し,筑前植木,21230.0,構内諸設備[02],構内諸設備,作業通路（雑設備）,,箇所,58.5,m2,,,,,対象
831,筑豊本線,00,無し,筑前植木,21230.0,構内諸設備[03],構内諸設備,柵垣,,箇所,488.3,ｍ,,,,,対象
831,筑豊本線,00,無し,筑前植木,21230.0,構内諸設備[04],構内諸設備,構内諸設備,5,m2,,,,,,,対象
831,筑豊本線,00,無し,筑前植木,21230.0,構内諸設備[05],構内諸設備,柵垣,12,箇所,12,ｍ,,,,,対象
831,筑豊本線,00,無し,新入,22840.0,構内諸設備[03],構内諸設備,柵垣,1,箇所,26,ｍ,,,,,対象
831,筑豊本線,00,無し,直方,24770.0,構内排水設備,構内排水設備,構内排水設備（給炭水）,1146.8,ｍ,6,箇所,,,,,対象
831,筑豊本線,00,無し,直方,24770.0,構内諸設備[02],構内諸設備,作業通路（雑設備）,2448.1,ｍ,5,箇所,,,,,対象
831,筑豊本線,00,無し,直方,24770.0,構内諸設備[03],構内諸設備,柵垣,1095,ｍ,6,箇所,,,,,対象
831,筑豊本線,00,無し,直方,24770.0,構内諸設備[04],構内諸設備,土留,117,m2,,,,,,,対象
831,筑豊本線,00,無し,直方,24770.0,機関車転車台,機関車転車台,機関車転車台,1,箇所,1,箇所,,,,,対象
831,筑豊本線,00,無し,直方,24770.0,浄化槽,車両洗浄設備,浄化槽,79.6,m3,,,,,,,対象
831,筑豊本線,00,無し,直方,24770.0,洗浄台,車両洗浄設備,洗浄台,668.1,ｍ,,,,,,,対象
831,筑豊本線,00,無し,直方,24770.0,給油設備,給油設備,分離槽,,箇所,,,,,,,対象
831,筑豊本線,00,無し,直方,24770.0,検査坑,検査坑,検査坑（検車洗浄）,2,箇所,72.9,ｍ,52.9,ｍ,,,対象
831,筑豊本線,00,無し,直方,24770.0,給水設備,給水設備,給水設備（給炭水設備）,4,箇所,1999.7,ｍ,,,,,対象
831,筑豊本線,00,無し,直方,24770.0,排水設備,排水設備,排水設備（給炭水）,22,箇所,,,,,,,対象
831,筑豊本線,00,無し,直方,24770.0,汚物処理設備,汚物処理設備,汚物処理設備,,箇所,,,,,,,対象
831,筑豊本線,00,無し,直方,24770.0,車両検査台,検査洗浄設備その他,車両検査台,125,ｍ,,,,,,,対象
831,筑豊本線,00,無し,勝野,27450.0,構内排水設備,構内排水設備,構内排水設備（給炭水）,172,ｍ,,,,,,,対象
831,筑豊本線,00,無し,勝野,27450.0,構内諸設備[02],構内諸設備,作業通路（雑設備）,,箇所,83.9,m2,,,,,対象
831,筑豊本線,00,無し,勝野,27450.0,構内諸設備[03],構内諸設備,柵垣,,箇所,136.6,ｍ,,,,,対象
831,筑豊本線,00,無し,小竹,31255.0,構内諸設備[04],構内諸設備,柵垣,12.5,ｍ,12.5,ｍ,,,,,対象外
831,筑豊本線,00,無し,小竹,31290.0,構内排水設備,構内排水設備,構内排水設備（給炭水）,155,ｍ,,,,,,,対象
831,筑豊本線,00,無し,小竹,31290.0,構内諸設備[02],構内諸設備,作業通路（雑設備）,,箇所,1012.4,m2,,,,,対象
831,筑豊本線,00,無し,小竹,31290.0,構内諸設備[03],構内諸設備,柵垣,3,箇所,571.2,ｍ,,,,,対象
831,筑豊本線,00,無し,鯰田,34720.0,構内諸設備[02],構内諸設備,作業通路（雑設備）,1,箇所,289.3,m2,,,,,対象
831,筑豊本線,00,無し,鯰田,34720.0,構内諸設備[03],構内諸設備,柵垣,,箇所,255.3,ｍ,,,,,対象
831,筑豊本線,00,無し,浦田,36220.0,構内排水設備,構内排水設備,構内排水設備（給炭水）,33.7,ｍ,,,,,,,対象
831,筑豊本線,00,無し,浦田,36220.0,構内諸設備[02],構内諸設備,作業通路（雑設備）,,箇所,140,m2,,,,,対象
831,筑豊本線,00,無し,浦田,36220.0,構内諸設備[03],構内諸設備,柵垣,3,箇所,153.9,ｍ,,,,,対象
831,筑豊本線,00,無し,新飯塚,37640.0,構内排水設備,構内排水設備,構内排水設備（給炭水）,77.8,ｍ,,,,,,,対象
831,筑豊本線,00,無し,新飯塚,37640.0,構内諸設備[02],構内諸設備,作業通路（雑設備）,280.5,m2,,,,,,,対象
831,筑豊本線,00,無し,新飯塚,37640.0,構内諸設備[03],構内諸設備,柵垣,1132,ｍ,10,箇所,,,,,対象
831,筑豊本線,00,無し,新飯塚,37640.0,構内諸設備[04],構内諸設備,土留,49,m2,,,,,,,対象
831,筑豊本線,00,無し,飯塚,39440.0,構内排水設備,構内排水設備,構内排水設備（給炭水）,91.6,ｍ,,,,,,,対象
831,筑豊本線,00,無し,飯塚,39440.0,構内諸設備[02],構内諸設備,作業通路（雑設備）,,箇所,1259.1,m2,,,,,対象
831,筑豊本線,00,無し,飯塚,39440.0,構内諸設備[03],構内諸設備,柵垣,148.9,ｍ,4,箇所,,,,,対象
831,筑豊本線,00,無し,飯塚,39440.0,構内諸設備[04],構内諸設備,土留,,箇所,173.8,m2,,,,,対象
831,筑豊本線,00,無し,天道,42290.0,構内排水設備,構内排水設備,構内排水設備（給炭水）,352,ｍ,2,箇所,,,,,対象
831,筑豊本線,00,無し,天道,42290.0,構内諸設備[03],構内諸設備,柵垣,148.9,ｍ,4,箇所,,,,,対象
831,筑豊本線,00,無し,天道,42290.0,構内諸設備[04],構内諸設備,土留,1,箇所,324,ｍ,,,,,対象
831,筑豊本線,00,無し,桂川,45270.0,構内諸設備[03],構内諸設備,柵垣,181,ｍ,,,,,,,対象
831,筑豊本線,00,無し,桂川,45270.0,構内諸設備[04],構内諸設備,土留,,箇所,31,m2,,,,,対象
831,筑豊本線,00,無し,上穂波,48080.0,構内諸設備[03],構内諸設備,柵垣,1,箇所,130.8,ｍ,,,,,対象
831,筑豊本線,00,無し,筑前内野,51210.0,構内諸設備[02],構内諸設備,作業通路（雑設備）,,箇所,87.3,m2,,,,,対象
831,筑豊本線,00,無し,筑前内野,51210.0,構内諸設備[03],構内諸設備,柵垣,1,箇所,11.5,ｍ,,,,,対象
831,筑豊本線,00,無し,筑前山家,61370.0,構内排水設備,構内排水設備,構内排水設備（給炭水）,,ｍ,,,,,,,対象
831,筑豊本線,00,無し,筑前山家,61370.0,構内諸設備[02],構内諸設備,作業通路（雑設備）,1,箇所,85,m2,,,,,対象
831,筑豊本線,00,無し,筑前山家,61370.0,構内諸設備[03],構内諸設備,柵垣,65.3,ｍ,2,箇所,,,,,対象
851,後藤寺線,00,無し,上三緒,3070.0,構内排水設備,構内排水設備,構内排水設備（給炭水）,41,ｍ,,,,,,,対象
851,後藤寺線,00,無し,上三緒,3070.0,構内諸設備,構内諸設備,構内諸設備,1,箇所,1,箇所,,,,,対象
851,後藤寺線,00,無し,下鴨生,5000.0,構内排水設備,構内排水設備,構内排水設備（給炭水）,42.9,ｍ,,,,,,,対象
851,後藤寺線,00,無し,下鴨生,5000.0,構内諸設備１,構内諸設備,作業通路（雑設備）,,箇所,101,m2,,,,,対象
851,後藤寺線,00,無し,下鴨生,5000.0,構内諸設備２,構内諸設備,柵垣,1,箇所,241.3,ｍ,,,,,対象
851,後藤寺線,00,無し,下鴨生,5000.0,構内諸設備３,構内諸設備,土留,,箇所,25,m2,,,,,対象
851,後藤寺線,00,無し,筑前庄内,6190.0,構内排水設備,構内排水設備,構内排水設備（給炭水）,6,ｍ,,,,,,,対象
851,後藤寺線,00,無し,筑前庄内,6190.0,構内諸設備１,構内諸設備,柵垣,2,箇所,130.5,ｍ,,,,,対象
851,後藤寺線,00,無し,筑前庄内,6190.0,構内諸設備２,構内諸設備,土留,1,箇所,18,m2,,,,,対象
851,後藤寺線,00,無し,船尾,9840.0,構内排水設備,構内排水設備,構内排水設備（給炭水）,13,ｍ,,,,,,,対象
851,後藤寺線,00,無し,船尾,9840.0,構内諸設備１,構内諸設備,作業通路（雑設備）,,箇所,254,m2,,,,,対象
851,後藤寺線,00,無し,船尾,9840.0,構内諸設備２,構内諸設備,柵垣,1,箇所,142.3,ｍ,,,,,対象
851,後藤寺線,00,無し,船尾,9840.0,構内諸設備３,構内諸設備,土留,,箇所,130.1,m2,,,,,対象
851,後藤寺線,10,単線,上三緒,3070.0,転落防止さく,構内諸設備,構内柵,61,ｍ,,,,,,,対象
851,後藤寺線,10,単線,下鴨生,5000.0,立入防止さく,構内諸設備,構内柵,8,ｍ,,,,,,,対象
851,後藤寺線,10,単線,筑前庄内,6190.0,転落防止さく,構内諸設備,構内柵,50,ｍ,,,,,,,対象
851,後藤寺線,10,単線,船尾,9840.0,転落防止さく,構内諸設備,構内柵,44,ｍ,,,,,,,対象
851,後藤寺線,10,単線,船尾,9840.0,転落防止さく,構内諸設備,構内柵,39,ｍ,,,,,,,対象
