線コード,線名,線別コード,線別,キロ程,左右別,構造種別,延長,開始キロ程,終了キロ程,構造物庫,材質,取得年月日,検査対象
291,山陽本線,21,下り線,530359.0,左,落石止柵,14,,,1,PCフェンス,2014-12-31,対象
291,山陽本線,21,下り線,530383.0,左,防護その他,33.6,,,12.5,金網,2014-12-31,対象
711,鹿児島本線,10,単線,353060.0,右,防護柵,13,,,1.2,鋼,1982-12-01,対象
711,鹿児島本線,10,単線,353061.0,右,防護柵,37,,,1.2,鋼,1982-12-01,対象
711,鹿児島本線,10,単線,355079.0,左,防護その他,158,355000.0,355158.0,,金網,2015-03-30,対象
711,鹿児島本線,10,単線,355166.0,左,防護その他,83.2,355158.0,355174.0,,金網,2015-03-30,対象
711,鹿児島本線,10,単線,356150.0,左,転落防止柵,83.3,,,,鋼,2012-03-29,対象
711,鹿児島本線,10,単線,356200.0,左,落石覆,140,,,,鋼,2012-03-29,対象
711,鹿児島本線,10,単線,356205.0,左,落石止擁壁,25,356192.0,356217.0,3.5,鉄筋コンクリート,2003-01-01,対象
711,鹿児島本線,10,単線,356205.0,左,落石止柵,24,356192.0,356216.0,1.5,鋼,2003-01-01,対象
711,鹿児島本線,10,単線,363340.0,右,防護柵,87,,,,鋼,1974-12-01,対象
711,鹿児島本線,10,単線,363350.0,左,防護柵,41,,,1,鋼,1984-12-01,対象
711,鹿児島本線,10,単線,363618.0,左,防護柵,6,363614.3,363620.3,1,鋼,1997-02-01,対象
711,鹿児島本線,10,単線,363618.0,右,防護柵,6,363615.7,363621.7,1,鋼,1997-02-01,対象
711,鹿児島本線,10,単線,363643.0,右,防護柵,25,363631.5,363656.5,,鋼,1997-03-01,対象
711,鹿児島本線,10,単線,363720.0,右,防護柵,60,,,,鋼,1994-03-01,対象
711,鹿児島本線,10,単線,364622.0,右,防護柵,42.4,364622.0,364662.0,1.2,その他,2010-10-08,対象
711,鹿児島本線,10,単線,365390.0,左,防護柵,19.5,,,1,鋼,1984-12-01,対象
711,鹿児島本線,10,単線,366416.0,右,防護柵,92,366416.0,366508.0,2.5,その他,1998-09-01,対象
711,鹿児島本線,10,単線,366673.0,左,簡易落石止柵,14,366666.0,366680.0,1,単管,2014-08-05,対象
711,鹿児島本線,10,単線,366673.0,右,簡易落石止柵,14,366666.0,366680.0,1,単管,2014-08-05,対象
711,鹿児島本線,10,単線,366700.0,右,防護柵,18,,,,鋼,1975-12-01,対象
711,鹿児島本線,10,単線,366778.0,左,簡易落石止柵,8,366774.0,366782.0,1,単管,2014-08-05,対象
711,鹿児島本線,10,単線,366778.0,右,簡易落石止柵,8,366774.0,366782.0,1,単管,2014-08-05,対象
711,鹿児島本線,10,単線,366844.5,右,竹林防護工,55,366817.0,366872.0,7.8,その他,2015-03-27,対象
711,鹿児島本線,10,単線,367810.0,左,落石止柵,39,367790.0,367829.0,,鋼,2010-11-18,対象
711,鹿児島本線,10,単線,370293.0,左,その他安全柵,10,,,,鋼,2012-03-26,対象外
711,鹿児島本線,10,単線,370293.0,右,その他安全柵,10,,,,鋼,2012-03-26,対象外
711,鹿児島本線,10,単線,372796.0,右,転落防止柵,23,372785.0,372808.0,,PCフェンス,2017-03-07,対象
711,鹿児島本線,21,下り線,5060.0,左,防護柵,175,5010.0,5100.0,1.5,PCフェンス,2014-09-14,対象外
711,鹿児島本線,21,下り線,7700.0,左,落石止擁壁,45.5,,,5.2,コンクリート,1958-12-01,対象
711,鹿児島本線,21,下り線,7740.0,左,落石止柵,30,,,,鋼,1962-12-01,対象
711,鹿児島本線,21,下り線,7970.0,左,落石止柵,45,,,2,鋼,1994-03-01,対象
711,鹿児島本線,21,下り線,8020.0,左,落石止柵,46,,,,鋼,1962-12-01,対象
711,鹿児島本線,21,下り線,8030.0,左,落石止柵,3,,,,鋼,1962-12-01,対象
711,鹿児島本線,21,下り線,14110.0,左,防護柵,143,14033.0,14176.0,1.2,鋼,2013-08-01,対象
711,鹿児島本線,21,下り線,30245.0,左,防護その他,110.5,30189.5,30300.0,1.1,鋼,2017-01-01,対象
711,鹿児島本線,21,下り線,31415.25,左,防護その他,90,31380.0,31470.0,1.1,鋼,2017-01-01,対象
711,鹿児島本線,21,下り線,31415.25,左,防護柵,60,31380.0,31440.0,1.8,鋼,2017-01-01,対象
711,鹿児島本線,21,下り線,31860.0,左,防護その他,148.6,31786.0,31934.6,1.2,鋼,2017-01-01,対象
711,鹿児島本線,21,下り線,31971.0,左,防護その他,33.3,31954.82,31988.12,1.2,鋼,2017-01-01,対象
711,鹿児島本線,21,下り線,32300.0,左,防土砂諸設備,45,,,5,コンクリート,1978-12-01,対象
711,鹿児島本線,21,下り線,32301.0,左,防土砂諸設備,6.2,,,,コンクリート,1979-12-01,対象
711,鹿児島本線,21,下り線,32330.0,左,落石止柵,22,32319.0,32341.0,2,鋼,2010-03-22,対象
711,鹿児島本線,21,下り線,37978.0,左,転落防止柵,85.7,37937.0,38019.0,,PCフェンス,2017-03-15,対象
711,鹿児島本線,21,下り線,38246.0,左,転落防止柵,65.7,38216.0,32277.0,,PCフェンス,2017-03-15,対象
711,鹿児島本線,21,下り線,38872.0,左,転落防止柵,61.3,38872.0,38928.0,,PCフェンス,2016-12-02,対象
711,鹿児島本線,21,下り線,39686.0,左,転落防止柵,121.6,39625.0,39746.6,,PCフェンス,2013-12-25,対象
711,鹿児島本線,21,下り線,40042.5,左,転落防止柵,85,40000.0,40085.05,,PCフェンス,2017-01-06,対象
711,鹿児島本線,21,下り線,43240.0,左,落石止柵,13.6,,,2.7,鋼及び鉄コン,1960-12-01,対象
711,鹿児島本線,21,下り線,47223.0,左,転落防止柵,,,,,その他,2016-03-29,対象
711,鹿児島本線,21,下り線,47342.0,左,防護柵,,,,,PCフェンス,2016-03-29,対象
711,鹿児島本線,21,下り線,56884.5,左,排水こう,64.3,56851.69,56917.34,1.5,鋼,2010-12-01,対象
711,鹿児島本線,21,下り線,57025.7,左,防護柵,213.5,56921.59,57129.8,1.5,鋼,2010-12-01,対象
711,鹿児島本線,21,下り線,58700.0,左,防護柵,241,58600.0,58841.0,1.2,鋼,2014-03-26,対象
711,鹿児島本線,21,下り線,58920.0,左,その他安全柵,,,,,鋼,2012-03-27,対象
711,鹿児島本線,21,下り線,58920.0,左,防護柵,,,,1.5,鋼,2012-03-27,対象
711,鹿児島本線,21,下り線,59255.0,左,転落防止柵,45.5,59237.1,59274.7,,鋼,2015-02-06,対象
711,鹿児島本線,21,下り線,62006.0,左,防護柵,22.4,61995.0,62012.5,2.1,鋼,2005-09-21,対象
711,鹿児島本線,21,下り線,65079.0,左,防護柵,57.7,65058.0,65100.0,,PCフェンス,2014-12-10,対象
711,鹿児島本線,21,下り線,66437.0,左,防護柵,50,66412.0,66462.0,1.5,PCフェンス,2014-11-11,対象
711,鹿児島本線,21,下り線,68047.0,左,転落防止柵,151.1,68047.6,68196.8,1.5,PCフェンス,2015-06-25,対象
711,鹿児島本線,21,下り線,69704.53,左,防護柵,1.6,69704.53,,1.5,鋼,2010-03-19,対象
711,鹿児島本線,21,下り線,69715.03,左,防護柵,2.05,69705.03,,1.2,鋼,2010-03-19,対象
711,鹿児島本線,21,下り線,71000.0,左,転落防止柵,30,,,,鋼,2017-10-19,対象
711,鹿児島本線,21,下り線,73364.55,左,その他安全柵,142.3,73292.63,73435.86,1.5,その他,2009-10-01,対象
711,鹿児島本線,21,下り線,82768.0,左,防護柵,2.1,82768.0,,1.5,その他,2011-01-31,対象外
711,鹿児島本線,21,下り線,93605.0,左,転落防止柵,63.2,93572.0,93638.0,1,その他,2014-03-20,対象
711,鹿児島本線,21,下り線,98230.0,左,その他安全柵,51.4,98205.0,98256.4,1.1,鋼,2015-01-07,対象
711,鹿児島本線,21,下り線,116018.0,左,転落防止柵,14.8,116013.0,116022.5,,鋼,2014-11-30,対象
711,鹿児島本線,21,下り線,116024.0,左,転落防止柵,6.9,116024.0,116030.9,,鋼,2015-03-25,対象
711,鹿児島本線,21,下り線,123840.0,左,その他安全柵,18,123840.0,123858.0,,鋼,1994-01-01,対象外
711,鹿児島本線,21,下り線,130532.0,左,防護柵,24,130521.08,130544.08,1.2,鋼,2011-11-30,対象
711,鹿児島本線,21,下り線,130705.9,左,防護柵,85,130663.38,130752.09,1.2,鋼,2011-11-30,対象
711,鹿児島本線,21,下り線,131133.2,左,防護柵,91.4,131087.8,131178.5,1.2,鋼,2011-03-31,対象
711,鹿児島本線,21,下り線,131209.0,左,防護柵,4,131209.0,,1.2,鋼,2011-11-30,対象
711,鹿児島本線,21,下り線,131650.0,左,その他安全柵,12,131650.0,131662.0,,PC,1994-01-01,対象
711,鹿児島本線,21,下り線,171880.0,左,防護柵,20,,,1.2,鋼,2013-09-24,対象
711,鹿児島本線,21,下り線,174520.0,左,転落防止柵,68,174487.0,174553.0,1.2,鋼,2010-07-29,対象
711,鹿児島本線,21,下り線,177640.0,左,線防柵,130,17764.0,177770.0,1.5,鋼,2008-09-10,対象外
711,鹿児島本線,21,下り線,183170.0,左,落石止擁壁,60.4,,,0.6,コンクリート,1967-12-01,対象
711,鹿児島本線,21,下り線,183170.0,右,落石止擁壁,27.1,,,0.6,コンクリート,1967-12-01,対象
711,鹿児島本線,21,下り線,185805.0,左,境界柵,8,185805.0,185805.0,0.85,その他,2015-10-29,対象
711,鹿児島本線,21,下り線,185813.35,左,境界柵,26.7,185800.0,185826.7,1.5,その他,2015-10-29,対象
711,鹿児島本線,21,下り線,189000.0,左,線防柵,140,189000.0,189140.0,1.5,鋼,2008-11-10,対象外
711,鹿児島本線,21,下り線,200601.5,中央,その他安全柵,22.2,200601.5,,1.2,鋼,2001-03-01,対象
711,鹿児島本線,21,下り線,203800.0,左,防護諸設備,14,203799.0,203811.0,1,鋼,1995-11-01,対象
711,鹿児島本線,21,下り線,203932.0,左,防護諸設備,4.5,203932.0,203936.0,1,鋼,1995-11-01,対象
711,鹿児島本線,21,下り線,203945.0,左,防護諸設備,34.8,203930.0,203965.0,1,鋼,1995-11-01,対象
711,鹿児島本線,21,下り線,204307.0,左,防護諸設備,13,204301.0,204313.0,1,鋼,1995-11-01,対象
711,鹿児島本線,21,下り線,204390.0,左,防護諸設備,123,204322.0,204445.0,1,鋼,1995-11-01,対象
711,鹿児島本線,21,下り線,204475.0,左,防護諸設備,26,204454.0,204480.0,1,鋼,1995-11-01,対象
711,鹿児島本線,21,下り線,358202.0,無,防護柵,46,358198.0,358205.0,1,単管,2016-08-25,対象
711,鹿児島本線,21,下り線,358220.0,無,防護柵,46,358205.0,358235.0,1,鋼,2016-08-25,対象
711,鹿児島本線,21,下り線,361380.0,左,転落防止柵,14.5,361360.0,361400.0,1.2,鋼,2018-03-30,対象
711,鹿児島本線,21,下り線,382440.0,右,防護柵,45,382423.0,382468.0,1,鋼,2008-03-14,対象
711,鹿児島本線,21,下り線,383373.0,左,防護柵,6,,,1.5,鋼,2012-03-26,対象外
711,鹿児島本線,21,下り線,383373.0,右,防護柵,4,,,1.5,鋼,2012-03-26,対象外
711,鹿児島本線,21,下り線,387500.0,左,落石止柵,187,,,,PCフェンス,2016-11-01,対象
711,鹿児島本線,21,下り線,388400.0,中央,転落防止柵,38.2,,,1.2,鋼,2013-03-18,対象
711,鹿児島本線,21,下り線,388490.0,左,落石止柵,41,,,,その他,1994-03-01,対象
711,鹿児島本線,21,下り線,390262.5,左,竹林防護工,25,390250.0,390275.0,10.8,その他,2015-03-27,対象
711,鹿児島本線,21,下り線,390675.0,左,落石止擁壁,14.3,,,,コンクリート,1994-03-01,対象
711,鹿児島本線,21,下り線,395438.98,左,その他安全柵,4,395436.98,395440.98,1.5,PCフェンス,2014-03-28,対象
711,鹿児島本線,22,上り線,8500.0,右,防護柵,23,,,1.5,その他,2007-09-30,対象
711,鹿児島本線,22,上り線,8501.0,右,防護柵,23,,,1,その他,2007-09-30,対象
711,鹿児島本線,22,上り線,17530.0,右,その他安全柵,17,17530.0,17530.0,1.2,鋼,2012-12-30,対象外
711,鹿児島本線,22,上り線,38496.0,右,落石止柵,75.22,,,,鋼及び鉄コン,1973-12-01,対象
711,鹿児島本線,22,上り線,38562.0,右,落石止柵,24.26,,,,鋼及び鉄コン,1973-12-01,対象
711,鹿児島本線,22,上り線,38877.0,右,転落防止柵,61.3,38877.0,38929.0,,PCフェンス,2016-12-02,対象
711,鹿児島本線,22,上り線,39700.0,右,防護その他,63,39600.0,39800.0,0.6,PC,2014-12-31,対象
711,鹿児島本線,22,上り線,40010.0,右,落石止柵,63,,,1.2,鋼,1973-12-01,対象
711,鹿児島本線,22,上り線,42490.0,中央,転落防止柵,20,42480.0,42500.0,,PCフェンス,2015-07-15,対象
711,鹿児島本線,22,上り線,43912.0,右,転落防止柵,28.9,43900.0,43925.4,1,鋼,2017-09-07,対象
711,鹿児島本線,22,上り線,44674.0,右,転落防止柵,86.7,44674.0,44760.0,1.5,PCフェンス,2017-03-28,対象
711,鹿児島本線,22,上り線,45500.0,右,防護諸設備,367,,,,鋼,1966-12-01,対象
711,鹿児島本線,22,上り線,46480.0,右,防護諸設備,218,,,,鉄筋コンクリート,1966-12-01,対象
711,鹿児島本線,22,上り線,46580.0,右,防護諸設備,179.5,,,,鉄筋コンクリート,1966-12-01,対象
711,鹿児島本線,22,上り線,50835.0,右,その他安全柵,,,,,鋼,2014-03-27,対象
711,鹿児島本線,22,上り線,58508.0,右,防護柵,34.5,58491.0,58525.5,,鋼,2014-10-06,対象
711,鹿児島本線,22,上り線,58920.0,右,その他安全柵,,,,,鋼,2012-03-27,対象
711,鹿児島本線,22,上り線,58920.0,右,防護柵,,,,1.5,鋼,2012-03-27,対象
711,鹿児島本線,22,上り線,58950.0,右,防護柵,,,,1.5,鋼,2012-03-27,対象
711,鹿児島本線,22,上り線,58980.0,右,防護柵,,,,1.5,鋼,2012-03-27,対象
711,鹿児島本線,22,上り線,59010.0,右,その他安全柵,,,,,鋼,2012-03-27,対象
711,鹿児島本線,22,上り線,61985.0,右,防護柵,30,61980.0,61990.0,1.8,鋼,2005-09-21,対象
711,鹿児島本線,22,上り線,62036.5,右,防護柵,55.2,62011.0,62062.0,1.8,鋼,2005-09-21,対象
711,鹿児島本線,22,上り線,66352.6,右,防護柵,72,66316.6,66388.6,1.2,PCフェンス,2014-03-31,対象
711,鹿児島本線,22,上り線,67800.0,右,防護その他,357.6,,,,鉄筋コンクリート,1964-12-01,対象
711,鹿児島本線,22,上り線,69704.53,右,防護柵,1.2,69704.53,,1.5,鋼,2010-03-19,対象
711,鹿児島本線,22,上り線,69715.03,右,防護柵,0.87,69715.03,,1.2,鋼,2010-03-19,対象
711,鹿児島本線,22,上り線,69860.0,右,転落防止柵,4,69860.0,69864.0,1.5,PCフェンス,2016-03-28,対象
711,鹿児島本線,22,上り線,69872.0,右,転落防止柵,3,69872.0,69872.0,1.5,PCフェンス,2016-03-28,対象
711,鹿児島本線,22,上り線,69886.0,右,転落防止柵,10,69886.0,69896.0,1.5,PCフェンス,2016-03-28,対象
711,鹿児島本線,22,上り線,69899.0,右,転落防止柵,12,69899.0,69911.0,1.5,PCフェンス,2016-03-28,対象
711,鹿児島本線,22,上り線,69916.0,右,防土砂諸設備,34.5,69916.0,69950.5,,鉄筋コンクリート,2016-03-28,対象
711,鹿児島本線,22,上り線,69916.0,右,転落防止柵,34.5,69916.0,699950.5,1.5,PCフェンス,2016-03-28,対象
711,鹿児島本線,22,上り線,69973.0,右,防土砂諸設備,58.2,69973.0,70031.2,,鉄筋コンクリート,2016-03-28,対象
711,鹿児島本線,22,上り線,77420.0,右,その他安全柵,100.9,77369.5,77470.5,1,鋼,2005-03-01,対象
711,鹿児島本線,22,上り線,77424.0,右,防護柵,89.3,77385.25,77462.75,1.5,鋼,2005-03-01,対象
711,鹿児島本線,22,上り線,77505.0,左,防護柵,25,77436.0,77461.0,3.5,鋼,2002-10-01,対象
711,鹿児島本線,22,上り線,79620.0,右,転落防止柵,58.5,79595.0,79647.0,,鋼,2013-04-01,対象
711,鹿児島本線,22,上り線,79690.0,右,転落防止柵,64.3,79660.0,79720.0,,鋼,2013-04-01,対象
711,鹿児島本線,22,上り線,80060.0,右,転落防止柵,120.5,80005.6,80126.1,,鋼,2014-03-27,対象
711,鹿児島本線,22,上り線,80380.0,左,転落防止柵,117.7,80319.0,80436.7,,鋼,2014-03-27,対象
711,鹿児島本線,22,上り線,80460.0,右,転落防止柵,278.8,80320.5,80600.1,,鋼,2014-03-27,対象
711,鹿児島本線,22,上り線,93605.0,右,転落防止柵,59.2,93572.0,93638.0,1,その他,2014-03-20,対象
711,鹿児島本線,22,上り線,116025.0,右,防護柵,,,,,鋼,,対象
711,鹿児島本線,22,上り線,117044.0,右,防護柵,4,117044.0,117048.0,1,鋼,2015-12-16,対象
711,鹿児島本線,22,上り線,117065.0,右,防護柵,11.67,117065.0,117076.67,1,鋼,2015-12-16,対象
711,鹿児島本線,22,上り線,117133.0,右,線防柵,60,117108.0,117157.4,1.5,鋼,2006-03-30,対象
711,鹿児島本線,22,上り線,126200.0,右,その他安全柵,141,126200.0,126264.0,,PC,1994-01-01,対象
711,鹿児島本線,22,上り線,130649.4,右,防護柵,216.5,130541.19,130758.19,1.5,鋼,2011-11-30,対象
711,鹿児島本線,22,上り線,131205.8,右,防護その他,323.7,131086.9,131324.7,,その他,2011-03-31,対象外
711,鹿児島本線,22,上り線,131209.0,右,防護柵,3.1,131209.0,,1.2,鋼,2011-11-30,対象
711,鹿児島本線,22,上り線,131650.0,右,その他安全柵,10,131650.0,131660.0,,PC,1994-01-01,対象
711,鹿児島本線,22,上り線,143070.0,右,その他安全柵,30,143070.0,143100.0,,PC,1994-03-01,対象
711,鹿児島本線,22,上り線,150912.0,右,その他安全柵,183.1,150820.0,151003.1,,PC,1995-09-30,対象
711,鹿児島本線,22,上り線,151130.0,右,その他安全柵,40,151110.0,151150.0,,PC,1995-09-30,対象
711,鹿児島本線,22,上り線,151171.0,右,その他安全柵,6,151169.0,151173.0,,PC,1995-09-30,対象
711,鹿児島本線,22,上り線,151190.0,右,その他安全柵,28,151177.0,151203.0,,PC,1995-09-30,対象
711,鹿児島本線,22,上り線,151350.0,右,その他安全柵,126,151350.0,151476.0,,PC,1994-03-01,対象
711,鹿児島本線,22,上り線,174150.0,右,転落防止柵,7,,,1.2,PCフェンス,2014-07-15,対象
711,鹿児島本線,22,上り線,174439.0,右,転落防止柵,18,,,1,PCフェンス,2017-02-21,対象
711,鹿児島本線,22,上り線,174692.0,右,転落防止柵,24,,,1,PCフェンス,2017-02-21,対象
711,鹿児島本線,22,上り線,179200.0,右,転落防止柵,60.2,179160.0,179219.0,1.2,鋼,2010-07-29,対象
711,鹿児島本線,22,上り線,183390.0,右,落石止擁壁,50,183359.5,183409.5,4,鉄筋コンクリート,2004-11-16,対象
711,鹿児島本線,22,上り線,193601.04,右,防護柵,275.8,193434.07,193768.01,,鋼,2011-05-01,対象外
711,鹿児島本線,22,上り線,195572.97,右,防護柵,408.9,195296.51,195849.43,,鋼,2011-05-01,対象外
711,鹿児島本線,22,上り線,197256.76,右,防護柵,30.9,197236.92,197256.76,,鋼,2011-05-01,対象外
711,鹿児島本線,22,上り線,199227.0,右,防護柵,6.2,199277.0,,1.2,鋼,2005-03-18,対象外
711,鹿児島本線,22,上り線,199506.5,右,防護柵,13,199500.0,199513.0,1,鋼,2005-03-18,対象
711,鹿児島本線,22,上り線,356940.0,右,防護柵,46,356917.0,356963.0,1,鋼,2005-03-25,対象
711,鹿児島本線,22,上り線,357200.0,右,防護柵,7,,,1.1,鋼,1968-12-01,対象
711,鹿児島本線,22,上り線,358200.0,左,防土砂諸設備,18,358200.0,358210.0,1,鋼及び鉄コン,2013-06-11,対象
711,鹿児島本線,22,上り線,358250.0,左,防護柵,14.5,358230.0,358244.0,1,鋼,2008-03-14,対象
711,鹿児島本線,22,上り線,374300.0,右,防護柵,118,374216.0,374334.0,1,鋼,2007-10-26,対象
711,鹿児島本線,22,上り線,376800.0,右,防護柵,29,,,1.5,鋼,2006-03-23,対象
711,鹿児島本線,22,上り線,377262.0,右,防護柵,5,,,1.5,鋼,2012-03-26,対象外
711,鹿児島本線,22,上り線,379583.0,左,防護柵,141.6,,,1.5,鋼,1977-12-01,対象
711,鹿児島本線,22,上り線,379726.5,左,防護柵,80,,,1.5,鋼,1977-12-01,対象
711,鹿児島本線,22,上り線,379746.3,右,防護柵,74.7,,,1.5,鋼,1977-12-01,対象
711,鹿児島本線,22,上り線,380289.0,右,防護柵,3,,,1,鋼,1977-12-01,対象外
711,鹿児島本線,22,上り線,380388.0,右,防護柵,46,,,1.5,鋼,1977-12-01,対象
711,鹿児島本線,22,上り線,380434.0,右,防護柵,74,,,1.5,該当なし,1977-12-01,対象
711,鹿児島本線,22,上り線,383300.0,左,防護柵,5,,,1.5,鋼,2012-03-26,対象外
711,鹿児島本線,22,上り線,384066.0,右,防護柵,32,384051.0,384083.0,,PCフェンス,2014-12-12,対象
711,鹿児島本線,22,上り線,384518.6,右,防護諸設備,45.2,384500.0,384537.2,1.2,PC,2015-10-30,対象
711,鹿児島本線,22,上り線,387581.0,右,転落防止柵,71.7,,,1.2,鋼,2016-12-06,対象
711,鹿児島本線,22,上り線,387590.0,右,防土砂諸設備,14,387583.0,387597.0,4.5,鋼,2003-11-01,対象
711,鹿児島本線,22,上り線,387600.0,中央,転落防止柵,12,,,1.2,鋼,2013-03-18,対象
711,鹿児島本線,22,上り線,388280.0,左,防護柵,22,,,,鋼,1986-12-01,対象
711,鹿児島本線,22,上り線,388350.0,右,その他安全柵,180,,,,鋼,1995-02-01,対象
711,鹿児島本線,22,上り線,391990.0,左,転落防止柵,31,391975.0,,1.5,鋼,2012-12-19,対象
711,鹿児島本線,22,上り線,392040.0,左,転落防止柵,66,392004.0,392070.0,1.2,鋼,2012-12-19,対象
711,鹿児島本線,22,上り線,395438.98,右,その他安全柵,2,395437.98,395439.98,1.5,金網,2014-03-28,対象
711,鹿児島本線,22,上り線,395850.0,右,防護その他,15.5,395850.0,395850.0,1.5,鋼,2005-03-17,対象
711,鹿児島本線,23,上下線,20274.7,右,その他安全柵,111.4,20219.0,20379.0,,鋼,1998-12-01,対象
711,鹿児島本線,23,上下線,20336.0,左,その他安全柵,83.7,19566.27,20377.97,,鋼,1999-05-01,対象
711,鹿児島本線,23,上下線,20358.0,右,その他安全柵,3.4,20356.2,20359.8,,鋼,1999-05-01,対象
711,鹿児島本線,23,上下線,20394.0,右,その他安全柵,31.2,20378.0,20410.0,,鋼,1999-05-01,対象
711,鹿児島本線,23,上下線,20394.0,右,防護柵,31.6,20377.97,20410.04,,鋼,1999-05-01,対象
711,鹿児島本線,23,上下線,20410.0,右,その他安全柵,18.5,20410.04,20428.5,,鋼,1999-05-01,対象
711,鹿児島本線,23,上下線,21375.83,左,その他安全柵,7.9,21371.37,21380.29,,鋼,1999-05-01,対象
711,鹿児島本線,23,上下線,21505.89,左,その他安全柵,50.7,21480.65,21531.13,,鋼,1999-05-01,対象
711,鹿児島本線,23,上下線,21798.0,左,その他安全柵,14.3,21798.0,,,鋼,1998-05-01,対象
711,鹿児島本線,23,上下線,21836.0,左,その他安全柵,16.7,21836.0,,,鋼,1999-05-01,対象
711,鹿児島本線,23,上下線,68385.0,右,その他安全柵,27,,,1.5,PC,1992-12-01,対象
711,鹿児島本線,23,上下線,69500.0,右,落石止柵,126.2,,,,鋼,1966-12-01,対象
711,鹿児島本線,23,上下線,73862.0,左,その他安全柵,48,,,1.5,PC,1992-12-01,対象
711,鹿児島本線,23,上下線,84162.0,左,その他安全柵,65,,,1.5,PC,1992-12-01,対象
711,鹿児島本線,23,上下線,84904.0,右,その他安全柵,40,,,1.5,PC,1993-01-01,対象
711,鹿児島本線,23,上下線,85009.0,右,その他安全柵,27,,,1.5,PC,1993-01-01,対象
711,鹿児島本線,23,上下線,85197.0,左,その他安全柵,4,,,1.5,PC,1993-01-01,対象
711,鹿児島本線,23,上下線,85935.0,左,防護柵,47,85935.0,85982.0,1.2,PC,2016-03-28,対象
711,鹿児島本線,23,上下線,86130.0,右,防護柵,27.5,86130.0,86157.5,1.5,PC,2016-03-28,対象
711,鹿児島本線,23,上下線,86433.0,右,防護柵,77,86433.0,86510.0,1.2,PC,2016-03-28,対象
711,鹿児島本線,23,上下線,87702.0,左,その他安全柵,198,,,1.5,PC,1992-01-01,対象
711,鹿児島本線,23,上下線,88724.0,左,その他安全柵,34,,,1.5,PC,1992-12-01,対象
711,鹿児島本線,23,上下線,89878.0,左,その他安全柵,92,,,1.5,PC,1993-01-01,対象
711,鹿児島本線,23,上下線,100300.0,左,防護諸設備,54,,,,コンクリート,1974-12-01,対象
711,鹿児島本線,23,上下線,100300.0,右,防護諸設備,120,,,,鋼,1965-12-01,対象
711,鹿児島本線,23,上下線,100400.0,右,落石止擁壁,98,,,,鉄筋コンクリート,1981-12-01,対象
711,鹿児島本線,23,上下線,100400.0,右,落石止柵,96,,,,鋼,1981-12-01,対象
711,鹿児島本線,23,上下線,105109.0,左,その他安全柵,55.1,105081.0,105136.0,1,鋼,2001-03-01,対象
711,鹿児島本線,23,上下線,109244.0,左,転落防止柵,18.5,109244.2,109262.7,1,その他,2017-03-29,対象
711,鹿児島本線,23,上下線,109276.0,左,転落防止柵,37.3,109276.8,109314.1,1,その他,2017-03-29,対象
711,鹿児島本線,23,上下線,121254.0,右,その他安全柵,50,121229.0,121279.0,,鋼,1996-12-01,対象
711,鹿児島本線,23,上下線,123600.0,左,防護柵,122,,,,鋼,1988-02-01,対象外
711,鹿児島本線,23,上下線,123830.0,右,防護柵,32,,,,鋼,1992-07-01,対象
711,鹿児島本線,23,上下線,123845.0,左,防護柵,10,,,,鋼,1992-07-01,対象外
711,鹿児島本線,23,上下線,124893.0,右,防護柵,6,,,,鋼,1992-10-01,対象
711,鹿児島本線,23,上下線,124900.0,左,防護柵,17,,,,鋼,1992-10-01,対象
711,鹿児島本線,23,上下線,126368.5,右,その他安全柵,147,126295.0,126442.0,,鋼,1996-08-01,対象
711,鹿児島本線,23,上下線,126390.0,左,防護柵,22,,,,鋼,1992-10-01,対象
711,鹿児島本線,23,上下線,126391.0,左,その他安全柵,26,,,,鋼,1992-10-01,対象
711,鹿児島本線,23,上下線,126420.0,左,その他安全柵,40,126400.0,126440.0,,鋼,1996-08-01,対象
711,鹿児島本線,23,上下線,126900.0,右,防護諸設備,,,,,該当なし,1984-12-01,対象
711,鹿児島本線,23,上下線,131414.0,右,防護柵,8,,,,鋼,1992-10-01,対象
711,鹿児島本線,23,上下線,131675.0,右,防護柵,9.5,,,,鋼,1992-10-01,対象
711,鹿児島本線,23,上下線,135425.0,左,防護柵,4,,,1,鋼,1990-03-01,対象
711,鹿児島本線,23,上下線,135425.0,右,防護柵,4,,,1,鋼,1990-03-01,対象
711,鹿児島本線,23,上下線,136394.8,左,その他安全柵,49.6,136370.0,136419.6,,鋼,1996-08-01,対象
711,鹿児島本線,23,上下線,140830.0,右,防護柵,88,,,1.2,鋼,1990-03-01,対象
711,鹿児島本線,23,上下線,146324.5,左,その他安全柵,39,146305.0,146344.0,,鋼,1996-07-01,対象
711,鹿児島本線,23,上下線,149935.0,右,その他安全柵,10,149930.0,149940.0,,鋼,1996-07-01,対象
711,鹿児島本線,23,上下線,150283.0,右,防護柵,38.9,,,1,鋼,1990-12-01,対象
711,鹿児島本線,23,上下線,150537.0,右,防護柵,130,,,1.3,鋼,1990-12-01,対象
711,鹿児島本線,23,上下線,150650.0,右,防護諸設備,105.5,,,,鋼,1984-12-01,対象
711,鹿児島本線,23,上下線,151665.0,右,防護柵,26,,,,鋼,1992-10-01,対象
711,鹿児島本線,23,上下線,153835.0,右,その他安全柵,60,153805.0,153865.0,,鋼,1996-07-01,対象
711,鹿児島本線,23,上下線,158770.0,右,防護柵,70,158735.0,158805.0,1,鋼,1992-01-01,対象
711,鹿児島本線,23,上下線,163100.0,左,防護柵,84,,,1,鋼,1989-08-01,対象
711,鹿児島本線,23,上下線,170840.0,左,防護柵,70,,,1,鋼,1988-03-01,対象
711,鹿児島本線,23,上下線,171800.0,右,防護柵,46,,,1,鋼,1989-08-01,対象
711,鹿児島本線,23,上下線,171926.0,左,防護柵,4,,,1.2,鋼,1990-03-01,対象
711,鹿児島本線,23,上下線,173620.0,左,その他安全柵,26,173607.0,173633.0,1,鋼,1996-07-01,対象
711,鹿児島本線,23,上下線,174380.0,右,防護柵,14.5,174383.0,174397.5,1,鋼,2005-11-07,対象
711,鹿児島本線,23,上下線,174440.0,右,その他安全柵,29.5,174429.0,174459.0,1,鋼,1998-02-01,対象
711,鹿児島本線,23,上下線,174700.0,右,防護柵,6,,,1,鋼,1989-08-01,対象
711,鹿児島本線,23,上下線,190735.0,右,その他安全柵,40.2,190714.8,190755.0,1,鋼,2001-02-01,対象
711,鹿児島本線,23,上下線,190790.0,右,その他安全柵,25.5,191776.0,190802.3,1,鋼,2001-02-01,対象
711,鹿児島本線,23,上下線,192310.0,右,落石止柵,28.8,,,1.5,鋼,1968-12-01,対象
711,鹿児島本線,23,上下線,201890.0,右,防護柵,19.2,201878.3,201897.5,,その他,1998-08-01,対象
711,鹿児島本線,23,上下線,201930.0,右,防護柵,60.5,201902.0,201962.5,,その他,1998-08-01,対象
711,鹿児島本線,23,上下線,229670.0,左,防護柵,239.2,229543.0,229783.0,1.2,鋼,2004-03-11,対象
711,鹿児島本線,23,上下線,230600.0,左,防護柵,178.3,230505.0,230683.0,1.5,鋼,2004-03-11,対象
711,鹿児島本線,23,上下線,230850.0,左,防護柵,27,230837.0,230864.0,1.2,鋼,2004-03-23,対象
711,鹿児島本線,23,上下線,231000.0,右,防護柵,197.8,230990.0,231188.0,1.2,鋼,2004-03-23,対象
711,鹿児島本線,23,上下線,232300.0,左,防護柵,80,,,,その他,,対象
711,鹿児島本線,23,上下線,232416.0,左,防護柵,40,,,,その他,1991-02-01,対象
711,鹿児島本線,23,上下線,232453.0,左,防護柵,24,,,1,その他,1991-03-01,対象
711,鹿児島本線,23,上下線,232524.0,左,防護柵,20,,,,その他,,対象
711,鹿児島本線,23,上下線,356695.0,左,防護柵,8,,,1.5,鋼,2012-03-26,対象外
711,鹿児島本線,23,上下線,356695.0,右,防護柵,10,,,1.5,鋼,2012-03-26,対象外
711,鹿児島本線,23,上下線,356940.0,右,防護柵,46,,,1,鋼,1965-12-01,対象
711,鹿児島本線,23,上下線,357860.0,中央,防護柵,,,,1,鋼,2007-03-28,対象
711,鹿児島本線,23,上下線,357861.0,中央,防護柵,16.6,,,0.9,鋼,1965-12-01,対象
711,鹿児島本線,23,上下線,357870.0,右,防護柵,19.8,,,1,鋼,1974-12-01,対象
711,鹿児島本線,23,上下線,358615.0,左,防護柵,6,,,1,鋼,1968-12-01,対象
711,鹿児島本線,23,上下線,358660.0,右,防護柵,26,,,1,鋼,1968-12-01,対象
711,鹿児島本線,23,上下線,359070.0,右,防護柵,12,,,1,鋼,1967-12-01,対象
711,鹿児島本線,23,上下線,359240.0,右,落石止柵,24,,,1,鋼,1989-03-01,対象
711,鹿児島本線,23,上下線,359253.0,右,落石止擁壁,4,,,,鉄筋コンクリート,1989-03-01,対象
711,鹿児島本線,23,上下線,359327.0,右,落石止柵,34,359310.0,359344.0,2,鋼,2005-09-22,対象
711,鹿児島本線,23,上下線,359365.0,右,落石止柵,39,,,2,鋼,1989-03-01,対象
711,鹿児島本線,23,上下線,359650.0,右,落石止柵,28.5,359636.0,359664.5,,鋼及び鉄コン,1997-12-01,対象
711,鹿児島本線,23,上下線,359900.0,左,防護柵,25.7,,,2.5,鋼,1965-12-01,対象
711,鹿児島本線,23,上下線,360000.0,左,防護柵,94.3,,,1,鋼,1965-12-01,対象
711,鹿児島本線,23,上下線,360001.0,左,防護柵,14,,,1,鋼,1965-12-01,対象
711,鹿児島本線,23,上下線,360200.0,右,落石止柵,126,,,1.5,鋼,1985-12-01,対象
711,鹿児島本線,23,上下線,360280.0,右,落石止柵,81,,,2,鋼,1985-12-01,対象
711,鹿児島本線,23,上下線,361180.0,左,防護柵,19.8,,,2,鋼,1965-12-01,対象
711,鹿児島本線,23,上下線,361830.0,右,落石止柵,30,,,1.5,鋼,1985-12-01,対象
711,鹿児島本線,23,上下線,361961.0,左,防護柵,1.3,,,1,鋼,1974-12-01,対象
711,鹿児島本線,23,上下線,362062.0,中央,防護柵,5.2,,,1,鋼,1974-12-01,対象
711,鹿児島本線,23,上下線,374080.0,左,防護柵,49,,,1.5,鋼,2006-03-04,対象
711,鹿児島本線,23,上下線,374670.0,右,落石止柵,80,,,,鋼,,対象
711,鹿児島本線,23,上下線,374800.0,右,落石止柵,38,,,,鋼,1994-03-01,対象
711,鹿児島本線,23,上下線,376575.0,右,防護その他,20,376565.0,376585.0,1,鋼,2005-08-30,対象
711,鹿児島本線,23,上下線,378660.0,中央,転落防止柵,18,,,1.2,鋼,2013-03-18,対象外
711,鹿児島本線,23,上下線,380506.5,右,防護柵,141.5,,,1.5,鋼,1977-12-01,対象
711,鹿児島本線,23,上下線,381440.0,左,防護柵,10,,,1.5,鋼,2012-03-26,対象外
711,鹿児島本線,23,上下線,381440.0,右,防護柵,10,,,1.5,鋼,2012-03-26,対象外
711,鹿児島本線,23,上下線,381530.0,左,防護柵,10,,,1.5,鋼,2012-03-26,対象外
711,鹿児島本線,23,上下線,381530.0,右,防護柵,10,,,1.5,鋼,2012-03-26,対象外
711,鹿児島本線,23,上下線,381649.0,左,防護柵,15,,,1.1,鋼,1968-12-01,対象
711,鹿児島本線,23,上下線,381649.0,右,防護柵,15,,,1.1,鋼,1968-12-01,対象
711,鹿児島本線,23,上下線,382451.0,右,防護柵,41,,,1.1,鋼,1977-12-01,対象
711,鹿児島本線,23,上下線,382499.0,右,防護柵,10,,,1.5,鋼,1977-12-01,対象
711,鹿児島本線,23,上下線,383010.5,右,防護柵,7.9,,,1.5,鋼,1977-12-01,対象
711,鹿児島本線,23,上下線,383020.3,右,防護柵,12,,,1.5,鋼,1977-12-01,対象
711,鹿児島本線,23,上下線,383558.0,右,防護柵,15,,,1,鋼,1977-12-01,対象
711,鹿児島本線,23,上下線,384046.5,右,防護柵,8,,,1,鋼,1977-12-01,対象
711,鹿児島本線,23,上下線,384307.0,右,防護柵,5,,,1.5,鋼,1977-12-01,対象
711,鹿児島本線,23,上下線,384480.0,右,防護柵,9,,,1.2,鋼,2012-03-26,対象外
711,鹿児島本線,23,上下線,384535.0,左,防護柵,20,,,1.5,鋼,2012-03-26,対象
711,鹿児島本線,23,上下線,384645.0,左,防護柵,112,,,1.2,鋼,1994-03-01,対象
711,鹿児島本線,23,上下線,384695.0,左,防護柵,6.9,,,1,鋼,1994-03-01,対象
711,鹿児島本線,23,上下線,384700.0,左,防護柵,20,,,1.5,鋼,2012-03-15,対象
711,鹿児島本線,23,上下線,384715.0,左,防護柵,22.3,,,1,鋼,1994-03-01,対象
711,鹿児島本線,23,上下線,385160.0,左,落石止擁壁,201.1,,,,コンクリート,1994-03-01,対象
711,鹿児島本線,23,上下線,385160.0,左,落石止柵,21,,,,鋼,1994-03-01,対象
711,鹿児島本線,23,上下線,385485.0,左,落石止柵,21,,,,鋼,1994-03-01,対象
711,鹿児島本線,23,上下線,385490.0,右,防護柵,59.5,,,1.5,鋼,1980-12-01,対象
711,鹿児島本線,23,上下線,385690.0,左,防護柵,45.8,,,1.5,鋼,1980-12-01,対象
711,鹿児島本線,23,上下線,385900.0,左,落石止柵,18,,,,鋼,1994-02-01,対象
711,鹿児島本線,23,上下線,386880.0,右,防護柵,64,,,1.5,鋼,1980-12-01,対象
711,鹿児島本線,23,上下線,386910.0,左,落石止柵,77.6,,,1.5,鋼,1980-12-01,対象
711,鹿児島本線,23,上下線,387565.0,右,落石止柵,28.2,,,1,鋼,1968-12-01,対象
711,鹿児島本線,23,上下線,389430.0,右,その他安全柵,30,,,,鋼,1994-06-01,対象
711,鹿児島本線,23,上下線,389920.0,左,砂防えん堤,12,,,,コンクリート,1970-12-01,対象
711,鹿児島本線,23,上下線,391000.0,左,ガードレール,30,,,,鋼,1988-12-01,対象
711,鹿児島本線,23,上下線,392090.0,左,防土砂諸設備,28,392074.6,392102.6,2.2,鉄筋コンクリート,2008-09-01,対象
711,鹿児島本線,23,上下線,392135.0,左,防護柵,51.5,392095.6,,1.5,鋼,2008-09-01,対象
711,鹿児島本線,23,上下線,392180.0,左,防護柵,64,392158.5,392222.5,1.2,鋼,2008-09-01,対象
711,鹿児島本線,23,上下線,392200.0,左,砂防えん堤,11,,,,コンクリート,1986-12-01,対象
711,鹿児島本線,23,上下線,392222.0,中央,防護柵,15.1,,,1,鋼,2007-03-28,対象
711,鹿児島本線,23,上下線,392900.0,左,落石止柵,21.5,,,1,コンクリート,1986-12-01,対象
711,鹿児島本線,23,上下線,395850.0,左,その他安全柵,4,,,1,PCフェンス,2017-03-30,対象
711,鹿児島本線,23,上下線,395850.0,左,転落防止柵,4,,,1,その他,2017-03-30,対象
711,鹿児島本線,23,上下線,396020.0,左,防護柵,2,,,1.5,鋼,2012-03-26,対象外
711,鹿児島本線,23,上下線,399080.0,左,ガードレール,25,,,,鋼,1969-12-01,対象
711,鹿児島本線,57,側線７番,199551.5,右,防護柵,122.5,199523.0,199580.0,1,鋼,2005-03-18,対象
712,鹿児島貨物,21,下り線,12674.0,右,防護柵,69.2,12674.0,12740.0,,鋼,2016-03-16,対象外
712,鹿児島貨物,23,上下線,20395.0,左,防護柵,31.6,20379.0,20411.0,,鋼,1998-12-01,対象
712,鹿児島貨物,23,上下線,20646.0,左,防護柵,252,19520.0,19770.0,,鋼,1998-12-01,対象外
712,鹿児島貨物,23,上下線,21568.68,右,その他安全柵,481.1,21368.63,21768.73,,鋼,1999-05-01,対象
712,鹿児島貨物,23,上下線,21798.0,右,その他安全柵,16.7,20798.0,,,鋼,1999-05-01,対象
717,鹿児島アプローチ,10,単線,230165.16,左,線防柵,155.7,230087.4,230242.92,2.6,鋼,2004-03-13,対象外
717,鹿児島アプローチ,10,単線,230530.63,左,線防柵,307.4,230274.2,230567.3,1.8,鋼,2004-03-13,対象外
717,鹿児島アプローチ,10,単線,230562.99,左,線防柵,237.1,230338.92,230567.3,2.6,鋼,2004-03-13,対象外
717,鹿児島アプローチ,10,単線,230581.95,左,線防柵,23.1,230572.5,230591.4,1.8,鋼,2004-03-13,対象外
717,鹿児島アプローチ,10,単線,230631.65,左,線防柵,122.4,230569.9,230693.4,1.8,鋼,2004-03-13,対象外
717,鹿児島アプローチ,10,単線,230700.95,左,その他安全柵,391,230505.95,230896.95,1,鋼,2004-03-13,対象外
717,鹿児島アプローチ,10,単線,230700.95,右,その他安全柵,391,230505.95,230896.95,1,鋼,2004-03-13,対象外
717,鹿児島アプローチ,10,単線,230797.35,左,線防柵,201.4,230704.3,230890.4,1.8,鋼,2004-03-13,対象外
723,香椎線,10,単線,2533.0,左,防土砂諸設備,96,2485.0,2581.0,2.66,鋼及び鉄コン,1998-07-01,対象
723,香椎線,10,単線,2616.0,左,防土砂諸設備,69,2581.0,2650.0,,鋼及び鉄コン,1997-08-01,対象
723,香椎線,10,単線,2680.0,左,防土砂諸設備,40,2660.0,2700.0,,木,1998-01-01,対象
723,香椎線,10,単線,2701.0,左,防土砂諸設備,102,2650.0,2752.0,,鋼及び鉄コン,1995-10-01,対象
723,香椎線,10,単線,2773.0,左,防土砂諸設備,42,2752.0,2794.0,,鋼及び鉄コン,1993-03-01,対象
723,香椎線,10,単線,2802.0,左,防土砂諸設備,15,2794.0,2809.0,,鋼及び鉄コン,1997-08-01,対象
723,香椎線,10,単線,2810.0,左,防土砂諸設備,5,2810.0,,,木,1996-12-01,対象
723,香椎線,10,単線,2815.0,左,防土砂諸設備,12,2807.0,2819.0,2.7,鋼及び鉄コン,2014-11-11,対象
723,香椎線,10,単線,2845.0,左,防土砂諸設備,48,2821.0,2869.0,,鋼及び鉄コン,1997-08-01,対象
723,香椎線,10,単線,2890.0,左,防土砂諸設備,42,,,2.5,鋼及び鉄コン,1992-10-01,対象
723,香椎線,10,単線,2925.0,左,防土砂諸設備,36,2907.0,2943.0,2.7,鋼及び鉄コン,2000-12-01,対象
723,香椎線,10,単線,3061.5,左,防土砂諸設備,9,3057.0,3066.0,,コンクリート,2003-09-01,対象
723,香椎線,10,単線,3100.0,左,防土砂諸設備,9,3094.0,3103.0,2.7,鋼及び鉄コン,2014-11-11,対象
723,香椎線,10,単線,3107.0,左,防土砂諸設備,87,3063.0,3150.0,2.7,鋼及び鉄コン,2000-12-01,対象
723,香椎線,10,単線,3130.0,左,防土砂諸設備,12,3123.0,3135.0,2.7,鋼及び鉄コン,2014-11-11,対象
723,香椎線,10,単線,3239.0,左,防土砂諸設備,78,3200.0,3278.0,,鋼及び鉄コン,1996-03-01,対象
723,香椎線,10,単線,3295.0,左,防土砂諸設備,9,3290.0,3299.0,2.7,鋼及び鉄コン,2014-11-11,対象
723,香椎線,10,単線,3300.0,左,防土砂諸設備,5,3300.0,,,木,1998-02-01,対象
723,香椎線,10,単線,3311.0,左,防土砂諸設備,66,3278.0,3344.0,2.7,鋼及び鉄コン,1996-07-01,対象
723,香椎線,10,単線,3315.0,左,防土砂諸設備,30,3300.0,3330.0,2.7,鋼及び鉄コン,2001-01-01,対象
723,香椎線,10,単線,3340.0,左,防土砂諸設備,15,3330.0,3345.0,2.7,鋼及び鉄コン,2014-11-11,対象
723,香椎線,10,単線,3665.0,左,防土砂諸設備,48,3643.0,3691.0,2.7,鋼及び鉄コン,2015-02-06,対象
723,香椎線,10,単線,3695.0,左,防土砂諸設備,9,3691.0,3700.0,2.7,鋼及び鉄コン,2014-11-11,対象
723,香椎線,10,単線,3700.0,左,防土砂諸設備,15,3698.0,3713.0,2.7,鋼及び鉄コン,2013-09-07,対象
723,香椎線,10,単線,3740.0,左,防土砂諸設備,54,3713.0,3767.0,2.7,鋼及び鉄コン,2013-09-26,対象
723,香椎線,10,単線,3794.0,左,防土砂諸設備,54,3767.0,3821.0,2.7,鋼及び鉄コン,2013-07-31,対象
723,香椎線,10,単線,3848.0,左,防土砂諸設備,54,3821.0,3875.0,2.7,鋼及び鉄コン,2013-04-01,対象
723,香椎線,10,単線,4000.0,左,防土砂諸設備,42,3979.0,4021.0,2.66,鋼及び鉄コン,2001-01-01,対象
723,香椎線,10,単線,4061.0,左,防土砂諸設備,90,4015.8,4105.8,2.7,鋼及び鉄コン,2001-10-01,対象
723,香椎線,10,単線,4110.0,左,防土砂諸設備,5,4110.0,,,木,1998-02-01,対象
723,香椎線,10,単線,4173.0,左,防土砂諸設備,39,4153.0,4192.0,2.7,鋼及び鉄コン,2001-10-01,対象
723,香椎線,10,単線,4330.0,左,防土砂諸設備,60,,,2.5,鋼及び鉄コン,1993-03-01,対象
723,香椎線,10,単線,4417.0,左,防土砂諸設備,154,,,1.6,コンクリート,1988-02-01,対象
723,香椎線,10,単線,4459.0,左,防土砂諸設備,201,,,2.5,鋼及び鉄コン,1986-12-01,対象
723,香椎線,10,単線,4460.0,左,防土砂諸設備,,,,2.1,木,1986-12-01,対象
723,香椎線,10,単線,4575.0,左,防土砂諸設備,21,,,2.5,鋼,1984-12-01,対象
723,香椎線,10,単線,4615.0,左,防土砂諸設備,60,,,2.5,鋼,1984-12-01,対象
723,香椎線,10,単線,4665.0,左,防土砂諸設備,39,,,2.5,鋼,1980-12-01,対象
723,香椎線,10,単線,4670.0,左,防土砂諸設備,51,4642.3,4693.3,2.7,鋼及び鉄コン,2014-10-06,対象
723,香椎線,10,単線,4673.0,左,防土砂諸設備,9,,,2.5,鋼及び鉄コン,1989-07-01,対象
723,香椎線,10,単線,4685.0,左,防土砂諸設備,21,,,,鋼,1988-03-01,対象
723,香椎線,10,単線,4819.0,左,防土砂諸設備,201,,,2.5,鋼及び鉄コン,1988-02-01,対象
723,香椎線,10,単線,4971.0,左,防土砂諸設備,99,,,2.5,鋼及び鉄コン,1989-07-01,対象
723,香椎線,10,単線,5035.5,左,防土砂諸設備,100,5000.0,5100.0,,コンクリート,2003-09-01,対象
723,香椎線,10,単線,5075.0,左,防土砂諸設備,51,5050.6,5101.6,2.7,鋼及び鉄コン,2014-10-06,対象
723,香椎線,10,単線,13100.0,左,防護柵,,,,,PC,,対象
723,香椎線,10,単線,14187.0,左,防護柵,80.3,14187.0,14267.0,1.2,PCフェンス,2016-03-28,対象
723,香椎線,10,単線,18301.0,右,防護柵,61.7,18301.0,18361.0,1,その他,2016-02-10,対象
723,香椎線,10,単線,18620.0,左,その他安全柵,17.8,18612.5,18627.0,1,鋼,2000-03-01,対象
723,香椎線,10,単線,18625.0,右,その他安全柵,5.8,18622.0,18628.0,1,鋼,1999-09-01,対象
723,香椎線,10,単線,18648.0,右,その他安全柵,2,18647.0,18649.0,1,鋼,1999-09-01,対象
723,香椎線,10,単線,24270.0,右,防護柵,113.5,24270.0,24383.5,1.5,PCフェンス,2016-03-23,対象
723,香椎線,10,単線,24403.0,右,防護柵,63,24403.0,24466.0,1.5,PCフェンス,2016-03-23,対象
723,香椎線,10,単線,24506.0,右,防護柵,37,24506.0,24543.0,1.5,PCフェンス,2016-03-23,対象
725,篠栗線,10,単線,1172.0,左,防護柵,145.9,1005.0,1238.0,1.5,鋼,2002-08-01,対象
725,篠栗線,10,単線,1530.0,右,その他安全柵,64,1498.0,1562.0,1.5,鋼,2002-08-01,対象
725,篠栗線,10,単線,3435.0,左,防護柵,14,3435.0,3449.0,,鋼,2000-12-01,対象
725,篠栗線,10,単線,5444.0,右,防護柵,94.6,5397.0,5491.6,1.5,鋼,2001-10-01,対象
725,篠栗線,10,単線,5495.0,左,防護柵,10,5470.3,5519.0,1.5,鋼,2001-10-01,対象
725,篠栗線,10,単線,5589.0,左,防護柵,68,5555.0,5623.0,1.5,鋼,2001-10-01,対象
725,篠栗線,10,単線,11365.0,左,転落防止柵,226,11252.0,11478.0,,該当なし,2015-03-21,対象
725,篠栗線,10,単線,12000.0,左,落石止柵,106.8,,,1.5,鋼,1990-11-01,対象
725,篠栗線,10,単線,12016.0,左,落石止柵,48,11992.0,12040.0,1.5,PCフェンス,2015-08-28,対象
725,篠栗線,10,単線,12720.0,中央,落石止柵,47.5,,,1.5,鋼,2009-03-18,対象
725,篠栗線,10,単線,12970.0,中央,落石止柵,16.5,,,2,鋼,2008-01-17,対象
725,篠栗線,10,単線,13165.0,中央,落石止柵,40,,,2,鋼,2009-03-23,対象
725,篠栗線,10,単線,13305.0,中央,転落防止柵,26.7,13305.0,13320.0,1.2,鋼,2012-08-21,対象
725,篠栗線,10,単線,13508.0,右,簡易落石止柵,16.2,,,1.2,PCフェンス,2015-06-24,対象
725,篠栗線,10,単線,13610.0,左,落石止柵,86.3,,,1.5,鋼,1992-01-01,対象
725,篠栗線,10,単線,13668.0,左,落石止柵,16.8,,,1.5,鋼,1992-01-01,対象
725,篠栗線,10,単線,13670.0,中央,簡易落石止柵,4.7,,,1.2,PCフェンス,2015-06-24,対象
725,篠栗線,10,単線,13675.5,左右,落石覆,54.5,,,6,鉄筋コンクリート,1967-12-01,対象
725,篠栗線,10,単線,13740.0,左,簡易落石止柵,30.9,,,1.5,PCフェンス,2014-01-02,対象
725,篠栗線,10,単線,13780.0,左,落石止柵,31.7,,,1.5,鋼,1992-01-01,対象
725,篠栗線,10,単線,13800.0,左,落石止柵,9,13795.5,13804.5,,鋼,2004-03-01,対象
725,篠栗線,10,単線,13800.0,右,防護諸設備,21.6,,,1,鋼,1983-12-01,対象
725,篠栗線,10,単線,14135.0,右,簡易落石止柵,115.6,,,1.2,PCフェンス,2015-06-24,対象
725,篠栗線,10,単線,14380.0,中央,落石止柵,34.9,,,2,鋼,2011-04-01,対象
725,篠栗線,10,単線,14460.0,中央,落石止柵,12,,,1.5,鋼,2011-04-01,対象
725,篠栗線,10,単線,14850.0,右,簡易落石止柵,140.3,,,1.5,PCフェンス,2015-03-17,対象
725,篠栗線,10,単線,15125.0,中央,転落防止柵,41.7,15096.0,15125.0,1.2,鋼,2012-08-21,対象
725,篠栗線,10,単線,20357.0,右,落石止柵,16.7,20349.0,20365.0,1.5,PCフェンス,2015-08-28,対象
725,篠栗線,10,単線,20380.0,右,落石止柵,12,20373.0,20385.0,,鋼,2003-12-01,対象
725,篠栗線,10,単線,20402.0,右,落石止柵,11,20396.0,20407.0,,鋼,2014-10-15,対象
725,篠栗線,10,単線,20449.0,右,落石止柵,85.6,20406.0,20491.6,,鋼,2014-10-15,対象
725,篠栗線,10,単線,20475.0,右,落石止柵,20,20465.0,20485.0,,鋼,2012-12-10,対象
725,篠栗線,10,単線,20490.0,右,落石止柵,10,20485.0,20495.0,,鋼,2014-10-15,対象
725,篠栗線,10,単線,20522.0,右,防土砂諸設備,45.6,20499.0,20545.0,,コンクリート,2004-03-01,対象
725,篠栗線,10,単線,20600.0,右,砂防えん堤,75,,,3.5,コンクリート,1989-01-01,対象
725,篠栗線,10,単線,20691.0,右,簡易落石止柵,152.8,20621.0,20761.0,1.5,PCフェンス,,対象
725,篠栗線,10,単線,21091.5,右,落石止柵,23.4,21080.0,21103.0,1.5,PCフェンス,2015-08-28,対象
725,篠栗線,10,単線,21173.0,右,簡易落石止柵,98,21126.0,21220.0,1.5,PCフェンス,,対象
725,篠栗線,10,単線,24569.0,右,防護その他,155.5,24511.0,24626.5,1,鋼,2001-10-01,対象
725,篠栗線,21,下り線,5689.0,左,防護柵,82.5,5647.5,5730.0,1.5,鋼,2001-10-01,対象
725,篠栗線,21,下り線,19704.0,左,防護柵,33,19688.2,19721.2,1,鋼,2001-10-01,対象
725,篠栗線,21,下り線,19741.0,左,防護柵,42.8,19720.0,19762.8,1,鋼,2001-10-01,対象
725,篠栗線,21,下り線,19903.0,左,防護柵,17.8,19893.7,19911.5,1.5,鋼,2001-10-01,対象
725,篠栗線,21,下り線,19945.0,左,防護その他,63.4,19911.7,19975.3,1,鋼,2001-10-01,対象
725,篠栗線,22,上り線,5111.0,右,防護柵,17.7,5102.0,5119.7,1.2,鋼,2001-10-01,対象
725,篠栗線,22,上り線,5653.0,右,防護柵,5.5,5651.5,5657.0,1.5,鋼,2001-10-01,対象
725,篠栗線,22,上り線,19726.0,右,防護柵,67.6,19697.0,19760.4,1,鋼,2001-10-01,対象
725,篠栗線,22,上り線,19795.0,右,防護柵,17.5,19786.0,19803.5,1.5,鋼,2001-10-01,対象
725,篠栗線,22,上り線,19865.0,右,防護柵,27,19855.0,19873.0,1.5,鋼,2001-10-01,対象
725,篠栗線,22,上り線,19905.0,右,防護柵,29.1,19883.8,19915.2,1.5,鋼,2001-10-01,対象
725,篠栗線,22,上り線,19920.0,右,防護その他,6.2,19918.8,19921.2,1,鋼,2001-10-01,対象
731,筑肥線,10,単線,33995.0,中央,落石止柵,27.3,,,,鋼,1983-12-01,対象
731,筑肥線,10,単線,34000.0,中央,落石止柵,38,,,,鋼,1983-12-01,対象
731,筑肥線,10,単線,34150.0,中央,防護柵,29.8,,,,その他,1983-12-01,対象
731,筑肥線,10,単線,34175.0,中央,防護柵,43.5,,,,その他,1979-12-01,対象
731,筑肥線,10,単線,34353.5,左,落石止擁壁,36,,,3.6,鉄筋コンクリート,1988-02-01,対象
731,筑肥線,10,単線,34353.5,左,落石止柵,35,,,1,鋼,1988-02-01,対象
731,筑肥線,10,単線,34484.0,左,落石止擁壁,21.65,,,3,鉄筋コンクリート,1986-12-01,対象
731,筑肥線,10,単線,34484.0,左,落石止柵,36.8,,,1.5,鋼,1986-12-01,対象
731,筑肥線,10,単線,34800.0,左,防護その他,12.9,34800.0,34813.0,,鋼,2006-02-06,対象
731,筑肥線,10,単線,35032.0,左,防護柵,14.3,,,1,その他,1979-12-01,対象
731,筑肥線,10,単線,35084.0,左,防護柵,35.4,,,1,その他,1979-12-01,対象
731,筑肥線,10,単線,35100.0,左,落石止擁壁,5,,,2.6,コンクリート,1988-02-01,対象
731,筑肥線,10,単線,35118.0,左,落石止擁壁,25,,,2.8,鉄筋コンクリート,1988-02-01,対象
731,筑肥線,10,単線,35118.0,左,落石止柵,24,,,1.5,鋼,1988-02-01,対象
731,筑肥線,10,単線,35136.0,左,落石止擁壁,12,,,2.5,鉄筋コンクリート,1988-02-01,対象
731,筑肥線,10,単線,35136.0,左,落石止柵,11,,,1.5,鋼,1988-02-01,対象
731,筑肥線,10,単線,35160.0,左,防護その他,15,35152.5,35167.5,,鋼,2011-06-01,対象
731,筑肥線,10,単線,35567.0,右,防護柵,15.3,,,1,鋼,1979-12-01,対象
731,筑肥線,10,単線,35576.0,中央,防護柵,16.8,,,1,鋼,1979-12-01,対象
731,筑肥線,10,単線,35627.0,中央,防護柵,15.6,,,1,鋼,1979-12-01,対象
731,筑肥線,10,単線,39660.0,左,落石止柵,30.07,39660.0,39690.07,2.01,コンクリート,2005-09-16,対象
731,筑肥線,10,単線,39955.0,左,落石止柵,10.9,,,1.6,鋼,1982-12-01,対象
731,筑肥線,10,単線,40039.0,左,落石止柵,13.6,,,1.6,鋼,1982-12-01,対象
731,筑肥線,10,単線,40260.0,左,落石止柵,30,,,2,鋼,1990-02-01,対象
731,筑肥線,10,単線,40620.0,左,落石止擁壁,10,40622.0,40632.0,3.4,鉄筋コンクリート,1990-02-01,対象
731,筑肥線,10,単線,40691.0,左,落石止柵,11.6,,,1.6,鋼,1982-12-01,対象
731,筑肥線,10,単線,40770.0,左,落石止柵,50.7,,,1.6,鋼,1982-12-01,対象
731,筑肥線,10,単線,40790.0,右,防護柵,15,40790.0,40804.0,,鋼及び鉄コン,1998-03-01,対象
731,筑肥線,10,単線,40800.0,左,落石止柵,27,40780.0,40807.0,2,鋼,2011-01-04,対象
731,筑肥線,10,単線,40810.0,左,防護その他,6,40807.0,40813.0,,鋼,2011-01-04,対象
731,筑肥線,10,単線,40820.0,左,落石止柵,20.3,40812.0,40832.3,2,鋼,2011-01-04,対象
731,筑肥線,10,単線,40835.0,左,防護その他,9,40830.5,40839.5,,鋼,2011-01-04,対象
731,筑肥線,10,単線,40855.0,左,落石止柵,39,40840.0,40879.0,2,鋼,2011-01-04,対象
731,筑肥線,10,単線,40885.0,左,防護その他,20,40875.0,40895.0,,鋼,2011-01-04,対象
731,筑肥線,10,単線,41175.0,左,落石止柵,39,41164.0,41187.0,1.2,PCフェンス,2017-06-15,対象
731,筑肥線,10,単線,42943.0,左,落石止柵,8.7,,,1.2,PCフェンス,2017-03-01,対象
731,筑肥線,10,単線,43000.0,左,落石止擁壁,47.4,,,2.4,鉄筋コンクリート,1989-03-01,対象
731,筑肥線,10,単線,43179.0,左,落石止柵,11.5,,,1.5,鋼,1989-02-01,対象
731,筑肥線,10,単線,43200.0,左,落石止擁壁,56.1,,,2.5,鉄筋コンクリート,1989-02-01,対象
731,筑肥線,10,単線,43350.0,左,簡易落石止柵,24,43350.0,43364.0,1.2,PCフェンス,2017-02-20,対象
731,筑肥線,10,単線,43506.0,左,防護諸設備,6.8,43506.0,43516.0,,コンクリート,2017-02-25,対象
731,筑肥線,10,単線,43602.0,左,防護その他,116,43544.0,43660.0,,鋼,2009-12-29,対象
731,筑肥線,10,単線,44230.0,左,防護諸設備,6.8,,,,コンクリート,1982-12-01,対象
731,筑肥線,10,単線,44290.0,左,防護諸設備,21.8,44290.0,44312.0,1.2,PCフェンス,2017-02-20,対象
731,筑肥線,10,単線,44360.0,左,落石止擁壁,10,,,2.4,鉄筋コンクリート,1990-02-01,対象
731,筑肥線,10,単線,44380.6,左,防護その他,29.2,,,,鋼,2008-12-25,対象
731,筑肥線,10,単線,44450.0,左,落石止柵,18,,,2,鋼,2011-03-29,対象
731,筑肥線,10,単線,44482.3,左,防護その他,50.6,,,,鋼,2009-01-07,対象
731,筑肥線,10,単線,44900.0,左,防護諸設備,8.5,,,,コンクリート,1982-12-01,対象
731,筑肥線,10,単線,44901.0,左,防護諸設備,2.4,,,,コンクリート,1982-12-01,対象
731,筑肥線,10,単線,45365.0,左,落石止柵,21,,,2.4,鋼,1982-12-01,対象
731,筑肥線,10,単線,45385.0,左,落石止柵,13.6,,,1.8,鋼,1982-12-01,対象
731,筑肥線,10,単線,45425.0,左,防護諸設備,2,,,,コンクリートブロック,1982-12-01,対象
731,筑肥線,10,単線,45425.0,右,防護諸設備,2,,,,コンクリートブロック,1982-12-01,対象
731,筑肥線,10,単線,45620.0,右,防護諸設備,10.4,,,,コンクリート,1982-12-01,対象
731,筑肥線,10,単線,46291.0,右,防護諸設備,1.4,,,,コンクリート,1982-12-01,対象
731,筑肥線,10,単線,46306.0,左,落石止柵,23,46306.0,46329.0,0,鋼及び鉄コン,2004-07-09,対象
731,筑肥線,10,単線,46330.0,左,落石止柵,6,46330.0,46336.0,0,鋼及び鉄コン,2004-12-02,対象
731,筑肥線,10,単線,64826.0,右,簡易落石止柵,52,64800.0,64852.0,1.2,単管,2015-05-26,対象
731,筑肥線,10,単線,64921.0,中央,落石止柵,14,64921.0,64921.0,0,鋼及び鉄コン,2004-07-02,対象
731,筑肥線,10,単線,65050.0,右,防護諸設備,28,,,1,鋼,1986-12-01,対象
731,筑肥線,10,単線,65150.0,右,落石止擁壁,73.5,,,3.2,鉄筋コンクリート,1988-01-01,対象
731,筑肥線,10,単線,65332.0,左,簡易落石止柵,50,65307.0,65357.0,1.2,単管,2015-03-26,対象
731,筑肥線,10,単線,66050.0,右,落石止擁壁,40,,,3.5,鉄筋コンクリート,1986-12-01,対象
731,筑肥線,10,単線,66051.0,右,落石止擁壁,33,,,2.5,鉄筋コンクリート,1986-12-01,対象
731,筑肥線,10,単線,66052.0,右,落石止柵,39,,,1,鋼,1986-12-01,対象
731,筑肥線,10,単線,66053.0,右,落石止柵,,,,,鋼,1986-12-01,対象
731,筑肥線,10,単線,66090.0,右,簡易落石止柵,18,66081.0,66099.0,1.2,PCフェンス,2015-03-26,対象
731,筑肥線,10,単線,66150.0,右,防護諸設備,28,,,27,金網,2018-03-29,対象
731,筑肥線,10,単線,66190.0,右,落石止擁壁,40,,,7,鉄筋コンクリート,1986-12-01,対象
731,筑肥線,10,単線,66380.0,右,落石止擁壁,11,,,,コンクリート,1976-12-01,対象
731,筑肥線,10,単線,66500.0,左,防護その他,21.91,66500.0,66521.91,14.7,鋼,2006-01-23,対象
731,筑肥線,10,単線,68765.0,右,防護その他,89.5,68715.0,68804.5,10,金網,2016-08-26,対象
731,筑肥線,10,単線,68860.0,右,落石止擁壁,39,,,3.5,鉄筋コンクリート,1988-01-01,対象
731,筑肥線,10,単線,68860.0,右,落石止柵,38,,,2,鋼,1985-12-01,対象
731,筑肥線,10,単線,68940.0,右,落石止擁壁,43,,,1.7,鉄筋コンクリート,1984-12-01,対象
731,筑肥線,10,単線,68940.0,右,落石止柵,66,,,1.3,鋼,1984-12-01,対象
731,筑肥線,10,単線,68941.0,右,落石止柵,42,,,1.3,鋼,1985-12-01,対象
731,筑肥線,10,単線,69000.0,右,落石止擁壁,11.5,,,2.6,コンクリート,1985-12-01,対象外
731,筑肥線,10,単線,69000.0,右,落石止柵,9,,,1.5,鋼,1983-12-01,対象
731,筑肥線,10,単線,69001.0,右,落石止柵,11,,,1.6,鋼,1985-12-01,対象外
731,筑肥線,10,単線,69004.0,右,落石止柵,23.1,,,1.3,鋼,1985-12-01,対象外
731,筑肥線,10,単線,69031.0,右,落石止柵,39,,,1.3,鋼,1985-12-01,対象外
731,筑肥線,10,単線,70500.0,左,落石止擁壁,99.6,,,,鉄筋コンクリート,1988-02-01,対象
731,筑肥線,10,単線,70500.0,左,落石止柵,95.3,,,1.6,鋼,1985-12-01,対象
731,筑肥線,10,単線,70600.0,左,落石止擁壁,78,,,2.7,鉄筋コンクリート,1986-12-01,対象
731,筑肥線,10,単線,70600.0,左,落石止柵,77,,,1.6,鋼,1985-12-01,対象
731,筑肥線,10,単線,70783.0,左,落石止柵,39,,,1,鋼,1985-12-01,対象
731,筑肥線,10,単線,70838.0,中央,防護その他,3,70838.0,70841.0,17.02,鋼,2005-10-24,対象
731,筑肥線,10,単線,70839.0,中央,落石止擁壁,12,,,,コンクリート,1976-12-01,対象
731,筑肥線,10,単線,70992.0,中央,落石止擁壁,13,70992.0,70992.0,3,鉄筋コンクリート,1998-02-01,対象
731,筑肥線,10,単線,72130.0,右,防護諸設備,3.2,,,0.8,鋼,1986-12-01,対象
731,筑肥線,10,単線,74074.0,右,その他安全柵,6.6,74071.0,74077.0,1,鋼,2005-06-30,対象
731,筑肥線,10,単線,74080.0,左,その他安全柵,10.7,74075.0,74086.0,1,鋼,2005-06-30,対象
731,筑肥線,10,単線,77480.0,左,その他安全柵,68.8,77481.7,77515.7,,鋼,2015-07-29,対象
731,筑肥線,10,単線,77500.0,右,その他安全柵,68.8,77452.0,77520.0,,鋼,2006-03-24,対象
731,筑肥線,10,単線,78391.0,右,防護諸設備,30,,,0.7,その他,1988-12-01,対象
731,筑肥線,22,上り線,15645.0,右,防護柵,6.4,15645.0,15645.0,1,鋼,1999-09-01,対象
731,筑肥線,22,上り線,15806.0,右,防護柵,351,15665.0,16012.0,1,鋼,1999-09-01,対象
731,筑肥線,22,上り線,15845.5,左,防土砂諸設備,7.5,15842.5,15848.5,,木,1999-09-01,対象
731,筑肥線,22,上り線,15875.0,左,防護諸設備,24,15863.0,15887.0,,鋼,1999-09-01,対象
731,筑肥線,22,上り線,15907.5,左,防土砂諸設備,27,15894.0,15921.0,,鋼,1999-09-01,対象
731,筑肥線,22,上り線,15945.0,左,落石止擁壁,34,15928.0,15962.0,2,鉄筋コンクリート,2003-01-01,対象
731,筑肥線,22,上り線,15945.0,左,落石止柵,33,15928.5,15961.5,2,鋼,2003-01-01,対象
731,筑肥線,22,上り線,15962.0,左,防土砂諸設備,2.9,15961.0,15964.0,,鋼,1999-09-01,対象
731,筑肥線,22,上り線,16017.0,左,防護柵,2,16016.0,16018.0,1.5,鋼,1999-09-01,対象
731,筑肥線,22,上り線,16066.0,左,防護柵,84,16025.0,16109.0,1.5,鋼,1999-09-01,対象
731,筑肥線,22,上り線,16068.0,右,防護柵,87,16027.0,16114.0,1,鋼,1999-09-01,対象
731,筑肥線,22,上り線,16185.0,右,防護柵,33,16170.0,16203.0,1,鋼,1999-09-01,対象
731,筑肥線,22,上り線,16210.0,左,防護柵,11.5,16205.0,16216.5,1,鋼,1999-09-01,対象
731,筑肥線,22,上り線,16228.0,左,防護諸設備,11,16225.5,16233.5,,鋼,1999-09-01,対象
731,筑肥線,22,上り線,16232.0,中央,落石止柵,9.8,16232.0,16232.0,2,鋼,1999-09-01,対象
731,筑肥線,22,上り線,16240.0,左,防護諸設備,32,16224.0,16256.0,,鋼,1999-09-01,対象
731,筑肥線,22,上り線,16250.0,左,防護諸設備,13,16243.5,16256.5,,鋼,1999-09-01,対象
731,筑肥線,22,上り線,16382.7,中央,落石止柵,10.2,16382.7,16382.7,2,鋼,1999-09-01,対象
731,筑肥線,22,上り線,16400.0,左,落石止柵,32,,,1.1,その他,1983-12-01,対象
731,筑肥線,22,上り線,16441.0,右,防護柵,21,16431.0,16452.0,1.5,鋼,1999-09-01,対象
731,筑肥線,22,上り線,16470.0,左,落石止柵,8,16466.0,16474.0,1.5,鋼,1999-09-01,対象
731,筑肥線,22,上り線,16532.0,右,防護柵,118,16473.0,16594.0,1,鋼,1999-09-01,対象
731,筑肥線,23,上下線,14406.3,左,防護柵,222.6,14295.0,14517.6,1.5,鋼,1999-09-01,対象
731,筑肥線,23,上下線,14840.0,左,防護柵,157.9,14763.0,14921.0,1.5,鋼,1999-09-01,対象
731,筑肥線,23,上下線,14840.0,右,防護柵,149.8,14763.0,14913.0,1.5,鋼,1999-09-01,対象
731,筑肥線,23,上下線,14924.0,左,防護柵,5.9,14921.0,14926.9,1.2,鋼,1999-09-01,対象
731,筑肥線,23,上下線,14936.5,右,防護柵,2.4,14936.5,14936.5,1.5,鋼,1999-09-01,対象
731,筑肥線,23,上下線,14937.0,左,防護柵,2.9,14935.6,14938.5,1,鋼,1999-09-01,対象
731,筑肥線,23,上下線,14937.0,右,防護柵,3,14935.5,14938.5,1,鋼,1999-09-01,対象
731,筑肥線,23,上下線,15040.0,右,防護柵,49.2,15021.0,15055.1,1.2,鋼,1999-09-01,対象
731,筑肥線,23,上下線,15055.0,右,防護柵,2,15054.0,15056.0,1.2,鋼,1999-09-01,対象
731,筑肥線,23,上下線,15200.0,右,防護柵,228.1,15071.9,15300.0,1.5,鋼,1999-09-01,対象
731,筑肥線,23,上下線,15330.0,右,防護柵,46,15302.0,15348.0,1.5,鋼,1999-09-01,対象
731,筑肥線,23,上下線,15420.0,左,防護柵,22,15412.0,15434.0,1.5,鋼,1999-09-01,対象
731,筑肥線,23,上下線,15700.0,左,防護柵,94,15667.0,15761.0,1.2,鋼,1999-09-01,対象
731,筑肥線,23,上下線,16530.0,右,防護柵,44.5,16521.0,16565.5,1,鋼,1999-09-01,対象
731,筑肥線,23,上下線,16557.0,左,転落防止柵,13.2,16552.0,16562.0,1.2,PCフェンス,2015-03-23,対象
731,筑肥線,23,上下線,16582.0,左,落石止擁壁,33.5,16565.0,16598.5,5,コンクリート,1999-09-01,対象
731,筑肥線,23,上下線,16582.0,左,落石止柵,33,16565.25,16598.25,2,鋼,1999-09-01,対象
731,筑肥線,23,上下線,16800.0,左,防護柵,46.1,16784.0,16830.1,1,鋼,1999-09-01,対象
731,筑肥線,23,上下線,17100.0,左,防護柵,91.2,17053.0,17144.2,1,鋼,1999-09-01,対象
731,筑肥線,23,上下線,17140.0,右,防護柵,194,17039.0,17233.0,1,鋼,1999-09-01,対象
731,筑肥線,23,上下線,19461.5,左,防護柵,5,19459.0,19464.0,1,鋼,1999-02-01,対象
731,筑肥線,23,上下線,19601.0,左,防護柵,208,19497.0,19705.0,1.2,鋼,1999-02-01,対象
731,筑肥線,23,上下線,19710.0,左,防護柵,6.5,19705.0,19711.5,1.2,鋼,1999-11-01,対象
731,筑肥線,23,上下線,19731.0,左,防護柵,28.2,19717.0,19744.2,1.2,鋼,1999-11-01,対象
731,筑肥線,23,上下線,19816.0,左,防護柵,17.2,19807.4,19824.6,1.2,鋼,1999-11-01,対象
731,筑肥線,23,上下線,19841.0,右,防護柵,8,19837.5,19845.5,1.2,鋼,1999-11-01,対象
731,筑肥線,23,上下線,19879.0,左,防護柵,4.2,19877.0,19881.2,1.2,鋼,1999-11-01,対象
731,筑肥線,23,上下線,19915.0,左,防護その他,11.6,19908.7,19920.3,0.7,コンクリート,1999-11-01,対象
731,筑肥線,23,上下線,20022.0,左,防護柵,119.9,19962.5,20081.4,1.2,鋼,1999-11-01,対象
731,筑肥線,23,上下線,20095.0,右,防護柵,51.7,20071.0,20120.0,1.2,鋼,1999-11-01,対象
731,筑肥線,23,上下線,20104.0,左,防護柵,47.1,20081.4,20126.5,1,鋼,1999-11-01,対象
731,筑肥線,23,上下線,20215.0,左,防護柵,240.7,20128.7,20301.0,1.2,鋼,1999-11-01,対象
731,筑肥線,23,上下線,20328.0,左,防護柵,88,20307.9,20348.0,1.2,鋼,1999-11-01,対象
731,筑肥線,23,上下線,20683.0,左,防護柵,155.4,20607.6,20759.0,1,鋼,1999-10-01,対象
731,筑肥線,23,上下線,20768.0,左,防護柵,3.2,20757.4,20779.1,1,鋼,1999-10-01,対象
731,筑肥線,23,上下線,20780.0,左,防護柵,2,20779.0,20781.0,1.2,鋼,1999-10-01,対象
731,筑肥線,23,上下線,20815.0,左,防護柵,62.2,20784.2,20846.4,1.2,鋼,1999-10-01,対象
731,筑肥線,23,上下線,20858.0,左,防護柵,6.8,20854.6,20861.4,1,鋼,1999-10-01,対象
731,筑肥線,23,上下線,20876.0,左,防護柵,26,20864.0,20888.0,1.2,鋼,1999-10-01,対象
731,筑肥線,23,上下線,21040.0,右,防護柵,75.6,21011.4,21087.0,1,鋼,1999-10-01,対象
731,筑肥線,23,上下線,21080.0,左,防護柵,8,21076.0,21084.0,1.2,鋼,1999-10-01,対象
731,筑肥線,23,上下線,21094.0,右,防護柵,1.6,21093.2,21094.8,1,鋼,1999-10-01,対象
731,筑肥線,23,上下線,21140.0,右,防護柵,80.4,21094.6,21175.0,1,鋼,1999-10-01,対象
731,筑肥線,23,上下線,21216.0,右,防護柵,10.6,21211.0,21221.6,1.2,鋼,1999-10-01,対象
731,筑肥線,23,上下線,21386.0,左,防護柵,111.2,21330.8,21442.0,1.2,鋼,1999-10-01,対象
731,筑肥線,23,上下線,21435.0,右,防護柵,35,21417.0,21450.0,1.2,鋼,1999-10-01,対象
731,筑肥線,23,上下線,21450.0,右,防護柵,3,21448.5,21451.5,1,鋼,1999-10-01,対象
731,筑肥線,23,上下線,21485.0,右,防護柵,15.9,21477.0,21490.9,1.2,鋼,1999-10-01,対象
731,筑肥線,23,上下線,21630.0,左,防護柵,1.7,21629.15,21630.85,1,鋼,1999-10-01,対象
731,筑肥線,23,上下線,21675.0,右,防護柵,80.5,21634.5,21715.0,1.2,鋼,1999-10-01,対象
731,筑肥線,23,上下線,21723.0,右,防護柵,15.6,21715.0,21730.6,1.2,鋼,1999-10-01,対象
731,筑肥線,23,上下線,21800.0,左,防護柵,105.7,21749.0,21854.7,1,鋼,1999-10-01,対象
731,筑肥線,23,上下線,21851.0,右,防護柵,3.6,21849.4,21853.0,1.2,鋼,1999-10-01,対象
731,筑肥線,23,上下線,21855.5,左,防護柵,2.03,21854.49,21856.52,1,鋼,1999-10-01,対象
731,筑肥線,23,上下線,21900.0,左,防護柵,94.2,21858.5,21952.7,1,鋼,1999-10-01,対象
731,筑肥線,23,上下線,21950.0,右,防護柵,63.8,20918.5,20982.0,1.2,鋼,1999-10-01,対象
731,筑肥線,23,上下線,21954.0,左,防護柵,6.5,21950.75,21957.25,1,鋼,1999-10-01,対象
731,筑肥線,23,上下線,21990.0,左,防護柵,63.6,21955.4,22019.0,1,鋼,1999-10-01,対象
731,筑肥線,23,上下線,22033.0,右,防護柵,4,22031.0,22035.0,1.2,鋼,1999-10-01,対象
731,筑肥線,23,上下線,22120.0,左,防護柵,67.5,22077.9,22143.0,1,鋼,1999-10-01,対象
731,筑肥線,23,上下線,22171.0,右,防護柵,6,22167.0,22173.0,1,鋼,1999-10-01,対象
731,筑肥線,23,上下線,22230.0,左,防護柵,114,22173.3,22287.3,1.2,鋼,1999-10-01,対象
731,筑肥線,23,上下線,22668.0,左,防護柵,11.6,22663.3,22672.4,1.2,鋼,1999-08-01,対象
731,筑肥線,23,上下線,22812.0,右,防護柵,60.6,22783.4,22841.0,1.2,鋼,1999-08-01,対象
731,筑肥線,23,上下線,22890.0,左,防護柵,92,22844.7,22936.7,1,鋼,,対象
731,筑肥線,23,上下線,22995.0,右,防護柵,6,22991.0,22997.0,1.5,鋼,1999-08-01,対象
731,筑肥線,23,上下線,23288.0,左,防護柵,18.2,23278.5,23296.7,1.2,鋼,1999-08-01,対象
731,筑肥線,23,上下線,23401.0,左,防護柵,5,23399.0,23402.5,1.2,鋼,1999-08-01,対象
731,筑肥線,23,上下線,23436.0,左,防護柵,22.8,23425.5,23446.5,1.2,鋼,1999-08-01,対象
731,筑肥線,23,上下線,23532.0,左,防護柵,88.7,23488.6,23575.5,1.2,鋼,1999-08-01,対象
731,筑肥線,23,上下線,23601.0,左,防護柵,37.4,23582.5,23619.9,1.2,鋼,1999-08-01,対象
731,筑肥線,23,上下線,23850.0,左,防護柵,14.1,23845.5,23859.6,1.2,鋼,1999-08-01,対象
731,筑肥線,23,上下線,24030.0,左,防護柵,71.1,23990.0,24061.1,2,鋼,1999-08-01,対象
731,筑肥線,23,上下線,24069.0,左,防護柵,16.5,24061.0,24077.5,1.2,鋼,1999-08-01,対象
731,筑肥線,23,上下線,24102.0,右,防護柵,99.9,24053.0,24150.0,1.2,鋼,1999-08-01,対象
731,筑肥線,23,上下線,24106.0,左,防護柵,37.4,24087.0,24124.4,1.2,鋼,1999-08-01,対象
731,筑肥線,23,上下線,24219.0,右,防護柵,118.8,24159.5,24278.3,1.2,鋼,1999-08-01,対象
731,筑肥線,23,上下線,24349.0,左,防護柵,6,24346.0,24352.0,1.2,鋼,1999-08-01,対象
731,筑肥線,23,上下線,24526.0,左,防護柵,47.2,24502.5,24549.7,1.2,鋼,1999-08-01,対象
731,筑肥線,23,上下線,24535.0,右,防護柵,35.7,24519.5,24552.5,1,鋼,1999-08-01,対象
731,筑肥線,23,上下線,24560.0,右,防護柵,5,24560.0,24560.0,1.2,鋼,1999-08-01,対象
731,筑肥線,23,上下線,24592.0,右,防護柵,22,24580.0,24602.0,1.2,鋼,1999-08-01,対象
737,三角線,10,単線,9292.0,左,防土砂諸設備,15,9285.0,9300.0,,鋼,2016-02-25,対象
737,三角線,10,単線,9313.0,左,落石止柵,14,9305.5,9319.5,2,鋼,1992-07-01,対象
737,三角線,10,単線,9640.0,左,落石止擁壁,5,,,3,鉄筋コンクリート,2004-03-01,対象
737,三角線,10,単線,9685.0,左,防土砂諸設備,30,9670.0,9700.0,,鋼,2016-02-18,対象
737,三角線,10,単線,9722.0,左,落石止擁壁,41.5,9722.0,,4,コンクリート,1926-12-01,対象
737,三角線,10,単線,9750.0,左,落石止擁壁,16,,,1.5,コンクリート,1980-03-01,対象
737,三角線,10,単線,10210.0,左,落石止擁壁,10,,,2.2,コンクリート,1989-01-01,対象
737,三角線,10,単線,10224.0,左,落石止擁壁,6.5,,,2.5,コンクリート,1926-12-01,対象
737,三角線,10,単線,10246.0,左,落石止擁壁,59,,,3.5,鉄筋コンクリート,1986-12-01,対象
737,三角線,10,単線,11660.0,左,落石止柵,9,11655.5,11664.5,4,鋼,1993-10-01,対象
737,三角線,10,単線,11670.0,左,落石止柵,7.5,11650.0,11670.0,3.1,鋼,2000-10-01,対象
737,三角線,10,単線,11810.0,左,防土砂諸設備,7.5,11800.0,11900.0,3.1,鉄筋コンクリート,2013-03-29,対象
737,三角線,10,単線,11900.0,左,落石止柵,112,,,2,鋼,2014-11-19,対象
737,三角線,10,単線,11914.0,左,落石止柵,30,11899.0,11929.0,2,鋼,1994-06-01,対象
737,三角線,10,単線,11915.0,左,落石止柵,45,11914.0,11959.0,3.5,鋼,2004-07-13,対象
737,三角線,10,単線,11960.0,左,落石止柵,57,11931.0,11988.0,2,鋼,1996-02-01,対象
737,三角線,10,単線,13520.0,左,落石止柵,39,13516.0,13555.0,1.5,鋼,1997-12-01,対象
737,三角線,10,単線,15178.0,左,落石止柵,20,15167.0,15187.0,2,鋼,2006-11-30,対象
737,三角線,10,単線,15680.0,左,落石止擁壁,29,,,2.8,鉄筋コンクリート,1990-10-01,対象
737,三角線,10,単線,15680.0,左,落石止柵,21,,,,該当なし,1994-03-01,対象
737,三角線,10,単線,15901.0,左,落石止擁壁,40,15881.0,15921.0,2.09,鉄筋コンクリート,1999-07-01,対象
737,三角線,10,単線,15901.0,左,落石止柵,40,15881.0,15921.0,3,鋼,1999-07-01,対象
737,三角線,10,単線,15973.0,左,落石止擁壁,40,,,2,鉄筋コンクリート,1989-01-01,対象
737,三角線,10,単線,16127.0,左,落石止擁壁,109,,,,コンクリート,1979-12-01,対象
737,三角線,10,単線,16200.0,左,落石止柵,132,,,132,鋼,2014-11-19,対象
737,三角線,10,単線,16320.0,左,防土砂諸設備,45,,,,鋼,2015-01-21,対象
737,三角線,10,単線,16430.0,左,落石止擁壁,51,,,3.2,コンクリート,1978-12-01,対象
737,三角線,10,単線,16530.0,左,落石止擁壁,48,,,2.6,コンクリート,1978-12-01,対象
737,三角線,10,単線,16850.0,左,落石止擁壁,67,,,3.6,コンクリート,1980-12-01,対象
737,三角線,10,単線,17440.0,左,落石止柵,18,17431.9,17449.9,2,鋼,2012-11-28,対象
737,三角線,10,単線,17450.0,左,落石止柵,20,17450.0,17470.0,2,鋼,2005-03-15,対象
737,三角線,10,単線,18110.0,左,落石止柵,25,18097.5,18122.5,2,鋼,1994-03-01,対象
737,三角線,10,単線,18370.0,左,落石止柵,120,18310.0,18430.0,,単管,2017-03-29,対象
737,三角線,10,単線,19207.0,右,その他安全柵,18,19198.0,19216.0,1,鋼,1995-03-01,対象
737,三角線,10,単線,19400.0,右,防土砂諸設備,40,19403.0,19412.0,1.5,鉄筋コンクリート,2014-09-02,対象
737,三角線,10,単線,19480.0,右,その他安全柵,70,19436.0,19506.0,1,鋼,1993-05-01,対象
737,三角線,10,単線,19480.0,右,落石止擁壁,40,9305.0,9320.0,1,鉄筋コンクリート,1992-07-01,対象
737,三角線,10,単線,19480.0,右,落石止柵,39,19458.0,19497.0,2,鋼,1993-05-01,対象
737,三角線,10,単線,19503.0,右,落石止柵,15,,,1,鋼,1964-12-01,対象
737,三角線,10,単線,20210.0,左,落石止擁壁,29,,,1,コンクリート,1976-12-01,対象
737,三角線,10,単線,21518.0,右,防土砂諸設備,10.5,21518.0,21528.5,13.5,鋼,2015-03-18,対象
737,三角線,10,単線,23246.0,中央,落石止柵,14,23246.0,23246.0,1.5,鋼,2003-12-01,対象
741,肥薩線,10,単線,80.67,右,簡易落石止柵,136.9,80320.0,80340.0,1.2,単管,2015-12-03,対象
741,肥薩線,10,単線,2170.0,左,落石止柵,33,2167.0,2200.0,2.5,鋼,2014-03-28,対象
741,肥薩線,10,単線,2185.0,左,落石止柵,29,2171.0,2200.0,1.5,鋼,2013-10-15,対象
741,肥薩線,10,単線,2397.0,左,落石止擁壁,13.2,,,5.2,コンクリート,1963-12-01,対象
741,肥薩線,10,単線,2650.0,左,落石止擁壁,27.2,,,2,コンクリート,1988-12-01,対象
741,肥薩線,10,単線,2680.0,左,落石止柵,54,2657.0,2713.0,3,その他,1998-12-01,対象
741,肥薩線,10,単線,2720.0,左,落石止擁壁,30.6,,,8.8,石,1936-12-01,対象
741,肥薩線,10,単線,2736.0,左,落石止柵,,,,5.3,鋼,1966-12-01,対象
741,肥薩線,10,単線,2750.0,左,落石止擁壁,58,,,,コンクリート,1993-11-01,対象
741,肥薩線,10,単線,2820.0,左,落石止擁壁,43,,,2.5,コンクリート,1988-12-01,対象
741,肥薩線,10,単線,3193.0,左,落石止柵,6,3190.0,3196.0,1.5,鋼,2013-10-15,対象
741,肥薩線,10,単線,3210.0,左,落石止柵,13,3202.0,3215.0,1.5,鋼,2013-10-15,対象
741,肥薩線,10,単線,3250.0,左,落石止柵,,,,2,鋼,1978-12-01,対象
741,肥薩線,10,単線,3290.0,左,落石止柵,22,3278.0,3300.0,1.5,鋼,2013-10-15,対象
741,肥薩線,10,単線,3634.26,左,簡易落石止柵,39.05,3615.0,3650.0,1.5,PCフェンス,2017-03-28,対象
741,肥薩線,10,単線,3680.0,左,落石止柵,15,3674.0,3689.0,1.5,鋼,2013-10-15,対象
741,肥薩線,10,単線,3715.5,左,簡易落石止柵,91.6,3675.0,3756.0,1.5,PCフェンス,2017-03-28,対象
741,肥薩線,10,単線,3735.0,左,落石止擁壁,31,,,,コンクリート,1982-12-01,対象
741,肥薩線,10,単線,3818.0,左,落石止擁壁,31,,,,コンクリート,1982-12-01,対象
741,肥薩線,10,単線,3898.0,左,落石止柵,,,,2,鋼,1979-12-01,対象
741,肥薩線,10,単線,3917.0,左,落石止柵,,,,2.7,その他,1926-12-01,対象
741,肥薩線,10,単線,3929.0,左,落石止柵,,,,3,その他,1926-12-01,対象
741,肥薩線,10,単線,3967.0,左,落石止柵,,,,1,鋼,1986-12-01,対象
741,肥薩線,10,単線,4000.0,左,落石止擁壁,10.1,,,2.4,鉄筋コンクリート,1978-12-01,対象
741,肥薩線,10,単線,4012.0,左,落石止柵,,,,2,鋼,1972-12-01,対象
741,肥薩線,10,単線,4063.0,左,落石止擁壁,88.9,,,2.5,鉄筋コンクリート,1978-12-01,対象
741,肥薩線,10,単線,4177.0,左,落石止擁壁,40.7,,,4.4,コンクリート,1936-12-01,対象
741,肥薩線,10,単線,4200.0,左,落石止柵,12,4193.0,4205.0,2.5,鋼,2004-02-01,対象
741,肥薩線,10,単線,4338.0,左,落石止擁壁,55,,,3.8,コンクリート,1980-12-01,対象
741,肥薩線,10,単線,4435.0,左,落石止柵,,,,2,鋼,1979-12-01,対象
741,肥薩線,10,単線,4481.0,左,落石止柵,,,,3,鋼,1981-12-01,対象
741,肥薩線,10,単線,4510.0,左,落石止柵,11,4510.0,,3,鋼,1995-07-01,対象
741,肥薩線,10,単線,6150.0,左,落石止擁壁,61,6129.0,6190.0,4.9,該当なし,2001-02-01,対象
741,肥薩線,10,単線,6200.0,左,落石止擁壁,40,,,3,コンクリート,1969-12-01,対象
741,肥薩線,10,単線,6260.0,左,落石止擁壁,58,,,3,鉄筋コンクリート,1978-12-01,対象
741,肥薩線,10,単線,6282.0,左,落石止柵,,,,2,その他,1936-12-01,対象
741,肥薩線,10,単線,6310.0,左,落石止擁壁,46.9,,,9.4,石,1936-12-01,対象
741,肥薩線,10,単線,6354.0,左,落石止擁壁,19.4,,,3,鉄筋コンクリート,1978-12-01,対象
741,肥薩線,10,単線,6355.0,左,落石止柵,,,,2.1,鋼,1936-12-01,対象
741,肥薩線,10,単線,6413.0,左,落石止擁壁,60,,,3.1,コンクリート,1977-12-01,対象
741,肥薩線,10,単線,6414.0,左,落石止擁壁,35.7,,,3,コンクリート,1977-12-01,対象
741,肥薩線,10,単線,6460.0,左,落石止柵,,,,2,その他,1926-12-01,対象
741,肥薩線,10,単線,6555.0,左,落石止擁壁,13,,,10,コンクリート,1957-12-01,対象
741,肥薩線,10,単線,6556.0,左,落石止擁壁,96,,,3.3,コンクリート,1967-12-01,対象
741,肥薩線,10,単線,6557.0,左,落石止擁壁,50,,,3.1,コンクリート,1969-12-01,対象
741,肥薩線,10,単線,6600.0,左,落石止柵,96,,,2.5,鋼,1969-12-01,対象
741,肥薩線,10,単線,6620.0,左,落石止擁壁,19.5,,,2.5,コンクリート,1946-12-01,対象
741,肥薩線,10,単線,6625.0,中央,落石止柵,27,,,,該当なし,2000-03-01,対象
741,肥薩線,10,単線,7103.0,右,落石止擁壁,10,,,,コンクリート,1988-10-01,対象
741,肥薩線,10,単線,7110.0,右,落石止擁壁,13.5,,,,コンクリート,1988-10-01,対象
741,肥薩線,10,単線,7213.0,中央,転落防止柵,19,7200.0,7213.0,1.2,鋼,2009-03-31,対象
741,肥薩線,10,単線,7358.0,左,防土砂諸設備,64,7350.0,7366.0,,鋼,2013-11-21,対象
741,肥薩線,10,単線,7440.0,左,防土砂諸設備,41.2,7419.4,7460.6,3,鋼,2012-07-05,対象
741,肥薩線,10,単線,7480.0,左,落石止柵,40.6,7453.0,7489.0,1.2,鋼,2014-02-28,対象
741,肥薩線,10,単線,7535.0,左,落石止柵,,,,1.9,鋼,1936-12-01,対象
741,肥薩線,10,単線,7547.0,左,防土砂諸設備,15,7540.0,7555.0,,鋼,2013-10-15,対象
741,肥薩線,10,単線,7594.0,左,防土砂諸設備,39,7574.0,7613.0,,鋼,2015-09-14,対象
741,肥薩線,10,単線,7657.0,左,落石止柵,61.4,7626.3,7687.8,1.5,PCフェンス,2015-09-14,対象
741,肥薩線,10,単線,7705.0,左,防土砂諸設備,39,7685.0,7724.0,,鋼,2015-09-14,対象
741,肥薩線,10,単線,7733.0,左,落石止柵,26.4,7722.95,7744.55,1.5,PCフェンス,2015-09-14,対象
741,肥薩線,10,単線,7770.0,左,落石止柵,55.3,7746.55,7793.0,1.5,PCフェンス,2015-09-14,対象
741,肥薩線,10,単線,7800.0,左,落石止柵,33.1,7800.0,7825.0,1.5,PCフェンス,2015-10-19,対象
741,肥薩線,10,単線,7870.0,左,防土砂諸設備,27,7854.0,7881.0,,鋼,2016-12-26,対象
741,肥薩線,10,単線,7890.0,左,転落防止柵,31.99,,,,PCフェンス,2016-12-26,対象
741,肥薩線,10,単線,7980.0,左,落石止柵,136.5,7971.2,8050.0,1.5,PCフェンス,2016-01-06,対象
741,肥薩線,10,単線,7999.0,左,落石止柵,10,7994.0,8004.0,1.5,鋼,2015-03-23,対象
741,肥薩線,10,単線,8013.0,左,落石止擁壁,20,,,7,コンクリート,1964-12-01,対象
741,肥薩線,10,単線,8100.0,左,落石止擁壁,70,8060.0,8130.0,3,鉄筋コンクリート,2005-01-31,対象
741,肥薩線,10,単線,8100.0,左,落石止柵,69,8060.5,8129.5,2,鋼,2005-01-31,対象
741,肥薩線,10,単線,8175.0,左,落石止柵,25.1,8174.2,8199.3,2,鋼及び鉄コン,1997-02-01,対象
741,肥薩線,10,単線,8300.0,左,落石止柵,15,8293.0,8308.0,1.5,鋼,2013-10-15,対象
741,肥薩線,10,単線,8330.0,左,落石止柵,,,,1.3,鋼,1988-12-01,対象
741,肥薩線,10,単線,8370.0,左,落石止擁壁,37,,,2.2,コンクリート,,対象
741,肥薩線,10,単線,8537.0,左,落石止擁壁,49,,,3,コンクリート,1983-12-01,対象
741,肥薩線,10,単線,9043.0,左,転落防止柵,16,9035.0,9050.0,1.2,鋼,2010-03-25,対象
741,肥薩線,10,単線,9175.0,左,落石止柵,,,,2.5,鋼,2017-03-29,対象
741,肥薩線,10,単線,9245.0,左,落石止擁壁,25,,,2.1,コンクリート,1987-12-01,対象
741,肥薩線,10,単線,9245.0,左,落石止柵,,,,1,鋼,1987-12-01,対象
741,肥薩線,10,単線,9374.0,左,落石止柵,34,9360.0,9394.0,1.5,鋼,2013-10-15,対象
741,肥薩線,10,単線,9400.0,左,防土砂諸設備,55.86,9369.0,9422.0,,鋼,2016-02-08,対象
741,肥薩線,10,単線,9410.0,左,落石止柵,5,9408.0,9413.0,4,鋼,2007-02-28,対象
741,肥薩線,10,単線,9500.0,左,落石止擁壁,49,9455.6,9504.6,2,鉄筋コンクリート,2005-01-31,対象
741,肥薩線,10,単線,9500.0,左,落石止柵,48,9456.1,9504.1,2,鋼,2005-01-31,対象
741,肥薩線,10,単線,9520.0,左,防護柵,53,9502.0,9545.0,2,鋼,,対象
741,肥薩線,10,単線,9672.0,左,落石止擁壁,24.2,,,5,石,1936-12-01,対象
741,肥薩線,10,単線,9720.0,左,落石止柵,,,,2.4,その他,1936-12-01,対象
741,肥薩線,10,単線,9747.0,左,落石止擁壁,19.7,,,6.4,石,1936-12-01,対象
741,肥薩線,10,単線,9755.0,左,落石止擁壁,15.6,,,2,コンクリート,1946-12-01,対象
741,肥薩線,10,単線,9795.0,左,落石止柵,,,,2,鋼,1936-12-01,対象
741,肥薩線,10,単線,9796.0,左,落石止柵,,,,3.1,鋼,1964-12-01,対象
741,肥薩線,10,単線,10004.0,左,防土砂諸設備,90,9994.0,10014.0,,鋼,2013-11-21,対象
741,肥薩線,10,単線,10495.0,左,落石止柵,34,10478.0,10512.0,1.5,鋼,2013-10-15,対象
741,肥薩線,10,単線,11110.0,左,落石止柵,35.8,,,,その他,1999-09-01,対象
741,肥薩線,10,単線,11170.0,左,落石止柵,57,,,2.5,該当なし,1999-09-01,対象
741,肥薩線,10,単線,11250.0,左,落石止柵,51,,,,その他,2001-02-01,対象
741,肥薩線,10,単線,11300.0,左,落石止柵,36,11288.0,11322.0,2.5,該当なし,2001-12-01,対象
741,肥薩線,10,単線,11320.0,左,落石止擁壁,40,11320.0,11360.0,3,鉄筋コンクリート,,対象
741,肥薩線,10,単線,11378.0,左,落石止柵,,,,1.4,木,1936-12-01,対象外
741,肥薩線,10,単線,11388.25,左,防護その他,62.5,11357.5,11419.0,10,鋼,2017-01-10,対象
741,肥薩線,10,単線,11443.0,左,落石止擁壁,3,,,1.8,コンクリート,1967-12-01,対象
741,肥薩線,10,単線,11451.0,左,防護柵,,,,1.5,PCフェンス,2015-02-04,対象
741,肥薩線,10,単線,11459.0,左,落石止擁壁,30,,,3.5,コンクリート,1967-12-01,対象
741,肥薩線,10,単線,11490.0,左,落石止柵,,,,1.4,木,1936-11-01,対象外
741,肥薩線,10,単線,11530.0,左,落石止擁壁,114.2,,,3.5,鉄筋コンクリート,1979-12-01,対象
741,肥薩線,10,単線,11550.0,左,転落防止柵,12.5,12543.75,12556.25,1.2,鋼,2013-02-18,対象
741,肥薩線,10,単線,11600.0,左,落石止擁壁,19.4,,,1.3,コンクリート,1956-12-01,対象
741,肥薩線,10,単線,11600.0,左,落石止柵,,,,1,その他,1953-12-01,対象
741,肥薩線,10,単線,11601.0,左,落石止擁壁,36.8,,,1.5,コンクリート,1956-12-01,対象
741,肥薩線,10,単線,11601.0,左,落石止柵,,,,3,鋼,1987-10-01,対象
741,肥薩線,10,単線,11602.0,左,落石止擁壁,59.5,,,4.7,コンクリート,1967-12-01,対象
741,肥薩線,10,単線,11630.0,左,落石止柵,,,,,鋼,1988-07-01,対象
741,肥薩線,10,単線,11670.0,左,落石止柵,,,,1.3,鋼,1967-12-01,対象
741,肥薩線,10,単線,11800.0,左,転落防止柵,57,11768.0,11825.0,1.2,鋼,2010-03-29,対象
741,肥薩線,10,単線,12700.0,左,転落防止柵,61.1,12669.45,12730.55,,鋼,2012-08-22,対象
741,肥薩線,10,単線,14326.0,左,落石止柵,114,14276.0,14390.0,1.5,鋼,2013-11-21,対象
741,肥薩線,10,単線,14479.0,左,落石止柵,84.3,14.44,14.52,2,その他,2015-12-21,対象
741,肥薩線,10,単線,14500.0,左,落石止柵,10,,,1.5,単管,2015-01-14,対象
741,肥薩線,10,単線,14523.0,左,落石止柵,,,,2,その他,1936-12-01,対象
741,肥薩線,10,単線,14580.0,左,落石止柵,6,14578.0,14583.0,1.5,その他,2016-03-25,対象
741,肥薩線,10,単線,14665.0,左,落石止柵,33,14651.0,14684.0,1.5,その他,2016-03-25,対象
741,肥薩線,10,単線,14684.0,左,落石止柵,,,,2,鋼,1936-12-01,対象
741,肥薩線,10,単線,14720.0,左,防土砂諸設備,,,,,金網,2015-06-09,対象
741,肥薩線,10,単線,14720.0,左,落石止柵,12,14714.0,14726.0,1.5,その他,2016-03-25,対象
741,肥薩線,10,単線,14730.0,左,落石止擁壁,21.4,,,2.7,コンクリート,1957-12-01,対象
741,肥薩線,10,単線,14754.0,左,落石止柵,,,,2,鋼,1966-12-01,対象
741,肥薩線,10,単線,14857.0,左,落石止柵,,,,5,その他,1936-12-01,対象
741,肥薩線,10,単線,14865.0,左,落石止擁壁,9.5,,,5,コンクリート,1953-12-01,対象
741,肥薩線,10,単線,14877.0,左,落石止擁壁,9.6,,,3.4,コンクリート,1926-12-01,対象
741,肥薩線,10,単線,14910.0,左,落石止擁壁,46,,,,コンクリート,1988-12-01,対象
741,肥薩線,10,単線,14924.0,左,落石止柵,,,,2,鋼,1936-12-01,対象
741,肥薩線,10,単線,14950.0,左,落石止擁壁,44.5,,,3,コンクリート,1976-12-01,対象
741,肥薩線,10,単線,14950.0,左,落石止柵,,,,2,鋼,1936-12-01,対象
741,肥薩線,10,単線,14951.0,左,落石止柵,,,,2,鋼,1936-12-01,対象
741,肥薩線,10,単線,15033.0,左,落石止柵,,,,2.1,鋼,1926-12-01,対象
741,肥薩線,10,単線,15300.0,左,落石止擁壁,12,,,5.4,コンクリート,1967-12-01,対象
741,肥薩線,10,単線,15315.0,左,落石止擁壁,21,,,5.4,コンクリート,1966-12-01,対象
741,肥薩線,10,単線,15315.0,左,落石止柵,,,,2,鋼,1936-12-01,対象
741,肥薩線,10,単線,15316.0,左,落石止柵,,,,2,鋼,1966-12-01,対象
741,肥薩線,10,単線,15324.0,中央,落石止柵,13,15324.0,,3,鋼及び鉄コン,1996-10-01,対象
741,肥薩線,10,単線,15325.0,右,落石止柵,9,15325.0,15334.0,3,鋼及び鉄コン,1996-10-01,対象
741,肥薩線,10,単線,15627.0,左,落石止柵,,,,1.8,鋼,1936-12-01,対象
741,肥薩線,10,単線,15707.0,左,落石止柵,,,,1.8,鋼,1936-12-01,対象
741,肥薩線,10,単線,15776.0,左,落石止柵,,,,1.7,鋼,1936-12-01,対象
741,肥薩線,10,単線,15781.0,左,落石止擁壁,36,15781.0,15827.0,3,鉄筋コンクリート,2004-09-27,対象
741,肥薩線,10,単線,15781.0,左,落石止柵,35,15781.0,15827.0,2,鋼,2004-09-27,対象
741,肥薩線,10,単線,15851.0,左,落石止擁壁,51,,,5.4,コンクリート,1984-12-01,対象
741,肥薩線,10,単線,15936.0,左,落石止擁壁,66.6,,,5.4,鉄筋コンクリート,1978-12-01,対象
741,肥薩線,10,単線,15937.0,左,落石止擁壁,51.2,,,5.4,鉄筋コンクリート,1981-12-01,対象
741,肥薩線,10,単線,16032.0,左,落石止擁壁,75,,,5.4,コンクリート,1977-12-01,対象
741,肥薩線,10,単線,16114.0,左,落石止擁壁,87.4,,,1.4,コンクリート,1986-12-01,対象
741,肥薩線,10,単線,16249.0,左,落石止擁壁,61,,,4,コンクリート,1982-12-01,対象
741,肥薩線,10,単線,16320.0,左,落石止柵,,,,4.8,鋼,1977-12-01,対象
741,肥薩線,10,単線,16505.0,左,防土砂諸設備,,,,,金網,2013-09-27,対象
741,肥薩線,10,単線,16768.0,左,落石止柵,43.6,,,1.5,PCフェンス,2013-09-27,対象
741,肥薩線,10,単線,17155.0,右,簡易落石止柵,29.2,17140.0,17169.0,2,単管,2013-10-23,対象
741,肥薩線,10,単線,17480.0,右,落石止柵,,,,3.3,鋼,1978-12-01,対象
741,肥薩線,10,単線,17481.0,右,落石止柵,,,,,鋼,1979-12-01,対象
741,肥薩線,10,単線,17550.0,右,落石覆,30,,,,PC,1983-12-01,対象
741,肥薩線,10,単線,17560.0,右,落石止柵,,,,5.8,その他,1936-12-01,対象
741,肥薩線,10,単線,17562.0,右,落石止柵,30,17547.0,17577.0,5,鋼,,対象
741,肥薩線,10,単線,17650.0,右,落石止柵,,,,3,その他,1926-12-01,対象
741,肥薩線,10,単線,17651.0,右,落石止柵,,,,3,その他,1954-12-01,対象
741,肥薩線,10,単線,17720.5,右,防護柵,1,17720.0,17721.0,2,鋼,2015-08-12,対象
741,肥薩線,10,単線,17731.0,右,落石覆,20,17731.0,17751.0,,PC,2017-03-27,対象
741,肥薩線,10,単線,17735.0,右,防護柵,35,17720.0,17750.0,2,鋼,2010-03-29,対象
741,肥薩線,10,単線,17846.0,右,落石止擁壁,40,,,3,コンクリート,2013-12-26,対象
741,肥薩線,10,単線,17888.0,右,落石止擁壁,61,17866.0,17927.0,5,鋼及び鉄コン,1997-02-01,対象
741,肥薩線,10,単線,17942.0,右,落石止柵,30,17927.0,17957.0,2.5,鋼,2017-02-08,対象
741,肥薩線,10,単線,17945.0,右,簡易落石止柵,34.2,17927.0,17961.0,2,単管,2013-10-23,対象
741,肥薩線,10,単線,17984.0,右,落石止柵,35,17966.0,18001.0,2,鋼,2017-02-08,対象
741,肥薩線,10,単線,18091.0,右,落石止柵,,,,,木,1936-12-01,対象
741,肥薩線,10,単線,18092.0,右,落石止柵,,,,,鋼,1964-12-01,対象
741,肥薩線,10,単線,18118.0,右,防土砂諸設備,2,18117.0,18119.0,2.5,鋼,2009-09-29,対象
741,肥薩線,10,単線,18150.0,右,落石止擁壁,160,,,8,コンクリート,1963-12-01,対象
741,肥薩線,10,単線,18151.0,右,落石止擁壁,9.5,,,,該当なし,1936-12-01,対象
741,肥薩線,10,単線,18231.0,右,落石止柵,,,,2.2,その他,1936-12-01,対象
741,肥薩線,10,単線,18260.0,右,落石止擁壁,28.7,,,4,コンクリート,1982-12-01,対象
741,肥薩線,10,単線,18270.0,右,落石止柵,,,,2.2,鋼,1936-12-01,対象
741,肥薩線,10,単線,18305.0,右,落石止擁壁,58.3,,,10.3,石,1936-12-01,対象
741,肥薩線,10,単線,18336.0,右,落石止柵,,,,2,鋼,1936-12-01,対象
741,肥薩線,10,単線,18347.0,右,落石止擁壁,46,18332.8,18378.8,5,コンクリート,2002-12-01,対象
741,肥薩線,10,単線,18347.0,右,落石止柵,45,18333.3,18378.3,2,鉄筋コンクリート,2002-12-01,対象
741,肥薩線,10,単線,18374.0,右,落石止柵,,,,2,鋼,1936-12-01,対象
741,肥薩線,10,単線,18400.0,右,防土砂諸設備,2,18368.0,18417.0,10,鋼,2014-11-28,対象
741,肥薩線,10,単線,18441.0,右,落石止柵,,,,4,鋼,1979-12-01,対象
741,肥薩線,10,単線,18486.0,右,落石止擁壁,12.6,,,4.4,コンクリート,1979-12-01,対象
741,肥薩線,10,単線,18500.0,右,落石止柵,,,,2.9,鋼,1967-12-01,対象
741,肥薩線,10,単線,18540.0,右,落石止柵,,,,2.3,鋼,1959-12-01,対象
741,肥薩線,10,単線,18581.0,右,落石止柵,,,,4,鋼,1978-12-01,対象
741,肥薩線,10,単線,18582.0,右,落石止柵,,,,4,鋼,1979-12-01,対象
741,肥薩線,10,単線,18677.0,右,簡易落石止柵,20.1,18667.0,18687.0,2,単管,2013-10-23,対象
741,肥薩線,10,単線,18780.0,右,防土砂諸設備,3,,,,鋼,2014-02-06,対象
741,肥薩線,10,単線,18780.0,右,簡易落石止柵,89.1,18742.5,18829.0,1.2,PCフェンス,2014-02-06,対象
741,肥薩線,10,単線,18998.0,右,落石止擁壁,45.2,,,4,コンクリート,1985-12-01,対象
741,肥薩線,10,単線,19029.0,右,簡易落石止柵,7.1,19025.0,19032.0,2,単管,2013-10-23,対象
741,肥薩線,10,単線,19144.0,右,簡易落石止柵,203,19042.0,19245.0,2,単管,2013-11-28,対象
741,肥薩線,10,単線,19300.0,右,転落防止柵,48.1,19280.0,19328.0,1.5,鋼,2017-12-07,対象
741,肥薩線,10,単線,19304.0,右,簡易落石止柵,47.1,19280.0,19327.0,2,単管,2013-10-23,対象
741,肥薩線,10,単線,19327.0,右,簡易落石止柵,6.5,19324.0,19330.0,2,単管,2013-11-21,対象
741,肥薩線,10,単線,19360.0,右,防護その他,63,19329.0,19392.0,5,鋼,2017-12-07,対象
741,肥薩線,10,単線,19390.0,右,落石止柵,21.6,19285.0,19306.0,2,鋼,2010-11-16,対象
741,肥薩線,10,単線,19480.0,右,落石止柵,22,19470.0,19492.0,2,鋼,2011-05-31,対象
741,肥薩線,10,単線,19553.0,右,落石止柵,150,19478.0,19628.0,3,鋼及び鉄コン,2015-08-19,対象
741,肥薩線,10,単線,19625.0,右,落石止擁壁,11,,,4.3,コンクリート,1983-12-01,対象
741,肥薩線,10,単線,19626.0,右,落石止擁壁,17,,,5,コンクリート,1983-12-01,対象
741,肥薩線,10,単線,19640.0,右,落石止擁壁,97.5,,,,該当なし,2001-02-01,対象
741,肥薩線,10,単線,19663.0,右,簡易落石止柵,12.2,19657.0,19670.0,2,単管,2013-10-23,対象
741,肥薩線,10,単線,19850.0,右,落石止擁壁,10,,,,鉄筋コンクリート,2000-03-01,対象
741,肥薩線,10,単線,19888.0,右,簡易落石止柵,37,19869.0,19906.0,2,単管,2013-10-23,対象
741,肥薩線,10,単線,19919.0,右,落石止柵,13.6,19912.0,19926.0,2,鋼,2010-11-16,対象
741,肥薩線,10,単線,19938.0,右,簡易落石止柵,14,19931.0,19945.0,1.5,単管,2016-03-29,対象
741,肥薩線,10,単線,19960.0,右,落石止擁壁,14,19949.0,19963.0,5,コンクリート,1998-03-01,対象
741,肥薩線,10,単線,20040.0,右,落石止柵,,,,2.5,鋼,1957-12-01,対象
741,肥薩線,10,単線,20050.0,右,落石止擁壁,84.5,,,3.3,コンクリート,1983-12-01,対象
741,肥薩線,10,単線,20100.0,右,落石止擁壁,146,,,2.5,コンクリート,1988-01-01,対象
741,肥薩線,10,単線,20147.0,右,落石止柵,8.4,,,3.7,鋼,1965-12-01,対象
741,肥薩線,10,単線,20200.0,右,落石止柵,27,20190.0,20210.0,2.88,鋼及び鉄コン,1998-02-01,対象
741,肥薩線,10,単線,20216.0,右,簡易落石止柵,13.2,20209.0,20222.0,2,単管,2013-10-23,対象
741,肥薩線,10,単線,20282.0,右,簡易落石止柵,7.3,20278.0,20285.0,2,単管,2013-10-23,対象
741,肥薩線,10,単線,20300.0,右,落石止擁壁,45,,,3,コンクリート,1971-12-01,対象
741,肥薩線,10,単線,20310.0,右,落石止柵,55.4,,,1.2,鋼,2014-03-07,対象
741,肥薩線,10,単線,20330.0,右,落石止柵,27,20330.0,20330.0,2.88,鋼及び鉄コン,2012-03-29,対象
741,肥薩線,10,単線,20355.0,右,落石止柵,27,20330.0,20330.0,2.88,鋼及び鉄コン,2012-03-29,対象
741,肥薩線,10,単線,20375.0,右,簡易落石止柵,9.3,20370.0,20379.0,2,単管,2013-10-23,対象
741,肥薩線,10,単線,20398.0,右,落石止柵,,,,2.8,鋼,1946-12-01,対象
741,肥薩線,10,単線,20424.0,右,落石止擁壁,91.6,,,4.6,コンクリート,1985-12-01,対象
741,肥薩線,10,単線,20452.0,右,落石止柵,,,,2.1,鋼,1936-12-01,対象
741,肥薩線,10,単線,20499.0,右,簡易落石止柵,15.5,20491.0,20506.0,2,単管,2013-10-23,対象
741,肥薩線,10,単線,20523.0,右,落石止柵,,,,2,鋼,1936-12-01,対象
741,肥薩線,10,単線,20558.0,右,落石止柵,,,,2.1,鋼,1936-12-01,対象
741,肥薩線,10,単線,20590.0,右,落石止柵,,,,1.9,鋼,1936-12-01,対象
741,肥薩線,10,単線,20712.0,右,簡易落石止柵,14.4,20705.0,20719.0,2,単管,2013-10-23,対象
741,肥薩線,10,単線,20764.0,右,簡易落石止柵,12,20758.0,20770.0,2,単管,2013-10-23,対象
741,肥薩線,10,単線,21261.0,右,簡易落石止柵,64,21229.0,21293.0,2,単管,2013-11-11,対象
741,肥薩線,10,単線,21363.0,右,簡易落石止柵,45.3,21340.0,21385.0,2,単管,2013-11-11,対象
741,肥薩線,10,単線,21540.0,右,落石止柵,,,,2,鋼,2014-12-24,対象
741,肥薩線,10,単線,21660.0,右,落石止柵,,,,1,鋼,1983-12-01,対象
741,肥薩線,10,単線,21770.0,右,落石止柵,,21775.0,21799.0,2,鋼,2015-03-23,対象
741,肥薩線,10,単線,21831.0,右,落石止柵,,,,2.4,鋼,1978-12-01,対象
741,肥薩線,10,単線,21911.0,右,落石止柵,,,,4,鋼,1978-12-01,対象
741,肥薩線,10,単線,22000.0,右,落石止柵,24,,,,該当なし,2000-03-01,対象
741,肥薩線,10,単線,22080.0,右,落石止柵,,,,2,鋼,2014-03-14,対象
741,肥薩線,10,単線,22143.0,右,落石止柵,,,,1.5,木,1908-12-01,対象
741,肥薩線,10,単線,22153.0,右,落石止柵,,,,5,鋼,1966-12-01,対象
741,肥薩線,10,単線,22190.0,右,落石止柵,,,,6.1,鋼,1969-12-01,対象
741,肥薩線,10,単線,22218.0,右,落石止擁壁,36.8,,,3,コンクリート,1954-12-01,対象
741,肥薩線,10,単線,22258.0,右,落石止柵,,,,2,鋼,1946-12-01,対象
741,肥薩線,10,単線,22275.0,右,落石止擁壁,70,22275.0,22345.0,2.5,鉄筋コンクリート,2009-12-22,対象
741,肥薩線,10,単線,22298.0,右,落石止柵,,,,1.5,木,1916-12-01,対象
741,肥薩線,10,単線,22381.0,右,落石止擁壁,55,,,4,コンクリート,1982-12-01,対象
741,肥薩線,10,単線,22419.0,右,落石止柵,,,,2,その他,1967-12-01,対象
741,肥薩線,10,単線,22441.0,右,落石止柵,,,,2,その他,1967-12-01,対象
741,肥薩線,10,単線,22465.0,右,落石止擁壁,30,,,6,コンクリート,1965-12-01,対象
741,肥薩線,10,単線,22530.0,右,落石止擁壁,45,,,3.3,コンクリート,1975-12-01,対象
741,肥薩線,10,単線,22530.0,右,落石止柵,,,,1.5,木,1936-12-01,対象
741,肥薩線,10,単線,22531.0,右,落石止擁壁,8,,,3.3,コンクリート,1981-12-01,対象
741,肥薩線,10,単線,22560.0,右,落石止柵,,,,3.5,鋼,1981-12-01,対象
741,肥薩線,10,単線,22565.0,右,落石止柵,,,,5.1,鋼,1966-12-01,対象
741,肥薩線,10,単線,22595.0,右,落石止柵,,,,5.3,鋼,1969-12-01,対象
741,肥薩線,10,単線,22638.0,右,落石止柵,,,,2.5,鋼,1983-12-01,対象
741,肥薩線,10,単線,22684.4,右,落石止柵,,22665.0,22703.8,2,鋼,2017-03-24,対象
741,肥薩線,10,単線,22702.0,右,落石止擁壁,21,22702.0,22723.0,3,コンクリート,1993-12-01,対象
741,肥薩線,10,単線,22723.0,右,落石止擁壁,10,,,5,コンクリート,1954-12-01,対象
741,肥薩線,10,単線,22724.0,右,落石止擁壁,22.3,,,5,石,1954-12-01,対象
741,肥薩線,10,単線,22742.0,右,落石止擁壁,98,22742.0,22840.0,,コンクリート,1993-12-01,対象
741,肥薩線,10,単線,22750.0,右,落石止擁壁,97,,,3,コンクリート,1993-12-01,対象
741,肥薩線,10,単線,22790.0,右,落石止擁壁,22,,,3,コンクリート,1993-12-01,対象
741,肥薩線,10,単線,22930.0,右,落石止擁壁,52,22899.3,22951.3,5,鉄筋コンクリート,1998-07-01,対象
741,肥薩線,10,単線,23016.0,右,落石止擁壁,103,22951.0,23054.0,5,鋼及び鉄コン,1997-02-01,対象
741,肥薩線,10,単線,23070.0,右,落石止擁壁,76,23054.0,23130.0,5,コンクリート,1997-12-01,対象
741,肥薩線,10,単線,23223.0,右,落石止擁壁,94,,,3,コンクリート,1983-12-01,対象
741,肥薩線,10,単線,23710.0,右,落石止柵,63,,,,該当なし,1999-06-01,対象
741,肥薩線,10,単線,23770.0,右,落石止柵,,,,2,鋼,1908-12-01,対象
741,肥薩線,10,単線,23810.0,右,落石止擁壁,106,23739.0,23845.0,5.5,鉄筋コンクリート,1999-02-01,対象
741,肥薩線,10,単線,23879.0,右,落石止擁壁,49,,,4.4,コンクリート,1981-12-01,対象
741,肥薩線,10,単線,23880.0,右,落石止擁壁,20,,,4.4,コンクリート,1981-12-01,対象
741,肥薩線,10,単線,23930.0,右,落石止柵,,,,2,鋼,1981-12-01,対象
741,肥薩線,10,単線,23948.0,右,落石止擁壁,13,,,4.4,コンクリート,1981-12-01,対象
741,肥薩線,10,単線,23960.0,右,落石止擁壁,11.4,,,,コンクリート,1973-12-01,対象
741,肥薩線,10,単線,23980.0,右,落石止擁壁,30.6,,,4.3,コンクリート,1963-12-01,対象
741,肥薩線,10,単線,23981.0,右,落石止擁壁,5,,,4,コンクリート,1973-12-01,対象
741,肥薩線,10,単線,24014.0,右,落石止柵,,,,2,鋼,1908-12-01,対象
741,肥薩線,10,単線,24020.0,右,落石止柵,45,24004.0,24048.0,4.8,該当なし,2001-12-01,対象
741,肥薩線,10,単線,24100.0,右,落石止柵,,,,6.2,鋼,1908-12-01,対象
741,肥薩線,10,単線,24168.0,右,落石止柵,,,,2,鋼,1908-12-01,対象
741,肥薩線,10,単線,24173.0,右,落石止柵,63,24141.5,24204.5,5,鋼,1996-02-01,対象
741,肥薩線,10,単線,24205.0,右,落石止柵,16,24205.0,24221.0,,その他,1999-09-01,対象
741,肥薩線,10,単線,24232.0,右,落石止擁壁,32,24232.0,24264.0,,コンクリート,1999-09-01,対象
741,肥薩線,10,単線,24300.0,右,落石止擁壁,73.2,,,1.7,石,1908-12-01,対象
741,肥薩線,10,単線,24376.0,右,落石止柵,73,24339.0,24412.0,2.5,鋼及び鉄コン,2016-01-21,対象
741,肥薩線,10,単線,24390.0,右,防護柵,28.3,24380.0,24400.0,1.5,鋼,2010-03-08,対象外
741,肥薩線,10,単線,24430.0,右,落石止柵,24.9,24417.0,24442.0,3,鋼及び鉄コン,2016-01-21,対象
741,肥薩線,10,単線,24480.0,右,落石止擁壁,100,,,3.5,コンクリート,1986-12-01,対象
741,肥薩線,10,単線,24678.0,右,落石止擁壁,49,,,2,コンクリート,1988-12-01,対象
741,肥薩線,10,単線,24735.0,右,落石止柵,,,,1.6,鋼,1988-12-01,対象
741,肥薩線,10,単線,24789.0,右,落石止柵,14,24782.0,24796.0,2,鋼,2016-03-29,対象
741,肥薩線,10,単線,24834.0,右,落石止擁壁,98.5,,,3.5,コンクリート,1984-12-01,対象
741,肥薩線,10,単線,24884.0,右,落石止擁壁,4,,,2,コンクリート,1984-12-01,対象
741,肥薩線,10,単線,24918.0,右,落石止柵,82.6,24879.6,24956.7,2.5,鋼,2007-03-31,対象
741,肥薩線,10,単線,24996.0,右,落石止柵,86.7,24962.0,25037.0,2.5,鋼,2009-12-28,対象
741,肥薩線,10,単線,25050.0,右,落石止柵,22.5,25044.0,25066.5,2.5,鋼,2010-03-30,対象
741,肥薩線,10,単線,25066.0,右,落石止柵,32.1,,,1.1,その他,1908-12-01,対象
741,肥薩線,10,単線,25087.0,右,簡易落石止柵,54.8,25060.0,25115.0,2,単管,2013-11-11,対象
741,肥薩線,10,単線,25180.0,右,防護その他,5.3,25178.0,25183.3,5.4,鋼,2006-03-31,対象
741,肥薩線,10,単線,25210.0,右,落石止擁壁,73,24171.0,25244.0,3,鉄筋コンクリート,2006-03-17,対象
741,肥薩線,10,単線,25210.0,右,落石止柵,72,25171.5,25243.5,1.5,鋼,2006-03-17,対象
741,肥薩線,10,単線,25320.0,右,落石止柵,,,,2.3,鋼,1963-12-01,対象
741,肥薩線,10,単線,25426.0,右,落石止柵,,,,2.5,鋼,2018-02-05,対象
741,肥薩線,10,単線,25458.0,右,落石止柵,,,,4.2,鋼,1969-12-01,対象
741,肥薩線,10,単線,25465.0,右,落石止擁壁,7,,,1.7,コンクリート,1953-12-01,対象
741,肥薩線,10,単線,25474.0,右,簡易落石止柵,11,25468.0,25479.0,2,単管,2014-03-18,対象
741,肥薩線,10,単線,25475.0,右,落石止柵,,,,2.5,鋼,2018-02-05,対象
741,肥薩線,10,単線,25508.0,右,落石止柵,,,,4.2,鋼,2012-03-08,対象
741,肥薩線,10,単線,25540.0,右,落石止柵,,,,4.2,鋼,2012-03-08,対象
741,肥薩線,10,単線,25905.0,右,簡易落石止柵,45,25884.0,25927.0,1.2,PCフェンス,2016-07-22,対象
741,肥薩線,10,単線,25907.0,右,簡易落石止柵,4,25931.0,25935.0,2,単管,2013-11-11,対象
741,肥薩線,10,単線,26020.0,右,落石止擁壁,81.2,,,3.1,コンクリート,1984-12-01,対象
741,肥薩線,10,単線,26192.0,右,簡易落石止柵,30,26177.0,26207.0,2,鋼,2017-02-17,対象
741,肥薩線,10,単線,26216.0,右,落石止柵,108,26216.0,26324.0,2.5,鋼,2008-02-01,対象
741,肥薩線,10,単線,26217.0,右,砂防えん堤,6.1,,,2,コンクリート,1926-12-01,対象
741,肥薩線,10,単線,26450.0,右,落石止柵,,,,1.6,その他,1989-03-01,対象
741,肥薩線,10,単線,26500.0,右,落石止擁壁,20,,,3,コンクリート,1963-12-01,対象
741,肥薩線,10,単線,26521.0,右,落石止柵,34.2,26504.0,26538.2,1.5,PC,2013-01-10,対象
741,肥薩線,10,単線,26525.0,右,落石止柵,,,,1,鋼,1969-12-01,対象
741,肥薩線,10,単線,26576.0,右,落石止柵,,,,1.5,木,1908-12-01,対象
741,肥薩線,10,単線,26580.0,右,落石止柵,,,,1.6,その他,1989-12-01,対象
741,肥薩線,10,単線,26608.0,右,落石止柵,,,,1.5,木,1908-12-01,対象
741,肥薩線,10,単線,26635.0,右,落石止柵,,,,1.5,木,1908-12-01,対象
741,肥薩線,10,単線,26650.0,右,落石止柵,,,,1.5,木,1908-12-01,対象
741,肥薩線,10,単線,26670.0,右,落石止柵,,,,2.3,鋼,1958-12-01,対象
741,肥薩線,10,単線,26710.0,右,防土砂諸設備,15,26703.0,26718.0,,鋼,2015-09-17,対象
741,肥薩線,10,単線,26710.0,右,転落防止柵,33.6,26703.0,26718.0,1.5,鋼,2015-09-17,対象
741,肥薩線,10,単線,26720.0,右,落石止柵,,,,1.8,その他,1966-12-01,対象
741,肥薩線,10,単線,26721.0,右,落石止柵,,,,1.8,鋼,1966-12-01,対象
741,肥薩線,10,単線,26723.0,右,落石止柵,,,,1.8,鋼,1966-12-01,対象
741,肥薩線,10,単線,26964.0,右,簡易落石止柵,70.3,26929.0,26996.0,2,単管,2013-11-11,対象
741,肥薩線,10,単線,27100.0,右,落石止柵,79.2,27050.0,27132.2,2.5,鋼,2006-02-28,対象
741,肥薩線,10,単線,27130.0,右,落石止柵,,,,4.5,鋼,1971-12-01,対象
741,肥薩線,10,単線,27386.0,右,簡易落石止柵,81.3,27345.0,27426.0,2,単管,2013-11-21,対象
741,肥薩線,10,単線,27516.0,右,落石止擁壁,43,,,4.5,コンクリート,1981-12-01,対象
741,肥薩線,10,単線,28000.0,右,転落防止柵,26.49,27976.5,27996.5,1.2,鋼,2012-12-17,対象
741,肥薩線,10,単線,28050.0,右,転落防止柵,22,28037.0,28059.0,1.2,PC,2010-02-16,対象
741,肥薩線,10,単線,28086.0,右,落石止擁壁,82,,,4,コンクリート,1986-12-01,対象
741,肥薩線,10,単線,28169.0,右,落石止擁壁,119.3,,,2,コンクリート,1987-12-01,対象
741,肥薩線,10,単線,28181.0,右,落石止柵,,,,1.2,鋼,1966-12-01,対象
741,肥薩線,10,単線,28270.0,右,落石止柵,,,,1.6,その他,1989-03-01,対象
741,肥薩線,10,単線,28290.0,右,落石止柵,,,,1.6,その他,1992-11-01,対象
741,肥薩線,10,単線,28300.0,中央,防土砂諸設備,18,28300.0,28300.0,,鋼,2015-03-23,対象
741,肥薩線,10,単線,28360.0,右,落石止柵,18.5,28360.0,28378.5,2.5,鋼,2016-02-05,対象
741,肥薩線,10,単線,28371.0,右,落石止柵,19,28362.0,28381.0,2.5,鋼,2013-03-01,対象
741,肥薩線,10,単線,28375.0,右,落石止擁壁,23.4,,,2,石,1966-12-01,対象
741,肥薩線,10,単線,28418.0,右,落石止擁壁,46.01,28395.0,28441.0,3.6,鉄筋コンクリート,2013-03-01,対象
741,肥薩線,10,単線,28610.0,右,防護柵,22,28602.0,28624.0,2,鋼,2010-03-29,対象
741,肥薩線,10,単線,28638.0,右,落石止柵,,28626.0,28650.0,1.5,PCフェンス,2015-03-23,対象
741,肥薩線,10,単線,28906.0,右,簡易落石止柵,18.3,28897.0,28915.0,2,単管,2013-11-21,対象外
741,肥薩線,10,単線,28961.0,右,簡易落石止柵,13.5,28954.0,28967.0,2,単管,2013-11-21,対象
741,肥薩線,10,単線,28990.0,右,落石止柵,,,,1,鋼,1982-12-01,対象
741,肥薩線,10,単線,29170.0,右,落石止柵,,29138.0,29207.0,1.5,PCフェンス,2015-01-19,対象
741,肥薩線,10,単線,29327.0,右,簡易落石止柵,140.1,29257.0,29397.0,2,単管,2013-11-21,対象外
741,肥薩線,10,単線,29356.0,右,落石止柵,201,29256.0,29455.0,2,単管,2016-02-25,対象
741,肥薩線,10,単線,29360.0,右,防護柵,190,29270.0,29460.0,2,鋼,2010-03-29,対象
741,肥薩線,10,単線,29426.0,右,簡易落石止柵,58,29397.0,29455.0,2,単管,2013-11-28,対象外
741,肥薩線,10,単線,29605.0,右,落石止擁壁,85.2,,,3.5,コンクリート,1987-12-01,対象
741,肥薩線,10,単線,29672.5,右,転落防止柵,62.3,29645.0,29700.0,1.5,単管,2017-03-09,対象
741,肥薩線,10,単線,29738.0,右,簡易落石止柵,76,29700.0,29776.0,,単管,2017-03-27,対象
741,肥薩線,10,単線,29800.0,右,落石止柵,6,29797.0,29803.0,4,鋼,2006-07-31,対象
741,肥薩線,10,単線,29827.0,右,落石止柵,30,29812.0,29842.0,2,単管,2013-10-16,対象
741,肥薩線,10,単線,29852.0,右,落石止柵,155,29774.0,29930.0,2,鋼,2017-03-27,対象
741,肥薩線,10,単線,29892.0,右,落石止柵,77,29853.0,29930.0,2,単管,2013-10-16,対象
741,肥薩線,10,単線,30036.0,右,落石止柵,71.2,30004.5,30076.1,1.5,鋼,1995-01-01,対象
741,肥薩線,10,単線,30105.0,右,落石止柵,65,30075.0,30140.0,2.6,鋼及び鉄コン,1998-02-01,対象
741,肥薩線,10,単線,30145.0,右,落石止柵,19.7,30140.0,30160.0,,該当なし,2001-02-01,対象
741,肥薩線,10,単線,30162.0,右,落石止柵,,,,6.3,鋼,1967-12-01,対象
741,肥薩線,10,単線,30195.0,右,落石止擁壁,46,,,3.3,コンクリート,1963-12-01,対象
741,肥薩線,10,単線,30220.0,右,落石止擁壁,14.3,,,,鉄筋コンクリート,2001-02-01,対象
741,肥薩線,10,単線,30269.0,右,落石止擁壁,75.2,,,2,石,1936-12-01,対象
741,肥薩線,10,単線,30335.0,右,落石止擁壁,55.6,,,2.6,コンクリート,1985-12-01,対象
741,肥薩線,10,単線,30393.0,右,落石止擁壁,56,,,3.6,コンクリート,1989-12-01,対象
741,肥薩線,10,単線,30473.0,右,落石止柵,65,30440.0,30505.0,2,単管,2013-10-16,対象
741,肥薩線,10,単線,30476.0,右,落石止柵,74,30439.0,30513.0,2,その他,2018-02-05,対象
741,肥薩線,10,単線,30520.0,右,落石止柵,110,30510.0,30620.0,2,その他,1999-02-01,対象
741,肥薩線,10,単線,30630.0,右,落石止柵,48,,,,該当なし,2000-02-01,対象
741,肥薩線,10,単線,30702.0,右,落石止柵,33,30685.0,30718.0,1.5,単管,2013-10-16,対象
741,肥薩線,10,単線,30820.0,右,落石止柵,46.9,30820.0,30868.0,1.5,PCフェンス,2015-01-29,対象
741,肥薩線,10,単線,30891.0,右,落石止柵,2,30890.0,30892.0,1.5,PCフェンス,2013-12-19,対象
741,肥薩線,10,単線,30983.0,右,落石止柵,,,,2,その他,1926-12-01,対象
741,肥薩線,10,単線,31210.0,右,落石止擁壁,21,,,2,コンクリート,1959-12-01,対象
741,肥薩線,10,単線,31240.0,右,落石止柵,3,31240.0,31243.0,2,鋼,2007-08-07,対象
741,肥薩線,10,単線,31250.0,右,落石止擁壁,58,,,2.7,コンクリート,1926-12-01,対象
741,肥薩線,10,単線,31340.0,右,落石止擁壁,79.5,,,4,コンクリート,1985-12-01,対象
741,肥薩線,10,単線,31380.0,右,落石止柵,76,31380.4,31452.0,2.5,鋼,2008-02-01,対象
741,肥薩線,10,単線,31525.0,右,落石止擁壁,100,,,4,コンクリート,1982-12-01,対象
741,肥薩線,10,単線,31615.0,右,落石止擁壁,81.6,,,4,コンクリート,1983-12-01,対象
741,肥薩線,10,単線,31705.0,右,落石止柵,30,31690.0,31720.0,2.5,鋼,2006-01-24,対象
741,肥薩線,10,単線,31750.0,右,転落防止柵,40,31730.0,31770.0,1.2,PCフェンス,2015-10-23,対象
741,肥薩線,10,単線,31774.0,右,防護その他,27.6,31774.0,31801.6,24.4,鋼,2008-12-24,対象
741,肥薩線,10,単線,31790.0,右,落石止柵,,,,2,鋼,1908-12-01,対象
741,肥薩線,10,単線,31791.0,右,落石止柵,,,,2,鋼,1908-12-01,対象
741,肥薩線,10,単線,31792.0,右,落石止柵,,,,2,鋼,1908-12-01,対象
741,肥薩線,10,単線,31840.0,右,落石止柵,77.9,31813.0,31867.0,2.5,鉄筋コンクリート,2009-12-28,対象
741,肥薩線,10,単線,31847.0,右,落石止柵,,,,1.5,木,1908-12-01,対象
741,肥薩線,10,単線,31850.0,右,防土砂諸設備,,31850.0,31850.0,,金網,2016-03-29,対象
741,肥薩線,10,単線,31851.0,右,防土砂諸設備,,31850.0,31850.0,,金網,2016-03-29,対象
741,肥薩線,10,単線,31852.0,右,防土砂諸設備,,31851.0,31851.0,,金網,2016-03-29,対象
741,肥薩線,10,単線,31892.0,右,落石止柵,,,,2.2,鋼,1908-12-01,対象
741,肥薩線,10,単線,31908.0,右,防護柵,17,31900.0,31917.0,2,鋼,2010-03-30,対象
741,肥薩線,10,単線,31910.0,右,防護その他,10,31905.0,31915.0,9,鋼,2010-03-30,対象
741,肥薩線,10,単線,31930.0,右,落石止柵,,,,2.2,鋼,1962-12-01,対象
741,肥薩線,10,単線,31950.0,右,落石止柵,,,,1.5,その他,1992-11-01,対象
741,肥薩線,10,単線,32078.0,右,落石止柵,8,32074.0,32082.0,2,単管,2013-10-16,対象
741,肥薩線,10,単線,32080.0,右,転落防止柵,42,32067.0,32085.0,1.2,鋼,2014-09-12,対象
741,肥薩線,10,単線,32360.0,右,落石止柵,51,32334.4,32356.0,2,その他,1999-02-01,対象
741,肥薩線,10,単線,32367.0,左右,落石覆,29.94,32.35,32.38,,PC,2016-11-29,対象
741,肥薩線,10,単線,32370.0,右,防護諸設備,29.25,,,,その他,1975-12-01,対象外
741,肥薩線,10,単線,32391.0,右,落石止柵,,,,1.5,木,1908-12-01,対象外
741,肥薩線,10,単線,32400.0,右,落石覆,50,,,4.5,鋼,1976-12-01,対象
741,肥薩線,10,単線,32410.0,右,落石止柵,,,,2.4,鋼,1959-12-01,対象
741,肥薩線,10,単線,32440.0,右,防護諸設備,20,,,,その他,1975-12-01,対象外
741,肥薩線,10,単線,32459.0,右,落石止柵,,,,2,鋼,1908-12-01,対象
741,肥薩線,10,単線,32500.0,右,落石止擁壁,31.4,,,5.8,コンクリート,1946-12-01,対象
741,肥薩線,10,単線,32501.0,右,落石止擁壁,26.1,,,4.1,コンクリート,1946-12-01,対象
741,肥薩線,10,単線,32502.0,右,落石止擁壁,9.3,,,2.7,コンクリート,1946-12-01,対象
741,肥薩線,10,単線,32590.0,右,落石止柵,,,,2,鋼,1908-12-01,対象
741,肥薩線,10,単線,32655.0,右,落石止柵,,,,2,鋼,1908-12-01,対象
741,肥薩線,10,単線,32659.0,右,防土砂諸設備,,31851.0,31851.0,,金網,2017-01-16,対象
741,肥薩線,10,単線,32659.0,右,落石止柵,28,32645.0,32673.0,1.5,単管,2013-10-16,対象
741,肥薩線,10,単線,32730.0,右,落石止柵,,,,2,鋼,1954-12-01,対象
741,肥薩線,10,単線,32731.0,右,落石止柵,,,,2,鋼,1959-12-01,対象
741,肥薩線,10,単線,32990.0,右,落石止柵,,,,2,鋼,1908-12-01,対象
741,肥薩線,10,単線,33000.0,右,落石止擁壁,12,,,3.7,コンクリート,1961-12-01,対象
741,肥薩線,10,単線,33001.0,右,落石止擁壁,78.2,,,3.9,コンクリート,1962-12-01,対象
741,肥薩線,10,単線,33002.0,右,落石止擁壁,16.6,,,3,コンクリート,1963-12-01,対象
741,肥薩線,10,単線,33003.0,右,落石止擁壁,100,,,4.3,コンクリート,1975-12-01,対象
741,肥薩線,10,単線,33072.0,右,落石止柵,,,,2,その他,1908-12-01,対象
741,肥薩線,10,単線,33114.0,中央,落石止柵,8,33114.0,,2,鋼,1996-10-01,対象
741,肥薩線,10,単線,33450.0,右,転落防止柵,18,33467.1,33485.1,1.2,鋼,2012-08-10,対象
741,肥薩線,10,単線,33450.0,中央,転落防止柵,32,,,1.2,鋼,2016-12-21,対象
741,肥薩線,10,単線,33459.0,左,落石止柵,8,33455.0,33463.0,1.5,PCフェンス,2013-10-16,対象
741,肥薩線,10,単線,33559.0,右,落石止擁壁,31.6,,,3,コンクリート,1953-12-01,対象
741,肥薩線,10,単線,34412.0,左,転落防止柵,70.1,34395.5,34436.5,1.5,鋼,2010-03-29,対象
741,肥薩線,10,単線,34530.0,右,転落防止柵,28,34513.8,34533.2,1.2,鋼,2012-07-06,対象
741,肥薩線,10,単線,34534.0,中央,落石止柵,,34534.0,34534.0,2.5,その他,2015-09-14,対象
741,肥薩線,10,単線,34720.0,右,落石止柵,,,,5.9,鋼,1916-12-01,対象
741,肥薩線,10,単線,34721.0,右,落石止柵,,,,5.9,鋼,1954-12-01,対象
741,肥薩線,10,単線,34751.0,右,落石止柵,,,,2,鋼,1916-12-01,対象
741,肥薩線,10,単線,34780.0,右,落石止擁壁,33,,,3,コンクリート,1989-12-01,対象
741,肥薩線,10,単線,34890.0,右,落石止柵,,,,2,鋼,1916-12-01,対象
741,肥薩線,10,単線,35150.0,右,落石止擁壁,235.2,,,2.1,コンクリート,1946-12-01,対象
741,肥薩線,10,単線,35234.0,右,落石止柵,68,35200.0,35268.0,1.5,単管,2013-11-08,対象
741,肥薩線,10,単線,35249.0,左,防護諸設備,52,35223.0,35275.0,,その他,2013-10-16,対象
741,肥薩線,10,単線,35521.0,右,落石止柵,22,35510.0,35532.0,1.5,単管,2013-11-08,対象
741,肥薩線,10,単線,35550.0,右,落石止柵,29.74,,,1.5,単管,2014-12-24,対象
741,肥薩線,10,単線,35589.0,右,落石止柵,9,35585.0,35594.0,1.5,単管,2013-11-08,対象
741,肥薩線,10,単線,35598.0,右,落石止柵,9,35594.0,35603.0,2,単管,2013-11-08,対象
741,肥薩線,10,単線,35693.0,右,落石止柵,54,35666.0,35720.0,1.5,単管,2013-11-08,対象
741,肥薩線,10,単線,35750.0,右,落石止擁壁,49,35723.0,35772.0,5.5,コンクリート,1994-08-01,対象
741,肥薩線,10,単線,35800.0,右,落石止擁壁,53.4,,,2.2,石,1908-12-01,対象
741,肥薩線,10,単線,35830.0,右,落石止擁壁,10,,,2.6,コンクリート,1977-12-01,対象
741,肥薩線,10,単線,35860.0,右,落石止擁壁,100,35834.0,35931.0,5,鉄筋コンクリート,1997-12-01,対象
741,肥薩線,10,単線,35962.0,右,落石止柵,69,35927.5,35995.5,1.5,鋼,1996-03-01,対象
741,肥薩線,10,単線,36008.0,右,落石止柵,14,36001.0,36015.0,1.5,単管,2013-11-08,対象
741,肥薩線,10,単線,36023.0,右,砂防えん堤,4.3,,,1.7,コンクリート,1946-12-01,対象
741,肥薩線,10,単線,36143.0,右,落石止柵,109,36089.0,36198.0,1.5,単管,2013-11-08,対象外
741,肥薩線,10,単線,36147.0,右,落石止柵,112.9,36090.0,36203.0,2,該当なし,2017-03-15,対象
741,肥薩線,10,単線,36278.0,右,落石止柵,150,36203.0,36353.0,2,該当なし,2017-03-30,対象
741,肥薩線,10,単線,36355.0,右,落石止柵,5,36353.0,36358.0,2,単管,2013-11-08,対象
741,肥薩線,10,単線,36642.0,右,防護諸設備,10,36637.0,36647.0,,その他,2013-11-08,対象
741,肥薩線,10,単線,36764.0,右,防護諸設備,52,36738.0,36790.0,,その他,2013-11-08,対象
741,肥薩線,10,単線,36796.0,右,落石止柵,,,,2,鋼,1926-12-01,対象
741,肥薩線,10,単線,36860.0,右,防護諸設備,10,36855.0,36865.0,,その他,2013-11-08,対象
741,肥薩線,10,単線,36892.0,右,落石止擁壁,35,,,5,鉄筋コンクリート,1977-12-01,対象
741,肥薩線,10,単線,36911.0,中央,落石止柵,4,,,2,単管,2013-11-08,対象
741,肥薩線,10,単線,37113.0,左,防護その他,18.5,37113.0,37113.0,0,鋼,2005-03-24,対象
741,肥薩線,10,単線,37122.0,右,落石止柵,42,,,1.5,鋼及び鉄コン,2015-03-27,対象
741,肥薩線,10,単線,37124.0,右,防護諸設備,8,37120.0,37128.0,,その他,2013-11-08,対象
741,肥薩線,10,単線,37150.0,左,落石止柵,144,67087.0,67218.0,0,鋼,2004-11-03,対象外
741,肥薩線,10,単線,37187.0,右,落石止柵,42,37166.0,37208.0,1.5,単管,2013-11-08,対象
741,肥薩線,10,単線,37200.0,右,落石止柵,56.2,37209.0,37257.7,,該当なし,2001-02-01,対象
741,肥薩線,10,単線,37264.0,右,落石止柵,,,,1.5,木,1908-12-01,対象外
741,肥薩線,10,単線,37275.0,右,落石止柵,,,,2,その他,1993-03-01,対象
741,肥薩線,10,単線,37290.0,右,落石止柵,24,37274.0,37294.4,2.6,鋼及び鉄コン,1997-02-01,対象
741,肥薩線,10,単線,37305.0,右,落石止柵,21,37294.3,37309.8,2.6,鋼及び鉄コン,1997-12-01,対象
741,肥薩線,10,単線,37320.0,右,落石止柵,12,37312.0,37324.0,2,鋼,1994-09-01,対象
741,肥薩線,10,単線,37614.0,右,落石止柵,39,37594.5,37633.5,2.5,鋼及び鉄コン,2008-09-18,対象
741,肥薩線,10,単線,37647.0,右,落石止柵,27,37633.0,37660.0,1.5,単管,2013-11-08,対象
741,肥薩線,10,単線,37786.0,右,落石止柵,,,,2,鋼,1926-12-01,対象
741,肥薩線,10,単線,38039.0,右,落石止柵,,,,,該当なし,1986-12-01,対象
741,肥薩線,10,単線,38091.0,右,防護柵,50,38091.2,38141.6,1.2,鋼,2008-06-27,対象
741,肥薩線,10,単線,38169.0,右,落石止擁壁,46,,,2.3,コンクリート,1988-01-01,対象
741,肥薩線,10,単線,38188.0,右,落石止柵,,,,,該当なし,2017-02-28,対象
741,肥薩線,10,単線,38240.0,右,落石止擁壁,51,38209.0,38260.0,2,鋼,1994-02-01,対象
741,肥薩線,10,単線,38278.0,右,落石止柵,39,38256.4,38295.4,2.6,鋼及び鉄コン,1997-02-01,対象
741,肥薩線,10,単線,38315.0,右,落石止柵,,,,2,鋼,1986-12-01,対象
741,肥薩線,10,単線,38335.0,右,落石止擁壁,7.7,,,1.5,コンクリート,1926-12-01,対象
741,肥薩線,10,単線,38340.0,右,防土砂諸設備,30,38340.0,38370.0,,その他,2016-02-17,対象
741,肥薩線,10,単線,38380.0,右,落石止擁壁,42.8,,,3.5,鉄筋コンクリート,1977-12-01,対象
741,肥薩線,10,単線,38460.0,右,落石止柵,70.3,38403.0,38522.0,5,鋼,2007-03-31,対象
741,肥薩線,10,単線,38566.0,右,防護その他,12,38560.0,38572.0,8.5,鋼,2006-03-31,対象
741,肥薩線,10,単線,38575.0,右,落石止柵,21,38585.5,38630.5,3,鋼,2006-02-27,対象
741,肥薩線,10,単線,40415.0,右,落石止柵,38.5,40397.3,40435.7,2.6,鋼及び鉄コン,1998-02-01,対象
741,肥薩線,10,単線,40440.0,右,落石止柵,54.2,,,,その他,2000-02-01,対象
741,肥薩線,10,単線,40531.0,右,落石止柵,,,,2.5,鋼,1977-12-01,対象
741,肥薩線,10,単線,40580.0,右,落石止柵,45,40563.0,40608.0,2.5,その他,2001-12-01,対象
741,肥薩線,10,単線,40627.0,右,落石止柵,,,,6.2,鋼,1963-12-01,対象
741,肥薩線,10,単線,40658.0,右,落石止柵,21,40648.0,40669.0,4.84,鋼,2002-02-01,対象
741,肥薩線,10,単線,40660.0,右,落石止柵,,,,1.5,木,1926-12-01,対象
741,肥薩線,10,単線,40680.0,右,落石止柵,18,40670.0,40688.0,2,鋼及び鉄コン,2013-03-29,対象
741,肥薩線,10,単線,40845.0,左,防護諸設備,28,40831.0,40859.0,,その他,2013-11-08,対象
741,肥薩線,10,単線,40925.0,右,落石止擁壁,100,,,4,コンクリート,1982-12-01,対象
741,肥薩線,10,単線,40960.0,左,防土砂諸設備,54.6,40922.0,40976.6,,鋼,2012-11-26,対象
741,肥薩線,10,単線,40960.0,左,転落防止柵,34.9,40941.7,40976.0,1.2,鋼,2012-11-26,対象
741,肥薩線,10,単線,40975.0,右,落石止柵,7,40975.0,40982.0,2,鋼,1996-09-01,対象
741,肥薩線,10,単線,40975.0,中央,転落防止柵,44.7,,,1.2,鋼,2012-11-26,対象
741,肥薩線,10,単線,41290.0,右,防土砂諸設備,7,40286.0,40293.0,,鋼,2012-10-19,対象
741,肥薩線,10,単線,41300.0,右,落石止擁壁,32,,,,該当なし,1977-12-01,対象
741,肥薩線,10,単線,41300.0,右,落石止柵,,,,2,その他,1967-12-01,対象
741,肥薩線,10,単線,41375.0,右,落石止柵,,,,2,鋼,1926-12-01,対象
741,肥薩線,10,単線,41380.0,右,落石止柵,8.8,41376.0,41384.0,2,コンクリート,2006-12-31,対象
741,肥薩線,10,単線,41646.0,中央,転落防止柵,117.1,41632.0,41660.0,1.2,鋼,2015-08-19,対象
741,肥薩線,10,単線,41810.0,右,落石止柵,,,,2,鋼,2014-09-10,対象
741,肥薩線,10,単線,41816.0,右,落石止擁壁,8.5,,,2.5,コンクリート,1963-12-01,対象
741,肥薩線,10,単線,41823.0,右,落石止柵,,,,1.5,鋼,1967-12-01,対象
741,肥薩線,10,単線,41860.0,右,落石止柵,,,,1.6,その他,1990-02-01,対象
741,肥薩線,10,単線,41893.0,右,砂防えん堤,5,,,1.5,コンクリート,1946-12-01,対象
741,肥薩線,10,単線,41940.0,右,落石止柵,,,,1.6,その他,2012-03-29,対象
741,肥薩線,10,単線,41960.0,右,落石止柵,45.3,,,1.5,鋼及び鉄コン,2014-10-17,対象
741,肥薩線,10,単線,41978.0,右,落石止柵,39,41959.0,41998.0,1.5,単管,2013-12-19,対象
741,肥薩線,10,単線,42009.0,右,落石止柵,23,41998.0,42021.0,2,単管,2013-12-19,対象
741,肥薩線,10,単線,42173.0,右,落石止擁壁,12,42166.5,42178.5,3.5,コンクリート,1996-03-01,対象
741,肥薩線,10,単線,42195.0,右,落石止柵,12,42193.0,42206.0,1.5,鋼,1996-03-01,対象
741,肥薩線,10,単線,42720.0,右,落石止柵,,,,21,鋼,1992-11-01,対象
741,肥薩線,10,単線,42756.0,右,落石止柵,42,42735.0,42776.5,1.5,鋼,1996-03-01,対象
741,肥薩線,10,単線,42800.0,右,落石止擁壁,10.7,,,0.6,石,1916-12-01,対象
741,肥薩線,10,単線,42850.0,右,落石止柵,,,,2,その他,1963-12-01,対象
741,肥薩線,10,単線,42909.0,右,砂防えん堤,7.9,,,,コンクリート,1936-12-01,対象
741,肥薩線,10,単線,43100.0,右,防土砂諸設備,,,,,金網,2014-08-04,対象
741,肥薩線,10,単線,43124.0,右,落石止柵,,,,1.5,単管,2013-12-19,対象
741,肥薩線,10,単線,43134.0,右,落石止柵,,,,2.3,鋼,1957-12-01,対象
741,肥薩線,10,単線,43200.0,右,落石止柵,99,,,,その他,2000-03-01,対象
741,肥薩線,10,単線,43320.0,右,落石止柵,72,43291.0,43363.0,2.5,鋼,2004-02-01,対象
741,肥薩線,10,単線,43370.0,右,砂防えん堤,8.1,43368.2,43376.3,3.5,コンクリート,1997-03-01,対象
741,肥薩線,10,単線,43383.0,右,落石止柵,,,,1.5,単管,2013-12-19,対象
741,肥薩線,10,単線,43410.0,右,落石止擁壁,45.2,,,3,コンクリート,1936-12-01,対象
741,肥薩線,10,単線,43600.0,右,落石止柵,,,,1.2,鋼,2014-01-16,対象
741,肥薩線,10,単線,43662.0,右,落石止柵,15.8,43654.0,43669.8,15,鋼,2007-02-28,対象
741,肥薩線,10,単線,43731.0,右,落石止柵,,,,2,鋼,1916-12-01,対象
741,肥薩線,10,単線,48215.0,左,防護柵,47,48215.0,48262.0,1.5,PCフェンス,2015-02-06,対象
741,肥薩線,10,単線,51561.0,右,防護柵,54,51340.0,51790.0,,該当なし,,対象
741,肥薩線,10,単線,54125.0,左,防土砂諸設備,50,,,,鋼,2017-03-27,対象
741,肥薩線,10,単線,54160.0,右,防護その他,32,54145.0,54177.0,12,鋼,2005-09-20,対象
741,肥薩線,10,単線,59395.0,左,簡易落石止柵,59,59365.0,59424.0,1.5,単管,2013-11-22,対象
741,肥薩線,10,単線,59423.0,中央,簡易落石止柵,10,59423.0,59423.0,2,PCフェンス,2014-12-22,対象
741,肥薩線,10,単線,59624.0,中央,簡易落石止柵,10,59624.0,59624.0,2,PCフェンス,2014-12-22,対象
741,肥薩線,10,単線,59630.0,左,簡易落石止柵,15,59624.0,59639.0,1.5,単管,2014-12-22,対象
741,肥薩線,10,単線,59630.0,右,簡易落石止柵,24,59624.0,59648.0,1.5,単管,2014-12-22,対象
741,肥薩線,10,単線,59880.0,左,簡易落石止柵,48,59860.0,59908.0,1.5,単管,2014-12-22,対象
741,肥薩線,10,単線,60191.0,中央,簡易落石止柵,10,60191.0,60191.0,2,PCフェンス,2014-12-22,対象
741,肥薩線,10,単線,60380.0,左,簡易落石止柵,16,60373.0,60389.0,1.5,単管,2014-12-22,対象
741,肥薩線,10,単線,60380.0,右,簡易落石止柵,16,60373.0,60389.0,1.5,単管,2014-12-22,対象
741,肥薩線,10,単線,60389.0,中央,簡易落石止柵,10,60389.0,60389.0,2,PCフェンス,2014-12-22,対象
741,肥薩線,10,単線,60529.0,中央,簡易落石止柵,10,60529.0,60529.0,2,単管,2014-12-22,対象
741,肥薩線,10,単線,60540.0,右,簡易落石止柵,18,60529.0,60547.0,1.5,単管,2014-12-22,対象
741,肥薩線,10,単線,61000.0,右,落石止柵,53,61070.0,61123.0,3,鋼,2013-07-04,対象
741,肥薩線,10,単線,61040.0,左,落石止擁壁,,,,2.4,コンクリート,1988-02-01,対象
741,肥薩線,10,単線,61090.0,左,落石止擁壁,61,,,2.7,コンクリート,1983-12-01,対象
741,肥薩線,10,単線,61650.0,右,落石止擁壁,80,61709.0,61789.0,3,鉄筋コンクリート,2004-10-21,対象
741,肥薩線,10,単線,61650.0,右,落石止柵,78,61710.0,61788.0,1.5,鋼,2004-10-21,対象
741,肥薩線,10,単線,62500.0,右,落石止柵,100,,,2,鋼及び鉄コン,2013-03-15,対象
741,肥薩線,10,単線,62973.0,右,簡易落石止柵,,62940.0,63005.0,1.5,単管,2013-11-22,対象
741,肥薩線,10,単線,62978.0,左,簡易落石止柵,,62950.0,63005.0,1.5,単管,2013-11-22,対象
741,肥薩線,10,単線,63110.0,左,簡易落石止柵,10,63102.0,63112.0,1.5,単管,2015-02-16,対象
741,肥薩線,10,単線,65100.0,左,簡易落石止柵,,65070.0,65130.0,1.5,単管,2014-03-31,対象
741,肥薩線,10,単線,65200.0,左,簡易落石止柵,190,,,1.5,単管,2015-02-24,対象
741,肥薩線,10,単線,65200.0,右,簡易落石止柵,230,,,1.5,単管,2015-03-12,対象
741,肥薩線,10,単線,65330.0,左,防土砂諸設備,12,65324.0,65336.0,,鋼,2012-12-17,対象
741,肥薩線,10,単線,65400.0,左,簡易落石止柵,90,,,1.5,単管,2015-03-12,対象
741,肥薩線,10,単線,65400.0,右,簡易落石止柵,90,,,1.5,単管,2015-03-12,対象
741,肥薩線,10,単線,66418.0,右,転落防止柵,114.5,66370.0,66466.0,1.5,PCフェンス,2016-10-27,対象
741,肥薩線,10,単線,66465.0,中央,転落防止柵,54.7,66465.0,66465.0,1.5,PCフェンス,2015-09-10,対象
741,肥薩線,10,単線,67150.0,右,落石止柵,102,67087.5,67183.0,1.5,鋼,2004-11-12,対象
741,肥薩線,10,単線,67522.0,右,簡易落石止柵,,67497.0,67547.0,1.5,単管,2013-11-22,対象
741,肥薩線,10,単線,67606.0,右,簡易落石止柵,,67590.0,67622.0,1.5,単管,2013-11-22,対象
741,肥薩線,10,単線,67662.0,右,簡易落石止柵,,67641.0,67683.0,1.5,単管,2013-11-11,対象
741,肥薩線,10,単線,67718.0,右,落石止柵,,,,3,鋼,1980-12-01,対象
741,肥薩線,10,単線,67771.0,右,簡易落石止柵,,67755.0,67786.0,1.5,単管,2013-12-04,対象
741,肥薩線,10,単線,67846.0,右,簡易落石止柵,,67841.0,67851.0,1.5,単管,2013-12-04,対象
741,肥薩線,10,単線,67880.0,右,落石止擁壁,73,67850.0,67923.0,1.5,鉄筋コンクリート,2005-12-09,対象
741,肥薩線,10,単線,67880.0,右,落石止柵,72,67850.5,67922.5,3,鋼,2005-12-09,対象
741,肥薩線,10,単線,67889.0,左,簡易落石止柵,,67858.0,67920.0,1.5,単管,2013-11-22,対象
741,肥薩線,10,単線,68026.0,右,簡易落石止柵,,68021.0,68030.0,1.5,単管,2013-12-04,対象
741,肥薩線,10,単線,68029.0,中央,簡易落石止柵,10,68029.0,68029.0,2,PCフェンス,2015-02-16,対象
741,肥薩線,10,単線,68403.0,右,簡易落石止柵,,68381.0,68424.0,1.5,単管,2013-11-11,対象
741,肥薩線,10,単線,68487.0,右,落石止柵,,,,2,鋼,1982-12-01,対象
741,肥薩線,10,単線,68500.0,右,防土砂諸設備,33,68478.0,68511.0,,鋼,2015-09-18,対象
741,肥薩線,10,単線,68502.0,中央,簡易落石止柵,10,68502.0,68502.0,2,PCフェンス,2015-02-16,対象
741,肥薩線,10,単線,68592.0,中央,簡易落石止柵,10,68592.0,68592.0,2,単管,2015-02-16,対象
741,肥薩線,10,単線,68650.0,右,防土砂諸設備,33,68648.0,68681.0,,鋼,2013-08-28,対象
741,肥薩線,10,単線,68658.0,左,簡易落石止柵,,68642.0,68673.0,1.5,単管,2013-11-22,対象
741,肥薩線,10,単線,68700.0,左,防土砂諸設備,33,68700.0,68740.0,,鋼,2013-09-27,対象
741,肥薩線,10,単線,68720.0,右,防土砂諸設備,33,68695.0,68761.0,,鋼,2013-09-27,対象
741,肥薩線,10,単線,68873.0,左,落石止擁壁,39.5,,,2.7,コンクリート,1983-12-01,対象
741,肥薩線,10,単線,68878.0,右,簡易落石止柵,,68860.0,68895.0,1.5,単管,2013-12-04,対象
741,肥薩線,10,単線,68895.0,中央,簡易落石止柵,10,68895.0,68895.0,2,PCフェンス,2015-02-16,対象
741,肥薩線,10,単線,69180.0,中央,簡易落石止柵,10,69180.0,69180.0,2,PCフェンス,2015-02-16,対象
741,肥薩線,10,単線,69590.0,左,簡易落石止柵,,69520.0,69660.0,1.5,単管,2013-11-11,対象外
741,肥薩線,10,単線,69592.0,左,転落防止柵,142,69523.0,69661.0,1.5,PCフェンス,2016-03-04,対象
741,肥薩線,10,単線,69603.0,右,簡易落石止柵,,69545.0,69660.0,1.5,単管,2013-11-22,対象
741,肥薩線,10,単線,69888.0,左,簡易落石止柵,,69845.0,69930.0,1.5,単管,2013-12-04,対象
741,肥薩線,10,単線,70393.0,左,簡易落石止柵,125,70330.0,70455.0,1.5,単管,2014-01-17,対象
741,肥薩線,10,単線,70400.0,左,防土砂諸設備,,70320.0,70440.0,,金網,2015-06-26,対象
741,肥薩線,10,単線,70665.0,左,簡易落石止柵,70,70630.0,70700.0,1.5,単管,2014-01-17,対象
741,肥薩線,10,単線,70880.0,左,簡易落石止柵,,70840.0,70920.0,1.5,単管,2013-12-04,対象
741,肥薩線,10,単線,71005.0,左,簡易落石止柵,70,70970.0,71040.0,1.5,単管,2013-12-13,対象
741,肥薩線,10,単線,71243.0,左,簡易落石止柵,25,71230.0,71255.0,1.5,単管,2013-12-13,対象
741,肥薩線,10,単線,71335.0,左,簡易落石止柵,110,71280.0,71390.0,1.5,単管,2013-12-13,対象
741,肥薩線,10,単線,72304.0,右,防土砂諸設備,50,,,,鋼,2017-03-30,対象
741,肥薩線,10,単線,72330.0,中央,簡易落石止柵,10,72330.0,72330.0,2,PCフェンス,2015-02-16,対象
741,肥薩線,10,単線,74426.0,中央,簡易落石止柵,10,74426.0,74426.0,2,PCフェンス,2015-02-16,対象
741,肥薩線,10,単線,74550.0,右,簡易落石止柵,90,74500.0,74590.0,1.5,単管,2015-02-16,対象
741,肥薩線,10,単線,75247.0,中央,簡易落石止柵,10,75247.0,75247.0,2,PCフェンス,2015-02-16,対象
741,肥薩線,10,単線,75250.0,左,簡易落石止柵,10,75247.0,75257.0,1.5,単管,2015-02-16,対象
741,肥薩線,10,単線,75250.0,右,簡易落石止柵,10,75247.0,75257.0,1.5,単管,2015-02-16,対象
741,肥薩線,10,単線,75443.0,中央,簡易落石止柵,10,75443.0,75443.0,2,PCフェンス,2015-03-26,対象
741,肥薩線,10,単線,75870.0,左,防土砂諸設備,21.03,75860.0,75880.0,,鋼,2017-01-16,対象
741,肥薩線,10,単線,75880.0,中央,防土砂諸設備,,75880.0,75880.0,,鋼,2017-01-16,対象
741,肥薩線,10,単線,75883.0,中央,簡易落石止柵,10,75883.0,75883.0,2,PCフェンス,2015-03-26,対象
741,肥薩線,10,単線,76438.0,右,簡易落石止柵,5,76435.0,76440.0,1.5,単管,2013-12-04,対象
741,肥薩線,10,単線,76451.0,左,簡易落石止柵,32,76435.0,76467.0,1.5,単管,2013-12-04,対象
741,肥薩線,10,単線,76460.0,右,防土砂諸設備,21.03,76449.5,76470.5,,鋼,2012-12-17,対象
741,肥薩線,10,単線,76486.0,右,簡易落石止柵,49,76461.0,76510.0,1.5,単管,2013-12-04,対象
741,肥薩線,10,単線,76757.0,右,簡易落石止柵,27,76743.0,76770.0,1.5,単管,2014-01-08,対象
741,肥薩線,10,単線,77006.0,左,簡易落石止柵,43,76984.0,77027.0,1.5,単管,2013-12-04,対象
741,肥薩線,10,単線,77010.0,右,簡易落石止柵,52,76984.0,77036.0,1.5,単管,2013-12-04,対象
741,肥薩線,10,単線,77182.0,右,簡易落石止柵,163,77100.0,77263.0,1.5,単管,2014-01-08,対象
741,肥薩線,10,単線,77188.0,左,簡易落石止柵,177,77099.0,77276.0,1.5,単管,2014-01-08,対象
741,肥薩線,10,単線,77301.0,右,簡易落石止柵,27,77287.0,77314.0,1.5,単管,2013-12-04,対象
741,肥薩線,10,単線,77306.0,右,落石止擁壁,22,,,1.3,コンクリート,1926-12-01,対象
741,肥薩線,10,単線,77356.0,右,簡易落石止柵,41,77335.0,77376.0,1.5,単管,2013-12-04,対象
741,肥薩線,10,単線,77514.0,左,簡易落石止柵,9,77509.0,77518.0,1.5,単管,2013-12-04,対象
741,肥薩線,10,単線,77719.0,中央,簡易落石止柵,10,77719.0,77719.0,2,PCフェンス,2015-03-26,対象
741,肥薩線,10,単線,78400.0,右,防土砂諸設備,103,78400.0,78400.0,,鋼,2013-03-26,対象
741,肥薩線,10,単線,78640.0,左,簡易落石止柵,55,78615.0,78670.0,1.5,単管,2015-03-26,対象
741,肥薩線,10,単線,78640.0,右,簡易落石止柵,55,78615.0,78670.0,1.5,単管,2015-03-26,対象
741,肥薩線,10,単線,79170.0,右,簡易落石止柵,10,79164.0,79174.0,1.5,単管,2015-03-26,対象
741,肥薩線,10,単線,79174.0,中央,簡易落石止柵,10,,,2,PCフェンス,2015-03-26,対象
741,肥薩線,10,単線,79365.0,右,簡易落石止柵,40,79345.0,79385.0,1.5,単管,2014-01-08,対象
741,肥薩線,10,単線,79558.0,右,落石止擁壁,45,,,1.3,コンクリート,1926-12-01,対象
741,肥薩線,10,単線,79680.0,左,簡易落石止柵,10,79680.0,79680.0,1.5,単管,2015-03-26,対象
741,肥薩線,10,単線,79680.0,右,簡易落石止柵,10,79680.0,79680.0,1.5,単管,2015-03-26,対象
741,肥薩線,10,単線,79683.0,中央,簡易落石止柵,10,,,2,PCフェンス,2015-03-26,対象
741,肥薩線,10,単線,80317.0,右,簡易落石止柵,9,80312.0,80321.0,1.5,単管,2013-11-11,対象
741,肥薩線,10,単線,80500.0,左,防土砂諸設備,84,80488.0,80572.0,10,鋼,2015-09-18,対象
741,肥薩線,10,単線,80500.0,右,防土砂諸設備,36,80471.0,80507.0,10,鋼,2015-09-18,対象
741,肥薩線,10,単線,80503.0,右,簡易落石止柵,77,80464.0,80541.0,1.5,単管,2013-10-16,対象
741,肥薩線,10,単線,80517.0,左,簡易落石止柵,82,80476.0,80558.0,1.5,単管,2013-10-16,対象
741,肥薩線,10,単線,80628.0,右,簡易落石止柵,20,80618.0,80638.0,1.5,単管,2013-10-16,対象
741,肥薩線,10,単線,80640.0,左,転落防止柵,64.89,80640.0,80700.0,1.2,PCフェンス,2015-08-18,対象
741,肥薩線,10,単線,80655.0,右,落石止擁壁,34,,,4,コンクリート,1983-12-01,対象
741,肥薩線,10,単線,80670.0,右,転落防止柵,136.9,80673.0,80721.0,1.2,PCフェンス,2015-12-03,対象
741,肥薩線,10,単線,80850.0,中央,簡易落石止柵,20,,,2,PCフェンス,2014-08-18,対象
741,肥薩線,10,単線,81373.0,右,簡易落石止柵,35,81355.0,81390.0,1,単管,2013-10-21,対象
741,肥薩線,10,単線,81473.0,右,簡易落石止柵,15,81465.0,81480.0,1,単管,2013-10-21,対象
741,肥薩線,10,単線,81501.0,左,簡易落石止柵,41,81480.0,81521.0,1,単管,2013-10-21,対象
741,肥薩線,10,単線,81550.0,左,落石止擁壁,66,,,2.8,鉄筋コンクリート,1983-12-01,対象
741,肥薩線,10,単線,81550.0,右,落石止擁壁,63,,,,コンクリート,1979-12-01,対象
741,肥薩線,10,単線,81606.0,右,簡易落石止柵,20,81596.0,81616.0,1,単管,2013-10-21,対象
741,肥薩線,10,単線,81611.0,左,簡易落石止柵,44,81588.0,81634.0,1,単管,2013-10-21,対象
741,肥薩線,10,単線,81788.0,左,簡易落石止柵,20,81778.0,81798.0,1,単管,2013-10-21,対象
741,肥薩線,10,単線,81812.0,右,簡易落石止柵,66,81778.0,81845.0,1,単管,2013-10-21,対象
741,肥薩線,10,単線,81960.0,右,防護諸設備,36,81944.0,81980.0,1,PC,1998-03-01,対象
741,肥薩線,10,単線,81994.0,左,簡易落石止柵,112,81938.0,82050.0,1,単管,2013-10-21,対象
741,肥薩線,10,単線,82050.03,右,簡易落石止柵,76.6,81982.0,82058.6,1,単管,2017-11-30,対象
741,肥薩線,10,単線,82215.0,左,竹林防護工,210,82110.0,82320.0,,鋼,2014-03-27,対象
741,肥薩線,10,単線,82267.0,右,竹林防護工,315,82110.0,82425.0,,鋼,2014-03-27,対象
741,肥薩線,10,単線,82453.0,左,簡易落石止柵,15,82445.0,82460.0,1,単管,2013-10-21,対象
741,肥薩線,10,単線,82488.0,右,簡易落石止柵,184,82396.0,82580.0,1,単管,2013-10-21,対象
741,肥薩線,10,単線,82527.0,左,簡易落石止柵,25,82514.0,82539.0,1,単管,2013-10-21,対象
741,肥薩線,10,単線,82649.0,右,簡易落石止柵,98,82600.0,82698.0,1,単管,2013-10-21,対象
741,肥薩線,10,単線,82700.0,右,落石止擁壁,12.5,,,,コンクリート,1972-12-01,対象
741,肥薩線,10,単線,82760.0,右,簡易落石止柵,31,82744.0,82775.0,1,単管,2013-10-17,対象
741,肥薩線,10,単線,82837.0,右,簡易落石止柵,53,82810.0,82863.0,1,単管,2013-10-17,対象
741,肥薩線,10,単線,82900.0,左,その他安全柵,50,82885.0,82935.0,8.6,鋼,2009-04-01,対象
741,肥薩線,10,単線,82907.0,右,簡易落石止柵,13,82900.0,82913.0,1,単管,2013-10-17,対象
741,肥薩線,10,単線,82945.0,左,簡易落石止柵,70,82910.0,82980.0,1,単管,2013-10-17,対象
741,肥薩線,10,単線,82959.0,右,簡易落石止柵,61,82923.0,82995.0,1,単管,2013-10-17,対象
741,肥薩線,10,単線,83050.0,右,防護柵,101.5,,,,PC,2007-06-29,対象外
741,肥薩線,10,単線,83121.0,左,簡易落石止柵,42,83100.0,83142.0,1,単管,2013-10-17,対象
741,肥薩線,10,単線,83128.0,右,簡易落石止柵,65,83095.0,83160.0,1,単管,2013-10-17,対象
741,肥薩線,10,単線,83170.0,右,簡易落石止柵,20,83160.0,83180.0,1,単管,2013-10-17,対象
741,肥薩線,10,単線,83230.0,右,簡易落石止柵,71,83190.0,83270.0,1,単管,2013-10-10,対象
741,肥薩線,10,単線,83265.0,左,簡易落石止柵,40,83250.0,83280.0,1,単管,2013-10-10,対象
741,肥薩線,10,単線,83303.0,右,簡易落石止柵,15,83295.0,83310.0,1,単管,2013-10-10,対象
741,肥薩線,10,単線,83429.0,右,簡易落石止柵,38,83410.0,83448.0,1,単管,2013-10-10,対象
741,肥薩線,10,単線,83439.0,左,簡易落石止柵,18,83430.0,83448.0,1,単管,2013-10-10,対象
741,肥薩線,10,単線,83730.0,左,簡易落石止柵,31,83709.0,83750.0,1,単管,2013-10-10,対象
741,肥薩線,10,単線,83730.0,右,簡易落石止柵,31,83709.0,83750.0,1,単管,2013-10-10,対象
741,肥薩線,10,単線,84002.0,左,竹林防護工,35,83985.0,84020.0,,鋼,2014-03-27,対象
741,肥薩線,10,単線,84034.0,右,竹林防護工,34,84017.0,84051.0,,鋼,2014-03-27,対象
741,肥薩線,10,単線,84145.0,左,竹林防護工,210,84040.0,84250.0,,鋼,2014-03-27,対象
741,肥薩線,10,単線,84380.0,左,その他安全柵,30,84365.0,84395.0,8.6,鋼,2009-04-01,対象
741,肥薩線,10,単線,84465.0,右,簡易落石止柵,30,84450.0,84480.0,1,単管,2013-10-10,対象
741,肥薩線,10,単線,84516.0,右,簡易落石止柵,51.6,84490.0,84541.6,1,単管,2013-10-17,対象
741,肥薩線,10,単線,84602.0,左,簡易落石止柵,204,84500.0,84704.0,1,単管,2013-10-17,対象
741,肥薩線,10,単線,84662.0,右,簡易落石止柵,73.6,84625.0,84698.6,1,単管,2013-10-17,対象
741,肥薩線,10,単線,84748.0,右,簡易落石止柵,76,84710.0,84786.0,1,単管,2013-10-10,対象
741,肥薩線,10,単線,84920.0,右,竹林防護工,142,84905.0,84940.0,,鋼,2017-03-27,対象
741,肥薩線,10,単線,85053.0,右,竹林防護工,107,84993.0,85100.0,,鋼,2017-03-27,対象
741,肥薩線,10,単線,85500.0,左,その他安全柵,8,,,,鋼,2008-03-07,対象外
741,肥薩線,10,単線,85500.0,右,その他安全柵,8,,,,鋼,2008-03-07,対象外
741,肥薩線,10,単線,86627.0,左,竹林防護工,35,86610.0,86645.0,,鋼,2014-03-27,対象
741,肥薩線,10,単線,86717.0,左,竹林防護工,35,86700.0,86735.0,,鋼,2014-03-27,対象
741,肥薩線,10,単線,87040.0,左,竹林防護工,70,87005.0,87075.0,,鋼,2014-03-27,対象
741,肥薩線,10,単線,87107.0,右,竹林防護工,90,87062.0,87152.0,,鋼,2014-03-27,対象
741,肥薩線,10,単線,87888.0,右,竹林防護工,40,87868.0,87908.0,,鋼,2014-03-27,対象
741,肥薩線,10,単線,87950.0,左,竹林防護工,60,87920.0,87980.0,,鋼,2014-03-27,対象
741,肥薩線,10,単線,88394.0,左,簡易落石止柵,128,88330.0,88458.0,1,単管,2013-10-10,対象
741,肥薩線,10,単線,88398.0,右,簡易落石止柵,136,88330.0,88466.0,1,単管,2013-10-10,対象
741,肥薩線,10,単線,89045.0,右,簡易落石止柵,25,89032.0,89057.0,1,単管,2013-10-05,対象
741,肥薩線,10,単線,89096.0,左,簡易落石防護ネット,56,89068.0,89124.0,,金網,2013-10-05,対象
741,肥薩線,10,単線,89099.0,右,簡易落石防護ネット,82,89058.0,89140.0,,金網,2013-10-05,対象
741,肥薩線,10,単線,89184.0,左,簡易落石止柵,61,89153.0,89214.0,1,単管,2013-10-05,対象
741,肥薩線,10,単線,89276.0,右,簡易落石止柵,8,89272.0,89280.0,1,単管,2013-10-18,対象
741,肥薩線,10,単線,89329.0,左,簡易落石止柵,129,89264.0,89393.0,1,単管,2013-10-05,対象
741,肥薩線,10,単線,89347.0,右,簡易落石止柵,7,89343.0,89350.0,1,単管,2013-10-18,対象
741,肥薩線,10,単線,89874.0,左,竹林防護工,35,89750.0,89785.0,,鋼,2014-03-27,対象
741,肥薩線,10,単線,89890.0,左,竹林防護工,20,89880.0,89900.0,,鋼,2014-03-27,対象
741,肥薩線,10,単線,89950.0,右,防護柵,90,,,,鋼,2006-03-01,対象
741,肥薩線,10,単線,90058.0,左,簡易落石止柵,85,90015.0,90100.0,1,単管,2013-10-05,対象
741,肥薩線,10,単線,90760.0,中央,簡易落石止柵,40,90760.0,,1.2,単管,2015-04-01,対象
741,肥薩線,10,単線,90795.0,右,簡易落石止柵,67,90761.0,90828.0,1.2,単管,2014-10-04,対象
741,肥薩線,10,単線,90819.0,左,簡易落石止柵,43,90797.0,90840.0,1,単管,2013-10-05,対象
741,肥薩線,10,単線,90846.0,右,簡易落石止柵,98,90797.0,90895.0,1,単管,2013-10-05,対象
741,肥薩線,10,単線,90900.0,右,防護柵,98,90797.0,90895.0,1.2,単管,2015-11-20,対象
741,肥薩線,10,単線,91862.0,右,竹林防護工,70,91827.0,91897.0,,鋼,2014-03-27,対象
741,肥薩線,10,単線,91965.0,左,竹林防護工,30,91950.0,91980.0,,鋼,2014-03-27,対象
741,肥薩線,10,単線,92868.0,右,その他安全柵,34,,,,鋼,2008-03-07,対象
741,肥薩線,10,単線,92912.0,右,その他安全柵,58,,,,鋼,2008-03-07,対象
741,肥薩線,10,単線,94560.0,左,竹林防護工,60,94530.0,94590.0,,鋼,2014-03-27,対象
741,肥薩線,10,単線,95327.0,左,防護その他,60,95327.0,95387.0,,鋼,2006-10-30,対象
741,肥薩線,10,単線,95386.0,左,竹林防護工,44,95386.0,95430.0,,鋼,2016-11-17,対象
741,肥薩線,10,単線,95930.0,左,竹林防護工,205,95930.0,96135.0,,鋼,2016-12-21,対象
741,肥薩線,10,単線,96695.0,右,簡易落石止柵,25,96682.0,96707.0,1,単管,2013-10-18,対象
741,肥薩線,10,単線,96708.0,左,簡易落石止柵,39,96688.0,96727.0,1,単管,2013-10-18,対象
741,肥薩線,10,単線,96760.0,左,簡易落石止柵,65,96727.0,96792.0,1.2,PCフェンス,2013-10-18,対象
741,肥薩線,10,単線,96799.0,左,簡易落石止柵,13,96792.0,96805.0,1,単管,2013-10-18,対象
741,肥薩線,10,単線,96845.0,左,簡易落石止柵,15,96837.0,96852.0,1,単管,2013-10-18,対象
741,肥薩線,10,単線,96852.0,右,簡易落石止柵,17,96843.0,96860.0,1,単管,2013-10-18,対象
741,肥薩線,10,単線,96861.0,左,その他安全柵,2,,,,鋼,2008-03-07,対象
741,肥薩線,10,単線,96945.0,右,簡易落石止柵,30,96930.0,96960.0,1,単管,2013-10-18,対象
741,肥薩線,10,単線,96959.0,左,簡易落石止柵,10,96954.0,96964.0,1,単管,2013-10-18,対象
741,肥薩線,10,単線,97350.0,右,簡易落石止柵,83.5,97308.0,97392.0,1,単管,2013-10-27,対象
741,肥薩線,10,単線,97372.0,左,簡易落石止柵,102.5,97321.0,97424.0,1,単管,2013-10-27,対象
741,肥薩線,10,単線,97518.0,左,簡易落石止柵,28,97504.0,97533.0,1,単管,2013-10-27,対象
741,肥薩線,10,単線,97675.0,右,竹林防護工,50,97650.0,97700.0,,鋼,2014-03-27,対象
741,肥薩線,10,単線,97700.0,右,防護その他,2,97700.0,97702.0,1.5,鋼,2013-02-26,対象外
741,肥薩線,10,単線,98250.0,左,防護その他,50,,,,鋼,2008-03-21,対象
741,肥薩線,10,単線,98450.0,左,防護その他,105,,,,鋼,2008-03-24,対象
741,肥薩線,10,単線,98850.0,左,簡易落石防護ネット,20,98840.0,98860.0,14.5,金網,2013-10-27,対象
741,肥薩線,10,単線,98850.0,左,簡易落石止柵,30,98820.0,98880.0,1,単管,2013-10-27,対象
741,肥薩線,10,単線,98865.0,右,簡易落石防護ネット,30,98850.0,98880.0,12.5,金網,2013-10-27,対象
741,肥薩線,10,単線,99190.0,右,防護その他,4,99190.0,99194.0,1.5,鋼,2013-02-26,対象外
741,肥薩線,10,単線,99350.0,左,防護柵,50,99350.0,99400.0,,PC,1997-03-01,対象
741,肥薩線,10,単線,99380.0,左,防護柵,50,99350.0,99400.0,,PC,1997-03-01,対象
741,肥薩線,10,単線,99509.0,右,防護その他,26,99535.0,99194.0,1.5,鋼,2013-02-26,対象外
741,肥薩線,10,単線,99880.0,中央,防護柵,34,99816.0,99850.0,,鋼,2003-01-01,対象
741,肥薩線,10,単線,100080.0,右,その他安全柵,10,100075.0,100085.0,,鋼,2000-03-01,対象
741,肥薩線,10,単線,100148.0,右,その他安全柵,7,100148.0,100155.0,,鋼,2000-03-01,対象
741,肥薩線,10,単線,100150.0,左,その他安全柵,129.95,100014.2,100089.05,,鋼,2000-03-01,対象
741,肥薩線,10,単線,100925.0,右,簡易落石止柵,85,100882.0,100967.0,1,単管,2013-11-01,対象
741,肥薩線,10,単線,101790.0,左,転落防止柵,170.3,,,,PCフェンス,2017-01-16,対象
741,肥薩線,10,単線,101852.0,右,転落防止柵,62,,,,PCフェンス,2017-01-14,対象
741,肥薩線,10,単線,102350.0,左,防護諸設備,80,102309.0,102389.0,12,鋼,2003-01-01,対象
741,肥薩線,10,単線,105100.0,左,防護その他,146,,,,鋼,2008-03-21,対象
741,肥薩線,10,単線,106935.0,左,竹林防護工,70,106900.0,106970.0,10.8,その他,2014-03-25,対象
741,肥薩線,10,単線,108150.0,左,防護その他,120,108150.0,108170.0,,鋼,,対象
741,肥薩線,10,単線,108195.0,右,防護その他,210,108195.0,108405.0,,鋼,2007-03-30,対象
741,肥薩線,10,単線,108300.0,左,防護その他,120,108300.0,108420.0,,鋼,2007-03-30,対象
741,肥薩線,10,単線,109964.0,右,落石止擁壁,36,109956.0,109982.0,,PCフェンス,2017-12-26,対象
741,肥薩線,10,単線,110500.0,左,その他安全柵,9,,,,鋼,2008-03-07,対象
741,肥薩線,10,単線,110950.0,右,防護その他,58,,,,鋼,2008-03-10,対象
741,肥薩線,10,単線,111210.0,左,その他安全柵,13,,,,鋼,2008-03-07,対象
741,肥薩線,10,単線,111600.0,左,その他安全柵,6,,,,鋼,2008-03-07,対象
741,肥薩線,10,単線,111665.0,右,防護その他,2,111665.0,111667.0,1.5,鋼,2013-02-26,対象外
741,肥薩線,10,単線,111970.0,左,竹林防護工,,,,,鋼,2014-03-31,対象
741,肥薩線,10,単線,112020.0,右,竹林防護工,70,111985.0,112055.0,,鋼,2014-03-31,対象
741,肥薩線,10,単線,112043.0,左,竹林防護工,35,112025.0,112060.0,,鋼,2014-03-31,対象
741,肥薩線,10,単線,112320.0,右,竹林防護工,240,112200.0,112440.0,6.6,その他,2014-03-25,対象
741,肥薩線,10,単線,112668.0,右,簡易落石止柵,95,112620.0,112715.0,1,単管,2013-11-01,対象
741,肥薩線,10,単線,112770.0,右,防護その他,2,112770.0,112772.0,1.5,鋼,2013-02-26,対象外
741,肥薩線,10,単線,112878.0,右,防護その他,2,112878.0,112880.0,1.5,鋼,2013-02-26,対象外
741,肥薩線,10,単線,112917.0,右,防護その他,4,112917.0,112921.0,1.5,鋼,2013-02-26,対象外
741,肥薩線,10,単線,113115.0,右,防護諸設備,,,,1.5,鋼,1979-12-01,対象
741,肥薩線,10,単線,113797.0,右,簡易落石止柵,84,113755.0,113840.0,1,単管,2013-11-01,対象
741,肥薩線,10,単線,115154.0,右,防護その他,2,115154.0,115156.0,1.5,鋼,2013-02-26,対象外
741,肥薩線,10,単線,115610.0,右,簡易落石止柵,74.7,115580.0,115654.7,1,単管,2015-08-18,対象
741,肥薩線,10,単線,116380.0,左,防護その他,30,,,,鋼,2008-03-21,対象
741,肥薩線,10,単線,116430.0,左,防護その他,46,116412.0,116458.0,6.5,金網,2016-05-02,対象
741,肥薩線,10,単線,116435.0,左,簡易落石止柵,46.2,116412.0,116458.0,1,単管,2013-11-12,対象
741,肥薩線,10,単線,116500.0,右,防護その他,30,,,,鋼,2008-03-21,対象
741,肥薩線,10,単線,116580.0,右,簡易落石止柵,22,116569.0,116591.0,1,単管,2013-11-12,対象
741,肥薩線,10,単線,117080.0,左,その他安全柵,50,,,,鋼,1994-03-01,対象
741,肥薩線,10,単線,117240.0,左,防護その他,31.72,117270.0,117301.72,7.5,金網,2014-09-05,対象
741,肥薩線,10,単線,117240.0,右,防護その他,41.1,117270.0,117311.1,6.6,金網,2014-09-05,対象
741,肥薩線,10,単線,117426.0,左,防護その他,73.5,117426.0,117499.5,,鋼,2007-03-30,対象
741,肥薩線,10,単線,117720.0,右,砂防えん堤,20.5,,,,コンクリート,1960-12-01,対象
741,肥薩線,10,単線,117850.0,右,防護その他,104,,,,鋼,2008-03-21,対象
741,肥薩線,10,単線,118038.0,左,防護その他,18.13,118038.0,118056.13,5,金網,2014-09-05,対象
741,肥薩線,10,単線,118075.0,左,その他安全柵,30,,,,鋼,1994-03-01,対象
741,肥薩線,10,単線,118083.0,左,防護その他,34.5,118083.0,118117.5,,鋼,2007-03-30,対象
741,肥薩線,10,単線,118150.0,右,防護その他,23,118150.0,,9,鋼,2007-10-19,対象
741,肥薩線,10,単線,118370.0,右,防護その他,2,118370.0,118372.0,1.5,鋼,2013-02-26,対象外
741,肥薩線,10,単線,118550.0,左,防護その他,91,,,,鋼,2008-03-21,対象
741,肥薩線,10,単線,118560.0,右,防護その他,50,,,,鋼,2008-03-21,対象
741,肥薩線,10,単線,118620.0,右,防護諸設備,35,118603.0,118638.0,,コンクリート,1997-03-01,対象
741,肥薩線,10,単線,118640.0,左,防護その他,29,,,,鋼,2008-03-21,対象
741,肥薩線,10,単線,118650.0,右,落石止擁壁,40.5,,,3.6,鉄筋コンクリート,1985-12-01,対象
741,肥薩線,10,単線,118650.0,中央,落石止柵,15,,,1,鉄筋コンクリート,1985-12-01,対象
741,肥薩線,10,単線,118900.0,左,落石止柵,24.5,,,,コンクリート,1964-12-01,対象
741,肥薩線,10,単線,118920.0,左,落石止柵,15,,,1,鉄筋コンクリート,1984-12-01,対象
741,肥薩線,10,単線,118921.0,左,落石止柵,30,,,4,鉄筋コンクリート,1984-12-01,対象
741,肥薩線,10,単線,118922.0,左,落石止柵,12,,,3,鉄筋コンクリート,1984-12-01,対象
741,肥薩線,10,単線,118930.0,左,落石止擁壁,21.9,,,,コンクリート,1948-12-01,対象
741,肥薩線,10,単線,118950.0,左,落石止柵,9.5,,,,コンクリート,1965-12-01,対象
741,肥薩線,10,単線,120730.0,右,転落防止柵,22.5,120730.0,120730.0,,金網,2017-07-28,対象
741,肥薩線,10,単線,121200.0,左,その他安全柵,20,,,,鋼,2008-03-03,対象
747,指宿枕崎線,10,単線,1335.0,右,防護柵,13,,,1.5,その他,2008-03-13,対象
747,指宿枕崎線,10,単線,1460.0,右,防護柵,4,,,1.5,その他,2008-03-13,対象
747,指宿枕崎線,10,単線,1860.0,右,その他安全柵,22.6,1850.0,1873.0,1.5,鋼,1983-12-01,対象
747,指宿枕崎線,10,単線,1916.0,右,防護柵,43.4,1895.0,1938.4,1.5,鋼,1983-12-01,対象
747,指宿枕崎線,10,単線,2459.0,右,防護柵,30,,,1.5,鋼,1985-12-01,対象
747,指宿枕崎線,10,単線,2467.0,左,防護柵,26,,,1.5,鋼,1985-12-01,対象
747,指宿枕崎線,10,単線,2503.0,右,防護柵,4,,,1.5,鋼,1985-12-01,対象
747,指宿枕崎線,10,単線,2659.0,右,防護柵,44,,,1.5,鋼,1985-12-01,対象
747,指宿枕崎線,10,単線,2685.0,左,防護柵,10,,,1.5,鋼,1985-12-01,対象
747,指宿枕崎線,10,単線,3115.0,右,落石止擁壁,10,3107.0,3117.0,,コンクリート,1994-03-01,対象
747,指宿枕崎線,10,単線,3490.0,右,落石止柵,30,,,1.5,コンクリート,1989-02-01,対象
747,指宿枕崎線,10,単線,3550.0,右,落石止擁壁,5.5,,,,鉄筋コンクリート,1994-02-01,対象
747,指宿枕崎線,10,単線,3600.0,左,落石止柵,42,,,1.5,コンクリート,1984-12-01,対象
747,指宿枕崎線,10,単線,3620.0,右,落石止擁壁,27.1,,,,鉄筋コンクリート,1994-02-01,対象
747,指宿枕崎線,10,単線,3650.0,右,落石止柵,27,,,1.5,コンクリート,1983-12-01,対象
747,指宿枕崎線,10,単線,3665.0,右,落石止擁壁,5,3663.0,3668.0,,鉄筋コンクリート,1992-05-01,対象
747,指宿枕崎線,10,単線,4270.0,右,落石止柵,66,,,2,鋼及び鉄コン,1994-07-01,対象
747,指宿枕崎線,10,単線,4568.0,右,防護その他,192,4568.0,4760.0,1.5,鋼,2012-09-24,対象外
747,指宿枕崎線,10,単線,4742.0,左,防護柵,10,,,1.5,鋼,1985-12-01,対象
747,指宿枕崎線,10,単線,4791.0,左,防護柵,14,,,1,鋼,1985-03-01,対象
747,指宿枕崎線,10,単線,4807.0,左,防護柵,62,,,1,鋼,1985-03-01,対象
747,指宿枕崎線,10,単線,4886.0,左,防護柵,99.3,,,,PC,1985-03-01,対象
747,指宿枕崎線,10,単線,5400.0,左,その他安全柵,103,,,1.2,鋼,1995-03-01,対象
747,指宿枕崎線,10,単線,5451.0,左,防護柵,16,,,,鋼,1985-03-01,対象
747,指宿枕崎線,10,単線,5451.0,右,防護柵,90,,,,PC,1985-03-01,対象
747,指宿枕崎線,10,単線,5557.0,左,防護柵,100,,,,PC,1985-03-01,対象
747,指宿枕崎線,10,単線,5676.0,左,防護柵,90,,,,PC,1985-03-01,対象
747,指宿枕崎線,10,単線,5676.0,右,防護柵,90,,,,PC,1985-03-01,対象
747,指宿枕崎線,10,単線,5771.0,左,防護柵,150,,,,PC,1985-03-01,対象
747,指宿枕崎線,10,単線,5771.0,右,防護柵,150,,,,PC,1985-03-01,対象
747,指宿枕崎線,10,単線,5950.0,左,防護柵,70,5927.0,5997.0,1.5,鋼,2012-03-28,対象外
747,指宿枕崎線,10,単線,6060.0,右,防護柵,82,,,,PC,1984-12-01,対象
747,指宿枕崎線,10,単線,6071.0,左,防護その他,35.6,6071.0,6106.0,1.5,PC,2015-07-21,対象外
747,指宿枕崎線,10,単線,6140.0,左,防護柵,60,,,,PC,1982-03-01,対象
747,指宿枕崎線,10,単線,6214.0,左,防護柵,109,,,,PC,1982-03-01,対象
747,指宿枕崎線,10,単線,6214.0,右,防護柵,172,,,,PC,1982-03-01,対象
747,指宿枕崎線,10,単線,6386.0,右,防護柵,0.6,6385.7,6386.3,1.8,鋼,2002-09-01,対象
747,指宿枕崎線,10,単線,6389.0,右,防護柵,0.6,6388.7,6389.3,1.5,鋼,2002-09-01,対象
747,指宿枕崎線,10,単線,6568.0,右,防護柵,5.8,6546.0,6590.0,1.2,鋼,2003-12-01,対象
747,指宿枕崎線,10,単線,6583.0,右,防護柵,10,,,,PC,1982-03-01,対象
747,指宿枕崎線,10,単線,6600.0,右,防護柵,204,,,,PC,1981-03-01,対象
747,指宿枕崎線,10,単線,6803.0,右,防護柵,16,,,,PC,1982-03-01,対象外
747,指宿枕崎線,10,単線,7150.0,左,防護柵,4.6,,,,PC,1981-07-01,対象外
747,指宿枕崎線,10,単線,7160.0,右,防護柵,6.8,,,,PC,1981-07-01,対象外
747,指宿枕崎線,10,単線,7686.0,左,防護柵,74.3,7650.0,7723.0,,その他,2002-03-01,対象外
747,指宿枕崎線,10,単線,7694.0,右,防護柵,32,7678.0,7710.0,,その他,2002-03-01,対象外
747,指宿枕崎線,10,単線,7735.0,左,防護柵,8.3,7733.0,7738.0,,その他,2002-03-01,対象外
747,指宿枕崎線,10,単線,7754.0,右,防護柵,27,7741.0,7768.0,,その他,2002-03-01,対象外
747,指宿枕崎線,10,単線,7817.0,左,防護柵,53.5,7790.0,7844.0,,その他,2002-03-01,対象外
747,指宿枕崎線,10,単線,7833.0,右,防護柵,18.7,7824.0,7842.0,,その他,2002-03-01,対象外
747,指宿枕崎線,10,単線,7931.0,左,防護柵,34,7914.0,7948.0,,その他,2002-03-01,対象外
747,指宿枕崎線,10,単線,8145.0,右,防護柵,12,8140.0,8152.0,1.5,鋼,2016-03-31,対象
747,指宿枕崎線,10,単線,8990.0,左右,防護柵,18,8978.0,9994.0,,PC,1981-12-01,対象
747,指宿枕崎線,10,単線,9420.0,右,落石止擁壁,29,9410.0,9439.0,,鉄筋コンクリート,1994-06-01,対象外
747,指宿枕崎線,10,単線,9420.0,右,落石止柵,27,,,2,鋼,1994-06-01,対象外
747,指宿枕崎線,10,単線,9443.0,右,防土砂諸設備,6,9440.0,9446.0,2,その他,2007-01-13,対象外
747,指宿枕崎線,10,単線,9486.0,右,防土砂諸設備,16,9478.0,9494.0,2,その他,2007-01-28,対象外
747,指宿枕崎線,10,単線,9737.57,左,転落防止柵,2,,,1,鋼,2012-03-01,対象
747,指宿枕崎線,10,単線,9737.57,右,転落防止柵,2,,,1,鋼,2012-03-01,対象
747,指宿枕崎線,10,単線,9777.47,左,転落防止柵,2,,,1,鋼,2012-03-01,対象
747,指宿枕崎線,10,単線,9777.47,右,転落防止柵,2,,,1,鋼,2012-03-01,対象
747,指宿枕崎線,10,単線,10490.0,右,その他安全柵,30,,,1.2,鋼,1993-02-01,対象
747,指宿枕崎線,10,単線,10630.0,右,防護柵,48.7,,,,PC,1982-03-01,対象
747,指宿枕崎線,10,単線,10750.0,左,その他安全柵,13.9,,,1.5,鋼,1993-03-01,対象
747,指宿枕崎線,10,単線,10750.0,左,防護柵,13.4,,,1.5,PC,1980-02-01,対象
747,指宿枕崎線,10,単線,10764.0,左,防護柵,21,10755.0,10773.0,1.5,鋼,1996-08-01,対象
747,指宿枕崎線,10,単線,10861.0,左,防護柵,45,10839.0,10883.0,,その他,2002-03-01,対象
747,指宿枕崎線,10,単線,10903.0,左,防護柵,46,10880.0,10926.0,1.2,鋼,2003-03-01,対象
747,指宿枕崎線,10,単線,10940.0,左,防護柵,29,10926.0,10955.0,,その他,2003-10-01,対象
747,指宿枕崎線,10,単線,11700.0,左,防護その他,60.2,11684.0,11744.2,1.5,鋼,2012-09-07,対象外
747,指宿枕崎線,10,単線,11826.0,左,防護柵,149,11751.0,11900.0,1.5,鋼,2004-03-01,対象外
747,指宿枕崎線,10,単線,11977.0,左,防護柵,154,,,1.5,PC,1980-07-01,対象
747,指宿枕崎線,10,単線,11977.0,右,防護柵,26,,,1.5,PC,1980-08-01,対象
747,指宿枕崎線,10,単線,12204.0,左,防護その他,74.3,12204.0,12278.3,1.5,鋼,2013-01-30,対象外
747,指宿枕崎線,10,単線,12349.0,左,防護その他,26,12349.0,12375.0,1.5,鋼,2013-01-30,対象外
747,指宿枕崎線,10,単線,12476.0,左,防護その他,58.3,12476.0,12534.3,1.5,鋼,2013-01-30,対象外
747,指宿枕崎線,10,単線,12952.0,右,竹林防護工,60,12922.0,12982.0,11,その他,2016-11-16,対象
747,指宿枕崎線,10,単線,13122.0,右,防護柵,22,13110.0,13133.0,1.2,鋼,2003-01-01,対象
747,指宿枕崎線,10,単線,13138.0,左,防護柵,87.1,13094.0,13181.0,1.2,鋼,2003-03-01,対象
747,指宿枕崎線,10,単線,13147.0,右,防護柵,27.5,13133.0,13161.0,1.2,鋼,2003-03-01,対象
747,指宿枕崎線,10,単線,13230.0,左,転落防止柵,14,13230.0,13244.0,1.2,PCフェンス,2013-10-24,対象
747,指宿枕崎線,10,単線,13620.0,左,防護柵,14,13600.0,13614.0,1.5,鋼,2009-02-01,対象
747,指宿枕崎線,10,単線,14290.0,左右,防護柵,25,14290.0,14305.0,1.2,PCフェンス,2013-11-14,対象
747,指宿枕崎線,10,単線,14650.0,左,防護柵,29,14638.0,14667.0,1.5,PCフェンス,2017-12-25,対象
747,指宿枕崎線,10,単線,15345.0,右,簡易落石止柵,15,15337.0,15352.0,1,鋼,2015-11-13,対象
747,指宿枕崎線,10,単線,15371.0,右,防土砂諸設備,,15352.3,15390.0,,鋼,2015-11-13,対象
747,指宿枕崎線,10,単線,15399.0,右,簡易落石止柵,12,15393.0,15405.0,1,鋼,2015-11-13,対象
747,指宿枕崎線,10,単線,15416.0,左,竹林防護工,50,15391.0,15441.0,11,その他,2016-11-16,対象
747,指宿枕崎線,10,単線,15431.0,右,落石止柵,42,,,2,鋼,2015-04-01,対象
747,指宿枕崎線,10,単線,15450.0,左右,落石止擁壁,45.9,,,,鉄筋コンクリート,1992-12-01,対象
747,指宿枕崎線,10,単線,15607.0,中央,落石止柵,17,15607.0,,2,鋼,2004-07-01,対象
747,指宿枕崎線,10,単線,15608.0,左,防土砂諸設備,,15608.0,,,鋼,2004-07-01,対象
747,指宿枕崎線,10,単線,15645.5,右,簡易落石止柵,64,15616.0,15675.0,1,鋼,2015-08-07,対象
747,指宿枕崎線,10,単線,15971.0,左,竹林防護工,40,15951.0,15991.0,11,その他,2016-11-16,対象
747,指宿枕崎線,10,単線,15991.0,右,竹林防護工,80,15951.0,16031.0,11,その他,2017-03-29,対象
747,指宿枕崎線,10,単線,16320.0,左,その他安全柵,15,,,1,鋼,1988-02-01,対象
747,指宿枕崎線,10,単線,17120.0,左,防護柵,130,17089.0,17226.0,1,PC,1979-05-01,対象
747,指宿枕崎線,10,単線,17250.0,右,防護柵,30.9,17243.0,17272.0,1,PC,1979-10-01,対象
747,指宿枕崎線,10,単線,17290.0,左,防護柵,8,,,,鋼,1979-10-01,対象
747,指宿枕崎線,10,単線,17290.0,右,防護諸設備,8,,,,鋼,1980-12-01,対象
747,指宿枕崎線,10,単線,17558.0,左,転落防止柵,31,17542.0,17573.0,,その他,2014-12-25,対象
747,指宿枕崎線,10,単線,17610.0,左,防護柵,23,,,,鋼,1982-12-01,対象
747,指宿枕崎線,10,単線,17630.0,左,転落防止柵,2,17630.0,17632.0,1,PCフェンス,2016-01-29,対象
747,指宿枕崎線,10,単線,17630.0,右,転落防止柵,84.5,17565.0,17649.5,1,PCフェンス,2016-01-29,対象
747,指宿枕崎線,10,単線,17990.0,右,落石止擁壁,31,,,,鉄筋コンクリート,1978-12-01,対象
747,指宿枕崎線,10,単線,18015.0,右,落石止擁壁,15.3,,,3,コンクリート,1934-12-01,対象
747,指宿枕崎線,10,単線,18030.0,右,落石止擁壁,13.1,,,4,コンクリート,1934-12-01,対象
747,指宿枕崎線,10,単線,18040.0,右,落石止擁壁,20,,,2,コンクリート,1934-12-01,対象
747,指宿枕崎線,10,単線,18050.0,右,落石止擁壁,16,,,2.5,鉄筋コンクリート,1994-05-01,対象
747,指宿枕崎線,10,単線,18050.0,右,落石止柵,15,,,2,鋼,1994-05-01,対象
747,指宿枕崎線,10,単線,18100.0,右,落石止柵,27,18088.0,18115.0,2,鋼,1997-10-01,対象
747,指宿枕崎線,10,単線,18120.0,右,落石止柵,12,,,2,コンクリート,1988-02-01,対象
747,指宿枕崎線,10,単線,18130.0,右,防土砂諸設備,36,18113.0,18149.0,35,鋼,2006-01-01,対象
747,指宿枕崎線,10,単線,18150.0,右,落石止柵,36.4,,,1.9,鋼,1934-12-01,対象
747,指宿枕崎線,10,単線,18280.0,右,落石止擁壁,25.6,,,,コンクリート,1985-12-01,対象
747,指宿枕崎線,10,単線,18280.0,右,落石止柵,65,,,2,該当なし,1985-12-01,対象
747,指宿枕崎線,10,単線,18281.0,右,落石止柵,15,,,2,該当なし,1985-12-01,対象
747,指宿枕崎線,10,単線,18330.0,右,落石止柵,36,18310.0,18346.0,2,鋼,1996-10-01,対象
747,指宿枕崎線,10,単線,18370.0,右,落石止柵,39,,,2,コンクリート,1988-02-01,対象
747,指宿枕崎線,10,単線,18382.0,右,防土砂諸設備,12,18382.0,18394.0,27,鋼,2005-08-01,対象
747,指宿枕崎線,10,単線,18400.0,右,落石止柵,35,,,3,コンクリート,1988-02-01,対象
747,指宿枕崎線,10,単線,18427.0,右,防土砂諸設備,4,18423.0,18431.0,5,鋼,2015-03-27,対象
747,指宿枕崎線,10,単線,18480.0,右,防護その他,60,18438.0,18498.0,10,その他,2014-12-25,対象
747,指宿枕崎線,10,単線,18500.0,右,落石止擁壁,19,,,,鉄筋コンクリート,1985-12-01,対象
747,指宿枕崎線,10,単線,18517.0,右,落石止擁壁,9,,,3.2,コンクリート,1934-12-01,対象
747,指宿枕崎線,10,単線,18520.0,右,防護その他,38.4,18515.0,18553.4,10,その他,2015-12-24,対象
747,指宿枕崎線,10,単線,18550.0,右,落石止柵,26.1,,,2,コンクリート,1990-02-01,対象
747,指宿枕崎線,10,単線,18615.0,右,落石止擁壁,60,,,2,コンクリート,1977-12-01,対象
747,指宿枕崎線,10,単線,18640.0,右,防土砂諸設備,23,18628.0,18651.0,26,その他,2003-11-01,対象
747,指宿枕崎線,10,単線,18700.0,左,防護諸設備,51,,,,鋼,1969-12-01,対象
747,指宿枕崎線,10,単線,18700.0,左,防護柵,51,,,,鋼,1969-06-01,対象
747,指宿枕崎線,10,単線,19405.0,右,簡易落石止柵,35.8,19387.0,19410.0,1,単管,2017-10-30,対象
747,指宿枕崎線,10,単線,21465.0,右,落石止柵,22,,,1.55,鋼,1994-07-01,対象
747,指宿枕崎線,10,単線,21470.0,右,落石止擁壁,23,,,2,鉄筋コンクリート,1994-07-01,対象
747,指宿枕崎線,10,単線,21550.0,左,防護諸設備,51,,,,鋼,1969-12-01,対象
747,指宿枕崎線,10,単線,21550.0,左,防護柵,51,,,,鋼,1969-06-01,対象
747,指宿枕崎線,10,単線,21590.0,右,落石止擁壁,68.5,,,2,鉄筋コンクリート,1985-12-01,対象
747,指宿枕崎線,10,単線,21594.0,右,防土砂諸設備,62,21560.0,21628.0,30,鋼,2005-10-01,対象
747,指宿枕崎線,10,単線,21723.0,右,防護その他,50,21698.0,21748.0,5,金網,2015-01-07,対象
747,指宿枕崎線,10,単線,22700.0,左,防護諸設備,21,,,,鋼,1969-12-01,対象
747,指宿枕崎線,10,単線,22700.0,左,防護柵,21,,,,鋼,1969-06-01,対象
747,指宿枕崎線,10,単線,22720.0,右,落石止柵,51,22719.0,22770.0,2,鋼,1998-11-01,対象
747,指宿枕崎線,10,単線,22750.0,右,落石止柵,93.2,,,2,コンクリート,1988-11-01,対象
747,指宿枕崎線,10,単線,22810.0,右,落石止柵,27,22797.0,22824.0,,鋼,2004-08-01,対象
747,指宿枕崎線,10,単線,24350.0,左,防護柵,21,24340.0,24361.0,,その他,2001-11-01,対象
747,指宿枕崎線,10,単線,24374.0,左,防護柵,12,24368.0,24380.0,,その他,2001-11-01,対象
747,指宿枕崎線,10,単線,24388.0,右,防護柵,33.6,24371.0,24405.0,,その他,2001-11-01,対象
747,指宿枕崎線,10,単線,24396.0,左,防護柵,4,24394.0,24398.0,,その他,2001-11-01,対象
747,指宿枕崎線,10,単線,26164.0,左,転落防止柵,193.9,26070.0,26258.0,1.2,PCフェンス,2016-03-10,対象
747,指宿枕崎線,10,単線,26280.0,左,落石止擁壁,37,,,,鉄筋コンクリート,1992-11-01,対象
747,指宿枕崎線,10,単線,26280.0,左,落石止柵,55.7,26239.0,26308.0,2,鋼,1992-11-01,対象
747,指宿枕崎線,10,単線,27600.0,左,砂防えん堤,260.7,,,3,コンクリート,1949-12-01,対象
747,指宿枕崎線,10,単線,27816.6,右,防護諸設備,49.2,27792.0,27841.0,1.5,PC,2015-11-25,対象
747,指宿枕崎線,10,単線,27970.0,左,落石止擁壁,16,,,,コンクリート,1993-08-01,対象
747,指宿枕崎線,10,単線,27970.0,左,落石止柵,15,,,,鋼,1993-08-01,対象
747,指宿枕崎線,10,単線,28500.0,左,防護諸設備,28.4,,,5.5,鉄筋コンクリート,1977-12-01,対象
747,指宿枕崎線,10,単線,28608.8,右,その他安全柵,70,28573.8,28643.8,2.5,鉄筋コンクリート,2010-01-02,対象
747,指宿枕崎線,10,単線,28695.0,右,防土砂諸設備,22,28675.0,28695.0,2,その他,2007-12-06,対象
747,指宿枕崎線,10,単線,28700.0,右,防土砂諸設備,69,28644.0,28714.0,,鉄筋コンクリート,,対象
747,指宿枕崎線,10,単線,28750.0,右,防土砂諸設備,93,28714.0,28807.0,2,その他,2012-03-27,対象
747,指宿枕崎線,10,単線,28850.0,右,防土砂諸設備,100,28807.0,28907.0,2,その他,2013-01-28,対象
747,指宿枕崎線,10,単線,28930.0,右,防土砂諸設備,32,28888.0,28920.0,2,その他,2008-01-09,対象
747,指宿枕崎線,10,単線,28950.0,右,防土砂諸設備,22,28920.0,28942.0,2,その他,2008-01-18,対象
747,指宿枕崎線,10,単線,28957.0,右,防土砂諸設備,100,28907.0,29007.0,2,鉄筋コンクリート,2014-02-28,対象
747,指宿枕崎線,10,単線,29050.0,右,防土砂諸設備,73,29006.0,29079.0,2,鉄筋コンクリート,2015-03-17,対象
747,指宿枕崎線,10,単線,29100.0,右,防土砂諸設備,42,29129.0,29181.0,2,その他,2008-02-21,対象
747,指宿枕崎線,10,単線,29150.0,右,防土砂諸設備,200,29081.0,29281.0,2,鉄筋コンクリート,2016-03-10,対象
747,指宿枕崎線,10,単線,30265.0,左,防護柵,109,,,1,鋼,1983-03-01,対象
747,指宿枕崎線,10,単線,30400.0,右,防土砂諸設備,6,30397.0,30403.0,3,その他,2007-12-21,対象
747,指宿枕崎線,10,単線,30430.0,右,落石止柵,69,,,2,コンクリート,1980-12-01,対象
747,指宿枕崎線,10,単線,30431.0,右,落石止柵,113.7,,,2,コンクリート,1983-12-01,対象
747,指宿枕崎線,10,単線,30700.0,右,落石止柵,78,,,2,コンクリート,1982-12-01,対象
747,指宿枕崎線,10,単線,30701.0,右,落石止柵,5,,,2,コンクリート,1982-12-01,対象
747,指宿枕崎線,10,単線,30702.0,右,落石止柵,31.6,,,2,コンクリート,1982-12-01,対象
747,指宿枕崎線,10,単線,30703.0,右,落石止柵,49,,,2,コンクリート,1982-12-01,対象
747,指宿枕崎線,10,単線,30704.0,右,落石止柵,8,,,2,コンクリート,1983-12-01,対象
747,指宿枕崎線,10,単線,30920.0,右,落石止柵,147,,,2,コンクリート,1981-12-01,対象
747,指宿枕崎線,10,単線,31030.0,左,落石止柵,133,,,2,コンクリート,1979-12-01,対象
747,指宿枕崎線,10,単線,31250.0,右,落石止柵,206.5,,,2,コンクリート,1983-12-01,対象
747,指宿枕崎線,10,単線,31366.5,右,防土砂諸設備,50,31341.5,31391.5,,鉄筋コンクリート,2011-01-24,対象
747,指宿枕崎線,10,単線,32860.0,右,落石止擁壁,37,32849.0,32886.0,3.5,コンクリート,1995-12-01,対象
747,指宿枕崎線,10,単線,32890.0,右,落石止擁壁,32,32886.0,32918.0,3.5,コンクリート,1996-11-01,対象
747,指宿枕崎線,10,単線,33144.2,左,防土砂諸設備,11.6,33138.4,33150.0,1,鉄筋コンクリート,2016-08-19,対象
747,指宿枕崎線,10,単線,33323.0,右,その他安全柵,12,33317.0,33329.0,4,鉄筋コンクリート,2009-11-01,対象
747,指宿枕崎線,10,単線,33323.0,右,落石止柵,11,33317.5,33328.5,2,鋼,2009-11-01,対象
747,指宿枕崎線,10,単線,33330.0,右,防土砂諸設備,20.3,33320.0,33340.0,2,その他,2007-12-18,対象
747,指宿枕崎線,10,単線,33367.5,右,落石止柵,75,33330.0,33405.0,2,鋼,2010-01-02,対象
747,指宿枕崎線,10,単線,33368.0,右,その他安全柵,76,33329.5,33405.5,3.5,鉄筋コンクリート,2010-01-02,対象
747,指宿枕崎線,10,単線,34780.0,右,防土砂諸設備,18.62,,,2,その他,2007-10-24,対象
747,指宿枕崎線,10,単線,35707.0,中央,防護柵,20,,,1.5,PC,1985-01-01,対象
747,指宿枕崎線,10,単線,35880.0,右,落石止擁壁,25.5,,,1.6,コンクリート,1934-12-01,対象
747,指宿枕崎線,10,単線,36356.0,左,防護柵,2,36356.0,36358.0,1.5,鋼,2012-03-22,対象外
747,指宿枕崎線,10,単線,36356.0,右,防護柵,2,36356.0,36358.0,1.5,鋼,2012-03-22,対象外
747,指宿枕崎線,10,単線,37008.0,右,簡易落石止柵,41.1,37008.0,37040.0,1.5,単管,2016-08-25,対象
747,指宿枕崎線,10,単線,37090.0,右,転落防止柵,138.2,37045.0,37230.0,1.5,PCフェンス,2016-08-25,対象
747,指宿枕崎線,10,単線,37156.0,右,防護柵,38,37137.0,37175.0,1.5,PCフェンス,2015-06-11,対象
747,指宿枕崎線,10,単線,37253.0,右,簡易落石止柵,41,37232.0,37273.0,1.5,PCフェンス,2015-03-26,対象
747,指宿枕崎線,10,単線,37280.0,左,その他安全柵,21,37269.0,37290.0,0.8,鋼,1997-03-01,対象
747,指宿枕崎線,10,単線,37295.0,右,防土砂諸設備,56,37294.0,37350.0,15,鋼,2005-08-01,対象
747,指宿枕崎線,10,単線,37630.0,左,防土砂諸設備,4,37630.0,37634.0,3,鋼,2005-08-01,対象
747,指宿枕崎線,10,単線,37650.0,右,防護諸設備,28.4,,,,金網,2018-01-11,対象
747,指宿枕崎線,10,単線,37690.0,右,竹林防護工,50,37665.0,37715.0,,その他,2017-03-30,対象
747,指宿枕崎線,10,単線,38040.0,右,防護柵,40,38020.0,38060.0,,その他,2002-03-01,対象
747,指宿枕崎線,10,単線,38187.0,左,防護柵,6,,,1.5,鋼,2012-03-22,対象外
747,指宿枕崎線,10,単線,38302.0,左,防護柵,2,,,1.5,鋼,2012-03-22,対象外
747,指宿枕崎線,10,単線,38302.0,右,防護柵,2,,,1.5,鋼,2012-03-22,対象外
747,指宿枕崎線,10,単線,38339.0,左,防護柵,4,,,1.2,鋼,1985-01-01,対象
747,指宿枕崎線,10,単線,38494.0,右,防護柵,4,,,1.5,鋼,2012-03-22,対象外
747,指宿枕崎線,10,単線,38633.0,右,防護柵,2,,,1.5,鋼,2012-03-22,対象外
747,指宿枕崎線,10,単線,40000.0,左,防護柵,2,,,1.5,鋼,2012-03-22,対象外
747,指宿枕崎線,10,単線,40000.0,右,防護柵,2,,,1.5,鋼,2012-03-22,対象外
747,指宿枕崎線,10,単線,40320.0,左,防護その他,24,40320.0,40344.0,1.5,鋼,2012-09-27,対象外
747,指宿枕崎線,10,単線,40320.0,右,防護その他,40,40320.0,40360.0,1.5,鋼,2012-09-27,対象外
747,指宿枕崎線,10,単線,40340.0,左,防護柵,2,,,1.5,鋼,2012-03-22,対象外
747,指宿枕崎線,10,単線,40350.0,右,防護柵,6,,,1.5,鋼,2012-03-22,対象外
747,指宿枕崎線,10,単線,40360.0,左,防護柵,26,,,1.2,その他,2008-03-13,対象
747,指宿枕崎線,10,単線,40360.0,右,防護柵,34,,,1.2,その他,2008-03-13,対象
747,指宿枕崎線,10,単線,40849.0,右,防護柵,238,,,1,鋼,1983-03-01,対象
747,指宿枕崎線,10,単線,41120.0,右,防護柵,3,,,1.5,鋼,2012-03-22,対象外
747,指宿枕崎線,10,単線,41240.0,右,防護柵,4,,,1.5,鋼,2012-03-22,対象外
747,指宿枕崎線,10,単線,42238.0,右,防護その他,48,42238.0,42286.0,1.5,鋼,2015-07-21,対象外
747,指宿枕崎線,10,単線,42687.0,左,防護柵,2,,,1.5,鋼,2012-03-22,対象外
747,指宿枕崎線,10,単線,43476.0,左,防護柵,64,43444.0,43508.0,1.45,鋼,2010-04-01,対象
747,指宿枕崎線,10,単線,46118.0,左,防護柵,4,,,1,鋼,2012-03-22,対象外
747,指宿枕崎線,10,単線,48100.0,右,防護柵,8,,,1,鋼,1983-03-01,対象
747,指宿枕崎線,10,単線,48740.0,左,その他安全柵,6,48737.0,48743.0,,鋼,2002-11-01,対象
747,指宿枕崎線,10,単線,48755.0,左,防護諸設備,8.3,,,1,鋼,1977-12-01,対象
747,指宿枕崎線,10,単線,48870.0,左,防護その他,18,48863.0,48881.0,12,金網,2014-08-06,対象
747,指宿枕崎線,10,単線,48959.0,右,防護柵,50,48934.0,48984.0,1,鋼,2009-01-27,対象
747,指宿枕崎線,10,単線,49052.5,右,落石止擁壁,13,49046.0,49059.0,4,鉄筋コンクリート,2001-02-01,対象
747,指宿枕崎線,10,単線,49070.0,右,落石止柵,11,,,2,コンクリート,1986-12-01,対象
747,指宿枕崎線,10,単線,49090.0,左,落石止擁壁,9.5,,,,鉄筋コンクリート,1965-12-01,対象
747,指宿枕崎線,10,単線,49117.0,左,落石止擁壁,48,,,,鉄筋コンクリート,1964-12-01,対象
747,指宿枕崎線,10,単線,49120.0,右,落石覆,44,,,,鋼,1966-12-01,対象
747,指宿枕崎線,10,単線,49142.0,右,防土砂諸設備,34,49125.0,49159.0,27.8,その他,2002-12-01,対象
747,指宿枕崎線,10,単線,49150.0,右,落石止柵,30,,,2.5,コンクリート,1986-12-01,対象
747,指宿枕崎線,10,単線,49190.0,右,防土砂諸設備,38.18,49160.0,49188.0,43,その他,2001-02-01,対象
747,指宿枕崎線,10,単線,49200.0,右,落石止柵,42.5,,,2.5,コンクリート,1979-12-01,対象
747,指宿枕崎線,10,単線,49200.0,右,落石覆,32,,,5.7,鉄筋コンクリート,1979-12-01,対象
747,指宿枕崎線,10,単線,49201.0,右,落石覆,,,,0.6,鉄筋コンクリート,1979-12-01,対象
747,指宿枕崎線,10,単線,49202.0,右,落石覆,,,,1,コンクリート,1979-12-01,対象
747,指宿枕崎線,10,単線,49203.0,右,落石覆,,,,,鋼,1979-12-01,対象
747,指宿枕崎線,10,単線,49230.0,右,落石止柵,64,,,3,鋼,1967-12-01,対象
747,指宿枕崎線,10,単線,49238.0,右,防土砂諸設備,26,49225.0,49251.0,36.3,その他,2003-12-01,対象
747,指宿枕崎線,10,単線,49246.0,右,防土砂諸設備,10,49241.0,49251.0,5,その他,2003-12-01,対象
747,指宿枕崎線,10,単線,49253.0,左,落石止柵,30,,,,鋼,1972-12-01,対象
747,指宿枕崎線,10,単線,49254.0,右,防土砂諸設備,16,49246.0,49262.0,43.9,鋼,2004-10-01,対象
747,指宿枕崎線,10,単線,49270.0,右,落石止擁壁,51.2,,,3,鉄筋コンクリート,1995-12-01,対象
747,指宿枕崎線,10,単線,49280.0,右,防土砂諸設備,20,49268.0,49288.0,70,鋼,2008-12-25,対象
747,指宿枕崎線,10,単線,49295.0,右,落石止擁壁,25,,,,鉄筋コンクリート,1994-02-01,対象
747,指宿枕崎線,10,単線,49295.0,右,落石止柵,24,,,2.5,鋼,1994-02-01,対象
747,指宿枕崎線,10,単線,49320.0,右,落石止擁壁,17,,,,コンクリート,1978-12-01,対象
747,指宿枕崎線,10,単線,49325.0,右,落石止柵,7,,,,コンクリート,1976-12-01,対象
747,指宿枕崎線,10,単線,49415.0,右,防土砂諸設備,,,,,その他,1994-05-01,対象
747,指宿枕崎線,10,単線,49420.0,右,防土砂諸設備,,,,37,鋼,,対象
747,指宿枕崎線,10,単線,49420.0,右,落石止擁壁,20,,,,鉄筋コンクリート,1962-12-01,対象
747,指宿枕崎線,10,単線,49420.0,右,落石止柵,15.1,,,,鋼,1977-12-01,対象
747,指宿枕崎線,10,単線,49430.0,右,落石止擁壁,31.8,,,,鉄筋コンクリート,1988-12-01,対象
747,指宿枕崎線,10,単線,49450.0,左,落石止擁壁,27,,,,鋼,1962-12-01,対象
747,指宿枕崎線,10,単線,49450.0,右,落石止柵,10,,,,鋼,1962-12-01,対象
747,指宿枕崎線,10,単線,49500.0,右,落石止擁壁,53.4,,,3.2,コンクリート,1934-12-01,対象
747,指宿枕崎線,10,単線,49510.0,右,落石止擁壁,13.4,,,3,コンクリート,1934-12-01,対象
747,指宿枕崎線,10,単線,49518.0,右,落石止擁壁,5.6,,,3.5,コンクリート,1934-12-01,対象
747,指宿枕崎線,10,単線,49523.0,右,落石止擁壁,2.8,,,2.5,コンクリート,1934-12-01,対象
747,指宿枕崎線,10,単線,49540.0,右,落石止柵,23,,,2.1,鋼,1962-12-01,対象
747,指宿枕崎線,10,単線,49550.0,右,のり面工,18,49540.0,49558.0,62,鋼,2006-01-01,対象
747,指宿枕崎線,10,単線,49575.0,右,のり面工,31,49560.0,49591.0,10.4,吹付コンクリート,2005-07-01,対象
747,指宿枕崎線,10,単線,49577.5,右,のり面工,21.2,49567.0,49588.0,60,鋼,2006-12-27,対象
747,指宿枕崎線,10,単線,49580.0,右,防土砂諸設備,60,49550.0,50010.0,45,鋼,2006-03-01,対象
747,指宿枕崎線,10,単線,49580.0,右,落石止擁壁,11,,,5,コンクリート,1967-12-01,対象
747,指宿枕崎線,10,単線,49600.0,右,落石止擁壁,26,,,3.5,コンクリート,1934-12-01,対象
747,指宿枕崎線,10,単線,49600.0,右,落石止柵,12.5,,,2.5,コンクリート,1989-12-01,対象
747,指宿枕崎線,10,単線,49601.0,右,落石止擁壁,8.7,,,4.5,コンクリート,1964-12-01,対象
747,指宿枕崎線,10,単線,49602.0,右,落石止擁壁,10,,,,コンクリート,1966-12-01,対象
747,指宿枕崎線,10,単線,49605.0,右,落石止柵,7,,,3.1,コンクリート,1964-12-01,対象
747,指宿枕崎線,10,単線,49610.0,右,落石止擁壁,8,,,,コンクリート,1966-12-01,対象
747,指宿枕崎線,10,単線,49625.0,右,落石覆,16,,,,鋼,1966-12-01,対象
747,指宿枕崎線,10,単線,49630.0,右,落石止擁壁,59,,,2.7,コンクリート,1934-12-01,対象
747,指宿枕崎線,10,単線,49680.0,右,落石止擁壁,10.1,,,1.5,鉄筋コンクリート,1985-12-01,対象
747,指宿枕崎線,10,単線,49695.0,右,落石止柵,8,,,1.8,鋼,1962-12-01,対象
747,指宿枕崎線,10,単線,49700.0,右,落石止擁壁,45,,,1.5,鉄筋コンクリート,1985-12-01,対象
747,指宿枕崎線,10,単線,49700.0,右,落石止柵,7,,,1.8,鋼,1962-12-01,対象
747,指宿枕崎線,10,単線,49710.0,右,落石止擁壁,18.7,,,3,コンクリート,1934-12-01,対象
747,指宿枕崎線,10,単線,49711.0,右,落石止擁壁,8.9,,,3,コンクリート,1967-12-01,対象
747,指宿枕崎線,10,単線,49725.0,右,落石止擁壁,16,,,,コンクリート,1966-12-01,対象
747,指宿枕崎線,10,単線,49830.0,右,落石止柵,25,,,1.5,鋼,1962-12-01,対象
747,指宿枕崎線,10,単線,49840.12,右,落石止柵,10,,,3.5,鋼,1962-12-01,対象
747,指宿枕崎線,10,単線,49850.0,右,落石止擁壁,6.5,,,3.8,コンクリート,1967-12-01,対象
747,指宿枕崎線,10,単線,49880.0,右,落石止擁壁,15.3,,,14.7,コンクリート,1978-12-01,対象
747,指宿枕崎線,10,単線,49940.0,右,防土砂諸設備,,,,,その他,1994-07-01,対象
747,指宿枕崎線,10,単線,49950.0,右,防護諸設備,65.7,,,1.3,鋼,1957-12-01,対象
747,指宿枕崎線,10,単線,49950.0,右,落石止擁壁,20.1,,,1.3,鉄筋コンクリート,1978-12-01,対象
747,指宿枕崎線,10,単線,49970.0,右,防土砂諸設備,20,49960.0,49980.0,30,その他,1998-01-01,対象
747,指宿枕崎線,10,単線,49970.0,右,防護諸設備,20,49960.0,49980.0,15,その他,1998-01-01,対象
747,指宿枕崎線,10,単線,50000.0,右,防土砂諸設備,,,,,その他,1994-03-01,対象
747,指宿枕崎線,10,単線,50001.0,右,防土砂諸設備,,,,,鋼,1994-08-01,対象
747,指宿枕崎線,10,単線,50002.0,右,防土砂諸設備,,,,,その他,1994-05-01,対象
747,指宿枕崎線,10,単線,50020.0,右,防土砂諸設備,,,,,その他,1994-08-01,対象
747,指宿枕崎線,10,単線,50040.0,右,落石止柵,10,,,,コンクリート,1982-12-01,対象
747,指宿枕崎線,10,単線,50041.0,右,落石止柵,10,,,3.5,鋼,1968-12-01,対象
747,指宿枕崎線,10,単線,50050.0,右,防土砂諸設備,,,,,その他,1995-12-01,対象
747,指宿枕崎線,10,単線,50050.0,右,落石止柵,31.5,,,2,コンクリート,1989-01-01,対象
747,指宿枕崎線,10,単線,50060.0,右,防土砂諸設備,,,,,その他,1994-07-01,対象
747,指宿枕崎線,10,単線,50080.0,右,落石止擁壁,40,,,,鉄筋コンクリート,1978-12-01,対象
747,指宿枕崎線,10,単線,50081.0,右,防土砂諸設備,30,50066.0,50096.0,43,その他,2002-01-01,対象
747,指宿枕崎線,10,単線,50110.0,右,落石止擁壁,15.1,,,,鉄筋コンクリート,1989-01-01,対象
747,指宿枕崎線,10,単線,50115.0,右,防土砂諸設備,10,50110.0,50120.0,6,その他,2002-01-01,対象
747,指宿枕崎線,10,単線,50135.0,右,落石止擁壁,32,50118.0,50150.0,,鉄筋コンクリート,2012-02-19,対象
747,指宿枕崎線,10,単線,50160.0,右,落石止擁壁,24.1,,,,鉄筋コンクリート,1989-01-01,対象
747,指宿枕崎線,10,単線,50168.0,右,防土砂諸設備,74,50131.0,50205.0,27.3,その他,2003-01-01,対象
747,指宿枕崎線,10,単線,50180.0,右,落石止擁壁,19,,,,鉄筋コンクリート,1978-12-01,対象
747,指宿枕崎線,10,単線,50200.0,右,落石止擁壁,24,,,,鉄筋コンクリート,1979-12-01,対象
747,指宿枕崎線,10,単線,50215.0,左,防護柵,117,50147.0,50280.0,1.1,鋼,2010-09-01,対象
747,指宿枕崎線,10,単線,50270.0,右,落石止擁壁,27.3,,,2,鉄筋コンクリート,1978-12-01,対象
747,指宿枕崎線,10,単線,50300.0,左,防護柵,90,50297.0,50387.0,1.1,鋼,2009-08-01,対象
747,指宿枕崎線,10,単線,50320.0,右,防護その他,256,,,,鋼,1989-11-01,対象
747,指宿枕崎線,10,単線,50400.0,右,防土砂諸設備,,,,,その他,2010-11-26,対象
747,指宿枕崎線,10,単線,50400.0,中央,防土砂諸設備,,50400.0,50402.0,32,その他,1999-06-01,対象
747,指宿枕崎線,10,単線,51739.0,左,防護柵,2,,,1.5,鋼,2012-03-22,対象外
747,指宿枕崎線,10,単線,51894.0,左,防護柵,2,,,1.5,鋼,2012-03-22,対象外
747,指宿枕崎線,10,単線,51894.0,右,防護柵,2,,,1.5,鋼,2012-03-22,対象外
747,指宿枕崎線,10,単線,52844.0,左,防護柵,2,,,1.5,鋼,2012-03-22,対象外
747,指宿枕崎線,10,単線,52844.0,右,防護柵,2,,,1.5,鋼,2012-03-22,対象外
747,指宿枕崎線,10,単線,53311.0,左,防護柵,2,,,1.5,鋼,2012-03-22,対象外
747,指宿枕崎線,10,単線,53311.0,右,防護柵,2,,,1.5,鋼,2012-03-22,対象外
747,指宿枕崎線,10,単線,53492.0,左,防護柵,2,,,1.5,鋼,2012-03-22,対象外
747,指宿枕崎線,10,単線,53492.0,右,防護柵,2,,,1.5,鋼,2012-03-22,対象外
747,指宿枕崎線,10,単線,55043.0,右,防護柵,2,,,1.5,鋼,2012-03-22,対象外
747,指宿枕崎線,10,単線,55250.0,右,防護柵,4,,,1.5,鋼,2012-03-22,対象外
747,指宿枕崎線,10,単線,55369.0,左,防護柵,2,,,1.5,鋼,2012-03-22,対象外
747,指宿枕崎線,10,単線,55369.0,右,防護柵,2,,,1.5,鋼,2012-03-22,対象外
747,指宿枕崎線,10,単線,55753.0,左,防護柵,2,,,1.5,鋼,2012-03-22,対象外
747,指宿枕崎線,10,単線,55753.0,右,防護柵,2,,,1.5,鋼,2012-03-22,対象外
747,指宿枕崎線,10,単線,55891.0,左,防護柵,2,,,1.5,鋼,2012-03-22,対象外
747,指宿枕崎線,10,単線,55891.0,右,防護柵,2,,,1.5,鋼,2012-03-22,対象外
747,指宿枕崎線,10,単線,55992.0,左,防護柵,2,,,1.5,鋼,2012-03-22,対象外
747,指宿枕崎線,10,単線,56268.0,右,防護柵,2,,,1.5,鋼,2012-03-22,対象外
747,指宿枕崎線,10,単線,60182.0,左,防護柵,2,,,1.5,鋼,2012-03-22,対象外
747,指宿枕崎線,10,単線,60258.0,左,防護柵,2,,,1.5,鋼,2012-03-22,対象外
747,指宿枕崎線,10,単線,60259.0,右,防護柵,2,,,1.5,鋼,2012-03-22,対象外
747,指宿枕崎線,10,単線,60576.0,左,防護柵,6,,,1.5,鋼,2012-03-22,対象外
747,指宿枕崎線,10,単線,60579.0,右,防護柵,4,,,1.5,鋼,2012-03-22,対象外
747,指宿枕崎線,10,単線,60737.0,左,防護柵,6,,,1.5,鋼,2012-03-22,対象外
747,指宿枕崎線,10,単線,60738.0,右,防護柵,6,,,1.5,鋼,2012-03-22,対象外
747,指宿枕崎線,10,単線,60796.0,左,防護柵,2,,,1.5,鋼,2012-03-22,対象外
747,指宿枕崎線,10,単線,60796.0,右,防護柵,2,,,1.5,鋼,2012-03-22,対象外
747,指宿枕崎線,10,単線,61478.0,左,簡易落石止柵,28,61464.0,64492.0,2,単管,2014-11-27,対象
747,指宿枕崎線,10,単線,61491.02,右,落石止柵,30,,,1.5,鋼,1963-12-01,対象
747,指宿枕崎線,10,単線,61491.11,左,落石止柵,20,,,1.5,鋼,1963-12-01,対象
747,指宿枕崎線,10,単線,61605.0,左,簡易落石止柵,10,61600.0,61610.0,1,単管,2014-11-27,対象
747,指宿枕崎線,10,単線,61641.02,左,落石止柵,50,,,1.5,コンクリート,1963-12-01,対象
747,指宿枕崎線,10,単線,61666.0,左,簡易落石止柵,10,61661.0,61671.0,1.5,単管,2014-11-27,対象
747,指宿枕崎線,10,単線,61896.0,左,防護その他,60,18438.0,18498.0,15,その他,2017-03-29,対象
747,指宿枕崎線,10,単線,61994.0,左,簡易落石止柵,13,61987.0,62000.0,1,単管,2014-11-27,対象
747,指宿枕崎線,10,単線,62028.0,左,簡易落石止柵,24,62016.0,62040.0,1.5,単管,2014-11-27,対象
747,指宿枕崎線,10,単線,64218.0,右,落石止柵,20,64208.0,64228.0,1.5,単管,2016-03-29,対象
747,指宿枕崎線,10,単線,64502.0,左,防護柵,2,,,1.5,鋼,2012-03-22,対象外
747,指宿枕崎線,10,単線,64660.0,右,防土砂諸設備,,,,,その他,1994-02-01,対象
747,指宿枕崎線,10,単線,64660.0,右,防護柵,26.6,,,1.5,鋼,1993-11-01,対象
747,指宿枕崎線,10,単線,64673.02,右,落石止柵,7,,,1.7,鋼,1974-12-01,対象
747,指宿枕崎線,10,単線,65035.0,右,落石止柵,2.8,65034.0,65036.8,2,鋼,2009-04-01,対象
747,指宿枕崎線,10,単線,65037.0,中央,落石止柵,25,65037.0,,2.5,鋼,2005-10-01,対象
747,指宿枕崎線,10,単線,65037.82,右,落石止柵,7,,,1,鋼,1974-12-01,対象
747,指宿枕崎線,10,単線,65366.0,右,防護柵,2,,,1.5,鋼,2012-03-22,対象外
747,指宿枕崎線,10,単線,65368.0,左,防護柵,2,,,1.5,鋼,2012-03-22,対象外
747,指宿枕崎線,10,単線,68308.0,右,防護柵,2,,,1.5,鋼,2012-03-22,対象外
747,指宿枕崎線,10,単線,68310.0,左,防護柵,2,,,1.5,鋼,2012-03-22,対象外
747,指宿枕崎線,10,単線,68795.0,左,防護柵,2,,,1.5,鋼,2012-03-22,対象外
747,指宿枕崎線,10,単線,68795.0,右,防護柵,2,,,1.5,鋼,2012-03-22,対象外
747,指宿枕崎線,10,単線,68930.0,右,防護柵,2,,,1.5,鋼,2012-03-22,対象外
747,指宿枕崎線,10,単線,68932.0,左,防護柵,2,,,1.5,鋼,2012-03-22,対象外
747,指宿枕崎線,10,単線,69703.0,左,防護柵,2,,,1.5,鋼,2012-03-22,対象外
747,指宿枕崎線,10,単線,69703.0,右,防護柵,2,,,1.5,鋼,2012-03-22,対象外
747,指宿枕崎線,10,単線,71376.0,左,防護柵,2,,,1.5,鋼,2012-03-22,対象外
747,指宿枕崎線,10,単線,71376.0,右,防護柵,2,,,1.5,鋼,2012-03-22,対象外
747,指宿枕崎線,10,単線,72606.0,右,簡易落石止柵,18,72597.0,72615.0,1.5,単管,2014-08-06,対象
747,指宿枕崎線,10,単線,72687.0,右,簡易落石止柵,24,72675.0,72699.0,1.5,単管,2016-03-29,対象
747,指宿枕崎線,10,単線,72713.0,左,簡易落石止柵,26,72700.0,72726.0,1,単管,2014-08-06,対象
747,指宿枕崎線,10,単線,72724.0,右,簡易落石止柵,48,72700.0,72748.0,1.5,単管,2014-08-06,対象
747,指宿枕崎線,10,単線,72963.0,右,防護柵,2,,,1.5,鋼,2012-03-22,対象外
747,指宿枕崎線,10,単線,72972.0,左,防護柵,2,,,1.5,鋼,2012-03-22,対象外
747,指宿枕崎線,10,単線,76300.0,右,防土砂諸設備,72,76257.0,76329.0,21.5,鋼,2005-08-01,対象
747,指宿枕崎線,10,単線,79267.0,右,防護柵,2,,,1.5,鋼,2012-03-22,対象外
747,指宿枕崎線,10,単線,79269.0,左,防護柵,2,,,1.5,鋼,2012-03-22,対象外
747,指宿枕崎線,10,単線,79673.0,左,簡易落石止柵,65.5,,,1.5,PCフェンス,2015-03-30,対象
747,指宿枕崎線,10,単線,79673.0,左,防護柵,2,,,1.5,鋼,2012-03-22,対象外
747,指宿枕崎線,10,単線,79673.0,右,簡易落石止柵,64.5,,,1.5,PCフェンス,2015-03-30,対象
747,指宿枕崎線,10,単線,79673.0,右,防護柵,2,,,1.5,鋼,2012-03-22,対象外
747,指宿枕崎線,10,単線,80190.0,左,防護柵,2,,,1.5,鋼,2012-03-22,対象外
747,指宿枕崎線,10,単線,80191.0,右,防護柵,2,,,1.5,鋼,2012-03-22,対象外
747,指宿枕崎線,10,単線,80305.0,右,防護柵,2,,,1.5,鋼,2012-03-22,対象外
747,指宿枕崎線,10,単線,80309.0,左,防護柵,2,,,1.5,鋼,2012-03-22,対象外
747,指宿枕崎線,10,単線,80480.0,左,簡易落石止柵,60,80450.0,80510.0,1.5,単管,2015-07-10,対象
747,指宿枕崎線,10,単線,80490.0,右,簡易落石止柵,80,80450.0,80530.0,1.5,単管,2015-07-10,対象
747,指宿枕崎線,10,単線,80622.0,左,防護柵,2,,,1.5,鋼,2012-03-22,対象外
747,指宿枕崎線,10,単線,80630.0,右,防護柵,2,,,1.5,鋼,2012-03-22,対象外
747,指宿枕崎線,10,単線,80636.0,左,簡易落石止柵,87,80591.0,80681.0,1.5,単管,2015-09-19,対象
747,指宿枕崎線,10,単線,80646.0,右,簡易落石止柵,70,80608.0,80684.0,1.5,単管,2015-09-19,対象
747,指宿枕崎線,10,単線,82798.0,右,防護柵,2,,,1.5,鋼,2012-03-22,対象外
747,指宿枕崎線,10,単線,83024.0,左,簡易落石止柵,86,82970.0,83078.0,1.5,単管,2015-10-01,対象
747,指宿枕崎線,10,単線,83033.5,右,簡易落石止柵,60,82995.0,83072.0,1.5,単管,2015-10-01,対象
747,指宿枕崎線,10,単線,83926.0,左,防護柵,2,,,1.5,鋼,2012-03-22,対象外
747,指宿枕崎線,10,単線,83926.0,右,防護柵,2,,,1.5,鋼,2012-03-22,対象外
747,指宿枕崎線,10,単線,83980.0,左,防護柵,2,,,1.5,鋼,2012-03-22,対象外
747,指宿枕崎線,10,単線,83980.0,右,防護柵,2,,,1.5,鋼,2012-03-22,対象外
747,指宿枕崎線,10,単線,84199.0,左,防護柵,2,,,1.5,鋼,2012-03-22,対象外
747,指宿枕崎線,10,単線,84199.0,右,防護柵,2,,,1.5,鋼,2012-03-22,対象外
747,指宿枕崎線,10,単線,85172.0,右,簡易落石止柵,53,85145.0,85198.0,1.5,単管,2015-07-31,対象
747,指宿枕崎線,10,単線,85173.0,左,簡易落石止柵,55,85145.0,85200.0,1.5,単管,2015-07-31,対象
747,指宿枕崎線,10,単線,85207.0,左,簡易落石止柵,10,85202.0,85212.0,1.5,単管,2015-07-31,対象
747,指宿枕崎線,10,単線,85207.0,右,簡易落石止柵,12,85200.0,85212.0,1.5,単管,2015-07-31,対象
747,指宿枕崎線,10,単線,85428.0,左,防護柵,2,,,1.5,鋼,2012-03-22,対象外
747,指宿枕崎線,10,単線,85428.0,右,防護柵,2,,,1.5,鋼,2012-03-22,対象外
747,指宿枕崎線,10,単線,85441.0,左,簡易落石止柵,23,85429.0,85452.0,1.5,単管,2015-10-09,対象
747,指宿枕崎線,10,単線,85449.0,右,簡易落石止柵,36,85431.0,85467.0,1.5,単管,2015-10-09,対象
747,指宿枕崎線,10,単線,85460.0,左,簡易落石止柵,16,85452.0,85468.0,1.5,単管,2015-10-09,対象
747,指宿枕崎線,10,単線,85484.0,右,簡易落石止柵,34,85467.0,85501.0,1.5,単管,2015-10-09,対象
747,指宿枕崎線,10,単線,85489.0,左,簡易落石止柵,40,85469.0,85509.0,1.5,単管,2015-10-09,対象
747,指宿枕崎線,10,単線,85550.0,左,防護その他,,85526.0,85607.0,14.6,その他,2016-10-28,対象
747,指宿枕崎線,10,単線,85550.0,右,防護その他,,85523.0,85607.0,12.8,その他,2016-10-28,対象
747,指宿枕崎線,10,単線,86598.0,左,防護柵,4,,,1.5,鋼,2012-03-22,対象外
747,指宿枕崎線,10,単線,86599.0,右,防護柵,2,,,1.5,鋼,2012-03-22,対象外
753,長崎本線,00,無し,29830.0,無,柵垣（名称細目０３）,75.2,,,,該当なし,2004-03-01,対象外
753,長崎本線,00,無し,84780.0,無,柵垣（名称細目０３）,120.5,84585.0,84705.0,,PCフェンス,2015-03-27,対象
753,長崎本線,10,単線,59485.0,左,落石止柵,151,59409.0,59560.0,,PCフェンス,2013-08-20,対象
753,長崎本線,10,単線,60304.3,右,簡易落石止柵,92.83,60261.0,60347.6,1.2,PCフェンス,2013-12-03,対象
753,長崎本線,10,単線,62013.0,左,落石止柵,26,62000.0,62026.0,1.2,PCフェンス,2013-08-20,対象
753,長崎本線,10,単線,62539.0,右,簡易落石防護ネット,42,62518.0,62580.0,15.4,その他,2013-11-18,対象
753,長崎本線,10,単線,64130.0,左,落石止柵,60,,,,鋼,1990-09-01,対象
753,長崎本線,10,単線,64285.0,右,落石止柵,45,,,1.5,鋼,1991-11-01,対象
753,長崎本線,10,単線,64425.0,右,落石止柵,36,,,1.5,鋼,1991-11-01,対象
753,長崎本線,10,単線,64876.0,左,落石止柵,103,64824.0,64927.0,1.2,PCフェンス,2013-08-20,対象
753,長崎本線,10,単線,65300.0,右,落石止柵,60,,,1.5,鋼,1991-09-01,対象
753,長崎本線,10,単線,65780.0,左,防護柵,84,,,1,その他,1990-09-01,対象外
753,長崎本線,10,単線,65780.0,右,落石止柵,95,,,1,鋼及び鉄コン,1990-12-01,対象外
753,長崎本線,10,単線,66325.0,左,防護柵,35.5,,,1,その他,1991-09-01,対象
753,長崎本線,10,単線,66325.0,右,落石止柵,121,,,1,鋼及び鉄コン,1990-12-01,対象
753,長崎本線,10,単線,66536.0,左,簡易落石止柵,20,66526.0,66546.0,1.2,単管,2015-03-07,対象
753,長崎本線,10,単線,66620.0,左,簡易落石止柵,88,66576.0,66664.0,1.2,単管,2015-03-07,対象
753,長崎本線,10,単線,70110.0,右,落石止擁壁,16,,,6.8,コンクリート,1971-12-01,対象
753,長崎本線,10,単線,70125.0,右,落石止擁壁,16.3,,,2,コンクリート,1971-12-01,対象
753,長崎本線,10,単線,70150.0,右,落石止擁壁,100,,,5.8,コンクリート,1994-12-01,対象外
753,長崎本線,10,単線,70150.0,右,防護その他,32.64,70120.0,70152.6,,その他,2007-11-28,対象
753,長崎本線,10,単線,70240.0,右,落石止擁壁,60,,,,コンクリート,1971-12-01,対象
753,長崎本線,10,単線,70240.0,右,落石止柵,60,,,,鋼,1972-12-01,対象
753,長崎本線,10,単線,70241.0,右,落石止擁壁,60,,,3.7,コンクリート,1994-12-01,対象外
753,長崎本線,10,単線,70257.0,右,防護その他,20,70247.0,70267.0,,その他,2009-11-13,対象
753,長崎本線,10,単線,70295.0,右,落石止擁壁,31,,,6.8,コンクリート,1971-12-01,対象
753,長崎本線,10,単線,70350.0,右,落石止擁壁,15.5,,,2.9,コンクリート,1971-12-01,対象
753,長崎本線,10,単線,70400.0,右,落石止擁壁,70,,,3,コンクリート,1976-12-01,対象
753,長崎本線,10,単線,70481.0,右,落石止擁壁,70,,,2.8,鋼及び鉄コン,1982-12-01,対象
753,長崎本線,10,単線,71485.0,右,簡易落石止柵,184.1,71393.9,71575.8,1.2,PCフェンス,2013-11-22,対象
753,長崎本線,10,単線,71935.0,右,落石止擁壁,13.6,,,6,コンクリート,1971-12-01,対象
753,長崎本線,10,単線,71935.0,右,落石止柵,12,,,,鋼,1972-12-01,対象
753,長崎本線,10,単線,71945.0,右,落石止擁壁,21,,,7,コンクリート,1971-12-01,対象
753,長崎本線,10,単線,72120.0,右,落石止擁壁,35,,,5.5,コンクリート,1971-12-01,対象
753,長崎本線,10,単線,73000.0,右,落石止擁壁,36,,,1.8,鉄筋コンクリート,1999-11-01,対象
753,長崎本線,10,単線,73100.0,右,落石止柵,87,,,1.5,鋼,1975-12-01,対象
753,長崎本線,10,単線,74550.0,左,転落防止柵,3070,,,,金網,2016-03-23,対象
753,長崎本線,10,単線,74550.0,右,転落防止柵,2340,,,,金網,2016-03-23,対象
753,長崎本線,10,単線,74662.0,右,転落防止柵,6660,,,,金網,2016-03-23,対象
753,長崎本線,10,単線,77950.0,左,転落防止柵,24,,,1.5,鋼,2011-03-28,対象
753,長崎本線,10,単線,77957.0,左,簡易落石止柵,34.5,77940.0,77974.0,1.5,単管,2013-10-07,対象
753,長崎本線,10,単線,79620.0,左,転落防止柵,87.7,,,,鋼,2011-03-18,対象
753,長崎本線,10,単線,80299.0,右,落石止柵,75.4,,,,鋼,1991-10-01,対象
753,長崎本線,10,単線,83579.0,左,転落防止柵,14,83570.0,83588.0,1.2,PCフェンス,2018-02-15,対象
753,長崎本線,10,単線,83733.0,右,簡易落石止柵,8,83729.0,83738.0,1.5,PCフェンス,2013-10-07,対象
753,長崎本線,10,単線,83752.0,右,転落防止柵,8,83752.0,83760.0,1.2,PC,2012-02-28,対象
753,長崎本線,10,単線,83800.0,右,簡易落石止柵,30,83785.0,83815.0,2,単管,2013-10-07,対象
753,長崎本線,10,単線,83940.0,右,落石止擁壁,18,83940.0,83958.0,2.7,コンクリート,2004-02-01,対象
753,長崎本線,10,単線,84107.0,右,簡易落石止柵,18,84100.0,84115.0,1.5,単管,2013-10-07,対象
753,長崎本線,10,単線,85047.0,右,簡易落石止柵,10,85042.0,85052.0,1.2,PCフェンス,2017-09-22,対象
753,長崎本線,10,単線,85290.0,左,簡易落石止柵,110.5,85235.0,85345.0,1.5,単管,2013-10-07,対象
753,長崎本線,10,単線,85500.0,右,転落防止柵,36.65,,,1.2,鋼,2012-07-19,対象
753,長崎本線,10,単線,92430.0,右,転落防止柵,,,,,PCフェンス,2013-09-10,対象
753,長崎本線,10,単線,92432.0,左,転落防止柵,12,,,1.5,鋼,2011-01-12,対象
753,長崎本線,10,単線,93245.0,左,転落防止柵,21.2,93234.0,93255.0,1.2,PCフェンス,2013-12-09,対象
753,長崎本線,10,単線,93750.0,左,転落防止柵,73,,,1.5,鋼,2011-02-15,対象
753,長崎本線,10,単線,98053.0,左,転落防止柵,108,97952.0,98060.0,,PCフェンス,2015-08-27,対象
753,長崎本線,10,単線,106050.0,左,防護柵,,,,,鋼,2011-03-25,対象
753,長崎本線,10,単線,106212.0,左,転落防止柵,,,,,鋼,2016-02-29,対象
753,長崎本線,10,単線,107235.0,左,防護諸設備,8.6,,,1.5,鋼,1972-12-01,対象
753,長崎本線,10,単線,107400.0,中央,転落防止柵,21.3,,,,鋼,2017-03-27,対象
753,長崎本線,10,単線,107413.0,中央,防護諸設備,30,,,0.7,コンクリート,1972-12-01,対象
753,長崎本線,10,単線,107440.0,左,防護諸設備,8.7,,,0.9,PC,1972-12-01,対象
753,長崎本線,10,単線,107440.0,右,防護諸設備,15.4,,,1.2,PC,1972-12-01,対象
753,長崎本線,10,単線,107480.0,左,防護諸設備,52.1,,,1.2,鋼,1971-12-01,対象
753,長崎本線,10,単線,107480.0,右,防護諸設備,69.2,,,1.2,鋼,1971-12-01,対象
753,長崎本線,10,単線,107510.0,右,防護諸設備,7.1,,,1,鋼,1971-12-01,対象
753,長崎本線,10,単線,107560.0,右,防護諸設備,66.3,,,1.2,鋼,1971-12-01,対象
753,長崎本線,10,単線,108398.86,左,防護諸設備,25.5,,,1.1,鋼,1971-12-01,対象
753,長崎本線,10,単線,108398.86,右,防護諸設備,25.5,,,1.1,鋼,1971-12-01,対象
753,長崎本線,10,単線,108750.0,右,簡易落石止柵,38.2,108732.0,108767.0,1.5,PCフェンス,2013-10-07,対象
753,長崎本線,10,単線,109316.86,右,防護諸設備,10.8,,,1.1,鋼,1971-12-01,対象
753,長崎本線,10,単線,109933.86,左,防護諸設備,6.7,,,,鋼,1972-12-01,対象
753,長崎本線,10,単線,109933.86,右,防護諸設備,6.7,,,,鋼,1972-12-01,対象
753,長崎本線,10,単線,110033.86,左,防護諸設備,9,,,,鋼,1972-12-01,対象
753,長崎本線,10,単線,110033.86,右,防護諸設備,6,,,,鋼,1972-12-01,対象
753,長崎本線,10,単線,110042.0,左,簡易落石止柵,8,110038.0,110046.0,1.5,PCフェンス,2013-10-07,対象
753,長崎本線,10,単線,110048.0,左,転落防止柵,46,110025.0,110071.0,,鋼,2010-09-17,対象
753,長崎本線,10,単線,111321.0,右,簡易落石止柵,12.7,,,1.5,PCフェンス,2013-10-07,対象
753,長崎本線,10,単線,111322.0,中央,簡易落石止柵,18.7,111322.0,111322.0,1.5,PCフェンス,2014-03-10,対象
753,長崎本線,10,単線,111469.0,右,簡易落石止柵,20.3,,,1.5,PCフェンス,2013-10-07,対象
753,長崎本線,10,単線,111471.0,中央,簡易落石止柵,11.8,111471.0,111471.0,1.5,PCフェンス,2014-03-10,対象
753,長崎本線,10,単線,112025.0,中央,簡易落石止柵,12,112025.0,112025.0,1.5,PCフェンス,2014-03-10,対象
753,長崎本線,10,単線,112778.0,左,転落防止柵,94,112778.0,112872.0,1.2,PC,1972-12-01,対象
753,長崎本線,10,単線,112869.82,右,防護諸設備,11,,,1.1,鋼,1972-12-01,対象
753,長崎本線,10,単線,112871.82,右,防護諸設備,14.2,,,,コンクリート,1972-12-01,対象
753,長崎本線,10,単線,114566.0,右,防護諸設備,55.5,,,1.1,鋼,1972-12-01,対象
753,長崎本線,10,単線,114632.82,左,防護諸設備,18,,,1,鋼,1972-12-01,対象
753,長崎本線,10,単線,114643.82,左,防護諸設備,15,,,1.1,鋼,1972-12-01,対象
753,長崎本線,10,単線,114691.82,左,防護諸設備,70,,,1.1,鋼,1972-12-01,対象
753,長崎本線,10,単線,114726.82,左,防護諸設備,6.6,,,1.1,鋼,1972-12-01,対象
753,長崎本線,10,単線,114751.82,右,防護諸設備,75,,,1.1,鋼,1972-12-01,対象
753,長崎本線,10,単線,115180.0,右,落石止柵,13,115180.0,115193.0,,鋼,2010-09-17,対象
753,長崎本線,10,単線,115190.0,右,転落防止柵,3.8,115190.0,115193.8,1.2,PC,2011-08-11,対象
753,長崎本線,21,下り線,101449.0,中央,簡易落石止柵,11.2,101449.0,101449.0,1.5,PCフェンス,2014-03-10,対象
753,長崎本線,21,下り線,101583.0,中央,簡易落石止柵,13.8,101583.0,101583.0,1.5,PCフェンス,2014-03-10,対象
753,長崎本線,22,上り線,102816.0,右,転落防止柵,3.25,102816.0,,1.2,PCフェンス,2017-03-13,対象
753,長崎本線,22,上り線,102818.0,右,転落防止柵,1.25,102818.0,,1.2,PCフェンス,2017-03-13,対象
754,長崎旧線,10,単線,107687.0,右,簡易落石止柵,36.1,107669.0,107705.0,2,単管,2013-10-24,対象
754,長崎旧線,10,単線,107788.0,右,簡易落石止柵,120,107728.0,107848.0,2,単管,2013-10-24,対象
754,長崎旧線,10,単線,108460.0,左,落石止柵,33,,,,単管,2015-03-28,対象
754,長崎旧線,10,単線,108500.0,左,防護諸設備,4,,,,金網,2015-03-28,対象
754,長崎旧線,10,単線,108501.0,中央,防土砂諸設備,6,,,,その他,2017-09-29,対象
754,長崎旧線,10,単線,108505.0,左,防護諸設備,,,,,該当なし,2015-03-28,対象
754,長崎旧線,10,単線,108812.0,中央,簡易落石止柵,13.9,108812.0,108812.0,1.5,PCフェンス,2013-10-24,対象
754,長崎旧線,10,単線,109147.0,左,転落防止柵,36,109135.0,109171.0,,該当なし,2015-08-04,対象
754,長崎旧線,10,単線,109600.0,中央,簡易落石止柵,13,109600.0,109600.0,1.5,PCフェンス,2013-12-12,対象
754,長崎旧線,10,単線,109662.0,左,落石止柵,37,,,,PC,1974-12-01,対象
754,長崎旧線,10,単線,109675.0,左,落石止柵,25,,,,鋼,2014-11-05,対象
754,長崎旧線,10,単線,109685.0,左,簡易落石止柵,25.4,109675.0,109695.0,1.5,単管,2013-07-08,対象
754,長崎旧線,10,単線,109695.0,左,防護諸設備,3,,,,金網,2014-11-05,対象
754,長崎旧線,10,単線,109847.0,中央,簡易落石止柵,13.8,109847.0,109847.0,1.5,PCフェンス,2013-10-24,対象
754,長崎旧線,10,単線,109858.0,右,簡易落石止柵,22,109847.0,109867.0,1.5,PCフェンス,2013-10-24,対象
754,長崎旧線,10,単線,110150.0,左,落石止柵,41.4,110150.0,110191.4,1.5,PCフェンス,2015-08-26,対象
754,長崎旧線,10,単線,110400.0,右,落石止柵,35.9,110400.0,110435.0,1.5,PCフェンス,2015-09-17,対象
754,長崎旧線,10,単線,111368.0,左,転落防止柵,77.5,,,,PC,2012-03-07,対象
754,長崎旧線,10,単線,111450.0,左,落石止擁壁,27.3,,,,コンクリート,1974-12-01,対象
754,長崎旧線,10,単線,111450.0,左,落石止柵,32,,,,鋼,1974-12-01,対象
754,長崎旧線,10,単線,111490.0,左,簡易落石止柵,35.7,111473.0,111506.0,1.5,PCフェンス,2013-11-21,対象
754,長崎旧線,10,単線,111800.0,左,落石止柵,15,,,,鋼,1974-12-01,対象
754,長崎旧線,10,単線,111965.0,左,簡易落石止柵,20,111955.0,111975.0,1.5,単管,2013-11-21,対象
754,長崎旧線,10,単線,112556.0,右,簡易落石止柵,22,112545.0,112566.0,1.5,PCフェンス,2013-11-21,対象
754,長崎旧線,10,単線,112609.0,左,簡易落石止柵,82,112568.0,112650.0,1.5,PCフェンス,2013-11-21,対象
754,長崎旧線,10,単線,113438.0,右,簡易落石止柵,81,113400.0,113475.0,1.5,PCフェンス,2013-11-21,対象
754,長崎旧線,10,単線,113727.0,左,転落防止柵,37,,,,PC,1974-12-01,対象
754,長崎旧線,10,単線,114016.0,左,簡易落石止柵,31,114000.0,114031.0,2,単管,2013-11-21,対象
754,長崎旧線,10,単線,114146.0,左,簡易落石止柵,16,114139.0,114155.0,1.5,単管,2013-11-22,対象
754,長崎旧線,10,単線,114164.0,左,簡易落石止柵,18,114155.0,114173.0,2,単管,2013-10-24,対象
754,長崎旧線,10,単線,114202.0,左,簡易落石止柵,58.6,114173.0,114232.0,1.5,単管,2013-11-22,対象
754,長崎旧線,10,単線,114435.0,左,簡易落石止柵,51,114410.0,114461.0,1.5,単管,2013-11-22,対象
754,長崎旧線,10,単線,114498.0,左,簡易落石止柵,65.1,114465.0,114530.0,1.5,単管,2013-12-12,対象
754,長崎旧線,10,単線,114777.0,左,簡易落石止柵,106.1,114724.0,114830.0,1.5,単管,2013-12-12,対象
754,長崎旧線,10,単線,114936.0,左,簡易落石止柵,18,114927.0,114944.0,1.5,PCフェンス,2013-11-22,対象
754,長崎旧線,10,単線,114963.0,右,簡易落石止柵,38,114944.0,114982.0,1.5,PCフェンス,2013-12-12,対象
754,長崎旧線,10,単線,114971.0,左,簡易落石止柵,24,114959.0,114982.0,1.5,PCフェンス,2013-11-22,対象
754,長崎旧線,10,単線,115008.0,左,簡易落石止柵,15,115000.0,115015.0,1.5,PCフェンス,2013-11-22,対象
754,長崎旧線,10,単線,115043.0,左,簡易落石止柵,15,115035.0,115050.0,1.5,PCフェンス,2013-11-22,対象
754,長崎旧線,10,単線,115084.0,右,簡易落石止柵,32,115068.0,115100.0,2,単管,2013-11-22,対象
754,長崎旧線,10,単線,115150.0,左,落石止柵,29.3,115150.0,115179.0,1.5,PCフェンス,2015-09-17,対象
754,長崎旧線,10,単線,115200.0,左,転落防止柵,15,,,1.2,鋼,2010-03-30,対象
754,長崎旧線,10,単線,115220.0,左,転落防止柵,32.65,,,1.2,鋼,2012-07-19,対象
754,長崎旧線,10,単線,115330.0,左,簡易落石止柵,53.9,115330.0,115383.9,1.2,PCフェンス,2016-08-05,対象
754,長崎旧線,10,単線,115450.0,左,簡易落石止柵,17.4,115442.0,115456.0,1.5,PCフェンス,2015-03-19,対象
754,長崎旧線,10,単線,115470.0,左,簡易落石止柵,21.2,115456.0,115476.0,1.5,PCフェンス,2015-03-19,対象
754,長崎旧線,10,単線,115478.0,左,簡易落石止柵,6,115475.0,115481.0,1.5,PCフェンス,2015-03-19,対象
754,長崎旧線,10,単線,115570.0,左,転落防止柵,15,,,1.2,鋼,2010-08-09,対象
754,長崎旧線,10,単線,115571.0,右,簡易落石止柵,61,115540.0,115605.0,1.2,PCフェンス,2013-12-12,対象
754,長崎旧線,10,単線,115685.0,左,簡易落石止柵,24,115673.0,115700.0,1.5,PCフェンス,2013-11-22,対象
754,長崎旧線,10,単線,115820.0,左,転落防止柵,33.05,,,1.2,鋼,2012-07-19,対象
754,長崎旧線,10,単線,115850.0,左,転落防止柵,9,115845.0,115854.0,1.2,鋼,,対象
754,長崎旧線,10,単線,115888.0,左,簡易落石止柵,61.8,115857.0,115919.0,1.5,PCフェンス,2013-11-20,対象
754,長崎旧線,10,単線,116306.0,右,簡易落石止柵,6.2,116303.0,116309.0,1.5,PCフェンス,2013-11-20,対象
754,長崎旧線,10,単線,116357.0,右,簡易落石止柵,97.1,116309.0,116406.0,1.5,PCフェンス,2013-11-20,対象
754,長崎旧線,10,単線,116415.0,左,簡易落石止柵,13.9,116408.0,116422.0,1.5,PCフェンス,2013-11-20,対象
754,長崎旧線,10,単線,116424.0,左,簡易落石止柵,6,116421.0,116427.0,1.5,PCフェンス,2013-11-20,対象
754,長崎旧線,10,単線,116960.0,左,簡易落石止柵,190.8,116865.0,117056.0,1.2,PCフェンス,2017-03-14,対象
754,長崎旧線,10,単線,116960.0,右,転落防止柵,18,,,1.5,鋼,2011-01-11,対象
754,長崎旧線,10,単線,117424.0,左,簡易落石止柵,69,117395.0,117453.0,1.5,PCフェンス,2013-11-20,対象
754,長崎旧線,10,単線,117475.0,左,転落防止柵,42,,,1.2,鋼,2010-08-09,対象
754,長崎旧線,10,単線,117480.0,右,簡易落石止柵,16.4,117470.0,117495.0,1.5,PCフェンス,2013-12-01,対象
754,長崎旧線,10,単線,117500.0,中央,簡易落石止柵,13.4,117500.0,117500.0,1.5,PCフェンス,2013-12-01,対象
754,長崎旧線,10,単線,118620.0,左,転落防止柵,31,,,1.2,鋼,2010-12-28,対象
754,長崎旧線,10,単線,118640.0,左,転落防止柵,40,,,1.2,鋼,2011-03-28,対象
754,長崎旧線,10,単線,119085.0,右,簡易落石止柵,49.7,119063.0,119110.0,1.5,PCフェンス,2013-12-01,対象
754,長崎旧線,10,単線,120228.0,右,簡易落石止柵,43.9,120228.0,120271.9,1.2,PCフェンス,2016-08-05,対象
754,長崎旧線,10,単線,120410.0,右,簡易落石止柵,20,120410.0,120430.0,1.2,PCフェンス,2016-08-05,対象
754,長崎旧線,10,単線,123881.0,右,簡易落石止柵,38.4,123862.0,123895.0,1.5,PCフェンス,2013-12-01,対象
754,長崎旧線,10,単線,124811.0,右,簡易落石止柵,11,124805.0,124816.0,2,単管,2013-10-24,対象
754,長崎旧線,10,単線,125210.0,右,転落防止柵,28.8,,,1.2,PCフェンス,2013-03-24,対象
754,長崎旧線,10,単線,126300.0,右,転落防止柵,178.8,,,1,鋼,2010-08-09,対象
754,長崎旧線,10,単線,128280.0,右,転落防止柵,37,,,,PC,2012-06-06,対象
761,唐津線,10,単線,8430.0,右,落石止柵,17,,,1,鋼,1983-12-01,対象
761,唐津線,10,単線,14570.0,左,落石止擁壁,55.6,,,,鉄筋コンクリート,1984-12-01,対象
761,唐津線,10,単線,14570.0,左,落石止柵,,,,,鋼,1984-12-01,対象
761,唐津線,10,単線,17990.0,中央,防護その他,,,,,鋼,2009-03-25,対象
761,唐津線,10,単線,22263.0,右,簡易落石止柵,102.1,22263.0,22270.0,1.2,PCフェンス,2017-02-20,対象
761,唐津線,10,単線,22320.0,右,簡易落石止柵,102.1,22270.0,22370.0,1.2,PCフェンス,2013-09-04,対象
761,唐津線,10,単線,22374.0,右,簡易落石防護ネット,6.94,22370.0,22377.0,4.6,金網,2013-09-04,対象
761,唐津線,10,単線,22441.0,右,簡易落石止柵,124.2,22377.0,22504.0,1.2,PCフェンス,2013-09-04,対象
761,唐津線,10,単線,22546.0,右,落石止柵,85,,,1,鋼,1983-12-01,対象
761,唐津線,10,単線,22590.0,右,落石止柵,9,,,1,鋼,1983-12-01,対象
761,唐津線,10,単線,28255.0,左,落石止柵,21,28255.0,28276.0,0,鋼及び鉄コン,2004-10-29,対象
761,唐津線,10,単線,28255.0,左,防護その他,0,28255.0,28255.0,0,その他,2004-10-29,対象
761,唐津線,10,単線,29062.0,左,簡易落石防護ネット,12,29056.0,29068.0,,金網,2018-03-27,対象
761,唐津線,10,単線,29062.0,左,簡易落石止柵,12,29056.0,29068.0,1.2,PCフェンス,2018-03-27,対象
761,唐津線,10,単線,29130.0,左,落石止擁壁,57,,,,コンクリート,1983-12-01,対象
761,唐津線,10,単線,29190.0,左,落石止擁壁,58,,,3,鉄筋コンクリート,1985-12-01,対象
761,唐津線,10,単線,29190.0,左,落石止柵,57,,,1.5,鋼,1985-12-01,対象
761,唐津線,10,単線,29250.0,左,落石止擁壁,49,,,,鉄筋コンクリート,1980-12-01,対象
761,唐津線,10,単線,29307.0,左,落石止擁壁,70,,,2.9,鉄筋コンクリート,1988-12-01,対象
761,唐津線,10,単線,29307.0,左,落石止柵,70,,,1.5,鋼,1988-01-01,対象
761,唐津線,10,単線,30980.0,左,防護その他,,,,,鋼,2015-10-05,対象
761,唐津線,10,単線,31680.0,左,簡易落石止柵,61.9,31645.0,31705.0,0.9,PCフェンス,2015-12-07,対象
767,佐世保線,10,単線,15070.0,右,防護柵,65,15038.0,15103.0,1.5,PC,2009-02-01,対象
767,佐世保線,10,単線,15105.5,左,防護柵,11.8,15098.0,15113.0,1.5,PC,2009-02-01,対象
767,佐世保線,10,単線,15410.0,右,転落防止柵,25,,,1.5,鋼,2011-03-28,対象
767,佐世保線,10,単線,15840.0,左,転落防止柵,56.1,,,1.2,鋼,2012-08-27,対象
767,佐世保線,10,単線,15840.91,右,転落防止柵,55.7,,,1.2,鋼,2012-12-12,対象
767,佐世保線,10,単線,16530.0,右,簡易落石止柵,40,16510.0,16550.0,2,単管,2013-11-07,対象
767,佐世保線,10,単線,16650.0,左,簡易落石止柵,4,16648.0,16652.0,2,単管,2013-11-07,対象
767,佐世保線,10,単線,16662.0,右,簡易落石止柵,44,16640.0,16684.0,2,単管,2013-11-07,対象
767,佐世保線,10,単線,17060.0,右,簡易落石止柵,65.9,17029.0,17091.0,1.2,PCフェンス,2017-01-13,対象
767,佐世保線,10,単線,17169.0,右,簡易落石止柵,110.8,17114.0,17222.0,1.2,PCフェンス,2017-01-05,対象
767,佐世保線,10,単線,18580.0,左,落石止擁壁,62,,,,コンクリート,1957-12-01,対象
767,佐世保線,10,単線,18580.0,左,落石止柵,46,,,,鋼,1967-12-01,対象
767,佐世保線,10,単線,20034.0,左,その他安全柵,20,,,,鋼,1993-03-01,対象
767,佐世保線,10,単線,24735.0,右,転落防止柵,18,24728.0,24746.0,1.5,鋼,2011-01-05,対象
767,佐世保線,10,単線,24800.0,右,落石止柵,84,24800.0,24880.0,1.2,PCフェンス,2016-12-28,対象
767,佐世保線,10,単線,24830.0,左,簡易落石止柵,59,24800.0,24859.0,1.5,PCフェンス,2013-11-07,対象
767,佐世保線,10,単線,24908.0,右,簡易落石止柵,35,24890.0,24925.0,1.5,PCフェンス,2013-11-07,対象
767,佐世保線,10,単線,24928.0,左,簡易落石止柵,36,24910.0,24946.0,1.5,PCフェンス,2013-11-07,対象
767,佐世保線,10,単線,25075.0,右,転落防止柵,20,25068.0,25088.0,1.5,鋼,2011-07-16,対象
767,佐世保線,10,単線,26559.0,左,落石止柵,87,,,,鋼,2013-01-11,対象
767,佐世保線,10,単線,26620.0,左,落石止柵,43,,,,PCフェンス,2017-03-23,対象
767,佐世保線,10,単線,26806.0,右,落石止柵,23.7,,,,鋼,1975-12-01,対象
767,佐世保線,10,単線,26806.0,中央,簡易落石防護ネット,,26806.0,,,金網,2014-12-19,対象
767,佐世保線,10,単線,26952.0,右,防護諸設備,18,26952.0,26984.0,15,その他,2005-08-24,対象
767,佐世保線,10,単線,30720.0,左,落石止柵,138.8,,,,鋼,2013-03-26,対象
767,佐世保線,10,単線,41100.0,左,転落防止柵,58,41083.0,41142.0,1.5,PC,2015-01-19,対象
767,佐世保線,10,単線,41370.0,右,転落防止柵,25.9,41370.0,41395.9,1.2,PC,2011-10-26,対象
767,佐世保線,10,単線,41550.0,右,落石止柵,60,41525.0,41580.0,,鋼,2000-03-01,対象
767,佐世保線,10,単線,41795.0,右,落石止擁壁,,,,,コンクリート,1954-12-01,対象
767,佐世保線,10,単線,41880.0,右,落石止擁壁,,,,,コンクリート,1954-12-01,対象
767,佐世保線,10,単線,43700.0,右,落石止擁壁,,,,2.5,コンクリート,1967-12-01,対象
767,佐世保線,10,単線,43700.0,右,落石止柵,,,,2,鋼,1967-12-01,対象
767,佐世保線,10,単線,43968.0,右,落石止擁壁,,,,,コンクリート,1975-12-01,対象
767,佐世保線,10,単線,43968.0,右,落石止柵,26,,,1.5,その他,1967-12-01,対象
767,佐世保線,10,単線,45220.0,左,落石止擁壁,,,,,コンクリート,1967-12-01,対象
767,佐世保線,10,単線,45221.0,左,落石止擁壁,,,,2.4,コンクリート,1967-12-01,対象
767,佐世保線,10,単線,46342.0,右,落石止柵,,,,1,鋼,1976-12-01,対象
767,佐世保線,10,単線,46600.0,右,防護その他,7.65,46598.0,46602.0,,鋼,2017-10-13,対象
767,佐世保線,10,単線,46660.0,右,落石止柵,,,,1,鋼,1967-12-01,対象
767,佐世保線,10,単線,46774.0,右,転落防止柵,15.6,,,1.2,鋼,2012-09-05,対象
767,佐世保線,10,単線,46785.0,左,転落防止柵,29.5,,,1.2,鋼,2012-10-10,対象
767,佐世保線,10,単線,46800.0,左,落石止柵,,,,1.5,該当なし,1976-12-01,対象
767,佐世保線,10,単線,47020.0,右,防護諸設備,,,,,鋼,1985-12-01,対象
767,佐世保線,10,単線,47200.0,左,落石止擁壁,,,,,コンクリート,1967-12-01,対象
767,佐世保線,10,単線,47220.0,左,落石止擁壁,,,,,コンクリート,1967-12-01,対象
767,佐世保線,10,単線,48215.0,右,防護柵,188.9,48127.6,48303.0,1.5,鋼,2003-03-01,対象
767,佐世保線,10,単線,48364.0,左右,防護柵,175.1,48309.3,48423.0,1.5,鋼,2003-03-01,対象
767,佐世保線,37,洗・検修線,39950.0,左,防護柵,232.4,39950.0,39950.0,,鋼,2014-03-31,対象
781,大村線,10,単線,7330.0,左,転落防止柵,14,7325.0,7335.0,1.2,PCフェンス,2017-10-30,対象
781,大村線,10,単線,7344.0,左,簡易落石止柵,4,,,1.5,単管,2014-03-21,対象
781,大村線,10,単線,7438.0,中央,簡易落石止柵,12,7438.0,,1.5,PCフェンス,2013-11-07,対象
781,大村線,10,単線,7456.0,右,簡易落石止柵,36,7438.0,7474.0,1.5,PCフェンス,2013-11-07,対象
781,大村線,10,単線,7600.0,左,転落防止柵,21,7612.0,7632.0,1.5,PCフェンス,2015-03-15,対象
781,大村線,10,単線,9105.5,右,防護その他,130,9105.5,9165.5,7.5,その他,2007-10-08,対象
781,大村線,10,単線,9165.5,左,防護その他,130,9165.5,9235.5,7.5,その他,2008-09-24,対象
781,大村線,10,単線,10896.0,中央,防護柵,27,10896.0,10896.0,1.5,その他,2012-03-12,対象
781,大村線,10,単線,11225.0,左,防護柵,6.9,11225.0,11231.9,1.5,その他,2011-08-01,対象
781,大村線,10,単線,11255.0,左,防護柵,17.9,11255.0,11272.9,1.2,その他,2012-03-12,対象
781,大村線,10,単線,13165.0,左,防護柵,48,13143.0,13187.0,1.5,その他,1997-06-01,対象
781,大村線,10,単線,13310.0,左,防護柵,76,13275.0,13349.0,1.5,その他,1997-06-01,対象
781,大村線,10,単線,16198.0,左,簡易落石止柵,59,16168.0,16227.0,2,単管,2013-11-22,対象
781,大村線,10,単線,16280.0,右,ガードレール,50,16277.0,16327.0,0.7,鋼,2015-02-09,対象
781,大村線,10,単線,16282.0,右,簡易落石止柵,86,16239.0,16325.0,2,単管,2013-11-22,対象
781,大村線,10,単線,17400.0,右,防護柵,70,17404.7,17480.0,1.5,鋼,2010-02-25,対象
781,大村線,10,単線,18493.0,中央,転落防止柵,20.9,18493.0,18493.0,1.5,PC,2015-02-09,対象
781,大村線,10,単線,18525.0,右,転落防止柵,50,18500.0,18550.0,1.5,PC,2015-02-09,対象
781,大村線,10,単線,18550.0,左,転落防止柵,100,18500.0,18600.0,1.5,PC,2015-02-09,対象
781,大村線,10,単線,19738.0,右,防護柵,,,,1.5,鋼,,対象
781,大村線,10,単線,19792.0,右,防護柵,76,19792.0,19868.0,1.5,鋼,2011-07-28,対象
781,大村線,10,単線,22070.0,右,転落防止柵,61,22038.0,22099.0,1.1,鋼,2010-12-18,対象
781,大村線,10,単線,23770.0,右,転落防止柵,55,,,1.5,鋼,2011-03-28,対象
781,大村線,10,単線,24402.0,右,簡易落石止柵,44,24380.0,24424.0,1.5,PCフェンス,2013-10-21,対象
781,大村線,10,単線,26685.0,左,転落防止柵,18,26683.0,26701.0,1.5,鋼,2010-12-18,対象
781,大村線,10,単線,26880.0,右,転落防止柵,34.5,26878.4,26912.9,1.2,鋼,2011-03-25,対象
781,大村線,10,単線,26976.0,左,落石止擁壁,22,,,3.8,コンクリート,1978-12-01,対象
781,大村線,10,単線,26977.0,左,落石止擁壁,10,,,3,コンクリート,1978-12-01,対象
781,大村線,10,単線,27598.0,右,簡易落石止柵,56,27570.0,27626.0,1.5,PCフェンス,2013-10-21,対象
781,大村線,10,単線,27607.0,左,簡易落石止柵,26,27594.0,27620.0,1.5,PCフェンス,2013-10-21,対象
781,大村線,10,単線,27847.0,右,簡易落石止柵,65,27815.0,27880.0,1.5,PCフェンス,2013-10-21,対象
781,大村線,10,単線,42310.0,右,簡易落石止柵,20,,,1.5,PCフェンス,2013-10-21,対象
781,大村線,10,単線,42359.0,左,簡易落石止柵,22,,,1.5,PCフェンス,2013-10-21,対象
781,大村線,10,単線,42400.0,右,簡易落石止柵,16,42392.0,42408.0,1.5,PCフェンス,2017-12-01,対象
781,大村線,10,単線,42410.0,左,防土砂諸設備,,,,,その他,2012-09-18,対象
781,大村線,10,単線,42410.0,左,転落防止柵,58.8,,,1.2,鋼,2012-09-18,対象
783,久大本線,00,無し,40244.0,左,簡易落石止柵,18,40235.0,40253.0,1,単管,2013-09-05,対象
783,久大本線,10,単線,69.5,左,防護柵,14.8,63.0,76.0,1.5,鋼,2010-03-14,対象
783,久大本線,10,単線,1676.0,左,防護柵,20.55,1676.0,1683.0,1,鋼,2015-12-16,対象
783,久大本線,10,単線,1678.0,左,線路雑その他,6,1678.0,1684.0,0.6,PC,2015-12-16,対象
783,久大本線,10,単線,1707.0,左,線防柵,22.7,1698.0,1716.2,1.5,鋼,2006-03-30,対象
783,久大本線,10,単線,1765.0,左,線防柵,55.5,1740.6,1791.0,1.5,鋼,2006-03-30,対象
783,久大本線,10,単線,1820.0,左,その他安全柵,36,1801.5,1837.5,1.2,鋼,2006-03-30,対象
783,久大本線,10,単線,3045.0,右,防護柵,32,3043.0,3066.0,1.2,鋼,1995-03-01,対象
783,久大本線,10,単線,3457.6,右,防護柵,38.8,3438.2,3477.0,1.5,PC,2009-03-01,対象
783,久大本線,10,単線,3459.64,左,防護柵,28.7,3445.29,3473.99,1.5,PC,2009-03-01,対象
783,久大本線,10,単線,4488.0,右,防護柵,5.3,,,1,鋼,1995-03-01,対象
783,久大本線,10,単線,8888.0,右,防護柵,1.4,8888.2,8889.6,0.8,鋼,1995-03-01,対象
783,久大本線,10,単線,16813.0,右,防護柵,,,,,その他,2007-03-25,対象
783,久大本線,10,単線,20545.0,右,防護柵,12,20542.0,20554.0,1,鋼,1995-03-01,対象
783,久大本線,10,単線,35407.0,中央,転落防止柵,0,35407.0,35407.0,1.5,PCフェンス,2016-08-02,対象
783,久大本線,10,単線,35811.0,中央,転落防止柵,0,35811.0,35811.0,1.5,PCフェンス,2016-03-15,対象
783,久大本線,10,単線,35943.0,中央,転落防止柵,0,35943.0,35943.0,1.5,PCフェンス,2016-08-02,対象
783,久大本線,10,単線,36020.0,左,その他安全柵,50,35980.0,36030.0,,鋼,2005-03-01,対象
783,久大本線,10,単線,36060.0,左,防護柵,76.4,36025.0,36106.0,1,鋼,1992-10-01,対象
783,久大本線,10,単線,36100.0,左,落石止擁壁,20,,,3.1,コンクリート,1962-12-01,対象
783,久大本線,10,単線,36100.0,左,落石止柵,20.1,,,1.8,鋼,1956-12-01,対象
783,久大本線,10,単線,36110.0,左,落石止柵,11,36105.5,36114.5,2,鋼,1997-03-01,対象
783,久大本線,10,単線,36115.0,中央,落石止柵,20.1,,,2,鋼,1980-12-01,対象
783,久大本線,10,単線,36115.0,中央,転落防止柵,0,36115.0,36115.0,1.5,PCフェンス,2016-03-15,対象
783,久大本線,10,単線,36130.0,左,落石止柵,18,36130.0,36130.0,,鋼,2005-03-01,対象
783,久大本線,10,単線,36235.0,左,転落防止柵,0,36235.0,36235.0,1.5,PCフェンス,2017-03-31,対象
783,久大本線,10,単線,36239.0,中央,簡易落石止柵,17.5,36239.0,36239.0,2,その他,2017-03-31,対象
783,久大本線,10,単線,36240.0,左,落石止柵,63,,,2.3,鋼,1958-12-01,対象
783,久大本線,10,単線,36240.0,中央,落石止柵,12,,,1.3,鋼,1988-12-01,対象
783,久大本線,10,単線,36270.0,左,落石止柵,20.5,,,2,鋼,1977-12-01,対象
783,久大本線,10,単線,36291.0,中央,転落防止柵,8,36291.0,36299.0,1.5,PCフェンス,2016-03-15,対象
783,久大本線,10,単線,36399.0,中央,転落防止柵,12.7,36399.0,36412.0,1.5,PCフェンス,2016-03-15,対象
783,久大本線,10,単線,37636.5,左,防護柵,108,37636.5,37741.5,1.2,PC,2009-09-07,対象
783,久大本線,10,単線,37930.0,左,落石止柵,22,,,1,鋼,1981-12-01,対象
783,久大本線,10,単線,37960.0,左,落石止柵,17,,,2,鋼,1986-12-01,対象
783,久大本線,10,単線,37970.0,左,落石止擁壁,12.8,,,,コンクリート,1986-12-01,対象
783,久大本線,10,単線,38000.0,左,落石止柵,44,,,1.2,鋼,1979-12-01,対象
783,久大本線,10,単線,38060.0,左,落石止柵,13.7,,,2,鋼,1978-12-01,対象
783,久大本線,10,単線,38080.0,左,落石止柵,9.85,,,0.5,鋼,1957-12-01,対象
783,久大本線,10,単線,38090.0,左,落石止柵,39.2,,,2,鋼,1978-12-01,対象
783,久大本線,10,単線,38100.0,左,落石止柵,108.9,,,1.8,鋼,1956-12-01,対象
783,久大本線,10,単線,38107.0,左,落石止柵,14,38100.0,38114.0,5,鋼,2001-01-01,対象
783,久大本線,10,単線,38130.0,左,落石止柵,48,,,1.5,鋼,1987-12-01,対象
783,久大本線,10,単線,38170.0,左,落石止柵,27.5,38155.0,38175.0,4.4,鋼,2001-02-01,対象
783,久大本線,10,単線,38220.0,左,落石止柵,92.2,,,1.5,鋼,1982-12-01,対象
783,久大本線,10,単線,38280.0,左右,落石止擁壁,28,,,,鉄筋コンクリート,1981-12-01,対象
783,久大本線,10,単線,38301.5,左,落石止柵,7,38298.0,38305.0,,鋼,2005-03-01,対象
783,久大本線,10,単線,38310.0,左,落石止柵,31.2,,,2.5,鋼,1958-12-01,対象
783,久大本線,10,単線,38330.0,左,落石止柵,33,,,1.5,鋼,1987-12-01,対象
783,久大本線,10,単線,38340.0,左,落石止柵,17.5,,,2,鋼,1978-12-01,対象
783,久大本線,10,単線,38356.0,右,転落防止柵,0,38356.0,38369.0,1.5,PCフェンス,2016-08-02,対象
783,久大本線,10,単線,38360.0,左,落石止柵,,,,2,鋼,1957-12-01,対象
783,久大本線,10,単線,38365.0,中央,落石止柵,26.7,,,1.5,鋼,1978-12-01,対象
783,久大本線,10,単線,38369.0,中央,転落防止柵,0,38369.0,38369.0,1.5,PCフェンス,2016-08-02,対象
783,久大本線,10,単線,38597.0,左,転落防止柵,18.4,38597.0,38615.0,1.5,PCフェンス,2016-03-15,対象
783,久大本線,10,単線,38597.0,中央,落石止柵,15,,,2.5,鋼,1999-03-01,対象
783,久大本線,10,単線,38625.0,中央,転落防止柵,26.5,38625.0,38639.0,1.5,PCフェンス,2016-03-15,対象
783,久大本線,10,単線,38740.0,中央,落石止柵,42.5,38740.0,38740.0,2,鋼,1993-03-01,対象
783,久大本線,10,単線,38750.0,右,転落防止柵,16.2,38742.5,38757.5,1.2,鋼,2011-06-17,対象
783,久大本線,10,単線,39135.0,左,その他安全柵,65,39103.0,39168.0,,鋼,2005-12-01,対象
783,久大本線,10,単線,39177.0,左,落石止柵,19.2,,,1.5,鋼,1981-12-01,対象
783,久大本線,10,単線,39180.0,左,落石止柵,51,,,1.5,鋼,1957-12-01,対象
783,久大本線,10,単線,39180.0,左,転落防止柵,0,39180.0,39180.0,1.5,PCフェンス,2016-03-15,対象
783,久大本線,10,単線,39200.0,左,落石止柵,31,,,2,鋼,1981-12-01,対象
783,久大本線,10,単線,39262.0,左,その他安全柵,2,39262.0,39264.0,,鋼,2005-12-01,対象
783,久大本線,10,単線,39285.0,左,落石止柵,38,39262.0,39300.0,,鋼,2005-12-01,対象
783,久大本線,10,単線,39310.0,左,落石止柵,42,,,1.5,鋼,1961-12-01,対象
783,久大本線,10,単線,39360.0,左,落石止柵,33,,,1.5,鋼,1982-12-01,対象
783,久大本線,10,単線,39383.5,左,落石止柵,17,39375.0,39392.0,,鋼,2005-07-01,対象
783,久大本線,10,単線,39400.0,左,落石止擁壁,15.6,,,1,コンクリート,1974-12-01,対象
783,久大本線,10,単線,39400.0,左,落石止柵,71.1,,,,その他,1978-12-01,対象
783,久大本線,10,単線,39401.0,左,落石止擁壁,10,,,,鉄筋コンクリート,1978-12-01,対象
783,久大本線,10,単線,39415.0,中央,落石止擁壁,25,,,,コンクリート,1973-12-01,対象
783,久大本線,10,単線,39500.0,左,落石止柵,35.4,,,2.5,鋼,1958-12-01,対象
783,久大本線,10,単線,39501.0,左,落石止柵,3.6,,,2,鋼,1985-12-01,対象
783,久大本線,10,単線,39568.0,左,落石止柵,33,39552.0,39585.7,2.1,鋼,,対象
783,久大本線,10,単線,39573.5,左,簡易落石止柵,43,39552.0,39595.0,1,単管,2013-09-05,対象
783,久大本線,10,単線,39660.0,左,落石止擁壁,35.6,,,,鉄筋コンクリート,1978-12-01,対象
783,久大本線,10,単線,39700.0,左,落石止柵,3.6,,,2,鋼,1956-12-01,対象
783,久大本線,10,単線,39705.0,左,落石止柵,21,39697.0,39718.0,10,鋼,2004-03-01,対象
783,久大本線,10,単線,39740.0,中央,落石止柵,30,,,1.2,鋼,1984-12-01,対象
783,久大本線,10,単線,39800.0,左,落石止擁壁,73.1,,,4.1,コンクリート,1928-12-01,対象
783,久大本線,10,単線,39800.0,左,落石止柵,66.45,39756.0,39822.0,2,鋼,1993-02-01,対象
783,久大本線,10,単線,39900.0,中央,落石止柵,153,,,2,鋼,1956-12-01,対象
783,久大本線,10,単線,39935.0,左,落石止柵,15,39930.0,39945.0,8,鋼,2004-03-01,対象
783,久大本線,10,単線,39990.0,左,落石止柵,57.9,,,2,鋼,1981-12-01,対象
783,久大本線,10,単線,40000.0,左,防土砂諸設備,4,40000.0,40000.0,2.9,鋼,1992-08-01,対象
783,久大本線,10,単線,40060.0,左,落石止柵,13,40060.0,40073.0,2.2,鋼,,対象
783,久大本線,10,単線,40086.0,左,簡易落石止柵,27,40073.0,40100.0,1,単管,2013-09-05,対象
783,久大本線,10,単線,40140.0,左,落石止柵,147,40073.0,40220.0,1.55,鋼,1994-02-01,対象
783,久大本線,10,単線,40300.0,中央,防土砂諸設備,32,,,2.2,鉄筋コンクリート,1981-12-01,対象
783,久大本線,10,単線,40318.0,左,転落防止柵,0,40317.0,40323.0,1.5,PCフェンス,2016-08-02,対象
783,久大本線,10,単線,40322.0,中央,転落防止柵,0,40322.0,40323.0,1.5,PCフェンス,2016-08-02,対象
783,久大本線,10,単線,40833.0,左,落石止柵,10,40833.0,40843.0,2,鋼,1998-08-01,対象
783,久大本線,10,単線,40920.0,左,落石止柵,34,,,,鋼,1980-12-01,対象
783,久大本線,10,単線,40948.5,左,落石止柵,7,40945.0,40952.0,,鋼,2004-07-01,対象
783,久大本線,10,単線,41052.0,左,簡易落石止柵,38,41033.0,41071.0,1,単管,2013-09-05,対象
783,久大本線,10,単線,41060.0,中央,落石止柵,92.4,,,2.5,鋼,1956-12-01,対象
783,久大本線,10,単線,41061.0,中央,落石止柵,,,,,鋼,1962-12-01,対象
783,久大本線,10,単線,41079.0,左,簡易落石止柵,16,41071.0,41087.0,1,単管,2013-09-05,対象
783,久大本線,10,単線,41100.0,中央,落石止柵,59.7,,,2.5,その他,1956-12-01,対象
783,久大本線,10,単線,41160.0,左,落石止柵,15,,,2.2,鋼,1976-12-01,対象
783,久大本線,10,単線,41200.0,中央,落石止柵,52.8,,,2.5,その他,1958-12-01,対象
783,久大本線,10,単線,41230.0,左,落石止擁壁,30,41215.0,41245.0,,鉄筋コンクリート,1993-10-01,対象
783,久大本線,10,単線,41230.0,左,落石止柵,6,41227.0,41233.0,2,鋼,1993-10-01,対象
783,久大本線,10,単線,41530.0,左,落石止柵,10,,,2.6,鋼,1956-12-01,対象
783,久大本線,10,単線,41531.0,左,落石止柵,10,,,2.6,その他,1956-12-01,対象
783,久大本線,10,単線,41705.0,左,落石止柵,12.5,41699.0,41711.5,1.5,鋼,1993-10-01,対象
783,久大本線,10,単線,41721.0,左,落石止擁壁,21.1,,,3.3,石,1928-12-01,対象
783,久大本線,10,単線,41750.0,左,落石止柵,15,41735.0,41750.0,,鋼,2004-07-01,対象
783,久大本線,10,単線,42254.0,右,防護諸設備,21,42243.0,42264.0,,鋼,2015-03-13,対象
783,久大本線,10,単線,42288.0,右,防護諸設備,12,42282.0,42294.0,,鋼,2016-03-15,対象
783,久大本線,10,単線,42293.0,中央,転落防止柵,0,42293.0,42293.0,1.5,PCフェンス,2016-03-15,対象
783,久大本線,10,単線,42524.5,右,その他安全柵,47,42501.0,42548.0,,鋼,2005-02-01,対象
783,久大本線,10,単線,42550.0,右,防護諸設備,,42550.0,42550.0,,鋼,2016-08-02,対象
783,久大本線,10,単線,42593.0,左,その他安全柵,22,42582.0,42603.0,,鋼,2010-01-18,対象
783,久大本線,10,単線,42861.0,中央,簡易落石止柵,13,42861.0,42861.0,1.5,鋼及び鉄コン,2015-03-13,対象
783,久大本線,10,単線,42925.0,中央,防護諸設備,13,42925.0,42925.0,7,鋼,2008-09-12,対象
783,久大本線,10,単線,42925.0,中央,転落防止柵,0,42925.0,42925.0,1.5,PCフェンス,2016-03-15,対象
783,久大本線,10,単線,42930.0,左,落石止柵,29.8,42925.0,42950.0,2,鋼,2004-01-01,対象
783,久大本線,10,単線,43219.0,中央,転落防止柵,0,43219.0,43219.0,1.5,PCフェンス,2016-08-02,対象
783,久大本線,10,単線,43220.0,左,転落防止柵,0,43219.0,43232.0,1.5,PCフェンス,2016-08-02,対象
783,久大本線,10,単線,43253.0,左,簡易落石止柵,43,43232.0,43275.0,1,単管,2013-09-05,対象
783,久大本線,10,単線,43330.0,左,落石止擁壁,27.6,,,2,鉄筋コンクリート,1978-12-01,対象
783,久大本線,10,単線,43350.0,右,その他安全柵,16.8,43342.0,43359.0,,鋼,,対象
783,久大本線,10,単線,48286.0,左,落石止擁壁,28,48424.8,48452.8,2.8,鉄筋コンクリート,1998-02-01,対象
783,久大本線,10,単線,48286.5,左,落石止柵,27,48280.5,48307.5,2,鋼,1998-02-01,対象
783,久大本線,10,単線,48320.0,左,落石止柵,77.4,,,3,鋼,1957-12-01,対象
783,久大本線,10,単線,48340.0,左,落石止柵,30,,,1.5,鋼,1977-12-01,対象
783,久大本線,10,単線,48388.0,左,簡易落石防護ネット,48,48364.0,48412.0,,金網,2013-10-15,対象
783,久大本線,10,単線,48420.0,左,落石止擁壁,15,,,3,鋼,1977-12-01,対象
783,久大本線,10,単線,48440.0,左,落石止擁壁,28,48424.8,48452.8,2,鉄筋コンクリート,1997-11-01,対象
783,久大本線,10,単線,48440.5,左,落石止柵,27,48425.3,48452.3,1.5,鋼,1997-11-01,対象
783,久大本線,10,単線,48460.0,左,落石止擁壁,20,,,3,鋼,1977-12-01,対象
783,久大本線,10,単線,50673.0,右,簡易落石防護ネット,18,50665.0,50681.0,,金網,2013-10-24,対象
783,久大本線,10,単線,50681.0,中央,簡易落石止柵,9.9,50681.0,50681.0,1.5,PCフェンス,2013-10-24,対象
783,久大本線,10,単線,51276.0,中央,落石止柵,15,51276.0,,,鋼,2004-02-01,対象
783,久大本線,10,単線,51370.0,左,簡易落石止柵,100,51320.0,51420.0,1.5,PCフェンス,2015-03-08,対象
783,久大本線,10,単線,51436.0,左,簡易落石止柵,33.2,51420.0,51453.0,1.8,単管,2013-10-24,対象
783,久大本線,10,単線,51690.0,左,転落防止柵,144.2,51615.0,51757.0,,鋼,2011-10-30,対象
783,久大本線,10,単線,51720.0,右,簡易落石防護ネット,40,51700.0,51740.0,,金網,2013-10-24,対象
783,久大本線,10,単線,51797.0,左,簡易落石防護ネット,46,51774.0,51820.0,,金網,2013-10-24,対象
783,久大本線,10,単線,51924.0,左,簡易落石防護ネット,23,51912.0,51924.0,,金網,2013-10-24,対象
783,久大本線,10,単線,51980.0,左,防土砂諸設備,100,51930.0,52030.0,,鋼,,対象
783,久大本線,10,単線,52035.0,右,簡易落石防護ネット,190,51940.0,52130.0,,金網,2013-10-24,対象
783,久大本線,10,単線,52075.0,左,簡易落石防護ネット,30,52060.0,52090.0,,金網,2013-10-24,対象
783,久大本線,10,単線,52110.0,左,防土砂諸設備,40,52090.0,52130.0,,鋼,,対象
783,久大本線,10,単線,52314.0,左,落石止擁壁,6,,,,コンクリート,1985-12-01,対象
783,久大本線,10,単線,52365.0,左,簡易落石防護ネット,70,52330.0,52400.0,,金網,2013-10-24,対象
783,久大本線,10,単線,52390.0,右,簡易落石防護ネット,20,52380.0,52400.0,,金網,2013-10-24,対象
783,久大本線,10,単線,52442.0,右,簡易落石防護ネット,85,52400.0,52485.0,,金網,2013-10-24,対象
783,久大本線,10,単線,52445.0,左,簡易落石防護ネット,89,52400.0,52489.0,,金網,2013-10-24,対象
783,久大本線,10,単線,52489.0,右,落石止柵,3,,,3.6,鋼,1947-12-01,対象外
783,久大本線,10,単線,52736.0,左,簡易落石止柵,8,52732.0,52740.0,1.5,PCフェンス,2013-10-24,対象
783,久大本線,10,単線,52736.0,右,簡易落石止柵,7.9,52732.0,52740.0,1.5,PCフェンス,2013-10-24,対象
783,久大本線,10,単線,52740.0,中央,簡易落石止柵,5.7,52740.0,52740.0,1.5,PCフェンス,2013-10-24,対象
783,久大本線,10,単線,53235.0,右,落石止擁壁,22,,,4.5,コンクリート,1967-12-01,対象
783,久大本線,10,単線,53235.0,右,落石止柵,21,,,,鋼,1967-12-01,対象
783,久大本線,10,単線,53240.0,中央,簡易落石止柵,9.1,53240.0,53240.0,1.5,PCフェンス,2013-10-24,対象
783,久大本線,10,単線,53635.0,左,簡易落石防護ネット,70,53600.0,53670.0,,金網,2013-10-24,対象
783,久大本線,10,単線,53645.0,右,防土砂諸設備,80,53605.0,53685.0,,鋼,,対象
783,久大本線,10,単線,53685.0,中央,落石覆,14.3,,,,鋼,1983-12-01,対象
783,久大本線,10,単線,53692.0,右,落石止擁壁,10.5,,,4,コンクリート,1976-12-01,対象
783,久大本線,10,単線,53695.0,右,簡易落石防護ネット,10,53690.0,53700.0,,金網,2013-10-24,対象
783,久大本線,10,単線,53905.0,左,防土砂諸設備,25.7,53893.0,53917.0,19.9,鋼,2005-09-26,対象
783,久大本線,10,単線,53920.0,左,防護柵,21.2,53898.0,53919.0,21.2,鋼,2005-09-26,対象
783,久大本線,10,単線,54360.0,左,簡易落石止柵,9.6,54355.0,54365.0,1.5,PCフェンス,2013-10-24,対象
783,久大本線,10,単線,54360.0,右,簡易落石止柵,13.6,54355.0,54365.0,1.5,PCフェンス,2013-10-24,対象
783,久大本線,10,単線,54365.0,中央,簡易落石止柵,11.9,54365.0,54365.0,1.5,PCフェンス,2013-10-24,対象
783,久大本線,10,単線,54500.0,右,防土砂諸設備,4,54500.0,54500.0,10,鋼,2015-10-27,対象
783,久大本線,10,単線,54503.0,右,落石止柵,4.6,,,4,鋼,2015-10-27,対象
783,久大本線,10,単線,54503.0,中央,落石止柵,6,,,6,鋼,1947-12-01,対象
783,久大本線,10,単線,54510.0,右,落石止柵,10,,,3.3,鋼,1962-12-01,対象
783,久大本線,10,単線,54510.0,中央,落石止柵,9.1,,,2.5,鋼,1976-12-01,対象
783,久大本線,10,単線,54515.0,左,落石止柵,9,,,,鋼,1992-12-01,対象
783,久大本線,10,単線,54515.0,右,落石止柵,20.5,,,,鋼,1992-06-01,対象
783,久大本線,10,単線,54520.0,右,落石止柵,18.6,,,6,鋼,1947-12-01,対象
783,久大本線,10,単線,54540.0,右,落石止擁壁,20,,,3,コンクリート,1977-12-01,対象
783,久大本線,10,単線,54540.0,右,落石止柵,16,,,,鋼,1993-01-01,対象
783,久大本線,10,単線,54541.0,右,落石止擁壁,20,,,3,コンクリート,1980-12-01,対象
783,久大本線,10,単線,54770.0,右,落石止擁壁,100,54770.0,,2.5,鉄筋コンクリート,1996-03-01,対象
783,久大本線,10,単線,54848.0,右,落石止擁壁,45,54825.0,54870.0,,鉄筋コンクリート,1994-02-01,対象
783,久大本線,10,単線,54848.0,右,落石止柵,44,,,,鋼,1994-02-01,対象
783,久大本線,10,単線,54880.0,右,落石止擁壁,66,,,,鉄筋コンクリート,1993-01-01,対象
783,久大本線,10,単線,54880.0,右,落石止柵,17,,,,鋼,1994-02-01,対象
783,久大本線,10,単線,54920.0,右,落石止柵,21,,,,鋼,1983-12-01,対象
783,久大本線,10,単線,55650.0,右,防土砂諸設備,60,55634.0,55694.0,,鋼,2004-08-04,対象
783,久大本線,10,単線,55695.0,右,防土砂諸設備,4.5,55693.0,55698.0,,鋼,2015-11-12,対象
783,久大本線,10,単線,55705.0,右,防土砂諸設備,4.5,55703.0,55708.0,,鋼,2015-11-12,対象
783,久大本線,10,単線,55707.0,右,防土砂諸設備,4.5,55703.0,55708.0,,金網,2015-11-12,対象
783,久大本線,10,単線,55781.0,右,落石止柵,65,55748.0,55813.0,,鋼,2004-02-01,対象
783,久大本線,10,単線,55795.0,右,簡易落石防護ネット,33,55779.0,55812.0,,金網,2013-10-24,対象
783,久大本線,10,単線,55860.0,右,落石止擁壁,20,,,,コンクリート,1980-12-01,対象
783,久大本線,10,単線,55884.0,左,防土砂諸設備,39.65,55865.0,55903.0,,鋼,2004-08-04,対象
783,久大本線,10,単線,55948.0,右,落石止擁壁,20,55948.0,55968.0,5,鉄筋コンクリート,2003-01-27,対象
783,久大本線,10,単線,56065.0,右,落石止擁壁,56.7,56035.8,56119.15,2,鉄筋コンクリート,2007-12-27,対象
783,久大本線,10,単線,56120.0,右,落石止擁壁,49,56095.0,56143.0,3,鉄筋コンクリート,2007-03-07,対象
783,久大本線,10,単線,56170.0,右,落石止擁壁,25,,,,コンクリート,1981-12-01,対象
783,久大本線,10,単線,56180.0,右,落石止擁壁,31,,,,コンクリート,1982-12-01,対象
783,久大本線,10,単線,56202.0,右,落石止擁壁,31,56202.0,56233.0,5,鉄筋コンクリート,2003-01-01,対象
783,久大本線,10,単線,56680.0,左,落石止柵,16,,,1.8,鋼,1969-12-01,対象
783,久大本線,10,単線,56690.0,左,落石止擁壁,21,,,,鉄筋コンクリート,1992-12-01,対象
783,久大本線,10,単線,56730.0,左,落石止擁壁,19,,,5.9,コンクリート,1968-12-01,対象
783,久大本線,10,単線,56760.0,左,落石止柵,17,56752.0,56769.0,4.7,鋼,1970-12-01,対象
783,久大本線,10,単線,57380.0,右,落石止擁壁,16.5,57372.0,57388.5,3,コンクリート,2009-03-27,対象
783,久大本線,10,単線,57678.0,左,落石止擁壁,6,,,7.9,鉄筋コンクリート,,対象
783,久大本線,10,単線,57683.0,中央,落石覆,9.8,,,,鉄筋コンクリート,1969-12-01,対象
783,久大本線,10,単線,57710.0,中央,落石止柵,10,,,3.3,鋼,1947-12-01,対象
783,久大本線,10,単線,58080.0,左,落石止擁壁,24,,,,コンクリート,1934-12-01,対象
783,久大本線,10,単線,58096.0,中央,防護諸設備,6,58096.0,58096.0,8,金網,2017-09-12,対象
783,久大本線,10,単線,58096.0,中央,転落防止柵,8,58096.0,58096.0,,PCフェンス,2017-09-12,対象
783,久大本線,10,単線,58100.0,左,落石止柵,12,,,1.9,鋼,1976-12-01,対象
783,久大本線,10,単線,58110.0,左,防護諸設備,9,58110.0,58110.0,10,金網,2017-09-12,対象
783,久大本線,10,単線,58110.0,左,落石止擁壁,29.3,,,,コンクリート,1981-12-01,対象
783,久大本線,10,単線,58330.0,左,落石止柵,12,58324.0,58336.0,,鋼,2008-11-06,対象
783,久大本線,10,単線,58340.0,右,落石止柵,7,58336.5,58343.5,,鋼,2008-11-06,対象
783,久大本線,10,単線,58350.0,左,落石止擁壁,13,,,4,コンクリート,1978-12-01,対象
783,久大本線,10,単線,58350.0,左,落石止柵,12,,,,鋼,1978-12-01,対象
783,久大本線,10,単線,58858.0,中央,落石止擁壁,17,,,6,コンクリート,1934-12-01,対象
783,久大本線,10,単線,58860.0,中央,落石止擁壁,16,58860.0,,5,鉄筋コンクリート,1997-12-01,対象
783,久大本線,10,単線,59100.0,右,落石止擁壁,22.5,,,,コンクリート,1981-12-01,対象
783,久大本線,10,単線,59120.0,右,落石止柵,25,,,,鋼,1963-12-01,対象
783,久大本線,10,単線,59145.0,右,落石止擁壁,10,,,6.5,コンクリート,1966-12-01,対象
783,久大本線,10,単線,59290.0,右,落石止擁壁,40,,,,コンクリート,1989-02-01,対象
783,久大本線,10,単線,59356.0,右,防土砂諸設備,106,59303.0,55409.0,,鋼,2010-12-20,対象
783,久大本線,10,単線,59360.0,右,防土砂諸設備,4,59358.0,55362.0,,鋼,2010-12-20,対象
783,久大本線,10,単線,59430.0,右,落石止擁壁,15,,,5.3,コンクリート,1967-12-01,対象
783,久大本線,10,単線,59490.0,右,落石止擁壁,52,,,3.5,鉄筋コンクリート,1993-01-01,対象
783,久大本線,10,単線,59660.0,右,防護柵,8,,,,鋼,1988-12-01,対象
783,久大本線,10,単線,59670.0,右,落石止柵,10,,,1.2,鋼,1969-12-01,対象
783,久大本線,10,単線,59671.0,右,落石止柵,30,,,,鋼,1971-12-01,対象
783,久大本線,10,単線,59770.0,右,落石止擁壁,23.8,,,,コンクリート,1980-12-01,対象
783,久大本線,10,単線,59910.0,右,落石止柵,30,,,,鋼,1968-12-01,対象
783,久大本線,10,単線,59935.0,右,防土砂諸設備,24,59923.0,59947.0,,鋼,2010-11-15,対象
783,久大本線,10,単線,59975.0,右,防土砂諸設備,48,59952.0,60000.0,,鋼,2010-11-15,対象
783,久大本線,10,単線,60067.5,右,防土砂諸設備,,60060.0,60075.0,,鋼,2015-03-23,対象
783,久大本線,10,単線,60101.0,右,防土砂諸設備,15,60094.0,60109.0,,金網,2015-11-12,対象
783,久大本線,10,単線,60105.0,右,落石止柵,30,,,,コンクリート,1972-12-01,対象
783,久大本線,10,単線,60120.0,右,落石止柵,20.3,,,,鋼,1983-12-01,対象
783,久大本線,10,単線,60666.0,右,落石止擁壁,12,,,2.4,コンクリート,1978-12-01,対象
783,久大本線,10,単線,60670.0,右,落石止擁壁,5,,,,鉄筋コンクリート,1993-12-01,対象
783,久大本線,10,単線,60670.0,右,落石止柵,41.2,,,,鋼,1993-11-01,対象
783,久大本線,10,単線,60682.0,右,落石止擁壁,20,,,,コンクリート,1981-12-01,対象
783,久大本線,10,単線,60700.0,右,防土砂諸設備,,60700.0,60740.0,,鋼,2015-03-20,対象
783,久大本線,10,単線,60700.0,右,落石止擁壁,15,,,,コンクリート,1985-12-01,対象
783,久大本線,10,単線,60840.0,右,落石止擁壁,10,,,2.9,コンクリート,1968-12-01,対象
783,久大本線,10,単線,60937.0,右,落石止柵,24,60925.0,60949.0,2.5,鋼,2005-10-07,対象
783,久大本線,10,単線,60985.0,右,防土砂諸設備,,60975.0,60990.0,,鋼,2017-12-18,対象
783,久大本線,10,単線,60995.0,右,防土砂諸設備,4.01,60993.0,60997.0,,鋼,2017-12-18,対象
783,久大本線,10,単線,61246.0,右,防土砂諸設備,92.35,61208.0,61300.0,10,鋼,2017-12-18,対象
783,久大本線,10,単線,61815.0,右,落石止擁壁,26.5,,,6.5,コンクリート,1927-12-01,対象
783,久大本線,10,単線,61835.0,右,落石止擁壁,27.6,,,2.1,コンクリート,1979-12-01,対象外
783,久大本線,10,単線,61870.0,右,落石止柵,49.4,,,2.4,鋼,1932-12-01,対象
783,久大本線,10,単線,61989.0,右,落石止柵,9,61984.0,61993.0,2.5,鋼,2015-12-17,対象
783,久大本線,10,単線,61990.0,左,簡易落石止柵,7,61987.0,61994.0,1.5,PCフェンス,2015-09-28,対象
783,久大本線,10,単線,61990.0,右,落石止柵,20,,,1.6,鋼,1932-12-01,対象
783,久大本線,10,単線,61991.0,右,落石止柵,23.3,,,2,鋼,1992-02-01,対象
783,久大本線,10,単線,61997.0,中央,簡易落石止柵,6,61997.0,61997.0,1.5,PCフェンス,2015-09-28,対象
783,久大本線,10,単線,62000.0,中央,落石止擁壁,9.1,,,3.9,コンクリート,1978-12-01,対象
783,久大本線,10,単線,62360.0,中央,落石止擁壁,12,,,,コンクリート,1933-12-01,対象
783,久大本線,10,単線,62590.0,左,落石止柵,26.5,,,,鋼,1983-12-01,対象
783,久大本線,10,単線,62615.0,左,落石止柵,19.4,,,,鋼,1989-03-01,対象
783,久大本線,10,単線,62650.0,左,落石止柵,58,,,1.5,鋼,2015-03-25,対象
783,久大本線,10,単線,62750.0,左,防土砂諸設備,,62740.0,62750.0,,鋼,2015-03-25,対象
783,久大本線,10,単線,62937.0,中央,防土砂諸設備,40,62937.0,,30,金網,2013-08-26,対象
783,久大本線,10,単線,62940.0,右,防土砂諸設備,,62915.0,62966.0,,鋼,2006-05-15,対象
783,久大本線,10,単線,62946.0,中央,防土砂諸設備,12,62946.0,62947.0,,鋼,2011-10-01,対象
783,久大本線,10,単線,62947.0,中央,防土砂諸設備,9,62947.0,62948.0,,鋼,2011-08-01,対象
783,久大本線,10,単線,63369.0,中央,落石覆,17,63368.75,63385.67,7.64,鋼,2207-08-17,対象
783,久大本線,10,単線,63390.0,右,落石止柵,36.2,,,,鋼,1980-12-01,対象
783,久大本線,10,単線,63400.0,右,落石止擁壁,61.4,,,6,コンクリート,1933-12-01,対象
783,久大本線,10,単線,63415.0,右,落石止柵,27,,,1.2,鋼,1977-12-01,対象
783,久大本線,10,単線,63432.0,右,落石止柵,9,,,2.5,鋼,1944-02-01,対象
783,久大本線,10,単線,63450.0,右,落石止擁壁,57,,,6,コンクリート,1933-12-01,対象
783,久大本線,10,単線,63510.0,右,落石止擁壁,20,,,6,鉄筋コンクリート,1994-12-01,対象
783,久大本線,10,単線,63515.0,右,落石止擁壁,8,,,6,鉄筋コンクリート,1944-12-01,対象
783,久大本線,10,単線,63530.0,右,落石止擁壁,10,63530.0,,6,鉄筋コンクリート,1996-01-01,対象
783,久大本線,10,単線,64110.0,左,落石止擁壁,22.1,,,,コンクリート,1981-12-01,対象
783,久大本線,10,単線,64110.0,左,落石止柵,8,,,,鋼,1981-12-01,対象
783,久大本線,10,単線,64150.0,左,落石止擁壁,62.4,,,7.3,コンクリート,1933-12-01,対象
783,久大本線,10,単線,64151.0,左,落石止擁壁,40,64122.0,64162.0,3.7,鉄筋コンクリート,1997-12-01,対象
783,久大本線,10,単線,64190.0,左,落石止擁壁,16.8,,,8,コンクリート,1933-12-01,対象
783,久大本線,10,単線,64200.0,左,落石止擁壁,7.1,,,5,コンクリート,1933-12-01,対象
783,久大本線,10,単線,64201.0,左,落石止擁壁,10,,,3.3,コンクリート,1972-12-01,対象
783,久大本線,10,単線,64220.0,左,落石止擁壁,36.3,,,6,コンクリート,1933-12-01,対象
783,久大本線,10,単線,64240.0,左,落石止柵,22,,,1.6,鋼,1966-12-01,対象
783,久大本線,10,単線,64270.0,左,落石止柵,30,,,,コンクリート,1971-12-01,対象
783,久大本線,10,単線,64300.0,左,落石止柵,19.6,,,,鋼,1986-12-01,対象
783,久大本線,10,単線,64340.0,左,落石止擁壁,13,,,6,鉄筋コンクリート,1994-10-01,対象
783,久大本線,10,単線,64340.0,左,落石止柵,10,,,1,鋼,1978-12-01,対象
783,久大本線,10,単線,64350.0,左,落石止柵,15.5,,,2,鋼,1977-12-01,対象
783,久大本線,10,単線,64376.0,左,簡易落石防護ネット,59.5,64347.0,64406.5,,金網,2013-10-11,対象
783,久大本線,10,単線,64400.0,左,落石止柵,67,,,2.5,鋼,1933-12-01,対象
783,久大本線,10,単線,64430.0,左,落石止擁壁,50,,,8,コンクリート,1972-12-01,対象
783,久大本線,10,単線,64480.0,左,落石止柵,42,,,2.4,鋼,1977-12-01,対象
783,久大本線,10,単線,64544.0,左,防土砂諸設備,32,64528.0,64560.0,,金網,2016-03-24,対象
783,久大本線,10,単線,64620.0,左,落石止擁壁,9,,,4,コンクリート,1979-12-01,対象
783,久大本線,10,単線,64621.0,左,落石止擁壁,5.5,,,,コンクリート,1985-12-01,対象
783,久大本線,10,単線,64640.0,左右,落石覆,40,,,,鋼,1976-12-01,対象
783,久大本線,10,単線,64670.0,左,落石止擁壁,86.2,,,,コンクリート,1933-12-01,対象
783,久大本線,10,単線,64700.0,左,落石止柵,72,,,2,鋼,1976-12-01,対象
783,久大本線,10,単線,64730.0,左,落石止柵,5,,,1,鋼,1990-03-01,対象
783,久大本線,10,単線,64750.0,左,落石止擁壁,11.2,,,,コンクリート,1933-12-01,対象
783,久大本線,10,単線,64750.0,中央,簡易落石止柵,13.5,64750.0,64750.0,1.5,PCフェンス,2013-10-11,対象
783,久大本線,10,単線,65150.0,中央,簡易落石止柵,11.2,65150.0,65150.0,1.5,PCフェンス,2013-10-11,対象
783,久大本線,10,単線,65185.0,左,簡易落石防護ネット,70,65150.0,65220.0,,金網,2013-10-11,対象
783,久大本線,10,単線,65200.0,左,簡易落石防護ネット,62,65169.0,65231.0,,金網,2013-10-11,対象
783,久大本線,10,単線,65429.0,右,簡易落石防護ネット,127,65366.0,65493.0,,金網,2013-10-11,対象
783,久大本線,10,単線,65448.0,左,簡易落石防護ネット,164.2,65366.0,65530.2,,金網,2013-10-11,対象
783,久大本線,10,単線,65744.0,左,簡易落石防護ネット,3.8,65743.0,65746.8,,金網,2013-10-11,対象
783,久大本線,10,単線,65810.0,左,落石止柵,75,,,,鋼,1965-12-01,対象
783,久大本線,10,単線,65890.0,左,落石止柵,18,,,,鋼,1980-12-01,対象
783,久大本線,10,単線,65899.0,左,簡易落石止柵,88,65855.0,65943.0,1.5,金網,2013-10-11,対象
783,久大本線,10,単線,70150.0,左,落石止擁壁,96,,,3,コンクリート,1968-12-01,対象
783,久大本線,10,単線,70300.0,右,転落防止柵,45,70285.0,70330.0,1.2,その他,2013-07-16,対象
783,久大本線,10,単線,79290.0,左,防護柵,35,,,,鋼,1988-11-01,対象
783,久大本線,10,単線,79470.0,左,防土砂諸設備,26,,,,鋼,2017-02-15,対象
783,久大本線,10,単線,79475.0,左,落石止擁壁,12,,,,コンクリート,1985-12-01,対象
783,久大本線,10,単線,79490.0,左,防護柵,26,,,,鋼,2015-03-25,対象
783,久大本線,10,単線,79560.0,右,防護柵,13,,,,鋼,2009-09-17,対象
783,久大本線,10,単線,81305.0,右,転落防止柵,35,81305.0,81340.0,1.2,PCフェンス,2017-12-27,対象
783,久大本線,10,単線,84160.0,左,土留擁壁,21.5,,,,コンクリート,1964-12-01,対象
783,久大本線,10,単線,84631.0,左,簡易落石防護ネット,63,84600.0,84663.0,,金網,2013-10-15,対象
783,久大本線,10,単線,85250.0,中央,落石止擁壁,12,85250.0,,3,鉄筋コンクリート,1998-10-01,対象
783,久大本線,10,単線,85319.0,中央,防土砂諸設備,21,85319.0,85319.0,10.65,鋼,2008-12-25,対象
783,久大本線,10,単線,85320.0,中央,落石止擁壁,17.7,,,5.2,コンクリート,1968-12-01,対象
783,久大本線,10,単線,85490.0,右,落石止柵,21,,,1.5,鋼,1992-09-01,対象
783,久大本線,10,単線,85550.0,左,簡易落石防護ネット,62,85519.0,85581.0,,金網,2013-10-15,対象
783,久大本線,10,単線,86512.0,左,防土砂諸設備,21,86502.0,86523.0,2,コンクリート,2009-12-11,対象
783,久大本線,10,単線,86770.0,左,転落防止柵,52,86770.0,86832.0,1.2,鋼,2010-01-19,対象
783,久大本線,10,単線,86869.0,左,簡易落石防護ネット,13,86863.0,86876.0,,金網,2013-10-15,対象
783,久大本線,10,単線,86961.0,左,転落防止柵,80,86921.0,87000.6,1.5,PCフェンス,2014-12-26,対象
783,久大本線,10,単線,87200.0,左,転落防止柵,52,87138.0,87200.0,1.2,鋼,2016-09-27,対象
783,久大本線,10,単線,87305.0,右,防護柵,58,87266.0,87351.0,1.2,鋼,2009-06-15,対象
783,久大本線,10,単線,87433.0,左,簡易落石防護ネット,22,87422.0,87444.0,,金網,2013-10-15,対象
783,久大本線,10,単線,87864.0,右,簡易落石防護ネット,38,87845.0,87883.0,,金網,2013-12-16,対象
783,久大本線,10,単線,87933.0,右,簡易落石防護ネット,30,87918.0,87948.0,,金網,2013-12-16,対象
783,久大本線,10,単線,88127.0,左,簡易落石防護ネット,174,88090.0,88164.0,,金網,2013-12-16,対象
783,久大本線,10,単線,88910.0,右,落石止擁壁,50,,,3.6,コンクリート,1977-12-01,対象
783,久大本線,10,単線,88950.0,右,落石止擁壁,15,,,3.6,コンクリート,1979-12-01,対象
783,久大本線,10,単線,89430.0,左,落石止柵,66,,,,鋼,1995-12-01,対象
783,久大本線,10,単線,89560.0,左,落石止擁壁,120,,,2.7,コンクリート,1979-12-01,対象
783,久大本線,10,単線,89875.0,左,簡易落石止柵,30,89860.0,89890.0,1.5,その他,2013-12-16,対象
783,久大本線,10,単線,89990.0,左,落石止柵,21,,,1.5,鋼,1978-12-01,対象
783,久大本線,10,単線,90080.0,左,落石止柵,30.1,,,,鋼,1984-12-01,対象
783,久大本線,10,単線,90105.0,左,簡易落石止柵,10,90100.0,90110.0,1.5,その他,2013-12-16,対象
783,久大本線,10,単線,90525.0,左,簡易落石止柵,50,90500.0,90550.0,1.5,その他,2013-12-16,対象
783,久大本線,10,単線,90570.0,左,落石止擁壁,40,90550.0,90590.0,2,鉄筋コンクリート,1998-08-01,対象
783,久大本線,10,単線,90965.0,左,簡易落石止柵,130,90900.0,91030.0,1.5,単管,2013-12-16,対象
783,久大本線,10,単線,91057.0,中央,簡易落石止柵,17.6,91057.0,91057.0,1.5,PCフェンス,2013-12-16,対象
783,久大本線,10,単線,92915.0,中央,簡易落石止柵,16.7,92915.0,92915.0,1.5,PCフェンス,2013-12-16,対象
783,久大本線,10,単線,92920.0,左,落石止擁壁,30.6,,,3.3,コンクリート,1958-12-01,対象
783,久大本線,10,単線,92960.0,左,落石止柵,33,92941.0,92974.0,2.1,鋼,1997-10-01,対象
783,久大本線,10,単線,94042.0,中央,簡易落石止柵,20.4,94042.0,94042.0,1.5,PCフェンス,2013-12-16,対象
783,久大本線,10,単線,94060.0,左,落石止擁壁,15.4,,,,該当なし,1992-10-01,対象
783,久大本線,10,単線,94060.0,左,落石止柵,30,,,3.6,鋼,1970-12-01,対象
783,久大本線,10,単線,94110.0,左,防土砂諸設備,88,94066.0,94154.0,,鋼,2011-08-25,対象
783,久大本線,10,単線,94166.0,左,防土砂諸設備,90,96587.0,96677.0,,鋼,2011-05-24,対象
783,久大本線,10,単線,94180.0,右,簡易落石防護ネット,20,94170.0,94190.0,3.6,金網,2013-12-16,対象
783,久大本線,10,単線,94476.0,右,落石止柵,24,,,1.5,鋼,1994-02-01,対象
783,久大本線,10,単線,94780.0,右,落石止擁壁,28.3,,,3.3,コンクリート,1953-12-01,対象
783,久大本線,10,単線,94783.0,中央,簡易落石止柵,29.5,94783.0,94783.0,1.5,PCフェンス,2013-12-16,対象
783,久大本線,10,単線,95498.0,中央,落石止柵,24.2,,,,鋼,1984-12-01,対象
783,久大本線,10,単線,96040.0,中央,簡易落石止柵,41.3,95497.0,95497.0,1.5,PCフェンス,2013-12-16,対象
783,久大本線,10,単線,96300.0,左,転落防止柵,25.68,96295.0,96320.0,1.5,PCフェンス,2015-08-25,対象
783,久大本線,10,単線,96410.0,左,防土砂諸設備,80,96370.0,96450.0,,鋼,2011-12-21,対象
783,久大本線,10,単線,96630.0,左,防護その他,90,96587.0,96677.0,,鋼,2008-03-17,対象
783,久大本線,10,単線,96630.0,右,防護その他,120,96567.0,96687.0,,鋼,2008-03-17,対象
783,久大本線,10,単線,96745.0,左,防護その他,90,96700.0,96790.0,,鋼,2009-03-23,対象
783,久大本線,10,単線,97083.0,左,転落防止柵,13.04,97072.0,97095.0,1.5,PCフェンス,2016-09-28,対象
783,久大本線,10,単線,97095.0,左,転落防止柵,13.04,97072.0,97095.0,6.5,PCフェンス,2016-09-28,対象
783,久大本線,10,単線,98342.0,右,防護柵,6.3,98340.0,98345.0,1.1,鋼,2008-03-17,対象
783,久大本線,10,単線,102818.0,左,簡易落石防護ネット,36.1,102800.0,102836.1,,金網,2013-11-05,対象
783,久大本線,10,単線,103131.0,左,簡易落石止柵,45,103109.0,103154.0,1,その他,2013-11-05,対象
783,久大本線,10,単線,104220.0,右,落石止擁壁,110.8,,,,コンクリート,1981-12-01,対象
783,久大本線,10,単線,104250.0,左,落石止柵,30,,,,該当なし,1981-12-01,対象
783,久大本線,10,単線,104290.0,右,簡易落石防護ネット,30.3,104275.0,104305.3,,金網,2013-11-05,対象
783,久大本線,10,単線,105129.0,右,簡易落石防護ネット,59,105100.0,105159.0,,金網,2013-11-05,対象
783,久大本線,10,単線,105287.0,左,防護柵,4,105285.0,105289.0,0.8,鋼,2010-06-04,対象
783,久大本線,10,単線,105300.0,左,防土砂諸設備,1,105285.0,105322.56,,鋼,2011-10-18,対象
783,久大本線,10,単線,105300.0,左,転落防止柵,48,105296.0,105344.0,1.2,鋼,2011-10-18,対象
783,久大本線,10,単線,105300.0,右,防土砂諸設備,53.66,105280.0,105333.66,,鋼,2011-10-18,対象
783,久大本線,10,単線,105345.0,右,簡易落石防護ネット,17.5,105337.0,105394.5,,金網,2013-11-05,対象
783,久大本線,10,単線,105390.0,右,簡易落石防護ネット,71.3,105355.0,105426.3,,金網,2014-03-12,対象
783,久大本線,10,単線,105600.0,右,転落防止柵,,,,1.2,PCフェンス,2017-12-04,対象
783,久大本線,10,単線,105640.0,右,落石止柵,48,,,,該当なし,1983-12-01,対象
783,久大本線,10,単線,105710.0,左,防土砂諸設備,47,105690.0,105737.0,,鋼,2016-12-05,対象
783,久大本線,10,単線,106029.0,右,簡易落石止柵,47.2,106005.0,106053.0,1.2,PCフェンス,2017-02-28,対象
783,久大本線,10,単線,106580.0,左,転落防止柵,24,106566.0,107590.0,1.2,PCフェンス,2016-09-05,対象
783,久大本線,10,単線,106590.0,右,竹林防護工,128,106526.0,106654.0,,鋼,2008-03-17,対象
783,久大本線,10,単線,106920.0,右,落石止柵,41,,,,該当なし,1981-12-01,対象
783,久大本線,10,単線,106950.0,右,竹林防護工,40,106930.0,106970.0,,鋼,2008-03-17,対象
783,久大本線,10,単線,106988.0,右,転落防止柵,30,106972.0,107003.0,1.2,PCフェンス,2016-08-12,対象
783,久大本線,10,単線,107044.0,左,簡易落石防護ネット,41.5,107024.0,107065.5,,金網,2013-11-05,対象
783,久大本線,10,単線,107332.0,右中,防土砂諸設備,20,107318.0,107338.0,,鋼,2009-02-17,対象
783,久大本線,10,単線,107450.0,右,簡易落石止柵,13.6,,,1.2,PCフェンス,2016-11-28,対象
783,久大本線,10,単線,107950.0,右,防土砂諸設備,1,,,,コンクリート,1966-12-01,対象外
783,久大本線,10,単線,108238.0,右,簡易落石止柵,25.5,108226.0,108251.5,1,その他,2013-11-05,対象
783,久大本線,10,単線,108265.0,右,簡易落石防護ネット,28.4,108251.0,108279.4,,金網,2013-11-05,対象
783,久大本線,10,単線,108370.0,右,転落防止柵,41.6,108352.0,108390.0,1.2,鋼,2009-07-27,対象
783,久大本線,10,単線,108673.0,左,簡易落石防護ネット,12.7,108667.0,108680.7,,金網,2014-03-12,対象
783,久大本線,10,単線,108695.0,左,簡易落石防護ネット,11,108690.0,108701.0,,金網,2014-03-12,対象
783,久大本線,10,単線,108803.0,左,簡易落石防護ネット,7,108800.0,108807.0,,金網,2014-03-12,対象
783,久大本線,10,単線,108900.0,右,転落防止柵,19.2,108900.0,,,鋼,1995-12-01,対象
783,久大本線,10,単線,109911.0,左,転落防止柵,42,109890.0,109932.0,1.5,鋼,2009-12-23,対象
783,久大本線,10,単線,109990.0,左,落石止柵,20,109970.0,110010.0,2.5,鋼,2016-09-27,対象
783,久大本線,10,単線,110020.0,左,転落防止柵,30,,,,鋼,1988-03-01,対象
783,久大本線,10,単線,111420.0,左,竹林防護工,90,111370.0,111460.0,11.84,鋼,2007-11-27,対象
783,久大本線,10,単線,111580.0,左,転落防止柵,80,,,,鋼,2014-03-28,対象
783,久大本線,10,単線,112137.0,右,転落防止柵,80,112116.0,112158.0,1,単管,2016-10-11,対象
783,久大本線,10,単線,112335.0,左,簡易落石防護ネット,5.3,112333.0,112338.3,,金網,2013-11-05,対象
783,久大本線,10,単線,112370.0,左,防土砂諸設備,30,112340.0,112370.0,7,鋼,2005-10-07,対象
783,久大本線,10,単線,112420.0,左,防土砂諸設備,89.7,112375.0,112464.0,8,鋼,2008-07-24,対象
783,久大本線,10,単線,112660.0,左,防土砂諸設備,51,112636.0,112687.0,8.5,鋼,2008-12-26,対象
783,久大本線,10,単線,112720.0,左,簡易落石止柵,70,112710.0,112750.0,,PCフェンス,2015-02-26,対象
783,久大本線,10,単線,112800.0,左,簡易落石止柵,9,112794.0,112803.0,,PCフェンス,2015-02-26,対象
783,久大本線,10,単線,112810.0,左,落石止柵,20,,,,鋼,1986-12-01,対象
783,久大本線,10,単線,113172.0,左,簡易落石防護ネット,55,113145.0,113200.0,,金網,2013-11-05,対象
783,久大本線,10,単線,113211.0,左,簡易落石防護ネット,4,113209.0,113213.0,,金網,2013-11-05,対象
783,久大本線,10,単線,113293.0,右,簡易落石防護ネット,100,113243.0,113343.0,,金網,2013-11-05,対象
783,久大本線,10,単線,113315.0,左,簡易落石防護ネット,193.9,113219.0,113412.9,,金網,2013-11-05,対象
783,久大本線,10,単線,117980.0,左,落石止柵,21,,,,コンクリート,1989-11-01,対象
783,久大本線,10,単線,119083.0,右,簡易落石防護ネット,100,113243.0,113343.0,,金網,2013-12-05,対象
783,久大本線,10,単線,119208.0,中央,防護その他,37,,,,鋼,2008-12-26,対象
783,久大本線,10,単線,121780.0,左,転落防止柵,48,,,,鋼,1986-12-01,対象
783,久大本線,10,単線,122385.0,左,転落防止柵,29,,,,鋼,1989-02-01,対象
783,久大本線,10,単線,122422.0,左,防護諸設備,1,,,,鋼,1986-12-01,対象
783,久大本線,10,単線,122635.0,左,簡易落石防護ネット,16,122627.0,122643.0,,金網,2013-12-05,対象
783,久大本線,10,単線,122681.0,左,簡易落石防護ネット,27,122676.0,122707.0,,金網,2013-12-05,対象
783,久大本線,10,単線,122758.0,右,簡易落石防護ネット,57.6,122730.0,122787.6,,金網,2013-12-05,対象
783,久大本線,10,単線,122759.0,左,簡易落石防護ネット,55,122732.0,122787.0,,金網,2013-12-05,対象
783,久大本線,10,単線,122793.0,左,防土砂諸設備,16,122787.0,122803.0,,鋼,2004-11-01,対象
783,久大本線,10,単線,123052.0,左,簡易落石止柵,18,123043.0,123061.0,1,その他,2013-11-05,対象
783,久大本線,10,単線,123627.0,左,簡易落石防護ネット,14,123620.0,123634.0,,金網,2013-12-05,対象
783,久大本線,10,単線,123670.0,左,防土砂諸設備,40,123658.0,123698.0,,鋼,2014-03-20,対象
783,久大本線,10,単線,123720.0,左,落石止擁壁,40,123694.0,123734.0,3,鉄筋コンクリート,1990-12-27,対象
783,久大本線,10,単線,123725.0,左,落石止擁壁,10,123721.0,123731.0,2.7,鉄筋コンクリート,1994-03-01,対象
783,久大本線,10,単線,123741.0,左,落石止柵,27,,,1.2,鋼,1978-01-31,対象
783,久大本線,10,単線,123750.0,左,落石止擁壁,19,,,,コンクリート,1977-12-01,対象外
783,久大本線,10,単線,123775.0,左,簡易落石止柵,20.6,123765.0,123783.6,1.5,PCフェンス,2014-09-22,対象
783,久大本線,10,単線,123805.0,左,転落防止柵,42,123773.0,123815.0,,鋼,2011-11-24,対象
783,久大本線,10,単線,123850.0,左,落石止擁壁,54,,,3.6,鉄筋コンクリート,1995-02-01,対象
783,久大本線,10,単線,123900.0,左,落石止擁壁,67,123870.0,123937.0,3,鉄筋コンクリート,1993-11-01,対象
783,久大本線,10,単線,123968.0,右,転落防止柵,,,,,PCフェンス,2017-03-29,対象
783,久大本線,10,単線,123980.0,左,落石止擁壁,28.5,,,,コンクリート,1979-12-01,対象
783,久大本線,10,単線,123985.0,左,落石止擁壁,38.3,,,6.4,コンクリート,1927-12-01,対象
783,久大本線,10,単線,124034.0,左,落石止擁壁,65.8,,,8.5,コンクリート,1927-12-01,対象
783,久大本線,10,単線,124044.0,左,簡易落石防護ネット,6,124041.0,124047.0,,金網,2013-12-05,対象
783,久大本線,10,単線,124069.0,左,落石止擁壁,136.6,,,7.9,コンクリート,1927-12-01,対象
783,久大本線,10,単線,124100.0,左,落石止柵,76,124100.0,,1.5,鋼,1996-03-01,対象
783,久大本線,10,単線,124147.0,左,落石止柵,59.6,,,5.5,鋼,1927-12-01,対象
783,久大本線,10,単線,124160.0,左,防土砂諸設備,48,124136.0,124184.0,,鋼,2004-10-01,対象
783,久大本線,10,単線,124180.0,左,落石止擁壁,59.5,124180.0,,2,鉄筋コンクリート,1996-12-01,対象
783,久大本線,10,単線,124210.0,左,落石止擁壁,21.8,,,,コンクリート,1977-12-01,対象
783,久大本線,10,単線,124230.0,左,落石止擁壁,19,,,,鉄筋コンクリート,1994-03-01,対象
783,久大本線,10,単線,124254.0,左,落石止擁壁,51,124254.0,124305.0,3,鉄筋コンクリート,1999-07-01,対象
783,久大本線,10,単線,124330.0,左,簡易落石止柵,59.6,,,1.5,PCフェンス,2015-02-26,対象
783,久大本線,10,単線,124540.0,右,転落防止柵,48,,,1.2,鋼,2018-03-12,対象
783,久大本線,10,単線,125806.0,左,転落防止柵,64,125774.0,125838.0,1,鋼,2005-10-01,対象
783,久大本線,10,単線,125827.0,右,簡易落石防護ネット,15.3,125820.0,125835.3,,金網,2013-12-05,対象
783,久大本線,10,単線,129910.0,右,竹林防護工,150,129835.0,129985.0,,鋼,,対象
783,久大本線,10,単線,130356.0,右,竹林防護工,60,130326.0,130386.0,,鋼,2008-03-10,対象
783,久大本線,10,単線,137520.0,左,落石止擁壁,28,,,4.5,コンクリート,1974-12-01,対象
786,豊肥本線,10,単線,884.45,左,防護その他,81,846.9,922.0,1.5,コンクリート,,対象
786,豊肥本線,10,単線,893.45,右,その他安全柵,57.1,864.9,922.0,1,鋼,,対象
786,豊肥本線,10,単線,4510.0,左,防護柵,86,,,,その他,1988-03-01,対象
786,豊肥本線,10,単線,4710.0,左,防護柵,56,,,,その他,1988-03-01,対象
786,豊肥本線,10,単線,4910.0,左,防護柵,20,,,,その他,1988-03-01,対象
786,豊肥本線,10,単線,4940.0,右,防護柵,140,,,,その他,1988-03-01,対象
786,豊肥本線,10,単線,5030.0,右,防護柵,54,,,,その他,1988-03-01,対象
786,豊肥本線,10,単線,5090.0,右,防護柵,37,,,1,その他,1989-08-01,対象
786,豊肥本線,10,単線,5144.0,左,防護柵,20,,,,その他,1988-03-01,対象
786,豊肥本線,10,単線,5155.0,右,防護柵,99.7,,,,その他,1988-03-01,対象
786,豊肥本線,10,単線,6850.0,左,防護柵,120,,,,鋼,1988-03-01,対象
786,豊肥本線,10,単線,7127.0,左,防護柵,97,,,1.2,鋼,1989-08-01,対象
786,豊肥本線,10,単線,7250.0,左,防護柵,70,,,,鋼,1988-03-01,対象
786,豊肥本線,10,単線,7310.0,左,防護柵,22,,,1.2,鋼,1989-08-01,対象
786,豊肥本線,10,単線,7350.0,左,防護柵,36,,,1.2,鋼,1989-08-01,対象
786,豊肥本線,10,単線,12250.0,左,防護柵,40,,,,鋼,1988-03-01,対象
786,豊肥本線,10,単線,12700.0,右,防護柵,62,,,,鋼,1989-08-01,対象外
786,豊肥本線,10,単線,19166.0,右,防護柵,92,,,1.2,鋼,1989-08-01,対象外
786,豊肥本線,10,単線,21100.0,右,防護柵,60,,,,鋼,1988-03-01,対象
786,豊肥本線,10,単線,30050.0,右,防護柵,58.4,,,1.1,鋼,1989-08-01,対象
786,豊肥本線,10,単線,30280.0,左,防土砂諸設備,,,,,鋼,1993-05-01,対象
786,豊肥本線,10,単線,30325.0,左,落石止擁壁,10.1,,,,コンクリート,1978-12-01,対象
786,豊肥本線,10,単線,30420.0,左,落石止柵,10,,,1,該当なし,1985-12-01,対象
786,豊肥本線,10,単線,30460.0,左,落石止柵,39.5,,,2.8,その他,1974-12-01,対象
786,豊肥本線,10,単線,30600.0,左,落石止擁壁,84,,,,鉄筋コンクリート,1978-12-01,対象
786,豊肥本線,10,単線,30692.0,左,落石止擁壁,25,,,5.5,コンクリート,1980-12-01,対象
786,豊肥本線,10,単線,30700.0,左,防護その他,25.4,30700.0,30720.0,,その他,1996-06-01,対象
786,豊肥本線,10,単線,30755.0,左,落石止擁壁,25,,,4,コンクリート,1973-12-01,対象
786,豊肥本線,10,単線,30780.0,左,落石止擁壁,30.3,,,4.8,コンクリート,1985-12-01,対象
786,豊肥本線,10,単線,30815.0,左,落石止擁壁,40,,,3,鉄筋コンクリート,1990-11-01,対象
786,豊肥本線,10,単線,30855.0,左,落石止擁壁,40,,,3,コンクリート,1992-12-01,対象
786,豊肥本線,10,単線,30860.0,左,落石止擁壁,28.9,,,2.5,コンクリート,1936-12-01,対象
786,豊肥本線,10,単線,30860.0,左,落石止柵,126,,,3,その他,1954-12-01,対象
786,豊肥本線,10,単線,30905.0,左,落石止擁壁,60,,,2.5,コンクリート,,対象
786,豊肥本線,10,単線,30905.0,左,落石止柵,60,,,2,該当なし,2004-11-01,対象
786,豊肥本線,10,単線,33371.0,左,落石止柵,34.2,,,2.8,その他,1955-12-01,対象外
786,豊肥本線,10,単線,33383.0,右,落石止柵,62.4,,,2.8,鋼,1955-12-01,対象
786,豊肥本線,10,単線,33400.0,右,落石止柵,110,,,1,その他,2013-03-28,対象
786,豊肥本線,10,単線,33400.0,右,防護柵,108.3,,,1.5,鋼,2015-03-30,対象
786,豊肥本線,10,単線,33404.0,左,落石止柵,31.5,,,2.8,その他,1955-12-01,対象外
786,豊肥本線,10,単線,33406.0,左,落石止擁壁,104.9,,,3.5,コンクリート,1936-12-01,対象
786,豊肥本線,10,単線,33460.0,左,落石止擁壁,10,,,5,コンクリート,1936-12-01,対象
786,豊肥本線,10,単線,33470.0,左,落石止擁壁,10,,,4,コンクリート,1936-12-01,対象
786,豊肥本線,10,単線,33500.0,左,落石止柵,84,,,,鋼,1977-12-01,対象
786,豊肥本線,10,単線,33606.0,左,落石止柵,107.9,,,2.8,その他,1955-12-01,対象
786,豊肥本線,10,単線,33620.0,左,落石止柵,31,,,,該当なし,1992-11-01,対象
786,豊肥本線,10,単線,33667.0,左,落石止柵,15,,,2.9,その他,1946-12-01,対象
786,豊肥本線,10,単線,33670.0,左,落石止擁壁,31,,,5.5,コンクリート,1980-12-01,対象
786,豊肥本線,10,単線,33692.0,左,落石止柵,17.4,,,2.9,その他,1946-12-01,対象
786,豊肥本線,10,単線,33717.0,左,落石止柵,15,,,2.9,その他,1946-12-01,対象
786,豊肥本線,10,単線,33720.0,左,落石止柵,57,,,,その他,1978-12-01,対象
786,豊肥本線,10,単線,36430.0,左,雑設備その他,12.6,,,1.2,その他,2011-07-06,対象
786,豊肥本線,10,単線,37472.0,左,防護柵,12.6,,,1.3,鋼,1988-03-01,対象外
786,豊肥本線,10,単線,42119.0,左,防護柵,5,,,,鋼,1988-03-01,対象
786,豊肥本線,10,単線,42119.0,右,防護柵,5,,,,鋼,1988-03-01,対象
786,豊肥本線,10,単線,47508.0,左,防護柵,4,,,,鋼,1988-03-01,対象
786,豊肥本線,10,単線,47508.0,右,防護柵,4,,,,鋼,1988-03-01,対象
786,豊肥本線,10,単線,56610.0,右,防土砂諸設備,,,,,石,2013-09-25,対象
786,豊肥本線,10,単線,57420.0,右,その他安全柵,3.9,,,2.1,鋼,1991-10-01,対象
786,豊肥本線,10,単線,57420.0,右,落石止擁壁,31,,,6,コンクリート,1991-10-01,対象
786,豊肥本線,10,単線,57425.0,右,落石止柵,16.1,,,2,その他,1946-12-01,対象外
786,豊肥本線,10,単線,57590.0,右,落石止擁壁,147.2,,,3,コンクリート,1991-10-01,対象
786,豊肥本線,10,単線,57616.0,右,落石止擁壁,43.6,,,2,石,1936-12-01,対象
786,豊肥本線,10,単線,57680.0,右,落石止擁壁,37.5,,,3.9,コンクリート,1991-10-01,対象
786,豊肥本線,10,単線,57688.0,右,落石止擁壁,16.9,,,2.5,コンクリート,1936-12-01,対象
786,豊肥本線,10,単線,57700.0,右,落石止擁壁,160,,,3.9,コンクリート,1981-12-01,対象
786,豊肥本線,10,単線,57893.0,右,落石止柵,41.3,,,1.5,その他,1954-12-01,対象外
786,豊肥本線,10,単線,57975.0,右,落石止柵,15,,,1.5,鋼,1991-10-01,対象
786,豊肥本線,10,単線,58050.0,右,落石止柵,24,,,2.3,その他,1956-12-01,対象
786,豊肥本線,10,単線,58080.0,右,落石止柵,24,,,1.6,鋼,1991-10-01,対象
786,豊肥本線,10,単線,58145.0,右,防護その他,,,,,鋼,2013-10-03,対象
786,豊肥本線,10,単線,58186.0,右,その他安全柵,6.3,,,2.2,鋼,1991-10-01,対象
786,豊肥本線,10,単線,58330.0,左右,落石覆,30,58311.0,58341.0,,鋼,1976-12-01,対象
786,豊肥本線,10,単線,58340.0,右,落石止柵,30.4,,,2.1,その他,1946-12-01,対象外
786,豊肥本線,10,単線,58356.0,右,落石止柵,38.1,,,2.9,その他,1946-12-01,対象外
786,豊肥本線,10,単線,58394.0,右,落石止柵,10,,,2.1,その他,1946-12-01,対象外
786,豊肥本線,10,単線,58604.0,中央,防護その他,12,58604.0,58604.0,,その他,1996-09-01,対象
786,豊肥本線,10,単線,58607.0,左右,落石覆,7,58604.0,58611.0,,鋼,1991-10-01,対象
786,豊肥本線,10,単線,58626.0,左,防土砂諸設備,27.8,,,3,鉄筋コンクリート,1993-07-01,対象
786,豊肥本線,10,単線,58626.0,右,その他安全柵,4.9,,,4.4,鋼,1991-10-01,対象
786,豊肥本線,10,単線,58626.0,右,防土砂諸設備,17.5,,,3,鉄筋コンクリート,1993-07-01,対象
786,豊肥本線,10,単線,58685.0,右,落石止擁壁,30,,,2,コンクリート,1991-10-01,対象
786,豊肥本線,10,単線,58706.0,左右,落石覆,12,58700.0,58712.0,,鋼,1980-12-01,対象
786,豊肥本線,10,単線,58716.0,右,落石止柵,20.2,,,3,その他,1954-12-01,対象外
786,豊肥本線,10,単線,58720.0,左右,落石覆,16,58712.0,58728.0,,鋼,1976-12-01,対象
786,豊肥本線,10,単線,58735.0,右,落石止柵,64.3,,,2.9,その他,1946-12-01,対象外
786,豊肥本線,10,単線,58739.0,左右,落石覆,19.5,58728.0,58747.5,,鋼,1980-12-01,対象
786,豊肥本線,10,単線,58760.0,左右,落石覆,30,58747.5,58777.5,6.5,鉄筋コンクリート,1956-12-01,対象
786,豊肥本線,10,単線,58802.0,右,落石止擁壁,46.2,,,7,コンクリート,1936-12-01,対象
786,豊肥本線,10,単線,58818.0,右,落石止柵,9,,,1.5,鋼,2016-09-28,対象
786,豊肥本線,10,単線,58830.0,右,防土砂諸設備,18,,,15,鋼,1993-07-01,対象
786,豊肥本線,10,単線,58870.0,右,その他安全柵,7.5,,,2.5,鋼,1991-10-01,対象
786,豊肥本線,10,単線,58875.0,左右,落石覆,10,58870.0,58880.0,7.1,鋼,2006-03-28,対象
786,豊肥本線,10,単線,58880.0,左右,落石覆,5.4,58879.6,58885.0,,鉄筋コンクリート,1980-12-01,対象
786,豊肥本線,10,単線,58890.0,中央,防護諸設備,,58890.0,58890.0,,鋼,2013-10-18,対象
786,豊肥本線,10,単線,59270.0,左右,落石覆,22.2,59257.0,59279.2,6.3,鉄筋コンクリート,1954-12-01,対象
786,豊肥本線,10,単線,59420.0,中央,防護諸設備,,59420.0,59420.0,,鋼,2013-09-05,対象
786,豊肥本線,10,単線,59430.0,左右,落石覆,21,59425.0,59446.0,5.9,鋼,1991-12-01,対象
786,豊肥本線,10,単線,59457.0,右,その他安全柵,2.5,,,2.5,鋼,1991-10-01,対象
786,豊肥本線,10,単線,59480.0,左右,落石覆,5,59478.0,58483.0,5.9,鋼,1991-12-01,対象
786,豊肥本線,10,単線,59583.0,右,落石止擁壁,3.6,,,3,コンクリート,1936-12-01,対象
786,豊肥本線,10,単線,60150.0,左右,落石覆,12.7,60148.0,60160.7,6.5,鉄筋コンクリート,1954-12-01,対象
786,豊肥本線,10,単線,60200.0,左,防護柵,30,,,,鋼,1988-03-01,対象
786,豊肥本線,10,単線,60224.0,右,落石止柵,18,,,,鋼,2016-10-28,対象
786,豊肥本線,10,単線,60240.0,右,防土砂諸設備,,,,,鋼,2016-10-28,対象
786,豊肥本線,10,単線,60240.0,右,落石止柵,18,,,,鋼,1978-12-01,対象
786,豊肥本線,10,単線,60345.0,右,落石止柵,44.8,,,2.1,その他,1958-12-01,対象
786,豊肥本線,10,単線,60415.0,左,防護柵,15.6,,,,鋼,1989-08-01,対象
786,豊肥本線,10,単線,60470.0,左,その他安全柵,40.1,,,,鋼,1992-01-01,対象
786,豊肥本線,10,単線,60528.0,右,砂防えん堤,4.2,,,,鋼,1961-12-01,対象
786,豊肥本線,10,単線,60534.0,中央,防護その他,15,60534.0,60534.0,,その他,1996-09-01,対象
786,豊肥本線,10,単線,60540.0,右,落石止柵,18,,,,鋼,1978-12-01,対象
786,豊肥本線,10,単線,63361.0,左,防護諸設備,,63314.7,63407.7,,PCフェンス,2017-02-23,対象
786,豊肥本線,10,単線,65085.0,左,防護諸設備,,65072.0,65098.0,,PCフェンス,2017-03-30,対象
786,豊肥本線,10,単線,65085.0,右,防護諸設備,,65072.0,65098.0,,PCフェンス,2017-03-30,対象
786,豊肥本線,10,単線,66090.0,左,防護諸設備,,66054.0,66127.0,,PCフェンス,2017-03-30,対象
786,豊肥本線,10,単線,70124.0,左,防護諸設備,,70098.0,70150.0,,単管,2017-03-27,対象
786,豊肥本線,10,単線,77425.0,左,転落防止柵,6,77422.0,77428.0,,該当なし,2010-06-15,対象
786,豊肥本線,10,単線,78617.0,右,防土砂諸設備,17.5,78617.0,,1.3,コンクリート,1993-07-01,対象
786,豊肥本線,10,単線,78689.0,中央,転落防止柵,35,78689.0,78699.0,,鋼,2010-10-12,対象
786,豊肥本線,10,単線,78766.0,中央,転落防止柵,15,,,,鋼,2010-12-21,対象
786,豊肥本線,10,単線,78960.0,中央,落石覆,11.6,,,,コンクリート,1972-12-01,対象
786,豊肥本線,10,単線,78962.0,右,防土砂諸設備,16.3,78954.0,78970.3,15.5,鋼,2011-12-09,対象
786,豊肥本線,10,単線,78985.0,右,防土砂諸設備,30,78790.0,79000.0,20,鋼,2015-03-28,対象
786,豊肥本線,10,単線,79020.0,左,防土砂諸設備,27,79006.0,79033.0,18,鋼,2004-06-01,対象
786,豊肥本線,10,単線,79080.0,右,防土砂諸設備,,,,,該当なし,1966-12-01,対象外
786,豊肥本線,10,単線,79510.0,中央,防土砂諸設備,15,,,13,鋼,2011-02-15,対象
786,豊肥本線,10,単線,79510.0,中央,転落防止柵,14,,,1.2,鋼,2011-02-15,対象
786,豊肥本線,10,単線,79736.0,左,簡易落石防護ネット,12.4,79730.0,79742.4,,金網,2013-10-17,対象
786,豊肥本線,10,単線,79750.0,左,落石止柵,40,,,,該当なし,1970-12-01,対象
786,豊肥本線,10,単線,79760.0,中央,簡易落石防護ネット,12.5,79760.0,,,金網,2013-10-17,対象
786,豊肥本線,10,単線,79765.0,左,防土砂諸設備,16,79757.0,79773.0,,該当なし,2015-09-30,対象
786,豊肥本線,10,単線,79959.0,左,防土砂諸設備,11,79959.0,79970.0,20,鋼,2004-10-01,対象
786,豊肥本線,10,単線,79960.0,右,防土砂諸設備,22,79960.0,,4,コンクリート,1993-12-01,対象
786,豊肥本線,10,単線,79970.0,右,防土砂諸設備,,,,,該当なし,1968-12-01,対象
786,豊肥本線,10,単線,79980.0,右,防土砂諸設備,,,,,該当なし,1968-12-01,対象
786,豊肥本線,10,単線,80050.0,右,落石止擁壁,22,,,,該当なし,1984-12-01,対象
786,豊肥本線,10,単線,80080.0,右,落石止擁壁,14.6,,,,該当なし,1941-12-01,対象外
786,豊肥本線,10,単線,80135.0,右,落石止擁壁,10,80135.0,,2,コンクリート,1994-03-01,対象
786,豊肥本線,10,単線,80180.0,右,落石止擁壁,12.2,,,,該当なし,1978-12-01,対象
786,豊肥本線,10,単線,80180.0,中央,落石止擁壁,7,,,,該当なし,1978-12-01,対象
786,豊肥本線,10,単線,80182.0,中央,防土砂諸設備,47,,,13,鋼,2010-12-14,対象
786,豊肥本線,10,単線,80182.0,中央,転落防止柵,12,,,,鋼,2010-12-14,対象
786,豊肥本線,10,単線,80185.0,左,簡易落石防護ネット,8,80180.0,80188.0,,金網,2013-10-17,対象
786,豊肥本線,10,単線,80186.0,右,簡易落石防護ネット,12,80180.0,80192.0,,金網,2013-10-17,対象
786,豊肥本線,10,単線,80274.0,中央,防土砂諸設備,30,80274.0,80274.0,6,鋼,2005-09-26,対象
786,豊肥本線,10,単線,80280.0,中央,簡易落石防護ネット,15,80280.0,,,金網,2013-10-17,対象
786,豊肥本線,10,単線,80292.0,左,簡易落石防護ネット,23,80280.0,80303.0,,金網,2013-10-17,対象
786,豊肥本線,10,単線,81355.0,右,防土砂諸設備,37,81336.0,81373.0,18.9,鋼,2015-11-27,対象
786,豊肥本線,10,単線,81525.0,左,簡易落石防護ネット,30.5,81510.0,81540.5,,金網,2013-10-17,対象
786,豊肥本線,10,単線,81682.0,中央,転落防止柵,40,81682.0,81700.0,,鋼,2009-02-12,対象
786,豊肥本線,10,単線,81850.0,右,簡易落石防護ネット,60,81820.0,81880.0,,金網,2013-10-17,対象
786,豊肥本線,10,単線,82028.0,右,簡易落石防護ネット,17,82020.0,82037.0,,金網,2013-10-17,対象
786,豊肥本線,10,単線,82040.0,右,転落防止柵,33.8,82032.0,82066.0,,PCフェンス,2014-09-30,対象
786,豊肥本線,10,単線,82755.0,右,転落防止柵,99.4,82703.0,82807.0,,PCフェンス,2015-01-09,対象
786,豊肥本線,10,単線,82950.0,左,転落防止柵,109.6,82885.0,82994.6,,PCフェンス,2015-11-30,対象
786,豊肥本線,10,単線,83235.0,中央,防土砂諸設備,,,,,該当なし,1968-12-01,対象
786,豊肥本線,10,単線,83790.0,左,転落防止柵,56.6,83763.0,83816.0,,PCフェンス,2016-12-16,対象
786,豊肥本線,10,単線,83800.0,右,転落防止柵,64.6,83768.0,83829.0,,PCフェンス,2016-12-09,対象
786,豊肥本線,10,単線,83905.0,左,簡易落石防護ネット,91.1,83860.0,83955.1,,金網,2013-10-17,対象
786,豊肥本線,10,単線,84047.0,左,簡易落石防護ネット,13.5,84040.0,84053.5,,金網,2013-10-07,対象
786,豊肥本線,10,単線,84300.0,左,転落防止柵,73.1,,,,鋼,2013-09-04,対象
786,豊肥本線,10,単線,84366.0,右,簡易落石防護ネット,31.1,84350.0,84381.1,,金網,2013-10-07,対象
786,豊肥本線,10,単線,84450.0,右,簡易落石防護ネット,40,84430.0,84470.0,,金網,2013-10-07,対象
786,豊肥本線,10,単線,84474.0,左,簡易落石防護ネット,48.2,84450.0,84498.2,,金網,2013-10-07,対象
786,豊肥本線,10,単線,84620.0,左,転落防止柵,28,84609.0,84637.0,,金網,2016-06-29,対象
786,豊肥本線,10,単線,84640.0,左,転落防止柵,14,84634.0,84648.0,,金網,2016-05-25,対象
786,豊肥本線,10,単線,84660.0,右,簡易落石防護ネット,50,84640.0,84690.0,,金網,2016-09-28,対象
786,豊肥本線,10,単線,85347.0,左,簡易落石防護ネット,33,85330.0,85363.0,,金網,2013-10-07,対象
786,豊肥本線,10,単線,85352.0,右,簡易落石防護ネット,44,85330.0,85374.0,,金網,2013-10-07,対象
786,豊肥本線,10,単線,85439.0,中央,転落防止柵,26,,,,鋼,2010-12-08,対象
786,豊肥本線,10,単線,85519.0,左,簡易落石防護ネット,17,85510.0,85527.0,,金網,2013-10-07,対象
786,豊肥本線,10,単線,85600.0,右,簡易落石防護ネット,116.5,85540.0,85656.5,,金網,2013-10-07,対象
786,豊肥本線,10,単線,85822.0,左,転落防止柵,48,85798.0,85846.0,,鋼,2016-10-07,対象
786,豊肥本線,10,単線,86070.0,左,転落防止柵,,,,1,該当なし,2015-03-26,対象
786,豊肥本線,10,単線,86710.0,左,簡易落石防護ネット,57.9,85680.0,85737.9,,金網,2013-10-07,対象
786,豊肥本線,10,単線,86820.0,左,簡易落石防護ネット,40.8,85800.0,85840.8,,金網,2013-10-07,対象
786,豊肥本線,10,単線,87520.0,左,落石止柵,20,,,,鋼,1977-11-01,対象
786,豊肥本線,10,単線,87540.0,左,落石止擁壁,88.6,,,,該当なし,1982-12-01,対象
786,豊肥本線,10,単線,87588.0,左,防土砂諸設備,36,,,,鋼,1977-11-01,対象
786,豊肥本線,10,単線,87606.0,中央,落石止柵,9,,,,鋼,1977-11-01,対象
786,豊肥本線,10,単線,87682.0,左,防土砂諸設備,,87681.0,87694.0,,鋼,2012-09-13,対象
786,豊肥本線,10,単線,87695.0,右,転落防止柵,,,,,該当なし,1980-12-01,対象
786,豊肥本線,10,単線,87800.0,左,防土砂諸設備,,,,,石,1966-12-01,対象
786,豊肥本線,10,単線,88840.0,中央,防土砂諸設備,,88840.0,,,該当なし,2009-03-24,対象
786,豊肥本線,10,単線,88990.0,右,落石止擁壁,11,,,,該当なし,1970-12-01,対象
786,豊肥本線,10,単線,89647.0,左,防土砂諸設備,16,89639.0,89655.0,,鋼,2015-03-28,対象
786,豊肥本線,10,単線,89660.0,左,落石止擁壁,24.8,,,,該当なし,1970-12-01,対象
786,豊肥本線,10,単線,89682.0,左,落石止柵,36,89682.0,89718.0,,鋼,2004-01-01,対象
786,豊肥本線,10,単線,90054.0,左,落石止柵,58,90054.0,90111.0,,鋼,2004-03-01,対象
786,豊肥本線,10,単線,90115.0,左,防土砂諸設備,,,,,該当なし,1966-12-01,対象
786,豊肥本線,10,単線,90120.0,左,落石止柵,36,90120.0,90151.5,,鋼,2004-03-01,対象
786,豊肥本線,10,単線,90220.0,左,防土砂諸設備,14,90216.0,90230.0,,鋼,,対象
786,豊肥本線,10,単線,90870.0,右,防土砂諸設備,,,,,該当なし,1966-12-01,対象外
786,豊肥本線,10,単線,91120.0,右,防土砂諸設備,,,,,該当なし,1966-12-01,対象外
786,豊肥本線,10,単線,91200.0,左,防護諸設備,,,,,該当なし,1983-12-01,対象外
786,豊肥本線,10,単線,91220.0,右,防土砂諸設備,20,91.22,,,コンクリート,2015-12-14,対象
786,豊肥本線,10,単線,92380.0,右,落石止擁壁,15,92380.0,,2.5,コンクリート,1995-01-01,対象
786,豊肥本線,10,単線,92380.0,右,落石止柵,31,92367.0,92399.0,2,鋼,1999-02-01,対象
786,豊肥本線,10,単線,92404.0,右,落石止擁壁,13,92404.0,,2,コンクリート,1994-03-01,対象
786,豊肥本線,10,単線,92590.0,右,落石止柵,27,92590.0,92617.0,,鋼,2004-01-01,対象
786,豊肥本線,10,単線,93070.0,右,防土砂諸設備,12,93070.0,,,コンクリート,,対象
786,豊肥本線,10,単線,93080.0,右,落石止柵,36,93080.0,,,鋼,1991-10-01,対象
786,豊肥本線,10,単線,93097.0,左,簡易落石防護ネット,33,93080.0,93113.0,,金網,2013-10-07,対象
786,豊肥本線,10,単線,93160.0,左,簡易落石防護ネット,19,93150.0,93169.0,,金網,2013-10-07,対象
786,豊肥本線,10,単線,93660.0,中央,防土砂諸設備,,93659.0,93660.0,,該当なし,2008-12-19,対象
786,豊肥本線,10,単線,94224.0,中央,防土砂諸設備,,94224.0,,,該当なし,2009-03-24,対象
786,豊肥本線,10,単線,94224.0,中央,転落防止柵,,,,,鋼,2009-03-24,対象
786,豊肥本線,10,単線,94360.0,中央,防土砂諸設備,12,94360.0,,,鋼,2004-06-01,対象
786,豊肥本線,10,単線,94360.0,中央,落石止柵,12,94360.0,,,コンクリート,,対象
786,豊肥本線,10,単線,94365.0,左,転落防止柵,14.2,94353.0,94367.2,1.2,PCフェンス,2014-12-24,対象
786,豊肥本線,10,単線,94365.0,右,転落防止柵,25.3,94353.0,94378.3,1.2,PCフェンス,2014-12-24,対象
786,豊肥本線,10,単線,94420.0,左右,防護柵,40,94420.0,,1.2,鋼,1991-10-01,対象
786,豊肥本線,10,単線,94425.0,中央,簡易落石防護ネット,10.2,94420.0,94430.0,,金網,2017-03-13,対象
786,豊肥本線,10,単線,94948.0,中央,転落防止柵,26,94948.0,94948.0,1.2,鋼,,対象
786,豊肥本線,10,単線,95350.0,右,防土砂諸設備,,,,,金網,2016-03-31,対象
786,豊肥本線,10,単線,95470.0,右,落石止柵,59,95442.0,95501.0,2.5,鋼,2005-01-31,対象
786,豊肥本線,10,単線,95550.0,右,竹林防護工,70,95508.0,95578.0,,鋼,2007-01-22,対象
786,豊肥本線,10,単線,95682.0,右,転落防止柵,40,95682.0,95715.0,1.2,鋼,2013-06-28,対象
786,豊肥本線,10,単線,95703.93,左,転落防止柵,46,95680.93,95726.93,1.2,鋼,2013-11-01,対象
786,豊肥本線,10,単線,96417.0,左右,落石止柵,11,96417.0,,1.6,鋼,1991-10-01,対象
786,豊肥本線,10,単線,96557.0,左,簡易落石防護ネット,57.5,96530.0,96587.5,,金網,2013-10-17,対象
786,豊肥本線,10,単線,96557.0,右,簡易落石防護ネット,55.7,96530.0,96585.7,,金網,2013-10-17,対象
786,豊肥本線,10,単線,96932.0,中央,転落防止柵,19.13,96932.0,96932.0,1.2,PCフェンス,2014-12-24,対象
786,豊肥本線,10,単線,96945.0,左,転落防止柵,26.3,96932.0,96958.3,1.2,PCフェンス,2014-12-24,対象
786,豊肥本線,10,単線,96945.0,右,転落防止柵,27.2,96932.0,96959.2,1.2,PCフェンス,2014-12-24,対象
786,豊肥本線,10,単線,97111.0,左,防土砂諸設備,,,,,鋼,,対象外
786,豊肥本線,10,単線,97111.0,中央,転落防止柵,26,97111.0,97151.0,1.2,鋼,,対象
786,豊肥本線,10,単線,98110.0,左,防土砂諸設備,64,98080.0,98144.0,,鋼,2005-03-01,対象
786,豊肥本線,10,単線,98184.0,右,防土砂諸設備,36.34,,,5.2,鋼,2012-08-02,対象
786,豊肥本線,10,単線,99610.0,左,転落防止柵,27.2,,,1.2,PCフェンス,2016-12-26,対象
786,豊肥本線,10,単線,100200.0,右,防護柵,54.6,100220.0,,,鋼,1995-10-01,対象
786,豊肥本線,10,単線,103490.0,左,落石止擁壁,9,,,,該当なし,1975-12-01,対象
786,豊肥本線,10,単線,105641.0,左,転落防止柵,69.31,,,1.2,鋼,2014-03-31,対象
786,豊肥本線,10,単線,105641.0,右,転落防止柵,53.71,,,1.2,鋼,2014-03-31,対象
786,豊肥本線,10,単線,105985.0,左,転落防止柵,77,105985.0,106062.0,,PCフェンス,2017-02-13,対象
786,豊肥本線,10,単線,106035.0,右,簡易落石防護ネット,89.2,105990.0,106079.2,,金網,2013-11-05,対象
786,豊肥本線,10,単線,106040.0,左,簡易落石防護ネット,99.3,105990.0,106089.3,,金網,2013-10-17,対象外
786,豊肥本線,10,単線,106820.0,右,落石止擁壁,15,106811.0,106826.0,,該当なし,1977-12-01,対象
786,豊肥本線,10,単線,106880.0,右,転落防止柵,52.9,,,1.2,鋼,2015-10-31,対象
786,豊肥本線,10,単線,107160.0,右,転落防止柵,25.6,107160.0,107185.0,,鋼,2012-09-14,対象
786,豊肥本線,10,単線,107173.0,右,防土砂諸設備,25,,,7.2,鋼,2012-09-14,対象
786,豊肥本線,10,単線,107242.0,左,防土砂諸設備,24,,,3.7,鋼,2016-03-11,対象
786,豊肥本線,10,単線,107280.0,右,落石止擁壁,8.8,,,,該当なし,1967-12-01,対象
786,豊肥本線,10,単線,107440.0,左,簡易落石防護ネット,20.4,107430.0,107450.4,,金網,2013-11-05,対象
786,豊肥本線,10,単線,107495.0,左,簡易落石防護ネット,81.8,107455.0,107536.8,,金網,2013-11-05,対象
786,豊肥本線,10,単線,108548.0,中央,落石止柵,48,108548.0,,48,その他,2000-02-01,対象
786,豊肥本線,10,単線,116150.0,左,竹林防護工,,,,,鋼,2006-09-19,対象
786,豊肥本線,10,単線,118680.0,左,防土砂諸設備,,,,,該当なし,1968-12-01,対象外
786,豊肥本線,10,単線,118866.0,右,落石止柵,22,,,,該当なし,1978-12-01,対象
786,豊肥本線,10,単線,118866.0,中央,落石覆,11.7,,,,コンクリート,1978-12-01,対象
786,豊肥本線,10,単線,118950.0,右,防土砂諸設備,58,118918.0,118976.0,,鋼,,対象
786,豊肥本線,10,単線,119272.0,左,防土砂諸設備,99,119222.0,119321.0,,金網,2004-03-01,対象
786,豊肥本線,10,単線,119365.0,右,防護柵,195,119266.0,119461.0,1.5,鋼,2008-02-08,対象
786,豊肥本線,10,単線,119390.0,右,落石止柵,,,,,該当なし,,対象
786,豊肥本線,10,単線,119458.0,右,落石止柵,19,,,,該当なし,1978-12-01,対象
786,豊肥本線,10,単線,119480.0,中央,落石覆,26,,,,コンクリート,1978-12-01,対象
786,豊肥本線,10,単線,119520.0,右,落石止柵,66,,,,該当なし,1978-12-01,対象
786,豊肥本線,10,単線,119590.0,右,落石止柵,89.6,,,,該当なし,1977-12-01,対象
786,豊肥本線,10,単線,119895.0,右,簡易落石防護ネット,88.1,119850.0,119938.1,,金網,2013-11-05,対象
786,豊肥本線,10,単線,119925.0,左,簡易落石防護ネット,150.5,119850.0,120000.5,,金網,2013-11-05,対象
786,豊肥本線,10,単線,119968.0,右,防土砂諸設備,36,119950.0,119986.0,6,鋼,2005-09-26,対象
786,豊肥本線,10,単線,120015.0,右,防土砂諸設備,56,119987.0,120043.0,6,鋼,2005-09-26,対象
786,豊肥本線,10,単線,120060.0,右,簡易落石防護ネット,21,120050.0,120071.0,,金網,2013-11-05,対象
786,豊肥本線,10,単線,120079.0,右,防土砂諸設備,28,120065.0,120093.0,6,鋼,2005-09-26,対象
786,豊肥本線,10,単線,120080.0,左,簡易落石防護ネット,100,120030.0,120130.0,,金網,2013-11-05,対象
786,豊肥本線,10,単線,120105.0,右,簡易落石防護ネット,28,120090.0,120118.0,,金網,2013-11-05,対象
786,豊肥本線,10,単線,120150.0,右,簡易落石防護ネット,46.4,120125.0,120171.4,,金網,2013-11-05,対象
786,豊肥本線,10,単線,120280.0,右,簡易落石防護ネット,60.8,120250.0,120310.8,,金網,2013-11-05,対象
786,豊肥本線,10,単線,120290.0,右,落石止擁壁,10,,,,該当なし,1974-12-01,対象
786,豊肥本線,10,単線,121425.0,左,落石止柵,44,124405.0,124449.0,2.5,コンクリート,2004-09-01,対象
786,豊肥本線,10,単線,122420.0,左,落石止柵,14,122414.5,122428.5,2,鋼,,対象
786,豊肥本線,10,単線,122480.0,左,落石止柵,37.5,122458.5,122496.0,2,鋼,2004-07-01,対象
786,豊肥本線,10,単線,122530.0,左,防土砂諸設備,,,,,該当なし,1968-12-01,対象外
786,豊肥本線,10,単線,122530.0,左,落石止擁壁,21.5,,,,該当なし,1975-12-01,対象
786,豊肥本線,10,単線,122632.0,左,防護その他,180,122542.0,122722.0,,鋼,2008-03-17,対象
786,豊肥本線,10,単線,123091.0,右,防護柵,30,123091.0,123121.0,,鋼,2002-03-01,対象
786,豊肥本線,10,単線,123393.0,左,転落防止柵,,,,,PC,2016-07-12,対象
786,豊肥本線,10,単線,123393.0,右,転落防止柵,,,,,PC,2016-07-12,対象
786,豊肥本線,10,単線,123500.0,右,簡易落石止柵,18,123500.0,123518.0,1,その他,2013-11-05,対象
786,豊肥本線,10,単線,123810.0,左,落石止擁壁,4,,,,該当なし,1970-12-01,対象
786,豊肥本線,10,単線,124822.0,右,落石止擁壁,20,,,,該当なし,1984-12-01,対象
786,豊肥本線,10,単線,124927.0,左,防護柵,112,124927.0,,1.5,鋼,,対象
786,豊肥本線,10,単線,125018.0,左,防土砂諸設備,57,124989.0,125046.0,,鋼,2008-12-29,対象
786,豊肥本線,10,単線,125029.0,左,落石止擁壁,58,125000.0,125058.0,3,鉄筋コンクリート,2008-12-29,対象
786,豊肥本線,10,単線,125029.0,左,落石止柵,57,125000.5,125057.5,2,鋼,2008-12-29,対象
786,豊肥本線,10,単線,125074.0,右,その他安全柵,29.6,125074.0,,1.2,鋼,1992-07-01,対象
786,豊肥本線,10,単線,125190.0,左,落石止擁壁,75.9,,,,該当なし,1974-12-01,対象
786,豊肥本線,10,単線,125320.0,左,落石止擁壁,25,,,,該当なし,1985-12-01,対象
786,豊肥本線,10,単線,125350.0,左,防護その他,60,125336.0,125396.0,,鋼,2009-03-23,対象
786,豊肥本線,10,単線,126780.0,右,防護柵,4.2,126780.01,126784.3,1,鋼,2012-03-27,対象
786,豊肥本線,10,単線,126830.0,右,落石止擁壁,,,,,コンクリート,,対象
786,豊肥本線,10,単線,126871.0,左,防土砂諸設備,35,126854.0,126889.8,,金網,2015-03-31,対象
786,豊肥本線,10,単線,126890.0,左,落石止擁壁,10,,,,該当なし,1972-12-01,対象
786,豊肥本線,10,単線,126900.0,左,落石止柵,9,,,,該当なし,1985-12-01,対象
786,豊肥本線,10,単線,126943.0,左,防土砂諸設備,58.4,126914.0,126972.4,,金網,2015-03-31,対象
786,豊肥本線,10,単線,127004.0,左,防土砂諸設備,58.7,126975.0,127033.7,,金網,2015-03-31,対象
786,豊肥本線,10,単線,127700.0,左,防護その他,30,127685.0,127715.0,,鋼,2005-09-05,対象
786,豊肥本線,10,単線,127940.0,左,防護その他,120,127880.0,128000.0,,鋼,2005-09-05,対象
786,豊肥本線,10,単線,128202.0,中央,落石止柵,,,,,該当なし,,対象
786,豊肥本線,10,単線,128660.0,左,防土砂諸設備,24.1,128648.0,128672.1,,鋼,2004-08-01,対象
786,豊肥本線,10,単線,128691.0,左,転落防止柵,22,128682.0,128704.0,1.2,鋼,2011-05-30,対象
786,豊肥本線,10,単線,128745.0,左,落石止擁壁,19,,,,該当なし,1967-12-01,対象
786,豊肥本線,10,単線,128745.0,左,落石止柵,19,,,,該当なし,1967-12-01,対象
786,豊肥本線,10,単線,128780.0,左,落石止柵,,,,,該当なし,,対象
786,豊肥本線,10,単線,128800.0,左,落石止柵,,,,,該当なし,,対象
786,豊肥本線,10,単線,128980.0,右,簡易落石防護ネット,43.8,128960.0,129003.8,,金網,2013-11-05,対象
786,豊肥本線,10,単線,129630.0,左,防土砂諸設備,25,129630.0,129660.0,0,鋼,2016-07-13,対象
786,豊肥本線,10,単線,129670.0,左,防土砂諸設備,39,129650.0,129689.0,14,鋼,2005-11-19,対象
786,豊肥本線,10,単線,129710.0,左,防土砂諸設備,18,129704.0,129722.0,4,鋼,2005-09-01,対象
786,豊肥本線,10,単線,129985.0,左,防土砂諸設備,24,129974.0,129998.0,,鋼,,対象
786,豊肥本線,10,単線,130115.0,左,防護柵,19.4,130106.0,130122.0,1,鋼,,対象
786,豊肥本線,10,単線,130145.0,左,防土砂諸設備,28,130128.0,130156.0,,鋼,2004-08-01,対象
786,豊肥本線,10,単線,130370.0,右,防護その他,60,130348.0,130408.0,,鋼,2009-03-23,対象
786,豊肥本線,10,単線,130384.0,左,防護その他,58,130354.0,130412.0,,鋼,2008-03-17,対象
786,豊肥本線,10,単線,130385.0,左,簡易落石防護ネット,50.1,130360.0,130410.1,,金網,2013-11-05,対象
786,豊肥本線,10,単線,130665.0,右,防護柵,219,130665.0,,1.5,鋼,1995-03-01,対象
786,豊肥本線,10,単線,130990.0,左,防土砂諸設備,20,130980.0,131000.0,,鋼,,対象
786,豊肥本線,10,単線,132030.0,左,防土砂諸設備,32,132015.0,132043.0,,鋼,2004-08-01,対象
786,豊肥本線,10,単線,132183.0,左,防土砂諸設備,10,132183.0,132192.0,1.5,鋼,2003-03-01,対象
786,豊肥本線,10,単線,132733.0,右,防護その他,150,132658.0,132808.0,,鋼,,対象
786,豊肥本線,10,単線,134995.0,左,落石止柵,35,134975.0,135010.0,1.5,鋼,1998-01-01,対象
786,豊肥本線,10,単線,135030.0,左,落石止柵,35.5,135012.0,135045.0,1.5,鋼,1999-03-01,対象
786,豊肥本線,21,下り線,117250.0,左,転落防止柵,,,,,PC,,対象
791,日豊本線,00,無し,366715.0,中央,落石止柵,,366715.0,,3,鋼及び鉄コン,2004-03-01,対象
791,日豊本線,10,単線,101474.0,右,転落防止柵,50,101445.0,101495.0,0,鋼,2004-10-19,対象
791,日豊本線,10,単線,105920.0,右,転落防止柵,26,105920.0,105935.0,1.2,PCフェンス,2017-03-28,対象
791,日豊本線,10,単線,134767.0,右,転落防止柵,5,134765.0,134770.0,1.2,鋼,2008-02-07,対象
791,日豊本線,10,単線,140090.0,右,その他安全柵,,,,,PCフェンス,2017-01-04,対象
791,日豊本線,10,単線,140950.0,右,防護柵,100,140950.0,,0.8,鋼,2002-02-01,対象外
791,日豊本線,10,単線,146300.0,右,防護柵,130.8,146300.0,,1.5,鋼,2002-02-01,対象
791,日豊本線,10,単線,151434.0,左,防護諸設備,61.9,,,,石,1976-12-01,対象
791,日豊本線,10,単線,152948.0,左,防護諸設備,61.9,,,,石,1976-12-01,対象
791,日豊本線,10,単線,154458.0,左,落石止柵,12,,,1,その他,1956-12-01,対象
791,日豊本線,10,単線,154520.0,左,防土砂諸設備,134,154490.0,154580.0,2.5,FRP,2007-06-05,対象
791,日豊本線,10,単線,154520.0,左,落石止擁壁,7.5,,,,コンクリート,1975-12-01,対象
791,日豊本線,10,単線,156250.0,左,砂防えん堤,12,,,,その他,1944-12-01,対象
791,日豊本線,10,単線,156274.0,中央,防護柵,16,156274.0,156274.0,0,鋼,2004-08-05,対象
791,日豊本線,10,単線,156283.0,右,落石止柵,18,156274.0,156283.0,0,鋼,2004-08-05,対象
791,日豊本線,10,単線,156302.0,左,落石止柵,10.8,156297.0,156308.0,,鋼及び鉄コン,1986-12-01,対象
791,日豊本線,10,単線,156349.0,左,防護柵,52.2,156309.0,156361.0,0,鋼,2004-09-03,対象
791,日豊本線,10,単線,156370.0,右,砂防えん堤,15.3,,,,その他,1944-12-01,対象
791,日豊本線,10,単線,156380.0,左,砂防えん堤,2.5,,,,コンクリート,1944-12-01,対象
791,日豊本線,10,単線,156490.0,右,落石止柵,24,156478.0,156502.0,2,鋼及び鉄コン,2008-03-13,対象
791,日豊本線,10,単線,156510.0,右,落石止柵,16,,,,鋼及び鉄コン,1979-12-01,対象
791,日豊本線,10,単線,157060.0,右,落石止柵,36,157045.0,157072.0,,鋼及び鉄コン,1998-03-01,対象
791,日豊本線,10,単線,157600.0,中央,防護諸設備,4,157600.0,157600.0,,金網,2017-01-20,対象
791,日豊本線,10,単線,157608.0,中央,簡易落石止柵,62.1,157608.0,157608.0,1.5,PCフェンス,2017-01-20,対象
791,日豊本線,10,単線,157672.0,右,防土砂諸設備,7,157665.0,157672.0,0,鋼,2005-03-22,対象
791,日豊本線,10,単線,157980.0,左,防護柵,49,157957.0,158006.0,1,鋼,1997-08-01,対象
791,日豊本線,10,単線,159870.0,左,転落防止柵,6,159861.0,159867.0,1.2,鋼,2018-05-18,対象
791,日豊本線,10,単線,160020.0,左,防土砂諸設備,,,,0,鋼,2007-03-22,対象
791,日豊本線,10,単線,161120.0,右,防護柵,94.1,161075.0,161169.1,0,鋼,2008-08-18,対象
791,日豊本線,10,単線,163345.0,右,防護柵,136,163278.0,163414.0,0,鋼,2008-08-18,対象
791,日豊本線,10,単線,169386.0,中央,転落防止柵,15.6,169386.0,169385.0,1.5,PCフェンス,2015-03-04,対象
791,日豊本線,10,単線,169520.0,中央,転落防止柵,13.9,169520.0,169520.0,1.5,PCフェンス,2015-03-04,対象
791,日豊本線,10,単線,169821.0,右,防土砂諸設備,55,169794.0,169849.0,3.6,コンクリート,1980-10-01,対象
791,日豊本線,10,単線,169950.0,右,落石止柵,48.9,169942.0,169991.0,1.5,鋼及び鉄コン,1997-12-01,対象
791,日豊本線,10,単線,170582.0,右,転落防止柵,18,170573.0,170591.0,1.5,PCフェンス,2015-12-04,対象
791,日豊本線,10,単線,170590.0,左,防土砂諸設備,32.07,170574.0,170606.0,10,鋼,2015-12-04,対象
791,日豊本線,10,単線,170590.0,右,防土砂諸設備,35.8,170573.0,170608.0,20,鋼,2015-12-04,対象
791,日豊本線,10,単線,170680.0,右,防土砂諸設備,30,170664.0,170694.0,10,鋼,2015-12-04,対象
791,日豊本線,10,単線,170732.0,右,防土砂諸設備,32.7,170716.0,170739.0,20,鋼,2015-12-04,対象
791,日豊本線,10,単線,171010.0,中央,落石止柵,6,171010.0,171010.0,2,鋼及び鉄コン,1998-09-01,対象
791,日豊本線,10,単線,171050.0,右,落石止柵,6.8,,,,その他,1982-12-01,対象
791,日豊本線,10,単線,171450.0,左,防護諸設備,32.3,171428.0,171460.0,1.2,PCフェンス,2016-08-31,対象
791,日豊本線,10,単線,171510.0,左,防護柵,61.71,171480.0,171531.0,1.5,鋼,2008-08-26,対象
791,日豊本線,10,単線,171750.0,右,落石止柵,39,,,,コンクリート,1978-12-01,対象
791,日豊本線,10,単線,171765.0,右,防土砂諸設備,30,171755.0,171780.0,5.14,鋼,2014-11-07,対象
791,日豊本線,10,単線,171765.0,右,転落防止柵,12,171759.0,171771.0,2,PC,2014-11-07,対象
791,日豊本線,10,単線,171850.0,右,落石止柵,44.8,,,,その他,1989-03-01,対象
791,日豊本線,10,単線,172238.0,左,転落防止柵,18,172230.0,172246.0,0.8,その他,2014-03-27,対象
791,日豊本線,10,単線,172250.0,左,防護諸設備,,,,,その他,2018-03-22,対象
791,日豊本線,10,単線,172391.0,右,落石止擁壁,40,172371.0,172411.0,,鉄筋コンクリート,2003-12-01,対象
791,日豊本線,10,単線,172391.0,右,落石止柵,40,172371.0,172411.0,,鉄筋コンクリート,2003-12-01,対象
791,日豊本線,10,単線,172400.0,右,落石止柵,21,172389.5,172410.5,,鋼,2003-12-01,対象外
791,日豊本線,10,単線,172427.0,左,落石止柵,12,172421.0,172433.0,2.5,鋼,2003-02-01,対象
791,日豊本線,10,単線,172434.0,中央,落石止柵,11.6,,,,鋼及び鉄コン,1985-12-01,対象
791,日豊本線,10,単線,174040.0,左,転落防止柵,48.3,,,1.2,その他,2018-02-15,対象
791,日豊本線,10,単線,174150.0,右,落石止柵,86.5,,,,その他,1980-12-01,対象
791,日豊本線,10,単線,174268.0,右,簡易落石止柵,64,174235.0,174299.0,1.8,PCフェンス,2015-11-10,対象
791,日豊本線,10,単線,174544.0,中央,転落防止柵,46.3,174544.0,174544.0,1.5,PCフェンス,2015-02-25,対象
791,日豊本線,10,単線,174642.0,中央,転落防止柵,16.3,174642.0,174642.0,1.5,PCフェンス,2015-02-25,対象
791,日豊本線,10,単線,174875.0,右,落石止柵,14.9,,,,その他,1979-12-01,対象
791,日豊本線,10,単線,174880.0,左,落石止柵,35.2,,,,その他,1978-12-01,対象
791,日豊本線,10,単線,174892.0,中央,防土砂諸設備,10,,,,コンクリート,1976-12-01,対象
791,日豊本線,10,単線,175570.0,左,落石止柵,30.2,175554.9,175585.1,,その他,1982-12-01,対象
791,日豊本線,10,単線,175660.0,左,転落防止柵,102.7,175621.0,175723.7,1.2,PCフェンス,2016-03-04,対象
791,日豊本線,10,単線,175667.0,右,防護柵,130,175612.0,175742.0,1,鋼,2007-11-06,対象
791,日豊本線,10,単線,175670.0,右,落石止柵,99,,,,鋼及び鉄コン,1986-12-01,対象
791,日豊本線,10,単線,177640.0,右,防護柵,5,177640.0,,1.2,鋼,2009-11-20,対象
791,日豊本線,10,単線,177780.0,左,簡易落石止柵,18,177771.0,177789.0,1.5,PCフェンス,2015-10-07,対象
791,日豊本線,10,単線,177789.0,中央,防土砂諸設備,24,177789.0,177789.0,2.5,鋼,2015-10-07,対象
791,日豊本線,10,単線,177954.0,中央,落石止柵,17,177954.0,177954.0,2,鋼及び鉄コン,1996-05-01,対象
791,日豊本線,10,単線,177986.0,中央,落石止擁壁,18.1,,,,コンクリート,1937-12-01,対象
791,日豊本線,10,単線,178920.0,右,簡易落石止柵,41.26,178900.0,178941.0,1.5,単管,2013-12-12,対象
791,日豊本線,10,単線,178954.0,右,落石止柵,30,178939.0,178969.0,2.5,鋼及び鉄コン,2007-11-08,対象
791,日豊本線,10,単線,179000.0,右,落石止柵,42,,,,鋼,1993-08-01,対象
791,日豊本線,10,単線,179040.0,右,防土砂諸設備,63,179013.0,179076.0,,鋼,2015-07-16,対象
791,日豊本線,10,単線,179050.0,右,防土砂諸設備,11,,,,鋼,2013-03-28,対象
791,日豊本線,10,単線,179157.0,右,簡易落石防護ネット,12.4,179150.0,179162.0,,金網,2013-12-12,対象
791,日豊本線,10,単線,179380.0,中央,簡易落石止柵,12,179380.0,179380.0,1.5,PCフェンス,2013-12-12,対象
791,日豊本線,10,単線,179585.0,右,簡易落石止柵,77.3,179547.0,179624.3,1.5,単管,2013-12-12,対象
791,日豊本線,10,単線,180150.0,右,防護柵,36.4,180115.0,180176.0,1,鋼,1997-12-01,対象
791,日豊本線,10,単線,180423.0,右,簡易落石防護ネット,37.1,180404.0,180441.1,,金網,2013-12-12,対象
791,日豊本線,10,単線,180424.0,左,簡易落石防護ネット,45.3,180400.0,180445.3,,金網,2013-12-12,対象
791,日豊本線,10,単線,180495.0,右,簡易落石防護ネット,50,180470.0,180520.0,,金網,2013-12-12,対象
791,日豊本線,10,単線,180571.0,右,簡易落石防護ネット,19.3,180560.0,180579.3,,金網,2013-12-12,対象
791,日豊本線,10,単線,180608.0,右,砂防えん堤,2.9,,,,コンクリート,1959-12-01,対象
791,日豊本線,10,単線,180677.0,右,砂防えん堤,16,,,,コンクリート,1938-12-01,対象
791,日豊本線,10,単線,181525.0,中央,防土砂諸設備,45,,,,コンクリート,1965-12-01,対象
791,日豊本線,10,単線,182615.0,右,防土砂諸設備,8.5,,,,鋼,2018-03-27,対象
791,日豊本線,10,単線,182620.0,中央,落石止柵,24.8,,,2,鋼,2018-03-22,対象
791,日豊本線,10,単線,182622.0,左,落石止柵,10.8,,,,その他,1981-12-01,対象
791,日豊本線,10,単線,182642.0,左,転落防止柵,43.4,182620.0,18263.0,1.5,鋼,2018-03-22,対象
791,日豊本線,10,単線,182648.0,右,落石止柵,53.01,,,3,鋼,2018-03-22,対象
791,日豊本線,10,単線,182660.0,左,転落防止柵,14,182646.0,182659.5,1.2,鋼及び鉄コン,2012-12-26,対象
791,日豊本線,10,単線,182765.0,右,簡易落石止柵,50.26,182740.0,182790.26,1.5,単管,2013-12-12,対象
791,日豊本線,10,単線,182843.0,右,簡易落石止柵,89.72,182007.0,182096.72,1.5,単管,2013-12-12,対象
791,日豊本線,10,単線,182851.0,左,簡易落石防護ネット,44.2,182830.0,182874.2,,金網,2013-12-12,対象
791,日豊本線,10,単線,182945.0,左,簡易落石防護ネット,30,182930.0,182960.0,,金網,2013-12-12,対象
791,日豊本線,10,単線,183350.0,中央,落石覆,5.5,,,,該当なし,1993-02-01,対象
791,日豊本線,10,単線,183600.0,中央,転落防止柵,35,183600.0,183612.0,1.5,鋼及び鉄コン,2012-12-26,対象
791,日豊本線,10,単線,183615.0,左,簡易落石防護ネット,19.5,183605.0,183624.5,,金網,2015-03-04,対象
791,日豊本線,10,単線,183615.0,右,簡易落石止柵,42,183594.0,183636.0,1.5,単管,2015-03-04,対象
791,日豊本線,10,単線,184615.0,左,落石止擁壁,8.2,,,,コンクリート,1955-12-01,対象
791,日豊本線,10,単線,184615.0,中央,防護柵,79,184615.0,184615.0,0,鋼,2004-11-16,対象
791,日豊本線,10,単線,184620.0,中央,転落防止柵,12,184620.0,184620.0,1.5,鋼,2015-03-12,対象
791,日豊本線,10,単線,185265.0,中央,簡易落石止柵,20.5,185265.0,185265.0,1.5,PCフェンス,2015-03-12,対象
791,日豊本線,10,単線,185273.0,中央,転落防止柵,12.4,185273.0,185273.0,1.5,鋼,2015-03-12,対象
791,日豊本線,10,単線,185343.0,右,簡易落石止柵,30,185322.0,185365.0,1.5,単管,2013-12-04,対象
791,日豊本線,10,単線,186410.0,右,落石止柵,14,,,,その他,1971-12-01,対象
791,日豊本線,10,単線,186435.0,右,落石止柵,9,,,,鋼,1994-03-01,対象
791,日豊本線,10,単線,186450.0,右,落石止擁壁,4.5,,,,コンクリート,1961-12-01,対象
791,日豊本線,10,単線,186450.0,右,落石止柵,24.5,,,,その他,1984-12-01,対象
791,日豊本線,10,単線,186460.0,右,落石止柵,25,,,,その他,1978-12-01,対象
791,日豊本線,10,単線,186470.0,右,落石止擁壁,24,,,,コンクリート,1937-12-01,対象
791,日豊本線,10,単線,186500.0,右,防土砂諸設備,55,,,,該当なし,1979-12-01,対象
791,日豊本線,10,単線,186537.3,右,落石止擁壁,29.3,186537.3,186566.6,3.2,鉄筋コンクリート,1996-12-01,対象
791,日豊本線,10,単線,186566.7,右,落石止柵,4.5,186566.7,186571.2,1.9,鋼,1996-12-01,対象
791,日豊本線,10,単線,186570.7,右,落石止擁壁,29.3,186570.0,186600.0,3.2,鉄筋コンクリート,1996-12-01,対象
791,日豊本線,10,単線,186600.0,右,落石止擁壁,11,,,,コンクリート,1985-12-01,対象
791,日豊本線,10,単線,186620.0,右,防土砂諸設備,27.2,,,,鉄筋コンクリート,1964-12-01,対象
791,日豊本線,10,単線,186670.0,右,落石止擁壁,24,,,,コンクリート,1973-12-01,対象
791,日豊本線,10,単線,186673.0,右,防護諸設備,11.77,186667.0,186678.0,63,金網,2017-08-23,対象
791,日豊本線,10,単線,186690.0,右,落石止柵,20.6,,,,その他,1970-12-01,対象
791,日豊本線,10,単線,186865.0,右,簡易落石止柵,30,186860.0,186870.0,1.5,単管,2013-12-04,対象
791,日豊本線,10,単線,186900.0,右,落石止柵,36,,,,鋼,1994-09-01,対象
791,日豊本線,10,単線,186930.0,右,落石止柵,27.7,186916.0,186943.7,,鋼及び鉄コン,1995-12-01,対象
791,日豊本線,10,単線,186979.7,右,防護柵,52,186979.7,187031.7,1,その他,1996-09-01,対象
791,日豊本線,10,単線,187082.0,右,転落防止柵,11.7,187076.0,187088.0,1.2,鋼,2010-11-17,対象
791,日豊本線,10,単線,187125.0,右,落石止柵,48,,,,その他,1981-12-01,対象
791,日豊本線,10,単線,187170.0,右,落石止柵,14,,,,その他,1985-12-01,対象
791,日豊本線,10,単線,187176.0,右,転落防止柵,8,187172.0,187180.0,1.2,鋼,2010-11-17,対象
791,日豊本線,10,単線,188057.0,右,防護柵,26,188044.0,188070.0,1.5,鋼,2011-09-22,対象
791,日豊本線,10,単線,188062.0,中央,落石止柵,28,188058.0,188066.0,0,鋼,2015-12-09,対象
791,日豊本線,10,単線,188064.0,中央,防土砂諸設備,25,188064.0,188089.0,0,鋼,2016-01-12,対象
791,日豊本線,10,単線,188497.0,左,簡易落石止柵,16,188489.0,188505.0,1.5,単管,2013-12-04,対象
791,日豊本線,10,単線,188499.0,右,簡易落石止柵,12,188493.0,188505.0,1.5,単管,2013-12-04,対象
791,日豊本線,10,単線,188505.0,中央,簡易落石止柵,12,188505.0,188505.0,1.5,PCフェンス,2013-12-04,対象
791,日豊本線,10,単線,188764.0,中央,簡易落石止柵,12,188764.0,188764.0,1.5,PCフェンス,2013-12-04,対象
791,日豊本線,10,単線,188770.0,左,簡易落石止柵,14,188764.0,188775.0,1.5,単管,2013-12-04,対象
791,日豊本線,10,単線,188770.0,右,砂防えん堤,6,,,,コンクリート,1959-12-01,対象
791,日豊本線,10,単線,188789.0,左,簡易落石防護ネット,31,188775.0,188803.0,,金網,2013-12-04,対象
791,日豊本線,10,単線,188800.0,右,落石止柵,39,,,,その他,1984-12-01,対象
791,日豊本線,10,単線,188994.0,左,転落防止柵,,,,,PC,,対象
791,日豊本線,10,単線,188994.0,中央,防土砂諸設備,15,,,,鋼,2006-02-01,対象
791,日豊本線,10,単線,188994.5,左,落石止柵,,,,,PC,,対象
791,日豊本線,10,単線,189133.0,中央,転落防止柵,12,189133.0,189133.0,1,PC,2012-10-18,対象
791,日豊本線,10,単線,189700.0,右,防土砂諸設備,,,,,該当なし,1967-12-01,対象
791,日豊本線,10,単線,189700.0,中央,落石止柵,30,,,,鋼,1968-03-01,対象外
791,日豊本線,10,単線,189712.0,右,砂防えん堤,7,,,,コンクリート,1952-12-01,対象
791,日豊本線,10,単線,190118.0,中央,落石止柵,27.6,,,,その他,1981-12-01,対象
791,日豊本線,10,単線,190235.0,中央,落石止柵,29,190235.0,190235.0,0,鋼,2004-12-10,対象
791,日豊本線,10,単線,190530.0,右,落石止柵,35.5,,,,鋼及び鉄コン,1990-03-01,対象
791,日豊本線,10,単線,190534.0,左,簡易落石防護ネット,19,190524.0,190543.0,,金網,2013-12-04,対象
791,日豊本線,10,単線,190554.0,右,落石止柵,3,,,,その他,1990-03-01,対象
791,日豊本線,10,単線,192104.0,左,簡易落石止柵,14,192097.0,192111.0,1.5,単管,2013-12-04,対象
791,日豊本線,10,単線,192111.0,中央,簡易落石止柵,12,192111.0,192111.0,1.5,PCフェンス,2013-12-04,対象
791,日豊本線,10,単線,192192.0,中央,防護柵,31,192192.0,192192.0,0,鋼,2009-06-26,対象
791,日豊本線,10,単線,192241.0,右,簡易落石防護ネット,52,192215.0,192267.0,0,金網,2013-12-04,対象
791,日豊本線,10,単線,192730.0,左,転落防止柵,82.2,192704.0,192750.0,1.5,PCフェンス,2018-02-14,対象
791,日豊本線,10,単線,195447.0,左,防護柵,70,195434.0,195461.0,0,鋼,2004-11-08,対象
791,日豊本線,10,単線,195468.0,右,砂防えん堤,5.1,,,,コンクリート,1990-02-01,対象
791,日豊本線,10,単線,196493.0,中央,落石止柵,30,196493.0,,2.5,鋼及び鉄コン,1999-12-01,対象
791,日豊本線,10,単線,196705.0,右,防土砂諸設備,27,196692.0,196719.0,,鋼及び鉄コン,2001-02-01,対象
791,日豊本線,10,単線,196710.0,左,転落防止柵,36,196691.0,196727.0,1.2,鋼,2011-08-26,対象
791,日豊本線,10,単線,197850.0,右,落石止柵,108.7,,,,その他,1990-11-01,対象
791,日豊本線,10,単線,199226.0,中央,転落防止柵,11.98,199226.0,199226.0,,PCフェンス,2016-12-02,対象
791,日豊本線,10,単線,199234.0,右,転落防止柵,16.46,199226.0,199242.0,,PCフェンス,2016-12-02,対象
791,日豊本線,10,単線,199264.0,左,転落防止柵,77.32,199226.0,199301.0,,PCフェンス,2016-12-02,対象
791,日豊本線,10,単線,200550.0,左,簡易落石防護ネット,20,200550.0,200570.0,,金網,2013-12-25,対象
791,日豊本線,10,単線,200590.0,左,落石止擁壁,16,,,,コンクリート,1978-12-01,対象
791,日豊本線,10,単線,200590.0,左,落石止柵,31.5,,,,その他,1978-12-01,対象
791,日豊本線,10,単線,200605.0,右,簡易落石防護ネット,55,200605.0,200660.0,,金網,2013-12-25,対象
791,日豊本線,10,単線,200635.0,右,落石止擁壁,5.8,,,,コンクリート,1988-02-01,対象
791,日豊本線,10,単線,202620.0,右,落石止柵,72,,,,その他,1980-12-01,対象
791,日豊本線,10,単線,202750.0,中央,落石止擁壁,6.1,,,,コンクリート,1937-12-01,対象
791,日豊本線,10,単線,203440.0,左,落石止擁壁,12,,,,コンクリート,1986-12-01,対象
791,日豊本線,10,単線,203460.0,左,落石止柵,26.7,,,,その他,1989-03-01,対象
791,日豊本線,10,単線,203484.0,左,落石止擁壁,7,203480.0,203487.0,0,鉄筋コンクリート,2005-03-28,対象
791,日豊本線,10,単線,203540.0,左,落石止擁壁,18,203531.0,203549.0,0,鉄筋コンクリート,2005-03-24,対象
791,日豊本線,10,単線,203570.0,左,落石止柵,35.9,,,,その他,1974-12-01,対象
791,日豊本線,10,単線,203590.0,左,防土砂諸設備,,,,,該当なし,1983-12-01,対象
791,日豊本線,10,単線,203603.0,左,簡易落石防護ネット,17,203603.0,203620.0,,金網,2013-12-25,対象
791,日豊本線,10,単線,203650.0,左,簡易落石防護ネット,40,203650.0,203690.0,,金網,2013-12-25,対象
791,日豊本線,10,単線,203740.0,左,落石止柵,11.5,,,,その他,1982-12-01,対象
791,日豊本線,10,単線,203775.0,左,落石止柵,69.2,,,,その他,1982-12-01,対象
791,日豊本線,10,単線,204202.0,左,簡易落石止柵,75,204202.0,204277.0,1.5,単管,2013-12-25,対象
791,日豊本線,10,単線,204795.0,右,防護柵,7,204794.0,207800.0,0,鋼,2005-02-01,対象
791,日豊本線,10,単線,206000.0,左,落石止擁壁,58.8,,,,コンクリート,1964-12-01,対象
791,日豊本線,10,単線,206230.0,左,簡易落石止柵,165,206230.0,206395.0,1.5,単管,2013-12-25,対象
791,日豊本線,10,単線,207003.0,左,防護柵,22,206992.0,207014.0,0,鋼,2004-11-02,対象
791,日豊本線,10,単線,207148.0,右,簡易落石防護ネット,13,207148.0,207155.0,,金網,2013-12-18,対象
791,日豊本線,10,単線,207179.0,中央,簡易落石止柵,20,207179.0,207179.0,1.2,単管,2013-12-18,対象
791,日豊本線,10,単線,207490.0,中央,落石止擁壁,20.3,,,,コンクリート,1985-03-01,対象
791,日豊本線,10,単線,207492.0,右,簡易落石防護ネット,22,207492.0,207514.0,,金網,2013-12-18,対象
791,日豊本線,10,単線,207641.0,右,簡易落石防護ネット,50,207641.0,207691.0,,金網,2013-12-18,対象
791,日豊本線,10,単線,208470.0,右,簡易落石止柵,60,208470.0,208530.0,1.5,単管,2013-12-26,対象
791,日豊本線,10,単線,208604.0,右,簡易落石止柵,50,208604.0,208654.0,1.5,単管,2013-12-26,対象
791,日豊本線,10,単線,208620.0,左,落石止柵,9,,,,その他,1978-12-01,対象
791,日豊本線,10,単線,208650.0,左,防土砂諸設備,17,208641.0,208658.0,,鋼及び鉄コン,2014-12-08,対象
791,日豊本線,10,単線,208661.0,中央,簡易落石止柵,43,208650.0,208661.0,,金網,2014-01-20,対象
791,日豊本線,10,単線,208756.0,中央,簡易落石止柵,21.2,208756.0,208756.0,,金網,2014-01-20,対象
791,日豊本線,10,単線,209500.0,右,簡易落石防護ネット,45,209500.0,209545.0,,金網,2014-02-10,対象
791,日豊本線,10,単線,210353.0,中央,転落防止柵,15,,,,鋼,2010-01-15,対象
791,日豊本線,10,単線,210550.0,中央,落石覆,25.3,,,,鉄筋コンクリート,1966-12-01,対象
791,日豊本線,10,単線,211133.0,左,簡易落石防護ネット,81,211133.0,211214.0,,金網,2013-12-18,対象
791,日豊本線,10,単線,211565.0,左,防土砂諸設備,57,211536.0,211594.0,,鋼及び鉄コン,2000-12-01,対象
791,日豊本線,10,単線,212460.0,右,落石止柵,30,,,,その他,2018-07-16,対象
791,日豊本線,10,単線,212537.0,右,落石止柵,18,,,,その他,1976-12-01,対象
791,日豊本線,10,単線,212550.0,右,落石止擁壁,10.6,,,,コンクリート,1979-12-01,対象
791,日豊本線,10,単線,212565.0,右,落石止擁壁,13.7,,,,鋼及び鉄コン,1979-12-01,対象
791,日豊本線,10,単線,212570.0,右,落石止柵,20,,,,その他,1975-12-01,対象
791,日豊本線,10,単線,212590.0,右,落石止擁壁,28.7,,,,コンクリート,1946-12-01,対象
791,日豊本線,10,単線,212620.0,右,落石止擁壁,37.8,,,,該当なし,1946-12-01,対象
791,日豊本線,10,単線,212645.0,右,落石止擁壁,39,,,,その他,1967-12-01,対象
791,日豊本線,10,単線,212660.0,右,落石止擁壁,26,,,,その他,1979-12-01,対象
791,日豊本線,10,単線,212680.0,右,落石止擁壁,39,,,,その他,1957-12-01,対象
791,日豊本線,10,単線,212700.0,右,落石止擁壁,25,,,,コンクリート,1946-12-01,対象
791,日豊本線,10,単線,212730.0,右,落石止擁壁,15,,,,コンクリート,1960-03-01,対象
791,日豊本線,10,単線,212768.0,右,落石止擁壁,13,,,,該当なし,1972-12-01,対象
791,日豊本線,10,単線,214045.0,左,転落防止柵,,,,,単管,2017-03-29,対象
791,日豊本線,10,単線,214120.0,左,簡易落石止柵,44.5,213113.0,213132.0,,PCフェンス,2016-12-04,対象
791,日豊本線,10,単線,214250.0,中央,落石覆,15,,,,鉄筋コンクリート,1955-12-01,対象
791,日豊本線,10,単線,214293.0,左,落石止擁壁,43,214272.0,214315.0,3,鉄筋コンクリート,2002-12-01,対象
791,日豊本線,10,単線,214575.0,左,簡易落石防護ネット,20,214575.0,214595.0,,金網,2013-12-18,対象
791,日豊本線,10,単線,214940.0,左,落石止擁壁,40,,,,コンクリート,1985-03-01,対象
791,日豊本線,10,単線,215350.0,左,落石止柵,51,,,,その他,1990-11-01,対象
791,日豊本線,10,単線,215350.0,左,落石覆,57,215322.0,215379.0,18,石,2015-03-30,対象
791,日豊本線,10,単線,215450.0,左,簡易落石防護ネット,30,215450.0,215480.0,,金網,2013-12-18,対象
791,日豊本線,10,単線,215467.0,右,防護柵,54,215467.0,215500.0,0,鋼,2005-03-18,対象
791,日豊本線,10,単線,216083.0,左,落石止擁壁,20,216075.0,216095.0,,鉄筋コンクリート,2007-03-05,対象
791,日豊本線,10,単線,216120.0,左,落石止擁壁,20,216109.0,216129.0,,コンクリート,1961-11-01,対象
791,日豊本線,10,単線,216130.0,左,落石止擁壁,30,216115.0,216145.0,,コンクリート,1973-02-01,対象
791,日豊本線,10,単線,216148.5,左,落石止擁壁,15,216145.0,216160.0,,鉄筋コンクリート,2007-03-05,対象
791,日豊本線,10,単線,216404.0,左,落石止柵,80,216365.0,216445.0,0,鋼,2005-01-27,対象
791,日豊本線,10,単線,216510.0,右,転落防止柵,24,216496.0,216520.0,1,鋼,2012-01-27,対象
791,日豊本線,10,単線,216750.0,左,落石止柵,17,,,,その他,1965-12-01,対象
791,日豊本線,10,単線,216788.0,左,防土砂諸設備,5.5,216775.0,216801.0,,鋼,2014-12-08,対象
791,日豊本線,10,単線,216800.0,左,防土砂諸設備,5.5,216800.0,216805.0,,鋼,2014-01-20,対象
791,日豊本線,10,単線,216813.0,左,転落防止柵,49.4,216795.5,216831.2,1,鋼,2015-01-19,対象
791,日豊本線,10,単線,216850.0,左,防土砂諸設備,8,216846.0,216854.0,,石,2014-12-08,対象
791,日豊本線,10,単線,216935.0,左,落石止擁壁,17,,,,該当なし,1991-12-01,対象
791,日豊本線,10,単線,217400.0,左,防土砂諸設備,21,217400.0,217421.0,0,鋼,2004-08-27,対象
791,日豊本線,10,単線,217400.0,左,落石止柵,18.1,,,,その他,1984-12-01,対象
791,日豊本線,10,単線,217450.0,右,落石止柵,10,,,,該当なし,1992-02-01,対象
791,日豊本線,10,単線,217458.0,左,簡易落石止柵,27,217450.0,217467.0,1.5,PCフェンス,2013-03-30,対象
791,日豊本線,10,単線,217490.0,左,簡易落石防護ネット,25,217490.0,217515.0,,金網,2013-12-18,対象
791,日豊本線,10,単線,217540.0,左,簡易落石止柵,14,217533.0,217547.0,1.5,PCフェンス,2013-03-30,対象
791,日豊本線,10,単線,217556.0,左,落石止柵,33,217539.5,217572.5,,鋼,2004-03-01,対象
791,日豊本線,10,単線,217590.0,左,落石止柵,15,217583.2,217598.2,,鋼,2004-03-01,対象
791,日豊本線,10,単線,217741.0,左,防護柵,17,217733.0,217750.0,0,鋼,2004-08-12,対象
791,日豊本線,10,単線,217780.0,左,簡易落石防護ネット,70,217780.0,217850.0,,金網,2013-12-18,対象
791,日豊本線,10,単線,218085.0,右,簡易落石防護ネット,15,218085.0,218100.0,,金網,2013-12-18,対象
791,日豊本線,10,単線,218130.0,左,簡易落石止柵,40,218130.0,218170.0,1.5,PCフェンス,2013-12-18,対象
791,日豊本線,10,単線,218170.0,右,簡易落石防護ネット,40,218170.0,218210.0,,金網,2013-12-18,対象
791,日豊本線,10,単線,218245.0,右,防土砂諸設備,10,218240.0,218250.0,0,鋼,2004-07-06,対象
791,日豊本線,10,単線,218250.0,左,落石止柵,39,,,,鋼,1994-09-01,対象
791,日豊本線,10,単線,218280.0,左,落石止柵,18,218270.3,218288.3,2,鋼及び鉄コン,1995-12-01,対象
791,日豊本線,10,単線,218509.0,左,落石止擁壁,18,218509.0,218527.0,0,鉄筋コンクリート,2005-03-14,対象
791,日豊本線,10,単線,218539.0,左,防土砂諸設備,27,218526.0,218553.0,0,鋼,2005-03-14,対象
791,日豊本線,10,単線,218546.0,左,落石止柵,24,218546.0,218570.0,0,鋼,2005-03-14,対象
791,日豊本線,10,単線,218595.0,左,防土砂諸設備,7,218592.0,218599.0,3.6,コンクリート,1997-12-01,対象
791,日豊本線,10,単線,218635.0,左,落石止柵,15,,,,該当なし,1991-02-01,対象
791,日豊本線,10,単線,218748.0,中央,落石止柵,12,218748.0,,,鋼,2004-03-01,対象
791,日豊本線,10,単線,218759.0,左,落石止柵,22,218748.0,218770.0,,鋼,2004-03-01,対象
791,日豊本線,10,単線,218760.0,右,簡易落石防護ネット,30,218760.0,218790.0,,金網,2013-12-18,対象
791,日豊本線,10,単線,218794.0,左,防土砂諸設備,53.7,218767.0,218820.7,2.5,その他,2010-08-03,対象
791,日豊本線,10,単線,218865.0,左,簡易落石防護ネット,30,218865.0,218895.0,,金網,2013-12-18,対象
791,日豊本線,10,単線,219010.0,右,簡易落石防護ネット,45,219010.0,219055.0,,金網,2013-12-18,対象
791,日豊本線,10,単線,219050.0,左,簡易落石防護ネット,40,219050.0,219090.0,,金網,2013-12-18,対象
791,日豊本線,10,単線,219050.0,右,転落防止柵,55,,,,PCフェンス,2016-01-20,対象
791,日豊本線,10,単線,219220.0,左,落石止柵,15.3,,,,鋼及び鉄コン,1986-12-01,対象
791,日豊本線,10,単線,219230.0,左,落石止柵,10.56,,,,鋼,2016-01-20,対象
791,日豊本線,10,単線,219250.0,左,落石止柵,57.4,,,,鋼,1979-12-01,対象
791,日豊本線,10,単線,219251.0,左,落石止柵,10.6,,,1.2,鋼,2016-01-20,対象
791,日豊本線,10,単線,219370.0,左,簡易落石防護ネット,15,219370.0,219385.0,,金網,2013-12-18,対象
791,日豊本線,10,単線,219389.0,左,落石止柵,4,219387.0,219391.0,0,鋼,2005-03-23,対象
791,日豊本線,10,単線,219410.0,左,落石止柵,28.7,,,,その他,1982-12-01,対象
791,日豊本線,10,単線,219449.0,左,落石止柵,37.2,,,,その他,1981-12-01,対象
791,日豊本線,10,単線,219480.0,左,落石止柵,51.1,,,,その他,1982-12-01,対象
791,日豊本線,10,単線,219664.0,右,簡易落石防護ネット,15,219664.0,219679.0,,金網,2013-12-18,対象
791,日豊本線,10,単線,219687.0,中央,簡易落石止柵,15.4,219687.0,219687.0,1.5,PCフェンス,2014-03-24,対象
791,日豊本線,10,単線,219913.0,左,簡易落石防護ネット,41,219913.0,219954.0,,金網,2014-03-24,対象
791,日豊本線,10,単線,219930.0,左,落石止柵,45.5,,,,その他,1979-12-01,対象
791,日豊本線,10,単線,220100.0,右,落石止柵,43,220078.0,220121.0,0,鋼,2005-02-01,対象
791,日豊本線,10,単線,220180.0,左,簡易落石防護ネット,40,220180.0,220220.0,,金網,2014-03-24,対象
791,日豊本線,10,単線,220182.0,右,簡易落石防護ネット,23.5,220182.0,220206.0,,金網,2014-03-24,対象
791,日豊本線,10,単線,220452.0,右,簡易落石防護ネット,15,220452.0,220467.0,,金網,2014-03-24,対象
791,日豊本線,10,単線,220469.0,右,簡易落石防護ネット,7,220469.0,220486.0,,金網,2014-03-24,対象
791,日豊本線,10,単線,220570.0,中央,簡易落石止柵,16,220570.0,220570.0,1.5,PCフェンス,2014-03-24,対象
791,日豊本線,10,単線,220670.0,右,落石止柵,24,,,,その他,1981-12-01,対象
791,日豊本線,10,単線,220722.0,左,簡易落石止柵,77,220722.0,220799.0,1.5,単管,2014-03-24,対象
791,日豊本線,10,単線,220820.0,左,簡易落石止柵,52,220820.0,220872.0,1.5,単管,2014-03-24,対象
791,日豊本線,10,単線,220845.0,右,簡易落石防護ネット,15.6,220845.0,220860.6,,金網,2014-03-24,対象
791,日豊本線,10,単線,220934.0,左,簡易落石止柵,69,220934.0,221003.0,1.5,単管,2014-03-24,対象
791,日豊本線,10,単線,220991.0,右,転落防止柵,8,220911.0,221064.0,1.2,PCフェンス,2016-10-19,対象
791,日豊本線,10,単線,220995.0,右,簡易落石防護ネット,66,220995.0,221061.0,,金網,2014-03-24,対象
791,日豊本線,10,単線,220999.0,左,簡易落石止柵,48.6,220999.0,221039.0,1.5,PCフェンス,2016-10-19,対象
791,日豊本線,10,単線,221000.0,左,簡易落石防護ネット,38.5,221000.0,221038.5,,金網,2014-03-24,対象
791,日豊本線,10,単線,221050.0,左,落石止柵,22.9,,,,その他,1980-12-01,対象
791,日豊本線,10,単線,221066.0,左,転落防止柵,8,221062.0,221070.0,1.5,鋼及び鉄コン,2009-12-25,対象
791,日豊本線,10,単線,221078.0,左,防土砂諸設備,9,221074.0,221083.0,2.7,コンクリート,1997-12-01,対象
791,日豊本線,10,単線,221078.0,左,砂防えん堤,3,,,,その他,1965-12-01,対象
791,日豊本線,10,単線,221084.0,左,簡易落石防護ネット,17,221084.0,221096.0,,金網,2014-03-24,対象
791,日豊本線,10,単線,221088.0,右,簡易落石防護ネット,3.5,221088.0,221091.5,,金網,2014-03-24,対象
791,日豊本線,10,単線,221094.0,左,簡易落石止柵,15,221094.0,221094.0,1.5,PCフェンス,2014-03-24,対象
791,日豊本線,10,単線,221149.0,中央,落石止柵,14,221149.0,,,鋼,2004-01-01,対象
791,日豊本線,10,単線,221226.0,左,簡易落石防護ネット,15.5,221226.0,221241.5,,金網,2014-03-24,対象
791,日豊本線,10,単線,221226.0,右,簡易落石防護ネット,13.5,221226.0,221239.5,,金網,2014-03-24,対象
791,日豊本線,10,単線,221377.0,右,簡易落石防護ネット,42,221377.0,221419.0,,金網,2014-03-24,対象
791,日豊本線,10,単線,221739.0,左,簡易落石止柵,94,221739.0,221831.0,1,単管,2014-03-24,対象
791,日豊本線,10,単線,221977.0,中央,転落防止柵,14,221977.0,221977.0,1.05,鋼及び鉄コン,2010-03-26,対象
791,日豊本線,10,単線,222200.0,左,落石止柵,45,222167.5,222212.5,3,鋼及び鉄コン,1998-11-01,対象
791,日豊本線,10,単線,222472.0,左,落石止柵,27,222472.0,222499.0,0,鋼,2004-10-20,対象
791,日豊本線,10,単線,222499.0,中央,防護柵,16,222499.0,222499.0,0,鋼,2004-10-20,対象
791,日豊本線,10,単線,223615.0,右,落石止柵,129,223615.0,223744.0,0,鋼,2004-10-07,対象
791,日豊本線,10,単線,223865.0,右,防土砂諸設備,72,223835.0,223894.0,10,鋼,2017-12-06,対象
791,日豊本線,10,単線,223998.0,右,防土砂諸設備,15,223993.0,224003.0,0,鋼,2004-08-11,対象
791,日豊本線,10,単線,224020.0,右,落石止柵,44,,,,その他,1985-12-01,対象
791,日豊本線,10,単線,224040.0,右,防土砂諸設備,72,224004.0,224076.0,0,鋼,2008-08-01,対象
791,日豊本線,10,単線,224210.0,左,落石止柵,39,,,,その他,1992-07-01,対象
791,日豊本線,10,単線,224307.5,右,簡易落石防護ネット,35,224290.0,224325.0,,金網,2013-11-01,対象
791,日豊本線,10,単線,224308.0,左,簡易落石防護ネット,52,224282.0,224334.0,,金網,2013-11-01,対象
791,日豊本線,10,単線,224461.0,左,簡易落石防護ネット,32,224445.0,224477.0,,金網,2013-11-01,対象
791,日豊本線,10,単線,224462.5,右,簡易落石防護ネット,32,224446.0,224478.0,,金網,2013-11-01,対象
791,日豊本線,10,単線,224560.0,右,落石止擁壁,20.9,,,,コンクリート,1937-12-01,対象
791,日豊本線,10,単線,224620.5,左,簡易落石防護ネット,32,224610.0,224631.0,,金網,2013-11-01,対象
791,日豊本線,10,単線,224775.0,中央,落石止擁壁,18.8,,,,コンクリート,1979-12-01,対象
791,日豊本線,10,単線,224871.5,右,簡易落石防護ネット,17,224863.0,224880.0,,金網,2013-11-01,対象
791,日豊本線,10,単線,224873.5,左,簡易落石防護ネット,21,224863.0,224884.0,,金網,2013-11-01,対象
791,日豊本線,10,単線,224984.5,右,簡易落石防護ネット,69,224950.0,225019.0,,金網,2013-11-01,対象
791,日豊本線,10,単線,225144.5,右,簡易落石防護ネット,9,225140.0,225149.0,,金網,2013-11-28,対象
791,日豊本線,10,単線,225409.0,左,落石止柵,15,225402.0,225417.0,2.1,鋼,2003-02-01,対象
791,日豊本線,10,単線,225428.0,左,防土砂諸設備,,,,,金網,2017-01-19,対象
791,日豊本線,10,単線,225475.0,右,簡易落石防護ネット,54,225448.0,225502.0,,金網,2013-11-28,対象
791,日豊本線,10,単線,225634.0,左,防護柵,69,225634.0,225689.0,0,鋼,2004-09-30,対象
791,日豊本線,10,単線,225654.0,右,簡易落石防護ネット,6,225651.0,225657.0,,金網,2013-11-28,対象
791,日豊本線,10,単線,225697.0,中央,防護柵,0,225697.0,225697.0,0,鋼,2004-09-01,対象外
791,日豊本線,10,単線,225732.0,中央,落石止柵,20,225722.0,225742.0,0,鋼,2004-11-09,対象
791,日豊本線,10,単線,225937.0,中央,落石止柵,24,225937.0,225937.0,3,鋼及び鉄コン,1998-10-01,対象
791,日豊本線,10,単線,225937.9,左,落石止柵,15,225930.4,225945.4,0,鋼,2004-07-15,対象
791,日豊本線,10,単線,225940.0,左,砂防えん堤,5,,,,コンクリート,1959-12-01,対象
791,日豊本線,10,単線,225942.5,右,簡易落石防護ネット,8,225939.0,225946.0,,金網,2013-11-28,対象
791,日豊本線,10,単線,225960.0,左,落石止柵,40.9,,,,その他,1979-12-01,対象
791,日豊本線,10,単線,225985.0,左,防土砂諸設備,14,225978.0,225992.0,0,鋼,2004-07-15,対象
791,日豊本線,10,単線,226000.0,左,落石止擁壁,35,,,,コンクリート,1973-12-01,対象
791,日豊本線,10,単線,226055.0,左,防土砂諸設備,72,226017.4,226089.4,0,鋼,2008-08-18,対象
791,日豊本線,10,単線,226210.0,左,落石止柵,42,,,,その他,1978-12-01,対象
791,日豊本線,10,単線,226286.0,左,簡易落石防護ネット,48,226262.0,226310.0,,金網,2013-11-28,対象
791,日豊本線,10,単線,226344.0,右,簡易落石防護ネット,30,226329.0,226359.0,,金網,2013-11-28,対象
791,日豊本線,10,単線,226357.0,左,砂防えん堤,11.5,,,,コンクリート,1957-12-01,対象
791,日豊本線,10,単線,226361.0,中央,落石止擁壁,22,,,,その他,1973-12-01,対象
791,日豊本線,10,単線,226361.0,中央,落石止柵,6,226361.0,,,鋼,2004-03-01,対象
791,日豊本線,10,単線,226747.5,右,簡易落石防護ネット,20,226734.0,226754.0,,金網,2013-11-28,対象
791,日豊本線,10,単線,226777.0,左,落石止擁壁,15,,,,コンクリート,1973-12-01,対象
791,日豊本線,10,単線,226777.0,右,簡易落石防護ネット,6,226774.0,226780.0,,金網,2013-11-28,対象
791,日豊本線,10,単線,226781.0,中央,落石止柵,21.5,226781.0,,,鋼,2004-03-01,対象
791,日豊本線,10,単線,226928.5,右,簡易落石防護ネット,15,226921.0,226936.0,,金網,2013-11-28,対象
791,日豊本線,10,単線,226939.0,左,簡易落石防護ネット,58,226910.0,226968.0,,金網,2013-11-28,対象
791,日豊本線,10,単線,227148.0,左,簡易落石止柵,46,,,1.5,PCフェンス,2015-03-30,対象
791,日豊本線,10,単線,227163.5,左,簡易落石防護ネット,87,227120.0,227207.0,,金網,2013-12-25,対象
791,日豊本線,10,単線,227240.0,左,砂防えん堤,15,,,,コンクリート,1934-12-01,対象
791,日豊本線,10,単線,227304.0,左,簡易落石止柵,10,277299.0,227309.0,1.5,PCフェンス,2015-03-17,対象
791,日豊本線,10,単線,227330.0,左,落石止擁壁,25,,,,コンクリート,1973-03-01,対象
791,日豊本線,10,単線,227345.0,左,落石止擁壁,35,,,,コンクリート,1965-03-01,対象
791,日豊本線,10,単線,227371.0,左,落石止擁壁,8.2,,,,コンクリート,1967-12-01,対象
791,日豊本線,10,単線,227377.0,左,落石止柵,25,,,,その他,1979-12-01,対象
791,日豊本線,10,単線,227390.0,中央,簡易落石防護ネット,10,,,7,その他,2015-03-30,対象
791,日豊本線,10,単線,227577.0,左,落石止柵,24,,,,その他,1978-12-01,対象
791,日豊本線,10,単線,227582.0,中央,防土砂諸設備,10,227582.0,227583.0,12,鋼,2011-08-09,対象
791,日豊本線,10,単線,227594.0,右,防土砂諸設備,25,227582.0,227607.0,13,鋼,2011-08-09,対象
791,日豊本線,10,単線,227613.0,左,簡易落石防護ネット,26,227600.0,227626.0,,金網,2013-12-25,対象
791,日豊本線,10,単線,227655.0,左,簡易落石止柵,24,227645.0,227665.0,1.5,PCフェンス,2015-03-17,対象
791,日豊本線,10,単線,227668.5,右,簡易落石防護ネット,27,227655.0,227682.0,,金網,2013-12-25,対象
791,日豊本線,10,単線,227670.0,左,落石止柵,165.5,,,,その他,1979-12-01,対象
791,日豊本線,10,単線,227765.0,中央,防土砂諸設備,14.5,227750.0,227765.0,0,鋼,2010-12-22,対象
791,日豊本線,10,単線,227900.0,中央,落石止柵,21,,,,鋼,1994-10-01,対象
791,日豊本線,10,単線,227903.0,中央,防土砂諸設備,26,227903.0,227903.0,,鋼,2010-12-22,対象
791,日豊本線,10,単線,227955.0,左,落石止柵,20,227945.0,227965.0,2,鋼及び鉄コン,2008-09-05,対象
791,日豊本線,10,単線,227980.0,左,落石止柵,35.1,,,,その他,1984-12-01,対象
791,日豊本線,10,単線,227998.0,中央,落石止柵,30,227998.0,227998.0,,鋼及び鉄コン,1998-12-01,対象
791,日豊本線,10,単線,228030.0,中央,簡易落石止柵,6,228030.0,228030.0,1.5,PCフェンス,2015-03-17,対象
791,日豊本線,10,単線,228050.0,左,落石止柵,45.8,,,,その他,1980-12-01,対象
791,日豊本線,10,単線,228144.0,左,落石止擁壁,15,228137.0,228152.0,,鉄筋コンクリート,2004-02-01,対象
791,日豊本線,10,単線,228167.0,左,簡易落石防護ネット,24,228155.0,228179.0,6.4,その他,2015-03-30,対象
791,日豊本線,10,単線,228170.0,左,落石止柵,27.4,,,,その他,1982-12-01,対象
791,日豊本線,10,単線,228192.5,左,防土砂諸設備,15,228185.0,228200.0,0,鋼,2005-03-28,対象
791,日豊本線,10,単線,228230.0,左,落石止柵,40.4,,,,その他,1983-12-01,対象
791,日豊本線,10,単線,228240.0,左,防護柵,25,228240.0,228265.0,0,鋼,2005-03-28,対象
791,日豊本線,10,単線,228380.0,左,落石止柵,36,,,,鋼,1993-10-01,対象
791,日豊本線,10,単線,228400.0,左,防土砂諸設備,10,228396.0,228406.0,0,鋼,2008-06-26,対象
791,日豊本線,10,単線,228420.0,左,防土砂諸設備,50,228396.0,228446.0,0,鋼,2008-06-26,対象
791,日豊本線,10,単線,228560.0,左,落石止擁壁,20,,,,コンクリート,1992-02-01,対象
791,日豊本線,10,単線,228593.0,左,落石止擁壁,2.5,228592.3,228594.8,2.5,鉄筋コンクリート,1997-12-01,対象
791,日豊本線,10,単線,228605.0,左,落石止柵,23,228593.0,228616.0,1.5,鉄筋コンクリート,1997-12-01,対象
791,日豊本線,10,単線,228630.0,左,落石止擁壁,36.5,228615.5,228652.0,3.6,鉄筋コンクリート,1997-12-01,対象
791,日豊本線,10,単線,228635.0,左,落石止柵,42,228616.0,228658.0,1.5,鉄筋コンクリート,1997-12-01,対象
791,日豊本線,10,単線,228675.5,左,簡易落石止柵,52.7,228654.0,228697.0,1.5,PCフェンス,2015-03-17,対象
791,日豊本線,10,単線,228697.0,中央,防土砂諸設備,9,228697.0,228697.0,0,鋼,2008-12-17,対象
791,日豊本線,10,単線,228697.0,中央,防護柵,8,228697.0,228697.0,0,鋼,2008-12-17,対象
791,日豊本線,10,単線,228765.0,中央,落石止柵,15,228765.0,228765.0,0,鋼,2004-10-18,対象
791,日豊本線,10,単線,228773.0,右,防護柵,20,228763.0,228783.0,0,鋼,2005-01-25,対象
791,日豊本線,10,単線,228799.0,左,落石止柵,43,228763.0,228835.0,0,鋼,2005-01-25,対象
791,日豊本線,10,単線,228860.0,左,砂防えん堤,29.7,,,,コンクリート,1934-12-01,対象
791,日豊本線,10,単線,228870.0,左,砂防えん堤,15.8,,,,コンクリート,1963-12-01,対象
791,日豊本線,10,単線,228946.0,中央,防土砂諸設備,18.5,228946.0,228946.0,16,鋼,2011-08-09,対象
791,日豊本線,10,単線,228951.5,右,簡易落石防護ネット,13,228945.0,228958.0,,金網,2013-12-25,対象
791,日豊本線,10,単線,228952.0,左,簡易落石防護ネット,14,228945.0,228959.0,,金網,2013-12-25,対象
791,日豊本線,10,単線,229115.0,中央,落石止柵,21.8,,,,その他,1983-12-01,対象
791,日豊本線,10,単線,229330.0,右,落石止柵,16.1,,,,その他,1978-12-01,対象
791,日豊本線,10,単線,229360.0,左,簡易落石防護ネット,14,229355.0,229365.0,,金網,2013-12-25,対象
791,日豊本線,10,単線,229416.0,右,落石止擁壁,19.4,,,,コンクリート,1980-12-01,対象
791,日豊本線,10,単線,229500.0,右,落石止柵,21,229510.0,229531.0,2,鋼及び鉄コン,2007-10-24,対象
791,日豊本線,10,単線,229530.0,右,落石止柵,15,,,,その他,1986-12-01,対象
791,日豊本線,10,単線,229544.0,中央,防土砂諸設備,36.03,229524.0,229554.0,3,鋼,2010-12-09,対象
791,日豊本線,10,単線,229544.0,中央,落石止柵,19.3,,,,その他,1981-12-01,対象
791,日豊本線,10,単線,229650.0,右,落石止柵,36,,,,その他,1981-12-01,対象
791,日豊本線,10,単線,229650.0,中央,防土砂諸設備,8,229646.0,229654.0,0,鋼,2011-03-11,対象
791,日豊本線,10,単線,229699.0,右,防土砂諸設備,10,229690.0,229700.0,,鋼及び鉄コン,2000-11-01,対象
791,日豊本線,10,単線,229730.0,右,落石止擁壁,32,229714.0,229746.0,4,鋼及び鉄コン,2001-12-01,対象
791,日豊本線,10,単線,229792.0,右,落石止擁壁,9.6,,,,コンクリート,1955-12-01,対象
791,日豊本線,10,単線,229815.0,右,落石止柵,30.5,,,,その他,1978-12-01,対象
791,日豊本線,10,単線,229825.0,右,落石止擁壁,15,,,,その他,1961-12-01,対象
791,日豊本線,10,単線,229830.0,右,防土砂諸設備,3,229830.0,229833.0,,鋼及び鉄コン,2009-01-13,対象
791,日豊本線,10,単線,229833.0,右,落石止柵,22.5,,,,その他,1978-12-01,対象
791,日豊本線,10,単線,229834.0,中央,防土砂諸設備,26,229834.0,229834.0,,鋼及び鉄コン,2009-01-13,対象
791,日豊本線,10,単線,229855.0,右,防土砂諸設備,17.5,229778.0,229796.0,2.5,鋼,2007-11-08,対象
791,日豊本線,10,単線,229940.0,中央,落石止柵,41.1,,,,その他,1980-12-01,対象
791,日豊本線,10,単線,229960.0,右,落石止柵,4.8,,,2,鋼及び鉄コン,2011-02-01,対象
791,日豊本線,10,単線,229981.0,右,簡易落石防護ネット,42,229960.0,230002.0,,金網,2013-12-25,対象
791,日豊本線,10,単線,230073.0,左,落石止柵,22,230062.0,230084.0,0,鋼,2004-09-17,対象
791,日豊本線,10,単線,230120.0,左,落石止柵,67.7,,,,その他,1985-12-01,対象
791,日豊本線,10,単線,230200.0,左,落石止柵,98.6,,,,その他,1982-12-01,対象
791,日豊本線,10,単線,230274.5,左,簡易落石防護ネット,49,230250.0,230299.0,,金網,2013-12-25,対象
791,日豊本線,10,単線,230341.0,左,簡易落石止柵,35,230326.0,230357.0,1.5,PCフェンス,2014-02-12,対象
791,日豊本線,10,単線,230368.0,左,落石止柵,24,230356.0,230380.0,2.5,鋼,2014-02-12,対象
791,日豊本線,10,単線,230595.0,左,簡易落石止柵,24,230583.0,230607.0,1.5,PCフェンス,2015-03-30,対象
791,日豊本線,10,単線,230610.0,左,落石止擁壁,8.2,,,,コンクリート,1946-12-01,対象
791,日豊本線,10,単線,230674.0,中央,落石止柵,15.5,,,,その他,1985-12-01,対象外
791,日豊本線,10,単線,230675.0,中央,落石止柵,19.5,,,,その他,2009-07-02,対象
791,日豊本線,10,単線,230868.0,中央,防土砂諸設備,20,230868.0,230868.0,2.5,その他,2011-03-31,対象
791,日豊本線,10,単線,231050.0,中央,防土砂諸設備,40,231050.0,231070.0,3,その他,2008-12-01,対象
791,日豊本線,10,単線,231067.0,左,落石止柵,46.2,,,,その他,1976-12-01,対象
791,日豊本線,10,単線,231070.0,左,落石止柵,22.4,,,,その他,1985-12-01,対象
791,日豊本線,10,単線,231114.0,左,落石止柵,20,231104.5,231124.5,,鋼,2004-01-01,対象
791,日豊本線,10,単線,231123.0,左,砂防えん堤,4,,,,その他,1963-12-01,対象
791,日豊本線,10,単線,231151.0,左,落石止柵,17.5,231142.0,231159.5,,鋼,2005-11-01,対象
791,日豊本線,10,単線,231160.0,中央,防土砂諸設備,,231160.0,231160.0,,金網,2005-11-01,対象
791,日豊本線,10,単線,231300.0,中央,落石覆,3.6,,,,鉄筋コンクリート,1976-12-01,対象
791,日豊本線,10,単線,231377.0,左,落石止柵,40,231311.0,231351.0,0,鋼,2007-03-30,対象
791,日豊本線,10,単線,231441.0,中央,防土砂諸設備,21,231441.0,,3,その他,2011-03-31,対象
791,日豊本線,10,単線,231450.0,中央,落石止柵,17,,,,その他,1986-12-01,対象
791,日豊本線,10,単線,231480.0,左,落石止柵,39,,,,その他,1991-06-01,対象
791,日豊本線,10,単線,231605.0,左,落石止擁壁,5,231603.0,231608.0,,鉄筋コンクリート,2004-01-01,対象
791,日豊本線,10,単線,231618.0,左,落石止柵,29,231603.5,231643.5,,鋼,2004-01-01,対象
791,日豊本線,10,単線,231620.0,左,落石止擁壁,10,,,,コンクリート,1971-12-01,対象
791,日豊本線,10,単線,231630.0,左,落石止擁壁,10,,,,コンクリート,1975-12-01,対象
791,日豊本線,10,単線,231636.0,左,落石止擁壁,16,231628.0,231644.0,,鉄筋コンクリート,2004-01-01,対象
791,日豊本線,10,単線,231700.0,左,落石止柵,36,231682.0,231718.0,0,鋼,2005-03-25,対象
791,日豊本線,10,単線,231735.0,左,防護柵,37,231717.0,231754.0,0,鋼,2005-03-25,対象
791,日豊本線,10,単線,231793.0,左,防土砂諸設備,,231793.0,231793.0,,金網,2015-09-10,対象
791,日豊本線,10,単線,231828.0,左,落石止柵,53,231802.0,231840.0,0,鋼,2005-03-25,対象
791,日豊本線,10,単線,231870.0,左,落石止擁壁,50,,,,コンクリート,1972-12-01,対象
791,日豊本線,10,単線,231900.0,左,落石止擁壁,24.3,,,,コンクリート,1967-12-01,対象
791,日豊本線,10,単線,231930.0,左,落石止柵,20.3,,,,その他,1979-12-01,対象
791,日豊本線,10,単線,231950.0,左,落石止擁壁,40,,,,コンクリート,1975-12-01,対象
791,日豊本線,10,単線,231950.0,左,落石止柵,19.9,,,,その他,1979-12-01,対象
791,日豊本線,10,単線,231967.0,左,防土砂諸設備,14.4,231959.3,231973.7,3,その他,2010-02-08,対象
791,日豊本線,10,単線,231972.0,左,落石止擁壁,7,231968.0,231975.0,0,鉄筋コンクリート,2005-03-25,対象
791,日豊本線,10,単線,232000.0,左,落石止擁壁,40,,,,その他,1979-12-01,対象
791,日豊本線,10,単線,232050.0,左,落石止擁壁,81,,,,その他,1976-12-01,対象
791,日豊本線,10,単線,232112.0,左,簡易落石止柵,24,232103.0,232121.0,1.5,PCフェンス,2015-02-13,対象
791,日豊本線,10,単線,232310.0,右,防護その他,15,232303.0,232318.0,,鋼及び鉄コン,2011-03-08,対象
791,日豊本線,10,単線,232330.0,右,落石止柵,57.1,232310.0,232367.1,,鋼,1978-12-01,対象
791,日豊本線,10,単線,232410.0,右,落石止柵,8,232406.0,232414.0,,その他,1976-12-01,対象
791,日豊本線,10,単線,232415.0,右,落石止柵,53.8,232386.0,232439.8,,その他,1980-12-01,対象
791,日豊本線,10,単線,232440.0,右,防土砂諸設備,8,232434.0,232442.0,,該当なし,1986-12-01,対象
791,日豊本線,10,単線,232457.0,右,落石止柵,6.7,232454.0,232460.0,,鋼及び鉄コン,1996-03-01,対象
791,日豊本線,10,単線,232466.0,右,落石止柵,12.8,232460.2,232472.0,,鋼及び鉄コン,1996-03-01,対象
791,日豊本線,10,単線,232478.5,右,落石止柵,12.5,232472.5,232484.5,,鋼及び鉄コン,1996-03-01,対象
791,日豊本線,10,単線,232491.0,右,落石止擁壁,20,232481.8,232500.0,,鉄筋コンクリート,1996-03-01,対象
791,日豊本線,10,単線,232491.0,右,落石止柵,19,232481.0,232500.0,,鋼,1996-03-01,対象
791,日豊本線,10,単線,232521.0,右,落石止柵,42,232500.0,232542.0,2.5,鋼,1999-07-01,対象
791,日豊本線,10,単線,232608.0,右,落石止柵,51,232583.0,232633.0,2.5,鋼,2000-02-01,対象
791,日豊本線,10,単線,232631.0,右,簡易落石止柵,7.5,232673.0,232680.5,1,PCフェンス,2017-08-04,対象
791,日豊本線,10,単線,232650.0,右,防土砂諸設備,13,232644.0,232657.0,,コンクリート,1949-12-01,対象
791,日豊本線,10,単線,232660.0,右,防土砂諸設備,3,232658.0,232661.0,,該当なし,1986-12-01,対象
791,日豊本線,10,単線,232670.0,右,落石止擁壁,19.4,,,,コンクリート,1981-01-01,対象
791,日豊本線,10,単線,232676.75,右,簡易落石止柵,7.5,232673.0,232680.5,1.5,PCフェンス,2014-03-25,対象
791,日豊本線,10,単線,232677.0,右,防護その他,19.5,,,10.3,鋼,2016-03-30,対象
791,日豊本線,10,単線,232678.0,右,防土砂諸設備,4,,,,鋼,1980-12-01,対象
791,日豊本線,10,単線,232680.0,中央,落石止柵,13.2,,,,その他,1980-12-01,対象
791,日豊本線,10,単線,232850.0,中央,落石止擁壁,15,232850.0,,3,鉄筋コンクリート,1998-09-01,対象
791,日豊本線,10,単線,232860.0,左,簡易落石止柵,24,232848.0,232872.0,1.5,PCフェンス,2015-02-13,対象
791,日豊本線,10,単線,232862.0,右,防土砂諸設備,4.5,232860.0,232864.5,2,コンクリート,1998-01-01,対象
791,日豊本線,10,単線,232873.0,右,防土砂諸設備,5,232870.0,232875.0,2,コンクリート,1997-12-01,対象
791,日豊本線,10,単線,232883.2,右,防護その他,71.6,232847.4,232919.0,20,鋼,2015-08-24,対象
791,日豊本線,10,単線,232893.0,右,簡易落石止柵,72,232857.0,232929.0,1.5,PCフェンス,2015-02-13,対象
791,日豊本線,10,単線,233050.0,右,落石止柵,24,233040.0,233064.0,,その他,1977-12-01,対象
791,日豊本線,10,単線,233065.0,右,防護その他,45,233042.5,233087.5,32,鋼,2004-11-18,対象
791,日豊本線,10,単線,233310.0,右,防護柵,27,233296.0,233323.0,1.2,鋼,2011-03-25,対象外
791,日豊本線,10,単線,233340.0,右,防護その他,41,233323.0,233364.0,8,鋼,,対象
791,日豊本線,10,単線,233460.0,右,簡易落石止柵,14,233453.0,233467.0,1.5,PCフェンス,2014-03-25,対象
791,日豊本線,10,単線,233465.0,右,落石止擁壁,10.5,233460.0,233470.5,,コンクリート,1988-01-01,対象
791,日豊本線,10,単線,233485.0,右,簡易落石止柵,20,233475.0,233495.0,1.5,PCフェンス,2014-03-25,対象
791,日豊本線,10,単線,233504.0,右,防護その他,19.5,,,2.5,鋼,2015-10-02,対象
791,日豊本線,10,単線,233510.0,右,落石止擁壁,40,233495.0,233535.0,,コンクリート,1988-01-01,対象
791,日豊本線,10,単線,233510.0,右,落石止柵,25,,,,その他,1988-12-01,対象
791,日豊本線,10,単線,233544.0,右,防護その他,18,233535.0,233553.0,24.9,鋼,2013-06-06,対象
791,日豊本線,10,単線,233560.0,右,落石止擁壁,39,233540.0,233579.0,,該当なし,1972-12-01,対象
791,日豊本線,10,単線,233590.0,右,落石止柵,21,233580.0,233601.0,,その他,1968-12-01,対象
791,日豊本線,10,単線,233661.0,中央,簡易落石止柵,10,233661.0,233661.0,1.5,PCフェンス,2014-03-25,対象
791,日豊本線,10,単線,233664.0,右,簡易落石止柵,6,233661.0,233667.0,1.5,PCフェンス,2014-03-25,対象
791,日豊本線,10,単線,233955.0,中央,防護その他,12,233955.0,233955.0,5,鋼,2009-02-20,対象
791,日豊本線,10,単線,234140.0,中央,転落防止柵,42,234140.0,234140.0,1.2,PCフェンス,2018-03-28,対象
791,日豊本線,10,単線,234150.0,右,防護その他,1,234150.0,234150.0,,鋼,2018-03-26,対象
791,日豊本線,10,単線,234274.0,左,簡易落石止柵,12,234268.0,234280.0,1.5,PCフェンス,2014-03-25,対象
791,日豊本線,10,単線,234344.0,左,簡易落石止柵,60,234314.0,234374.0,1.5,PCフェンス,2014-03-31,対象
791,日豊本線,10,単線,234389.0,左,落石止柵,30,234374.0,234404.0,3.5,鋼,1999-03-01,対象
791,日豊本線,10,単線,234450.0,左,落石止柵,85.2,234420.0,234505.2,2.5,鋼,2005-10-27,対象
791,日豊本線,10,単線,234514.0,左,防護その他,43,234492.0,234535.0,8.5,鋼,2014-03-24,対象
791,日豊本線,10,単線,234550.0,左,落石止擁壁,85.3,234500.0,234585.0,,コンクリート,1937-12-01,対象
791,日豊本線,10,単線,234600.0,左,落石止擁壁,25,234586.0,234611.0,,コンクリート,1986-12-01,対象
791,日豊本線,10,単線,234630.0,左,防護その他,,,,19,鋼,2012-09-04,対象
791,日豊本線,10,単線,234710.0,左,防護その他,12,234704.0,234716.0,5,鋼,2014-03-24,対象
791,日豊本線,10,単線,234711.0,左,防護その他,9,234705.0,234714.0,8.4,鋼,2014-03-24,対象
791,日豊本線,10,単線,234750.0,左,落石止柵,46.6,234727.0,234773.0,1.5,その他,1990-03-01,対象
791,日豊本線,10,単線,234785.0,左,落石止擁壁,18,234776.0,234794.0,,コンクリート,1990-03-01,対象
791,日豊本線,10,単線,234800.0,左,落石止柵,9.3,234795.0,234805.0,,その他,1986-12-01,対象
791,日豊本線,10,単線,234800.0,左,転落防止柵,6,,,,該当なし,2018-03-29,対象
791,日豊本線,10,単線,234806.0,左,簡易落石止柵,2,234805.0,234807.0,1.5,PCフェンス,2014-03-25,対象
791,日豊本線,10,単線,234810.0,左,落石止擁壁,15,234805.0,234820.0,,その他,1986-12-01,対象
791,日豊本線,10,単線,234830.0,左,防護その他,50,234820.0,234870.0,8,鋼,2011-06-17,対象
791,日豊本線,10,単線,234850.0,左,落石止柵,58.7,,,,鋼及び鉄コン,1986-12-01,対象
791,日豊本線,10,単線,234910.0,左,落石止柵,59,,,,鋼,1979-12-01,対象
791,日豊本線,10,単線,234940.0,左,落石止柵,15.5,234930.0,234946.0,,その他,1986-12-01,対象
791,日豊本線,10,単線,234945.0,左,簡易落石止柵,16,234938.0,234954.0,1.5,PCフェンス,2014-03-31,対象
791,日豊本線,10,単線,234960.0,左,簡易落石止柵,14,234954.0,234968.0,1.5,PCフェンス,2014-03-31,対象
791,日豊本線,10,単線,234971.0,左,落石止柵,14,234968.0,234982.0,,その他,1967-12-01,対象
791,日豊本線,10,単線,234992.0,左,簡易落石止柵,40,234972.0,235012.0,1.5,PCフェンス,2014-03-31,対象
791,日豊本線,10,単線,235220.0,左,落石止柵,15,235212.0,235227.0,1.5,鋼,1998-02-01,対象
791,日豊本線,10,単線,235252.0,左,落石止柵,50.5,235227.0,235277.5,1.5,鋼,1997-08-01,対象
791,日豊本線,10,単線,235270.0,左,防護その他,84,235230.0,235314.0,,鋼,2016-03-30,対象
791,日豊本線,10,単線,235280.0,左,落石止柵,39,235269.0,235308.0,,鋼及び鉄コン,1986-12-01,対象
791,日豊本線,10,単線,235310.0,中央,落石止柵,10,,,,その他,1989-09-01,対象
791,日豊本線,10,単線,235410.0,中央,簡易落石止柵,42,235410.0,,1.5,PCフェンス,2013-11-01,対象
791,日豊本線,10,単線,235599.0,右,簡易落石止柵,27,235585.0,235612.0,1.5,PCフェンス,2015-02-13,対象
791,日豊本線,10,単線,235651.0,右,簡易落石止柵,38,235632.0,235670.0,1.5,PCフェンス,2015-02-13,対象
791,日豊本線,10,単線,235690.0,右,防土砂諸設備,24,,,700,コンクリート,2010-03-30,対象
791,日豊本線,10,単線,235712.0,右,防護その他,35,235695.0,235730.0,,鋼,2011-07-07,対象
791,日豊本線,10,単線,235760.0,右,落石止柵,71.7,235725.0,235797.0,,その他,1982-12-01,対象
791,日豊本線,10,単線,235820.0,右,落石止柵,55.5,235795.0,235851.0,,鋼,1986-12-01,対象
791,日豊本線,10,単線,235858.0,右,簡易落石止柵,20,235848.0,235868.0,1.5,PCフェンス,2014-03-25,対象
791,日豊本線,10,単線,235881.0,右,防土砂諸設備,25,235868.0,235893.0,4,コンクリート,2000-02-01,対象
791,日豊本線,10,単線,235899.0,右,簡易落石止柵,12,235893.0,235905.0,1.5,PCフェンス,2014-03-25,対象
791,日豊本線,10,単線,235930.0,右,落石止擁壁,39.7,235905.0,235943.0,,コンクリート,1937-12-01,対象
791,日豊本線,10,単線,236020.0,右,落石止柵,38.5,,,,その他,1981-12-01,対象
791,日豊本線,10,単線,236103.0,中央,落石止柵,36,236103.0,,3,鋼及び鉄コン,2004-03-01,対象
791,日豊本線,10,単線,236316.5,右,簡易落石止柵,71,236281.0,236352.0,1.5,PCフェンス,2014-03-25,対象
791,日豊本線,10,単線,236435.0,左,その他安全柵,18,236425.0,236443.0,,該当なし,1989-11-01,対象
791,日豊本線,10,単線,236438.0,右,簡易落石止柵,60,236408.0,236468.0,1.5,PCフェンス,2014-03-25,対象
791,日豊本線,10,単線,236550.0,右,落石止柵,39,236550.0,236589.0,,鋼,1982-12-01,対象
791,日豊本線,10,単線,236600.0,右,落石止柵,96.9,236590.0,236687.0,,鋼,1981-12-01,対象
791,日豊本線,10,単線,236630.0,左,転落防止柵,52,236604.0,236654.0,1.1,鋼,2011-03-25,対象
791,日豊本線,10,単線,236683.0,右,落石止擁壁,6,236680.0,236686.0,,コンクリート,1948-12-01,対象
791,日豊本線,10,単線,236719.0,右,落石止柵,62,236688.0,236750.0,,鋼,1970-12-01,対象
791,日豊本線,10,単線,236766.0,右,落石止柵,31,236750.0,236781.0,,鋼,1982-12-01,対象
791,日豊本線,10,単線,236800.0,右,落石止柵,78,236782.0,236860.0,,鋼,1972-12-01,対象
791,日豊本線,10,単線,236820.0,右,防護その他,81,236785.0,236866.0,10,鋼,2015-12-16,対象
791,日豊本線,10,単線,236850.0,右,落石止擁壁,53,,,,コンクリート,1980-12-01,対象
791,日豊本線,10,単線,236850.0,右,落石止柵,53,,,,その他,1979-12-01,対象
791,日豊本線,10,単線,236873.0,右,落石止擁壁,19.2,236863.0,236882.0,4,鉄筋コンクリート,1999-02-01,対象
791,日豊本線,10,単線,236873.0,右,落石止柵,18,236863.0,236882.0,2,鋼,1999-02-01,対象
791,日豊本線,10,単線,236900.0,右,落石止柵,53.2,236882.0,236925.0,,鋼,1987-12-01,対象
791,日豊本線,10,単線,237170.0,中央,落石止柵,25.3,,,,鋼,1984-12-01,対象
791,日豊本線,10,単線,237174.0,中央,防護その他,32,237174.0,237174.0,25,鋼,2004-10-28,対象
791,日豊本線,10,単線,237250.0,右,落石止柵,48.9,237235.0,237284.0,,鋼,1983-12-01,対象
791,日豊本線,10,単線,237320.0,右,落石止柵,58,237296.0,237354.0,,鋼,1987-12-01,対象
791,日豊本線,10,単線,237352.8,右,簡易落石止柵,,,,,PCフェンス,2017-09-20,対象
791,日豊本線,10,単線,237380.0,右,落石止柵,60,237355.0,237415.0,,鋼,1962-12-01,対象
791,日豊本線,10,単線,237430.0,右,落石止擁壁,17.5,237415.0,237433.0,,鋼及び鉄コン,1972-12-01,対象
791,日豊本線,10,単線,237450.0,右,落石止柵,40.5,237434.0,237475.0,1.6,鋼,1985-12-01,対象
791,日豊本線,10,単線,237550.0,右,落石止柵,63.3,237515.5,237575.4,2.5,鋼及び鉄コン,2004-12-27,対象
791,日豊本線,10,単線,237600.0,右,防土砂諸設備,4.5,237595.0,237600.0,,コンクリート,1986-12-01,対象
791,日豊本線,10,単線,238185.0,右,落石止柵,,238185.0,238185.0,,鋼,1997-10-01,対象
791,日豊本線,10,単線,238637.0,右,落石止柵,39,238637.0,238649.0,,鋼,1995-03-01,対象
791,日豊本線,10,単線,239724.0,左,簡易落石止柵,40.12,239704.0,239742.0,,PCフェンス,2013-11-01,対象
791,日豊本線,10,単線,239803.0,左,簡易落石止柵,60.8,239770.0,239840.0,,PCフェンス,2013-11-01,対象
791,日豊本線,10,単線,240014.0,左,簡易落石止柵,65.14,239980.0,240044.0,,PCフェンス,2013-11-01,対象
791,日豊本線,10,単線,240080.0,左,落石止柵,51.2,240047.0,240098.0,1.3,該当なし,1990-08-01,対象
791,日豊本線,10,単線,240110.5,左,簡易落石止柵,26.43,240097.0,240140.0,,PCフェンス,2013-11-01,対象
791,日豊本線,10,単線,240190.0,左,落石止柵,106,240137.0,240243.0,1.3,該当なし,1983-12-01,対象
791,日豊本線,10,単線,240260.0,左,防土砂諸設備,47,240247.0,240294.0,,コンクリート,1985-12-01,対象
791,日豊本線,10,単線,240550.0,左,防土砂諸設備,14,240552.0,240566.0,,コンクリート,1974-12-01,対象
791,日豊本線,10,単線,240584.0,左,簡易落石止柵,38,240570.0,240608.0,,PCフェンス,2013-11-01,対象
791,日豊本線,10,単線,240624.0,左,落石止柵,18,240615.0,240633.0,1.8,鋼,2006-02-23,対象
791,日豊本線,10,単線,240640.0,左,落石止柵,36.5,240635.0,240672.0,1.6,該当なし,1991-07-01,対象
791,日豊本線,10,単線,240650.0,左,防護その他,41,240633.0,240674.0,10,その他,2006-02-23,対象
791,日豊本線,10,単線,240720.0,左,落石止柵,76.5,240693.0,240730.0,1.6,該当なし,1990-07-01,対象
791,日豊本線,10,単線,240736.0,左,簡易落石止柵,12.1,240735.0,240747.0,,PCフェンス,2013-11-01,対象
791,日豊本線,10,単線,240785.0,左,落石止柵,62.6,240765.0,240828.0,1.3,該当なし,1986-12-01,対象
791,日豊本線,10,単線,240837.5,左,簡易落石止柵,19.97,240820.0,240838.0,,PCフェンス,2013-11-01,対象
791,日豊本線,10,単線,240850.0,左,落石止擁壁,30,240848.0,240878.0,,鋼及び鉄コン,1984-12-01,対象
791,日豊本線,10,単線,240869.5,左,簡易落石止柵,19.5,240860.0,240879.0,,PCフェンス,2013-11-01,対象
791,日豊本線,10,単線,240901.0,左,防護柵,4,240899.0,240903.0,1.5,鋼,2011-03-25,対象外
791,日豊本線,10,単線,241030.0,左,落石止擁壁,59,241000.0,241058.0,,コンクリート,1996-03-01,対象
791,日豊本線,10,単線,241030.0,左,落石止柵,58,241000.0,241058.0,,鋼,1996-03-01,対象
791,日豊本線,10,単線,241090.0,左,落石止擁壁,60,241058.0,241118.0,2,コンクリート,1996-12-01,対象
791,日豊本線,10,単線,241090.0,左,落石止柵,60,241058.0,241118.0,1.5,鋼,1996-12-01,対象
791,日豊本線,10,単線,241148.0,左,落石止擁壁,60,241118.0,241178.0,2,鉄筋コンクリート,1997-10-01,対象
791,日豊本線,10,単線,241148.0,左,落石止柵,61,241118.0,241179.0,1.5,鋼,1997-10-01,対象
791,日豊本線,10,単線,241205.0,左,落石止擁壁,60,241178.0,241238.0,,鋼及び鉄コン,1984-12-01,対象
791,日豊本線,10,単線,241250.0,左,落石止擁壁,26.8,241238.0,241265.0,,鋼及び鉄コン,1967-12-01,対象
791,日豊本線,10,単線,241270.0,左,簡易落石止柵,10,241268.0,241278.0,,PCフェンス,2013-11-01,対象
791,日豊本線,10,単線,241352.0,右,防護柵,4,241352.0,241352.0,1.5,鋼,2011-03-25,対象外
791,日豊本線,10,単線,241500.0,左,落石止柵,6.8,241496.0,241503.0,1.3,該当なし,1984-12-01,対象
791,日豊本線,10,単線,241665.0,左,防土砂諸設備,14,241660.0,241674.0,,コンクリート,1983-12-01,対象
791,日豊本線,10,単線,241835.0,左,防護その他,8,241831.0,241839.0,,その他,2006-02-23,対象
791,日豊本線,10,単線,242700.0,左,防護その他,14,242693.0,242707.0,,鋼,2016-03-25,対象
791,日豊本線,10,単線,242733.0,左,防護その他,3,242732.0,242735.0,,鋼,2016-03-25,対象
791,日豊本線,10,単線,242790.0,左,簡易落石止柵,41.8,242769.0,242803.0,,PCフェンス,2016-03-25,対象
791,日豊本線,10,単線,242922.0,左,落石止擁壁,,242922.0,242934.0,5,鉄筋コンクリート,2004-02-01,対象
791,日豊本線,10,単線,243014.5,左,簡易落石止柵,30.25,243000.0,243027.0,,PCフェンス,2013-11-01,対象
791,日豊本線,10,単線,243045.0,左,落石止擁壁,33,243030.0,243063.0,5,鉄筋コンクリート,2000-12-01,対象
791,日豊本線,10,単線,243080.5,左,簡易落石止柵,40.56,243065.0,243102.0,,PCフェンス,2013-11-01,対象
791,日豊本線,10,単線,243154.0,左,簡易落石止柵,39.35,243130.0,243165.0,,PCフェンス,2013-11-01,対象
791,日豊本線,10,単線,243180.0,左,落石止擁壁,25,243170.0,243195.0,,鋼及び鉄コン,1992-03-01,対象
791,日豊本線,10,単線,243180.0,左,落石止柵,24,243171.0,243195.0,2.5,該当なし,1992-03-01,対象
791,日豊本線,10,単線,243219.5,左,簡易落石止柵,65.8,243186.0,243247.0,,PCフェンス,2013-11-01,対象
791,日豊本線,10,単線,243260.0,左,落石止擁壁,25,,,,鋼及び鉄コン,1990-02-01,対象
791,日豊本線,10,単線,243260.0,左,落石止柵,24,,,2.5,該当なし,1990-02-01,対象
791,日豊本線,10,単線,243340.0,左,簡易落石止柵,4.08,243345.0,243349.0,,PCフェンス,2013-11-01,対象
791,日豊本線,10,単線,243370.0,左,落石止柵,45.4,243345.0,243393.0,1.6,該当なし,1984-12-01,対象
791,日豊本線,10,単線,243400.0,左,落石止柵,15,243393.0,243408.0,1.6,該当なし,1983-12-01,対象
791,日豊本線,10,単線,243420.0,左,落石止柵,23.4,243408.0,243432.0,1.3,該当なし,1978-12-01,対象
791,日豊本線,10,単線,243450.0,左,落石止柵,21,243432.0,243453.0,1.6,該当なし,1988-02-01,対象
791,日豊本線,10,単線,243470.0,左,落石止柵,27,243453.0,243480.0,1,該当なし,1988-02-01,対象
791,日豊本線,10,単線,243505.0,左,簡易落石止柵,50.06,243480.0,243528.0,,PCフェンス,2013-11-01,対象
791,日豊本線,10,単線,243750.0,左,落石止柵,63,243713.0,243776.0,1.3,該当なし,1983-12-01,対象
791,日豊本線,10,単線,243800.0,左,落石止柵,15,243790.0,243805.0,1.3,該当なし,1977-12-01,対象
791,日豊本線,10,単線,244075.0,左,簡易落石防護ネット,70.1,244045.0,244100.0,,その他,2013-11-01,対象
791,日豊本線,10,単線,244347.0,左,防護柵,6,244344.0,244350.0,1.5,鋼,2011-03-25,対象
791,日豊本線,10,単線,244348.0,右,防護柵,6,244345.0,244351.0,1.5,鋼,2011-03-25,対象
791,日豊本線,10,単線,244486.0,左,簡易落石止柵,60,244456.0,244516.0,1.5,PCフェンス,2013-11-06,対象
791,日豊本線,10,単線,244667.0,左,防護柵,6,244664.0,244670.0,1.5,鋼,2011-03-25,対象外
791,日豊本線,10,単線,244672.0,右,防護柵,12,244666.0,244678.0,1.5,鋼,2011-03-25,対象外
791,日豊本線,10,単線,245680.0,右,落石止柵,10,245675.0,245685.0,2.5,鋼及び鉄コン,2005-03-25,対象
791,日豊本線,10,単線,245680.0,中央,防護柵,6,245680.0,245680.0,,鋼,2005-03-25,対象
791,日豊本線,10,単線,245700.0,右,落石止柵,43,245685.0,245728.0,2.5,鉄筋コンクリート,1955-03-25,対象
791,日豊本線,10,単線,245735.0,右,落石止擁壁,10,245730.0,245740.0,,鋼及び鉄コン,1980-12-01,対象
791,日豊本線,10,単線,246620.0,右,落石止柵,35.2,,,1.6,該当なし,1985-12-01,対象
791,日豊本線,10,単線,246634.0,中央,簡易落石止柵,16,246634.0,246634.0,1.5,PCフェンス,2013-11-06,対象
791,日豊本線,10,単線,246715.0,中央,簡易落石止柵,11,246715.0,246715.0,1.5,PCフェンス,2013-11-06,対象
791,日豊本線,10,単線,246795.0,中央,簡易落石止柵,8,246795.0,246795.0,1.5,PCフェンス,2013-11-06,対象
791,日豊本線,10,単線,246900.0,中央,簡易落石止柵,12,246900.0,246900.0,1.5,PCフェンス,2013-11-06,対象
791,日豊本線,10,単線,246957.0,右,簡易落石止柵,10,246952.0,246962.0,1.5,PCフェンス,2013-11-06,対象
791,日豊本線,10,単線,246975.0,中央,落石止柵,9,246975.0,246975.0,3,鋼,2003-03-01,対象
791,日豊本線,10,単線,247053.0,中央,転落防止柵,11.9,247053.0,247053.0,1.5,鋼,2011-01-06,対象
791,日豊本線,10,単線,247060.0,右,落石止擁壁,15,247057.0,247072.0,,鉄筋コンクリート,1976-12-01,対象
791,日豊本線,10,単線,247060.0,右,落石止柵,15,247057.0,247072.0,1,該当なし,1976-12-01,対象
791,日豊本線,10,単線,247060.0,右,防護その他,10.4,247052.6,247063.0,18,鋼,2011-01-06,対象
791,日豊本線,10,単線,247065.0,右,防護その他,6,247063.0,247069.0,18,鋼,2011-03-23,対象
791,日豊本線,10,単線,247080.0,右,落石止柵,12.5,247072.0,247195.0,1.6,該当なし,1983-12-01,対象
791,日豊本線,10,単線,247170.0,右,落石止擁壁,16,247085.0,247195.0,,鉄筋コンクリート,1981-12-01,対象
791,日豊本線,10,単線,247170.0,右,落石止柵,95,,,1.6,該当なし,1981-12-01,対象
791,日豊本線,10,単線,247200.0,右,簡易落石止柵,10,247195.0,247205.0,1.5,PCフェンス,2013-11-06,対象
791,日豊本線,10,単線,247489.0,左,防護柵,10,247484.0,247494.0,1.5,鋼,2011-03-25,対象外
791,日豊本線,10,単線,247491.0,右,防護柵,10,247486.0,247496.0,1.5,鋼,2011-03-25,対象外
791,日豊本線,10,単線,248265.0,右,簡易落石止柵,79,248265.0,248265.0,1.5,PCフェンス,2013-11-06,対象
791,日豊本線,10,単線,248645.0,右,簡易落石止柵,6,248645.0,248645.0,1.5,該当なし,2013-11-06,対象
791,日豊本線,10,単線,248698.0,右,簡易落石止柵,48,248698.0,248698.0,1.5,PCフェンス,2013-11-06,対象
791,日豊本線,10,単線,248850.0,右,簡易落石止柵,184,248720.0,248900.0,1.5,PCフェンス,2013-07-12,対象
791,日豊本線,10,単線,249425.0,中央,防護その他,20,249425.0,249425.0,15,鋼,2014-10-08,対象
791,日豊本線,10,単線,249525.0,右,落石止柵,30,249514.0,249544.0,1.3,該当なし,1985-12-01,対象
791,日豊本線,10,単線,249560.0,右,落石止柵,33,249545.0,249578.0,1.3,該当なし,1986-12-01,対象
791,日豊本線,10,単線,249580.0,右,落石止擁壁,19.5,249575.0,249595.0,,鋼及び鉄コン,1935-12-01,対象
791,日豊本線,10,単線,249650.0,右,落石止擁壁,36.7,249633.0,249720.0,,鋼及び鉄コン,1935-12-01,対象
791,日豊本線,10,単線,249650.0,右,落石止柵,139.7,,,1.6,該当なし,1986-02-01,対象
791,日豊本線,10,単線,249730.0,右,落石止柵,56.5,249722.0,249790.0,1.6,該当なし,1983-12-01,対象
791,日豊本線,10,単線,249800.0,右,落石止柵,33,249791.0,249824.0,1.6,該当なし,1975-12-01,対象
791,日豊本線,10,単線,249819.0,右,簡易落石止柵,4,249817.0,249821.0,1.5,PCフェンス,2013-11-06,対象
791,日豊本線,10,単線,249830.0,右,落石止擁壁,21,249819.0,249842.0,,鋼及び鉄コン,1935-12-01,対象
791,日豊本線,10,単線,249860.0,右,落石止柵,21,249842.0,249863.0,1.6,該当なし,1985-12-01,対象
791,日豊本線,10,単線,249880.0,右,落石止柵,24,249866.0,249890.0,,該当なし,,対象
791,日豊本線,10,単線,249910.0,右,防土砂諸設備,17,249902.0,249919.0,,鉄筋コンクリート,,対象
791,日豊本線,10,単線,249924.0,右,簡易落石止柵,6,249921.0,249927.0,1.5,PCフェンス,2013-11-06,対象
791,日豊本線,10,単線,249930.0,右,簡易落石止柵,7,249930.0,249930.0,1.5,PCフェンス,2013-11-06,対象
791,日豊本線,10,単線,249940.0,右,簡易落石止柵,12,249934.0,249946.0,1.5,PCフェンス,2013-11-06,対象
791,日豊本線,10,単線,249953.0,右,簡易落石止柵,14,249946.0,249960.0,1.5,PCフェンス,2013-11-06,対象
791,日豊本線,10,単線,250068.0,右,簡易落石止柵,60,250038.0,250098.0,1.5,PCフェンス,2013-11-06,対象
791,日豊本線,10,単線,250105.0,右,簡易落石止柵,14,250098.0,250112.0,1.5,PCフェンス,2013-11-06,対象
791,日豊本線,10,単線,250990.0,右,落石止柵,52,250948.0,251005.0,1.6,該当なし,1984-12-01,対象
791,日豊本線,10,単線,251016.0,右,落石止柵,21,251005.0,251026.0,1.6,該当なし,1973-12-01,対象
791,日豊本線,10,単線,251035.0,右,落石止柵,10.5,251026.0,251037.0,1.6,該当なし,1985-12-01,対象
791,日豊本線,10,単線,251245.0,右,転落防止柵,6,,,1.1,該当なし,2013-03-28,対象
791,日豊本線,10,単線,252045.0,右,落石止柵,30,252025.0,252055.0,1.3,該当なし,1986-12-01,対象
791,日豊本線,10,単線,252080.0,右,落石止柵,47,252055.0,252102.0,1.3,該当なし,1982-12-01,対象
791,日豊本線,10,単線,252136.0,中央,防護その他,18,252136.0,252136.0,6,鋼,2009-03-30,対象
791,日豊本線,10,単線,252322.0,中央,落石止柵,18,252322.0,252322.0,1.5,PCフェンス,2013-11-06,対象
791,日豊本線,10,単線,252360.0,左,防土砂諸設備,60,252335.0,252395.0,,コンクリート,1989-06-01,対象
791,日豊本線,10,単線,253135.0,左,防護柵,51,253110.0,253161.0,,鋼,2009-03-27,対象
791,日豊本線,10,単線,257070.0,右,防護柵,66,257035.0,257101.0,,鋼,2010-06-20,対象外
791,日豊本線,10,単線,261316.0,右,落石止柵,16,261307.0,261323.0,1.5,該当なし,2013-11-06,対象
791,日豊本線,10,単線,261350.0,右,落石止柵,54.9,261325.0,261380.0,1.6,該当なし,1980-12-01,対象
791,日豊本線,10,単線,261382.0,右,防土砂諸設備,9,261376.0,261385.0,,コンクリート,1980-12-01,対象
791,日豊本線,10,単線,261382.0,右,防護諸設備,,261382.0,,,コンクリート,,対象外
791,日豊本線,10,単線,264510.0,右,落石止柵,52.1,264486.0,264535.0,1.6,該当なし,1985-12-01,対象
791,日豊本線,10,単線,267869.0,右,防護柵,128,267805.0,267933.0,,鋼,2009-03-27,対象
791,日豊本線,10,単線,267950.0,右,防護柵,33,267934.0,267967.0,,鋼,2009-03-27,対象
791,日豊本線,10,単線,268890.0,右,防護柵,37,268872.0,268909.0,,鋼,2009-03-27,対象
791,日豊本線,10,単線,270280.0,右,防護柵,32,270256.0,270288.0,1.2,鋼,2008-03-09,対象
791,日豊本線,10,単線,275220.0,左,線防柵,79.4,275180.4,275259.8,1,鋼,2007-03-30,対象外
791,日豊本線,10,単線,276795.0,左,防護柵,46.7,276771.6,276818.3,1.5,鋼,2008-03-27,対象外
791,日豊本線,10,単線,278971.0,左,防護柵,6,278968.0,278974.0,1.5,鋼,2011-03-25,対象外
791,日豊本線,10,単線,278974.0,右,防護柵,6,278971.0,278977.0,1.5,鋼,2011-03-25,対象外
791,日豊本線,10,単線,278983.0,右,防護柵,12,278977.0,278989.0,1.5,鋼,2011-03-25,対象外
791,日豊本線,10,単線,278999.0,右,防護柵,6,278996.0,279002.0,1.5,鋼,2011-03-25,対象外
791,日豊本線,10,単線,279032.0,右,防護柵,6,279029.0,270035.0,1.5,鋼,2011-03-25,対象外
791,日豊本線,10,単線,280713.0,左,防護柵,26,280700.0,280726.0,1.5,鋼,2011-03-25,対象外
791,日豊本線,10,単線,280718.0,右,防護柵,12,280712.0,280724.0,1.5,鋼,2011-03-25,対象外
791,日豊本線,10,単線,284447.0,右,防護柵,10,284442.0,284452.0,1.5,鋼,2011-03-25,対象外
791,日豊本線,10,単線,284564.1,右,防護柵,6,284552.8,284577.4,1.1,鋼,2016-10-20,対象
791,日豊本線,10,単線,284595.7,右,転落防止柵,49,284575.5,284624.5,1.1,鋼,2016-10-20,対象
791,日豊本線,10,単線,284675.0,中央,防護その他,11,284675.0,284675.0,7,鋼,2009-01-15,対象
791,日豊本線,10,単線,284675.0,左右中,落石止柵,9,284631.0,284675.0,1.5,PCフェンス,2018-03-29,対象
791,日豊本線,10,単線,284910.0,右,防護その他,49,284893.0,284931.0,,鋼,2016-11-10,対象
791,日豊本線,10,単線,284933.0,右,防護その他,49,284931.0,284936.0,,鋼,2016-11-10,対象
791,日豊本線,10,単線,285190.0,右,落石止柵,31,285174.0,285205.0,1.3,該当なし,1981-12-01,対象
791,日豊本線,10,単線,285266.0,右,落石止柵,9,285261.0,285270.0,1.3,鋼,1981-12-01,対象
791,日豊本線,10,単線,285940.0,右,防護柵,6,285937.0,285941.0,1.5,鋼,2011-03-25,対象外
791,日豊本線,10,単線,285942.0,左,防護柵,6,285939.0,285945.0,1.5,鋼,2011-03-25,対象外
791,日豊本線,10,単線,286440.0,右,落石止柵,81,286385.0,286466.0,1.3,鋼,1988-02-01,対象
791,日豊本線,10,単線,286800.0,左,防護柵,102.5,286745.0,286855.0,,鋼,2008-03-25,対象
791,日豊本線,10,単線,287705.0,右,落石止柵,30,,,1.3,該当なし,1980-12-01,対象
791,日豊本線,10,単線,287710.0,左,落石止柵,31,287703.0,287720.0,1.2,該当なし,2018-03-29,対象
791,日豊本線,10,単線,287723.0,中央,落石止柵,16.8,287723.0,287723.0,1.2,該当なし,2018-03-29,対象
791,日豊本線,10,単線,288223.0,右,転落防止柵,27,288223.0,288250.0,1.1,鋼,2013-01-23,対象
791,日豊本線,10,単線,308065.0,右,防土砂諸設備,110,308005.0,308115.0,,コンクリート,1983-12-01,対象
791,日豊本線,10,単線,308130.0,右,防土砂諸設備,25,308117.0,308142.0,,コンクリート,1984-12-01,対象
791,日豊本線,10,単線,308270.0,右,落石止擁壁,,,,,該当なし,1952-12-01,対象
791,日豊本線,10,単線,308280.0,右,防土砂諸設備,10,308248.0,308260.0,3.1,コンクリート,1977-12-01,対象
791,日豊本線,10,単線,308310.0,右,防土砂諸設備,20,308310.0,,,鉄筋コンクリート,1993-12-01,対象
791,日豊本線,10,単線,308350.0,右,防土砂諸設備,40,308350.0,,,鉄筋コンクリート,1994-09-01,対象
791,日豊本線,10,単線,309000.0,右,防土砂諸設備,62.7,308965.0,309027.0,,コンクリート,1978-12-01,対象
791,日豊本線,10,単線,310656.0,右,防土砂諸設備,22,310645.0,310667.0,,コンクリート,2000-03-01,対象
791,日豊本線,10,単線,311700.0,左,転落防止柵,38.8,311700.0,311700.0,,PCフェンス,2018-03-28,対象
791,日豊本線,10,単線,313815.0,左,防護柵,10,313810.0,313820.0,1.5,鋼,2011-03-24,対象外
791,日豊本線,10,単線,313815.0,右,防護柵,10,313810.0,313820.0,1.5,鋼,2011-03-24,対象外
791,日豊本線,10,単線,317405.0,左,防護柵,10,317400.0,317410.0,1.5,鋼,2011-03-24,対象外
791,日豊本線,10,単線,324686.0,右,防護柵,12,324680.0,324692.0,1.5,鋼,2011-03-24,対象外
791,日豊本線,10,単線,328075.0,左,防護柵,10,328073.0,328083.0,1.5,鋼,2011-03-24,対象外
791,日豊本線,10,単線,328075.0,右,防護柵,10,328070.0,328080.0,1.5,鋼,2011-03-24,対象外
791,日豊本線,10,単線,328950.0,右,防護柵,2,328949.0,328951.0,1.5,鋼,2011-03-24,対象外
791,日豊本線,10,単線,331027.0,左,防護柵,112,330971.0,331083.0,,鋼,2009-03-24,対象外
791,日豊本線,10,単線,336142.0,左,防護柵,53,336115.0,336168.0,1.5,鋼,2011-03-24,対象外
791,日豊本線,10,単線,342930.0,左,防護柵,10,342925.0,342935.0,1.5,鋼,2011-03-24,対象外
791,日豊本線,10,単線,342930.0,右,防護柵,10,342925.0,342935.0,1.5,鋼,2011-03-24,対象外
791,日豊本線,10,単線,343162.0,右,防護柵,84,343120.0,343204.0,,鋼,2009-02-24,対象外
791,日豊本線,10,単線,346780.0,中央,防土砂諸設備,10,346780.0,346780.0,3.5,コンクリート,2000-07-01,対象
791,日豊本線,10,単線,346785.0,左,落石止擁壁,9,,,5,コンクリート,1963-12-01,対象
791,日豊本線,10,単線,346800.0,左,落石止柵,6,,,4.1,鋼,1971-12-01,対象
791,日豊本線,10,単線,347945.0,左,防護柵,50,347920.0,347970.0,1.5,鋼,2011-03-24,対象
791,日豊本線,10,単線,347945.0,右,防護柵,50,347920.0,347970.0,1.5,鋼,2011-03-24,対象
791,日豊本線,10,単線,352750.0,右,転落防止柵,80,352715.0,352795.0,1.1,その他,2016-12-22,対象
791,日豊本線,10,単線,352850.0,右,転落防止柵,75,352800.0,352875.0,1.1,その他,2016-12-22,対象
791,日豊本線,10,単線,353245.0,左,防護柵,4,353243.0,353247.0,1.5,鋼,2011-03-24,対象
791,日豊本線,10,単線,353245.0,右,防護柵,4,353243.0,353247.0,1.5,鋼,2011-03-24,対象
791,日豊本線,10,単線,353640.0,左,転落防止柵,231,353520.0,353751.0,1.1,その他,2017-03-09,対象
791,日豊本線,10,単線,353640.0,右,転落防止柵,231,353551.0,353721.0,1.1,その他,2017-03-09,対象
791,日豊本線,10,単線,360003.0,右,落石止擁壁,27,359990.0,360017.0,2,鋼,1990-03-01,対象
791,日豊本線,10,単線,360003.0,右,落石止柵,27,359990.0,360017.0,2,鋼,1990-03-01,対象
791,日豊本線,10,単線,360300.0,左,転落防止柵,54.6,,,1,鋼,1986-08-31,対象
791,日豊本線,10,単線,363480.0,左,落石止擁壁,75,,,3.3,コンクリート,1963-12-01,対象
791,日豊本線,10,単線,363840.0,右,防護その他,84,363810.0,363894.0,15,鋼,2005-10-20,対象
791,日豊本線,10,単線,364070.0,右,防土砂諸設備,20,364060.0,364080.0,,鋼,2011-03-15,対象
791,日豊本線,10,単線,364980.0,左,砂防えん堤,6.5,,,,コンクリート,1963-12-01,対象
791,日豊本線,10,単線,365300.0,右,防護その他,141.5,365207.5,365349.0,,鋼,2015-09-11,対象
791,日豊本線,10,単線,365938.0,中央,落石止柵,12,365938.0,,3,鋼及び鉄コン,2004-03-01,対象
791,日豊本線,10,単線,366619.0,中央,落石止柵,16,366619.0,,3,鋼及び鉄コン,2004-07-01,対象
791,日豊本線,10,単線,367236.0,中央,落石止擁壁,23.5,367236.0,,3,鋼及び鉄コン,1996-01-01,対象
791,日豊本線,10,単線,367590.0,左,落石止擁壁,10,367587.0,367597.0,3,鉄筋コンクリート,1995-12-01,対象
791,日豊本線,10,単線,367600.0,左,落石止柵,3,367599.0,367602.0,1.5,鋼,1995-12-01,対象
791,日豊本線,10,単線,369200.0,左,落石止柵,93,,,,コンクリート,1985-12-01,対象
791,日豊本線,10,単線,369300.0,右,落石止擁壁,25,,,3.3,鉄筋コンクリート,1981-12-01,対象
791,日豊本線,10,単線,369320.0,右,落石止柵,21.4,,,1.2,コンクリート,1984-12-01,対象
791,日豊本線,10,単線,369322.0,中央,落石覆,15,369314.66,369329.66,,鋼,1997-03-01,対象
791,日豊本線,10,単線,370880.0,右,落石止柵,114,,,2,該当なし,1984-12-01,対象
791,日豊本線,10,単線,371000.0,右,落石止柵,123,,,2,鋼,1978-12-01,対象
791,日豊本線,10,単線,371620.0,左,砂防えん堤,9,,,2,コンクリート,1966-12-01,対象
791,日豊本線,10,単線,372227.0,右中,簡易落石止柵,28,372227.0,372227.0,,PCフェンス,2013-09-12,対象
791,日豊本線,10,単線,372290.0,中央,簡易落石止柵,19.5,372290.0,372290.0,,PCフェンス,2013-09-12,対象
791,日豊本線,10,単線,372347.0,右,落石止柵,63,372315.0,372378.0,,鋼,1985-10-31,対象
791,日豊本線,10,単線,372386.0,右,簡易落石止柵,20,372386.0,372386.0,,PCフェンス,2013-09-12,対象
791,日豊本線,10,単線,372484.0,右,防土砂諸設備,4.4,372482.0,372486.0,,砂利,2018-03-05,対象
791,日豊本線,10,単線,372660.0,右,落石止柵,69,,,2,鋼,1979-12-01,対象
791,日豊本線,10,単線,372730.0,右,防護その他,28,372715.0,372743.0,,鋼,2012-09-03,対象
791,日豊本線,10,単線,372820.0,右,落石止柵,69,,,,鋼,1985-10-31,対象
791,日豊本線,10,単線,372859.0,右,簡易落石止柵,10,372859.0,372859.0,,PCフェンス,2013-09-12,対象
791,日豊本線,10,単線,372950.0,右,落石止擁壁,15,,,,コンクリート,1963-12-01,対象
791,日豊本線,10,単線,372975.0,右,簡易落石止柵,18,372975.0,372975.0,,PCフェンス,2013-09-12,対象
791,日豊本線,10,単線,373015.0,右,落石止柵,63,372985.0,373040.0,,鋼,1985-10-31,対象
791,日豊本線,10,単線,373259.0,中央,落石止柵,12,373259.0,,2.5,鋼,1996-12-01,対象
791,日豊本線,10,単線,397450.0,左,竹林防護工,30,397440.0,397470.0,,鋼,2014-03-24,対象
791,日豊本線,10,単線,397450.0,右,竹林防護工,48,397422.0,397470.0,,鋼,2014-03-24,対象
791,日豊本線,10,単線,397720.0,左,竹林防護工,20,397720.0,397740.0,,鋼,2016-10-13,対象
791,日豊本線,10,単線,399380.0,右,竹林防護工,29,399364.0,399393.0,,鋼,2014-03-24,対象
791,日豊本線,10,単線,399570.0,右,竹林防護工,129,399506.0,399635.0,,鋼,2014-03-20,対象
791,日豊本線,10,単線,399840.0,右,竹林防護工,133,399777.0,399910.0,,鋼,2014-03-20,対象
791,日豊本線,10,単線,400285.0,左,防護その他,2,400285.0,400287.0,1.5,鋼,2013-09-27,対象外
791,日豊本線,10,単線,400285.0,右,防護その他,2,400285.0,400287.0,1.5,鋼,2013-09-27,対象外
791,日豊本線,10,単線,400875.0,左,防護その他,2,400875.0,400877.0,1.5,鋼,2013-09-27,対象外
791,日豊本線,10,単線,400875.0,右,防護その他,2,400875.0,400877.0,1.5,鋼,2013-09-27,対象外
791,日豊本線,10,単線,401305.0,左,防護その他,2,401305.0,401307.0,1.5,鋼,2013-09-27,対象外
791,日豊本線,10,単線,401305.0,右,防護その他,2,401305.0,401307.0,1.5,鋼,2013-09-27,対象外
791,日豊本線,10,単線,402200.0,右,防護その他,80,402200.0,402280.0,1.5,PCフェンス,2013-12-24,対象外
791,日豊本線,10,単線,402585.0,右,防護その他,92,402585.0,402677.0,1.5,PCフェンス,2013-12-24,対象外
791,日豊本線,10,単線,403425.0,右,防護その他,30,403425.0,403425.0,25,鋼,1995-07-01,対象外
791,日豊本線,10,単線,403738.0,左,竹林防護工,67,403738.0,403805.0,,鋼,2017-03-28,対象
791,日豊本線,10,単線,404154.0,左,竹林防護工,413,404154.0,404500.0,,鋼,2017-03-28,対象
791,日豊本線,10,単線,404480.0,右,竹林防護工,56,404449.0,404505.0,,鋼,2014-03-20,対象
791,日豊本線,10,単線,404520.0,右,落石止擁壁,12,,,3,コンクリート,1994-01-01,対象
791,日豊本線,10,単線,404520.0,右,落石止柵,12,,,1.6,鋼,1994-01-01,対象
791,日豊本線,10,単線,404540.0,右,落石止擁壁,5.2,,,3,コンクリート,1994-01-01,対象
791,日豊本線,10,単線,404540.0,右,落石止柵,4.9,,,1.6,鋼,1994-01-01,対象
791,日豊本線,10,単線,404784.0,右,防護その他,22,404773.0,404795.0,9.7,鋼,2016-03-30,対象
791,日豊本線,10,単線,404970.0,右,防護諸設備,14.7,,,,鋼,1980-12-01,対象
791,日豊本線,10,単線,404990.0,右,その他安全柵,20,,,1,鋼,1993-11-01,対象
791,日豊本線,10,単線,404998.0,左,防護その他,20,404988.0,405008.0,7.1,鋼,2016-03-30,対象
791,日豊本線,10,単線,405001.0,左,簡易落石防護ネット,21,404990.0,405011.0,,金網,2013-11-01,対象外
791,日豊本線,10,単線,405022.0,右,防護その他,6,405019.0,405025.0,5.3,鋼,2016-03-30,対象
791,日豊本線,10,単線,405023.0,右,簡易落石防護ネット,5.6,405020.0,405026.0,,金網,2013-11-01,対象外
791,日豊本線,10,単線,405030.0,右,その他安全柵,11.8,,,2,鋼,1994-07-01,対象
791,日豊本線,10,単線,405145.0,右,防護その他,30,405135.0,405150.0,25,鋼,1995-07-01,対象
791,日豊本線,10,単線,405145.0,右,防護柵,21.1,405135.0,405150.0,1.2,鋼,1995-07-01,対象
791,日豊本線,10,単線,405155.0,中央,その他安全柵,12,,,1.2,鋼,1994-07-01,対象
791,日豊本線,10,単線,405195.0,右,その他安全柵,16,,,1,鋼,1994-03-01,対象
791,日豊本線,10,単線,405495.0,左,防護諸設備,14,,,1,鋼,1982-12-01,対象
791,日豊本線,10,単線,405930.0,左,その他安全柵,5,,,,鋼,1985-12-01,対象
791,日豊本線,10,単線,405930.0,右,防護柵,14,405884.0,405905.0,1.5,鋼,1999-10-01,対象
791,日豊本線,10,単線,405937.0,中央,防護柵,30,405937.0,,1.5,鋼,1998-07-01,対象
791,日豊本線,10,単線,406070.0,中央,落石止柵,12,,,2,鋼,1993-11-01,対象
791,日豊本線,10,単線,406222.0,左,落石止擁壁,22,406211.0,406233.0,3.8,鉄筋コンクリート,2005-12-09,対象
791,日豊本線,10,単線,406551.0,右,落石止柵,13,,,3,鋼,1994-03-01,対象
791,日豊本線,10,単線,406730.0,右,防土砂諸設備,60,406700.0,406760.0,2.5,鋼,2011-11-15,対象
791,日豊本線,10,単線,406750.0,左,落石止柵,20,,,3,鋼,1994-03-01,対象
791,日豊本線,10,単線,406816.0,右,簡易落石止柵,30.91,406800.0,406832.0,1,単管,2013-10-16,対象
791,日豊本線,10,単線,406837.0,右,簡易落石止柵,12,406832.0,406842.0,1,単管,2013-10-16,対象
791,日豊本線,10,単線,407205.0,左,防護その他,2,,,1.5,PCフェンス,2013-12-24,対象外
791,日豊本線,10,単線,407460.0,左,防護その他,4,,,1.5,PCフェンス,2013-12-24,対象外
791,日豊本線,10,単線,408119.0,右,簡易落石止柵,18.1,408110.0,408128.0,1,単管,2013-10-16,対象
791,日豊本線,10,単線,408207.0,右,簡易落石止柵,16.06,408199.0,408215.0,1,単管,2013-10-16,対象
791,日豊本線,10,単線,408559.0,右,簡易落石止柵,38.27,408540.0,408577.0,1,単管,2013-10-16,対象
791,日豊本線,10,単線,408808.0,左,簡易落石防護ネット,5.3,408805.0,408810.0,,金網,2013-11-01,対象
791,日豊本線,10,単線,408810.0,右,簡易落石防護ネット,8.8,408805.0,408814.0,,金網,2013-11-01,対象
791,日豊本線,10,単線,408883.0,右,簡易落石止柵,46,408860.0,408905.0,1,単管,2013-10-16,対象
791,日豊本線,10,単線,408935.0,左,簡易落石止柵,28.6,408920.0,408950.0,1,単管,2013-10-16,対象
791,日豊本線,10,単線,409002.0,右,簡易落石止柵,36.25,408984.0,409019.0,1,単管,2013-10-16,対象
791,日豊本線,10,単線,409050.0,右,防護柵,12,409050.0,,1.5,鋼,1998-12-01,対象
791,日豊本線,10,単線,409070.0,中央,防護柵,27,,,1.5,鋼,1997-12-01,対象
791,日豊本線,10,単線,409185.0,中央,落石止柵,12,,,2,鋼,1994-03-01,対象
791,日豊本線,10,単線,409281.0,中央,防護柵,10,,,1.5,鋼,2005-10-23,対象
791,日豊本線,10,単線,409386.0,右,簡易落石止柵,8.03,409382.0,409390.0,1,単管,2013-10-16,対象
791,日豊本線,10,単線,409402.0,左,簡易落石止柵,42.35,409382.0,409422.0,1,単管,2013-10-16,対象
791,日豊本線,10,単線,409577.0,右,簡易落石止柵,26.2,409564.0,409589.0,1,単管,2013-10-16,対象
791,日豊本線,10,単線,409658.0,左,簡易落石止柵,8.04,409653.0,409662.0,1,単管,2013-10-16,対象
791,日豊本線,10,単線,409670.0,右,簡易落石止柵,22.15,409660.0,409680.0,1,単管,2013-10-16,対象
791,日豊本線,10,単線,409753.0,左,簡易落石止柵,26.51,409740.0,409766.0,1,単管,2013-10-16,対象
791,日豊本線,10,単線,410037.0,右,簡易落石止柵,15.98,410030.0,410043.0,1,単管,2013-10-16,対象
791,日豊本線,10,単線,410214.0,右,簡易落石止柵,36.95,410195.0,410232.0,1,単管,2013-10-16,対象
791,日豊本線,10,単線,410920.0,右,その他安全柵,12,,,1.2,鋼,1994-07-01,対象
791,日豊本線,10,単線,410940.0,左,その他安全柵,128.6,,,1.2,鋼,1994-07-01,対象
791,日豊本線,10,単線,410970.0,左,その他安全柵,78,,,,鋼,1986-12-01,対象
791,日豊本線,10,単線,412120.0,右,簡易落石止柵,14.05,412113.0,412127.0,1,単管,2013-10-16,対象
791,日豊本線,10,単線,412570.0,右,落石止柵,45,,,2,鋼,1994-03-01,対象
791,日豊本線,10,単線,413200.0,右,防護諸設備,40,,,,鋼,1976-12-01,対象
791,日豊本線,10,単線,413938.0,左,簡易落石止柵,50.32,413913.0,413963.0,1,単管,2013-10-16,対象
791,日豊本線,10,単線,414093.0,,落石止柵,,,,,鋼,1994-03-01,対象
791,日豊本線,10,単線,414110.0,左,落石止擁壁,20.5,,,5,コンクリート,1994-06-01,対象
791,日豊本線,10,単線,414110.0,,落石止柵,,,,,鋼,1994-07-01,対象
791,日豊本線,10,単線,414130.0,左,防護柵,29,414115.0,414144.0,,鋼,2007-08-02,対象
791,日豊本線,10,単線,414640.0,,その他安全柵,,,,,鋼,1994-05-01,対象
791,日豊本線,10,単線,416130.0,,その他安全柵,,,,,鋼,1994-07-01,対象
791,日豊本線,10,単線,416190.0,,落石止柵,,,,,鋼,1994-06-01,対象
791,日豊本線,10,単線,416209.0,右,簡易落石止柵,38.22,416190.0,416228.0,1,単管,2013-10-16,対象
791,日豊本線,10,単線,416220.0,左,防土砂諸設備,22.5,,,1.75,鋼,2011-03-25,対象
791,日豊本線,10,単線,416230.0,,落石止柵,,,,,鋼,1994-06-01,対象
791,日豊本線,10,単線,416288.0,左,簡易落石止柵,75.5,416250.0,416325.0,1,単管,2013-10-16,対象
791,日豊本線,10,単線,416306.0,右,簡易落石止柵,32.16,416290.0,416322.0,1,単管,2013-10-16,対象
791,日豊本線,10,単線,416394.0,左,簡易落石止柵,27.22,416380.0,416407.0,1,単管,2013-10-16,対象
791,日豊本線,10,単線,416621.0,右,簡易落石止柵,38.2,416602.0,416640.0,1,単管,2013-10-16,対象
791,日豊本線,10,単線,416912.0,右,簡易落石止柵,68.42,416877.0,416946.0,1,単管,2013-10-16,対象
791,日豊本線,10,単線,417580.0,右,防護その他,,,,,鋼,,対象
791,日豊本線,10,単線,417700.0,,その他安全柵,,,,,鋼,1994-08-01,対象
791,日豊本線,10,単線,418250.0,中央,砂防えん堤,24,,,5.5,コンクリート,2012-02-27,対象
791,日豊本線,10,単線,419042.0,左,簡易落石止柵,40.15,419022.0,419062.0,1,単管,2013-10-16,対象
791,日豊本線,10,単線,419382.0,左,その他安全柵,13.1,,,1,鋼,1994-03-01,対象
791,日豊本線,10,単線,419785.0,右,防護その他,2,,,1.5,PCフェンス,2013-12-24,対象外
791,日豊本線,10,単線,419790.0,左,転落防止柵,17.7,,,1.2,PCフェンス,2016-10-25,対象外
791,日豊本線,10,単線,419810.0,右,転落防止柵,26.7,,,1.2,PCフェンス,2016-10-25,対象外
791,日豊本線,10,単線,419840.0,右,防護その他,24,,,1.5,PCフェンス,2013-12-24,対象外
791,日豊本線,10,単線,421518.0,左,落石止柵,17,,,1.3,鋼,1994-03-01,対象
791,日豊本線,10,単線,421520.0,左,防護諸設備,90,,,,鋼,1979-12-01,対象
791,日豊本線,10,単線,422490.0,左,防護柵,91,422454.0,422545.0,1.2,その他,2005-10-05,対象
791,日豊本線,10,単線,423750.0,左,簡易落石止柵,14.55,423742.72,423757.27,1,単管,2017-10-20,対象
791,日豊本線,10,単線,423838.0,左,簡易落石止柵,8,423834.0,423842.0,1,単管,2013-10-31,対象
791,日豊本線,10,単線,423838.0,右,簡易落石止柵,8,423834.0,423842.0,1,単管,2013-10-31,対象
791,日豊本線,10,単線,424030.0,右,簡易落石止柵,25.39,424020.0,424035.0,1,単管,2017-10-20,対象
791,日豊本線,10,単線,426342.0,中央,落石止柵,8.3,426342.0,,50,コンクリート,1996-11-01,対象
791,日豊本線,10,単線,426342.0,中央,防護その他,30,426342.0,,50,その他,1996-11-01,対象
791,日豊本線,10,単線,426342.0,中央,防護柵,8.3,426342.0,,50,その他,1996-11-01,対象
791,日豊本線,10,単線,426350.0,左,防護その他,44,,,,鋼,1988-12-01,対象
791,日豊本線,10,単線,426380.0,左,落石止柵,20,,,2.5,鋼,1994-07-01,対象
791,日豊本線,10,単線,426390.0,左,落石止擁壁,10,,,5,コンクリート,1994-07-01,対象
791,日豊本線,10,単線,426450.0,右,その他安全柵,136,,,,鋼,1986-12-01,対象
791,日豊本線,10,単線,426480.0,左,落石止擁壁,61,,,3,コンクリート,1994-07-01,対象
791,日豊本線,10,単線,426481.0,左,落石止擁壁,50,,,5,コンクリート,1994-03-01,対象
791,日豊本線,10,単線,426566.0,左,簡易落石止柵,14,426559.0,426573.0,1,単管,2013-10-31,対象
791,日豊本線,10,単線,426595.0,左,防護諸設備,50,426595.0,426620.0,1.7,金網,2018-03-01,対象
791,日豊本線,10,単線,426596.0,左,防護諸設備,14,426596.0,426610.0,30,その他,2018-03-27,対象
791,日豊本線,10,単線,426613.0,左,簡易落石止柵,32,426597.0,426629.0,1,単管,2013-10-31,対象
791,日豊本線,10,単線,426760.0,左,簡易落石止柵,37,426741.0,426780.0,1,単管,2013-10-31,対象外
791,日豊本線,10,単線,427210.0,左,落石止擁壁,6.7,,,3,鉄筋コンクリート,1994-07-01,対象
791,日豊本線,10,単線,427290.0,左,落石止擁壁,16,,,3.9,コンクリート,1994-07-01,対象
791,日豊本線,10,単線,427340.0,左,落石止擁壁,44.3,,,,コンクリート,1979-12-01,対象
791,日豊本線,10,単線,427450.0,右,防護柵,90,427390.0,427480.0,1,鋼,1996-12-01,対象
791,日豊本線,10,単線,427580.0,左,落石止擁壁,40,,,3,コンクリート,1994-07-01,対象
791,日豊本線,10,単線,427655.0,左,簡易落石止柵,10,427650.0,427660.0,1,単管,2013-10-31,対象
791,日豊本線,10,単線,427670.0,左,落石止柵,12,,,1.5,鋼,1995-09-01,対象
791,日豊本線,10,単線,427684.0,左,簡易落石止柵,18,427675.0,427694.0,1,単管,2013-10-31,対象
791,日豊本線,10,単線,427685.0,左,防護柵,13.5,427685.0,427699.0,1,鋼,1996-12-01,対象
791,日豊本線,10,単線,427760.0,左,防土砂諸設備,32.49,427744.5,427777.0,35,鋼,2008-09-03,対象
791,日豊本線,10,単線,427775.0,左,落石止擁壁,19,,,3,コンクリート,1994-06-01,対象
791,日豊本線,10,単線,427790.0,左,防護その他,47,427767.0,427814.0,55,その他,1998-03-01,対象
791,日豊本線,10,単線,427830.0,右,防護その他,,,,10,その他,2017-03-29,対象
791,日豊本線,10,単線,427880.0,左,落石止柵,20,,,2,鋼,1995-09-01,対象
791,日豊本線,10,単線,428004.0,右,簡易落石止柵,16,427996.0,428012.0,1,単管,2013-10-31,対象
791,日豊本線,10,単線,428020.0,左,防護その他,32,428020.0,,20,その他,1997-03-01,対象
791,日豊本線,10,単線,428020.0,左,防護柵,14.4,428020.0,,1,鋼,1997-03-01,対象
791,日豊本線,10,単線,428044.0,左,簡易落石止柵,17,428035.0,428052.0,1,単管,2013-10-31,対象
791,日豊本線,10,単線,428060.0,左,簡易落石止柵,16,428052.0,428069.0,1,単管,2013-10-31,対象
791,日豊本線,10,単線,428393.0,右,防護その他,35.9,428.38,428.41,28,金網,2014-07-22,対象
791,日豊本線,10,単線,428396.0,中央,落石止柵,26.5,428396.0,,4.9,鋼及び鉄コン,1997-01-01,対象
791,日豊本線,10,単線,428550.0,左,竹林防護工,90,428506.0,428596.0,,鋼,2014-03-24,対象
791,日豊本線,10,単線,428860.0,右,落石止柵,45,,,1.6,鋼,1994-06-01,対象
791,日豊本線,10,単線,428902.0,右,簡易落石止柵,40,428882.0,428921.0,1,単管,2013-10-31,対象
791,日豊本線,10,単線,428965.0,右,簡易落石止柵,28,428957.0,428985.0,1,単管,2013-10-31,対象
791,日豊本線,10,単線,428971.0,左,簡易落石止柵,86,428922.0,429010.0,1,単管,2013-10-31,対象
791,日豊本線,10,単線,429245.0,右,簡易落石止柵,64,429213.0,429278.0,1,単管,2013-10-31,対象
791,日豊本線,10,単線,429394.0,右,簡易落石止柵,52,429368.0,429422.0,1,単管,2013-10-31,対象
791,日豊本線,10,単線,429503.0,右,簡易落石止柵,48,429479.0,429528.0,1,単管,2013-10-31,対象
791,日豊本線,10,単線,429635.0,右,その他安全柵,13.2,,,1.2,鋼,1994-03-01,対象
791,日豊本線,10,単線,430721.0,左,防護その他,118,430721.0,430837.0,1.5,鋼,2013-09-27,対象外
791,日豊本線,10,単線,431000.0,右,防護その他,2,431000.0,431002.0,1.5,PCフェンス,2013-12-24,対象外
791,日豊本線,10,単線,431002.0,左,防護その他,22,431002.0,431024.0,1.5,PCフェンス,2013-12-24,対象外
791,日豊本線,10,単線,431620.0,右,防護その他,37.5,431620.0,431650.0,1.5,鋼,2012-09-24,対象外
791,日豊本線,10,単線,431686.0,左,防護その他,81,431686.0,431761.0,1.5,鋼,2012-09-24,対象外
791,日豊本線,10,単線,431826.0,左,防護その他,54,431826.0,431876.0,1.5,鋼,2012-09-24,対象外
791,日豊本線,10,単線,435310.0,左,防護柵,4,,,1.5,鋼,2012-03-26,対象外
791,日豊本線,10,単線,435310.0,右,防護柵,6,,,1.5,鋼,2012-03-26,対象外
791,日豊本線,10,単線,435510.0,左,防護柵,3,,,1.5,鋼,2012-03-26,対象外
791,日豊本線,10,単線,435510.0,右,防護柵,2,,,1.5,鋼,2012-03-26,対象外
791,日豊本線,10,単線,435515.0,左,防護その他,92,435515.0,435607.0,1.5,鋼,2013-02-26,対象外
791,日豊本線,10,単線,436450.0,右,防護その他,2,436450.0,436452.0,1.5,鋼,2013-02-26,対象外
791,日豊本線,10,単線,437215.0,左,防護その他,2,437215.0,437217.0,1.5,鋼,2013-02-26,対象外
791,日豊本線,10,単線,437215.0,右,防護その他,2,437215.0,437217.0,1.5,鋼,2013-02-26,対象外
791,日豊本線,10,単線,438550.0,右,防護その他,3,438550.0,438553.0,1.5,鋼,2013-02-26,対象外
791,日豊本線,10,単線,439735.0,右,竹林防護工,60,439735.0,739795.0,,鋼,2016-09-13,対象
791,日豊本線,10,単線,439800.0,右,防護諸設備,9.1,,,,コンクリート,1979-12-01,対象
791,日豊本線,10,単線,439801.0,左,その他安全柵,14.5,,,,鋼,1979-12-01,対象
791,日豊本線,10,単線,440290.0,右,防護諸設備,38.4,,,,コンクリート,1979-12-01,対象
791,日豊本線,10,単線,440291.0,右,その他安全柵,31.5,,,,鋼,1979-12-01,対象
791,日豊本線,10,単線,440480.0,左,防護柵,104,,,,鋼,1995-04-01,対象
791,日豊本線,10,単線,441475.0,右,防護その他,40,441475.0,441515.0,1.5,鋼,2013-09-27,対象外
791,日豊本線,10,単線,441522.0,右,防護その他,23,441522.0,441545.0,1.5,PCフェンス,2013-12-24,対象外
791,日豊本線,10,単線,442347.0,左,防護その他,20,442347.0,442365.0,1.5,PCフェンス,2015-07-21,対象外
791,日豊本線,10,単線,448780.0,右,防土砂諸設備,10,449675.0,449685.0,,その他,2016-07-07,対象
791,日豊本線,10,単線,448826.0,右,簡易落石止柵,27,448811.0,448841.0,,PCフェンス,2013-10-26,対象
791,日豊本線,10,単線,448890.0,右,簡易落石止柵,16,448882.0,448898.0,,PCフェンス,2014-09-18,対象
791,日豊本線,10,単線,448910.0,右,落石止擁壁,32.8,,,2.5,鉄筋コンクリート,1994-03-01,対象
791,日豊本線,10,単線,448940.0,右,落石止柵,14.8,,,2,鋼,1994-03-01,対象
791,日豊本線,10,単線,448950.0,右,防護諸設備,,,,,鋼,1994-03-01,対象
791,日豊本線,10,単線,448950.0,右,落石止柵,18.4,,,,鋼,1972-12-01,対象
791,日豊本線,10,単線,448970.0,右,落石止柵,48,,,,鋼及び鉄コン,1995-10-01,対象
791,日豊本線,10,単線,449000.3,右,落石止擁壁,40,,,4,コンクリート,1979-12-01,対象
791,日豊本線,10,単線,449002.0,右,簡易落石止柵,1,449002.0,449003.0,1,PCフェンス,2013-10-26,対象
791,日豊本線,10,単線,449050.0,右,防土砂諸設備,10,451488.0,451498.0,,鋼,2017-03-07,対象
791,日豊本線,10,単線,449062.0,右,落石止擁壁,40,,,4,コンクリート,2000-07-01,対象
791,日豊本線,10,単線,449090.0,右,落石止擁壁,20,,,,鉄筋コンクリート,1985-12-01,対象
791,日豊本線,10,単線,449100.0,右,落石止擁壁,38,,,4,コンクリート,1980-12-01,対象
791,日豊本線,10,単線,449133.0,右,落石止擁壁,40,,,4,コンクリート,1979-12-01,対象
791,日豊本線,10,単線,449199.0,右,落石止擁壁,42.8,,,,コンクリート,1931-12-01,対象
791,日豊本線,10,単線,449200.0,右,落石止擁壁,25.5,,,4,鉄筋コンクリート,1984-12-01,対象
791,日豊本線,10,単線,449200.0,右,落石止柵,10,,,,コンクリート,1915-12-01,対象
791,日豊本線,10,単線,449201.0,右,落石止擁壁,5.2,,,1.7,鉄筋コンクリート,1984-12-01,対象
791,日豊本線,10,単線,449210.0,右,落石止柵,24,449198.0,449222.0,2,鋼,2000-08-01,対象
791,日豊本線,10,単線,449230.0,右,落石止擁壁,17,,,,鉄筋コンクリート,1985-12-01,対象
791,日豊本線,10,単線,449230.0,右,落石止柵,42,,,2,コンクリート,1985-12-01,対象
791,日豊本線,10,単線,449231.0,右,落石止擁壁,23.2,,,,鉄筋コンクリート,1985-12-01,対象
791,日豊本線,10,単線,449243.0,右,落石止擁壁,18,,,3.5,コンクリート,1931-12-01,対象
791,日豊本線,10,単線,449260.0,右,落石止擁壁,45,,,2,コンクリート,1977-12-01,対象
791,日豊本線,10,単線,449300.0,右,落石止擁壁,30,,,,コンクリート,1971-12-01,対象
791,日豊本線,10,単線,449345.0,右,落石止柵,66,,,2,鋼,1994-01-01,対象
791,日豊本線,10,単線,449360.0,右,落石止擁壁,66.5,,,2,コンクリート,1977-12-01,対象
791,日豊本線,10,単線,449390.0,右,落石止擁壁,40,,,,コンクリート,1971-12-01,対象
791,日豊本線,10,単線,449390.0,右,落石止柵,39,,,2,鋼,2000-09-01,対象
791,日豊本線,10,単線,449440.0,右,防護諸設備,37.5,449421.0,449459.0,35,鋼,2002-01-01,対象
791,日豊本線,10,単線,449440.0,右,落石止擁壁,36.2,,,1.5,鉄筋コンクリート,1979-12-01,対象
791,日豊本線,10,単線,449470.0,右,防護柵,12,449469.2,449481.2,2,鋼,2000-02-01,対象
791,日豊本線,10,単線,449480.0,右,落石止柵,49.3,,,2,鋼,1915-12-01,対象
791,日豊本線,10,単線,449488.0,右,落石止擁壁,16,449480.0,449496.0,3.5,鉄筋コンクリート,1997-12-01,対象
791,日豊本線,10,単線,449488.0,右,落石止柵,15,449480.5,449495.5,2,鋼,1997-12-01,対象
791,日豊本線,10,単線,449490.0,右,防護諸設備,,,,,鋼,1994-03-01,対象
791,日豊本線,10,単線,449490.0,右,落石止擁壁,21.5,449480.0,449501.0,3.5,鉄筋コンクリート,1999-02-01,対象
791,日豊本線,10,単線,449490.0,右,落石止柵,20.5,449490.0,449490.0,2,鋼,1999-02-01,対象
791,日豊本線,10,単線,449500.0,右,落石止擁壁,141,,,3,コンクリート,1931-12-01,対象
791,日豊本線,10,単線,449500.0,右,防護柵,6,449497.0,449503.0,2,鋼,2000-02-01,対象
791,日豊本線,10,単線,449570.0,右,落石止擁壁,46.4,449515.1,449562.0,2,鉄筋コンクリート,,対象
791,日豊本線,10,単線,449590.0,右,簡易落石止柵,68.45,449555.0,449624.0,1,PCフェンス,2013-10-26,対象
791,日豊本線,10,単線,449600.0,右,防護柵,83.5,449581.0,449666.5,3.5,鋼,1999-11-01,対象
791,日豊本線,10,単線,449620.0,右,防土砂諸設備,6,449620.0,449620.0,,鋼,2005-09-21,対象
791,日豊本線,10,単線,449660.0,右,落石止柵,50,449646.0,449696.0,2,鋼,2001-02-01,対象
791,日豊本線,10,単線,449670.0,左,防護柵,13.5,449667.0,449680.0,1,鋼,2011-12-27,対象
791,日豊本線,10,単線,449670.0,右,落石止擁壁,49.8,,,4.5,鉄筋コンクリート,1980-12-01,対象
791,日豊本線,10,単線,449680.0,右,防土砂諸設備,10,449675.0,449685.0,,鋼,2004-10-01,対象
791,日豊本線,10,単線,449700.0,右,落石止擁壁,20,,,3.1,鉄筋コンクリート,1980-12-01,対象
791,日豊本線,10,単線,449715.0,左,その他安全柵,70.2,,,1,鋼,1994-07-01,対象
791,日豊本線,10,単線,449720.0,右,落石止擁壁,37.5,,,4.5,鉄筋コンクリート,1980-12-01,対象
791,日豊本線,10,単線,449739.0,右,簡易落石止柵,74,449700.0,449778.0,1.5,PCフェンス,2013-10-26,対象
791,日豊本線,10,単線,449770.0,右,落石止擁壁,40.8,,,,鉄筋コンクリート,1985-12-01,対象
791,日豊本線,10,単線,449770.0,右,落石止柵,3,,,,コンクリート,1985-12-01,対象
791,日豊本線,10,単線,449790.0,右,落石止擁壁,13.1,,,3.5,鉄筋コンクリート,1982-12-01,対象
791,日豊本線,10,単線,449810.0,右,落石止擁壁,23,,,3.8,鉄筋コンクリート,1982-12-01,対象
791,日豊本線,10,単線,449830.0,右,落石止擁壁,29.4,,,3.9,鉄筋コンクリート,1982-12-01,対象
791,日豊本線,10,単線,449860.0,右,落石止擁壁,22.1,,,3.4,鉄筋コンクリート,1982-12-01,対象
791,日豊本線,10,単線,449870.0,右,砂防えん堤,19,,,1.1,コンクリート,1931-12-01,対象
791,日豊本線,10,単線,449880.0,右,落石止擁壁,119.1,,,1.5,鉄筋コンクリート,1981-12-01,対象
791,日豊本線,10,単線,449890.0,右,落石止擁壁,32.4,,,3.6,鉄筋コンクリート,1982-12-01,対象
791,日豊本線,10,単線,449933.0,右,簡易落石止柵,55,449905.0,449960.0,1,PCフェンス,2013-10-26,対象
791,日豊本線,10,単線,449954.0,右,落石止柵,10,,,2,鋼,1915-12-01,対象
791,日豊本線,10,単線,449965.5,左,防護柵,121,449905.0,450026.0,,鋼,2004-03-01,対象
791,日豊本線,10,単線,449980.0,右,落石止柵,36.5,,,2,鋼,1994-06-01,対象
791,日豊本線,10,単線,449998.0,右,簡易落石止柵,4,449996.0,450000.0,1,PCフェンス,2013-10-26,対象
791,日豊本線,10,単線,450025.0,右,落石止擁壁,76,,,3.5,鉄筋コンクリート,1994-07-01,対象
791,日豊本線,10,単線,450050.0,右,落石止擁壁,102.8,,,4,コンクリート,1978-12-01,対象
791,日豊本線,10,単線,450070.0,左,防護柵,14.8,450065.0,450080.0,1,鋼,2011-12-27,対象
791,日豊本線,10,単線,450080.0,右,落石止擁壁,,,,0.6,鋼,1994-08-01,対象
791,日豊本線,10,単線,450098.0,右,落石止擁壁,196,,,3.6,コンクリート,1931-12-01,対象
791,日豊本線,10,単線,450098.0,右,落石止柵,174.6,,,2,鋼,1970-12-01,対象
791,日豊本線,10,単線,450120.0,右,落石止擁壁,98.2,,,3.5,鉄筋コンクリート,1994-07-01,対象
791,日豊本線,10,単線,450180.0,右,落石止柵,15,,,2,コンクリート,1984-12-01,対象
791,日豊本線,10,単線,450190.12,右,落石止柵,8,,,2,鋼,1984-12-01,対象
791,日豊本線,10,単線,450200.0,右,落石止柵,8.5,,,,コンクリート,1971-12-01,対象
791,日豊本線,10,単線,450202.0,右,落石止柵,25.8,,,3.1,鋼,1915-12-01,対象
791,日豊本線,10,単線,450212.0,右,落石止柵,19.2,,,1,鋼,1984-12-01,対象
791,日豊本線,10,単線,450215.0,右,落石止擁壁,22.2,,,3.5,鉄筋コンクリート,1994-08-01,対象
791,日豊本線,10,単線,450220.0,右,防護諸設備,,,,,鋼,1994-03-01,対象
791,日豊本線,10,単線,450220.0,右,落石止擁壁,,,,0.6,鋼,1994-08-01,対象
791,日豊本線,10,単線,450220.0,右,落石止柵,44.6,,,2,鋼,1994-08-01,対象
791,日豊本線,10,単線,450222.0,右,落石止柵,25.8,,,3.1,鋼,1915-12-01,対象
791,日豊本線,10,単線,450228.0,右,落石止柵,13,,,1.8,鋼,1915-12-01,対象
791,日豊本線,10,単線,450230.0,右,落石止擁壁,26.4,,,4,鉄筋コンクリート,1994-08-01,対象
791,日豊本線,10,単線,450235.0,右,落石止柵,6.5,,,2,鋼,1994-08-01,対象
791,日豊本線,10,単線,450239.0,右,落石止柵,8.6,,,3.1,鋼,1915-12-01,対象
791,日豊本線,10,単線,450250.0,右,落石止柵,72,,,2,鋼,1915-12-01,対象
791,日豊本線,10,単線,450270.0,右,簡易落石止柵,18,450261.0,450279.0,1,PCフェンス,2013-10-21,対象
791,日豊本線,10,単線,450336.0,右,落石止柵,29.2,,,2,鋼,1915-12-01,対象
791,日豊本線,10,単線,450396.0,右,簡易落石止柵,8,450392.0,450400.0,1,PCフェンス,2013-10-21,対象外
791,日豊本線,10,単線,450420.0,右,簡易落石止柵,52,450392.0,450447.0,1,PCフェンス,2013-10-21,対象
791,日豊本線,10,単線,450430.0,右,簡易落石止柵,33,450414.0,450447.0,1,PCフェンス,2013-10-21,対象外
791,日豊本線,10,単線,450447.8,左,防護その他,34.4,450430.6,450465.0,5,金網,2015-03-25,対象
791,日豊本線,10,単線,450500.0,右,落石止柵,35,,,,該当なし,1976-12-01,対象
791,日豊本線,10,単線,450833.0,右,砂防えん堤,28.7,,,2.1,コンクリート,1931-12-01,対象
791,日豊本線,10,単線,450950.0,左,防護柵,87,,,,鋼,1995-12-01,対象
791,日豊本線,10,単線,450992.0,左,防護その他,3,450992.0,450995.0,1.5,鋼,2013-02-26,対象外
791,日豊本線,10,単線,451000.0,左,その他安全柵,60,,,1,鋼,1995-03-01,対象
791,日豊本線,10,単線,451035.0,右,落石止柵,27,,,1.5,コンクリート,1984-12-01,対象
791,日豊本線,10,単線,451050.0,右,落石止柵,10.8,,,1.5,コンクリート,1984-12-01,対象
791,日豊本線,10,単線,451060.0,右,落石止柵,7,,,2,鋼,1994-01-01,対象
791,日豊本線,10,単線,451080.0,右,落石止柵,36,,,2,コンクリート,1984-12-01,対象
791,日豊本線,10,単線,451130.0,右,落石止擁壁,45,,,4.5,コンクリート,1974-12-01,対象
791,日豊本線,10,単線,451150.0,左,防護柵,,451150.0,,1.2,鋼,1999-03-01,対象
791,日豊本線,10,単線,451160.0,右,落石止擁壁,41,,,,コンクリート,1979-12-01,対象
791,日豊本線,10,単線,451162.0,右,落石止柵,14.2,,,2,鋼,1915-12-01,対象
791,日豊本線,10,単線,451185.0,右,落石止擁壁,16,,,5,コンクリート,1981-12-01,対象
791,日豊本線,10,単線,451230.0,右,落石止擁壁,48.3,,,,鉄筋コンクリート,1982-12-01,対象
791,日豊本線,10,単線,451246.0,右,落石止擁壁,24,,,5,コンクリート,1981-12-01,対象
791,日豊本線,10,単線,451282.0,右,落石止擁壁,26,,,,鉄筋コンクリート,1984-12-01,対象
791,日豊本線,10,単線,451300.0,左,防護柵,64,451268.0,451332.0,,鋼,2004-03-01,対象
791,日豊本線,10,単線,451300.0,右,落石止柵,9,,,2,鋼,1994-01-01,対象
791,日豊本線,10,単線,451380.0,左,その他安全柵,91.2,,,1,鋼,1994-06-01,対象
791,日豊本線,10,単線,451391.0,右,落石止擁壁,189.8,,,3,コンクリート,1931-12-01,対象
791,日豊本線,10,単線,451391.0,右,落石止柵,58,,,2,鋼,1993-12-01,対象
791,日豊本線,10,単線,451442.0,左,防護柵,25,451430.0,451455.0,1.2,鋼,1998-05-01,対象
791,日豊本線,10,単線,451488.0,右,落石止擁壁,21.5,,,3,鉄筋コンクリート,1984-12-01,対象
791,日豊本線,10,単線,451493.0,右,防土砂諸設備,10,451488.0,451498.0,,鋼,2017-03-29,対象
791,日豊本線,10,単線,451496.0,右,落石止擁壁,16,,,2.5,コンクリート,1931-12-01,対象
791,日豊本線,10,単線,451498.0,右,防土砂諸設備,16,451490.0,451506.0,,鋼,2017-03-29,対象
791,日豊本線,10,単線,451498.0,右,落石止柵,3.5,,,1,鋼,1984-12-01,対象
791,日豊本線,10,単線,451529.0,右,落石止擁壁,24.8,,,3,コンクリート,1931-12-01,対象
791,日豊本線,10,単線,451535.0,右,落石止擁壁,26,451522.0,451548.0,2.5,鉄筋コンクリート,2017-03-29,対象
791,日豊本線,10,単線,451550.0,右,落石止柵,30,,,1.5,コンクリート,1985-12-01,対象
791,日豊本線,10,単線,451553.0,右,落石止擁壁,25.8,,,3,コンクリート,1931-12-01,対象
791,日豊本線,10,単線,451579.0,右,落石止擁壁,69.1,451548.0,451615.0,,鉄筋コンクリート,2001-12-01,対象
791,日豊本線,10,単線,451579.0,右,落石止柵,66.1,451548.0,451615.0,,鋼,2001-12-01,対象
791,日豊本線,10,単線,451630.0,右,落石止擁壁,20,,,3.5,鋼,2017-03-29,対象
791,日豊本線,10,単線,451640.0,右,落石止擁壁,22,,,2.8,コンクリート,1971-12-01,対象
791,日豊本線,10,単線,451641.0,右,落石止擁壁,16,,,2.8,コンクリート,1973-12-01,対象
791,日豊本線,10,単線,451665.0,右,落石止柵,7.6,,,2,鋼,1993-12-01,対象
791,日豊本線,10,単線,451670.0,右,落石止擁壁,16,,,2.5,コンクリート,1931-12-01,対象
791,日豊本線,10,単線,451670.0,右,落石止柵,17,,,2,コンクリート,1984-12-01,対象
791,日豊本線,10,単線,451671.0,右,落石止擁壁,8,,,2,鉄筋コンクリート,1984-12-01,対象
791,日豊本線,10,単線,451675.0,右,落石止柵,8.5,,,2,鋼,1993-12-01,対象
791,日豊本線,10,単線,451690.0,左,防護柵,20,451680.0,451700.0,1,鋼,2005-03-25,対象
791,日豊本線,10,単線,451694.0,右,落石止柵,7,,,3.5,鋼,1915-12-01,対象
791,日豊本線,10,単線,451700.0,右,落石止柵,17.4,,,2,鋼,1993-12-01,対象
791,日豊本線,10,単線,451710.0,右,落石止柵,7,,,2,鋼,1993-12-01,対象
791,日豊本線,10,単線,451722.0,右,簡易落石止柵,9,451718.0,451727.0,1,PCフェンス,2013-10-21,対象
791,日豊本線,10,単線,451741.0,右,簡易落石止柵,22,451730.0,451752.0,1,PCフェンス,2013-10-21,対象外
791,日豊本線,10,単線,451743.0,右,落石止擁壁,58.5,,,2.5,コンクリート,1931-12-01,対象
791,日豊本線,10,単線,451750.0,右,落石止擁壁,15,,,5,コンクリート,1989-01-01,対象
791,日豊本線,10,単線,451769.0,右,簡易落石止柵,75,451730.0,451808.0,1,PCフェンス,2013-10-21,対象
791,日豊本線,10,単線,451801.0,右,簡易落石止柵,13,451795.0,451808.0,1,PCフェンス,2013-10-21,対象外
791,日豊本線,10,単線,451850.0,右,落石止柵,21,451840.0,451861.0,2,鋼,2003-10-01,対象
791,日豊本線,10,単線,451880.0,右,防土砂諸設備,10,451880.0,451880.0,,その他,2017-03-13,対象
791,日豊本線,10,単線,451880.0,右,落石止柵,36,,,1.2,コンクリート,1984-12-01,対象
791,日豊本線,10,単線,451880.0,右,防護その他,,,,1.2,コンクリート,2017-03-13,対象
791,日豊本線,10,単線,451915.0,左,その他安全柵,34.5,,,1,鋼,1994-02-01,対象
791,日豊本線,10,単線,451973.0,右,簡易落石止柵,17,451965.0,451982.0,1,PCフェンス,2013-10-21,対象
791,日豊本線,10,単線,452035.0,右,落石止擁壁,35,,,2.6,コンクリート,1993-12-01,対象
791,日豊本線,10,単線,452066.0,右,落石止擁壁,23,,,2.9,鉄筋コンクリート,1984-12-01,対象
791,日豊本線,10,単線,452190.0,右,落石止擁壁,17.4,,,2.7,コンクリート,1994-03-01,対象
791,日豊本線,10,単線,452200.0,右,防土砂諸設備,16,452192.0,452208.0,1.2,その他,2015-10-14,対象
791,日豊本線,10,単線,452218.0,右,防土砂諸設備,15,452210.0,452225.0,0.6,その他,2015-10-14,対象
791,日豊本線,10,単線,452240.0,左,その他安全柵,54,,,1,鋼,1994-07-01,対象
791,日豊本線,10,単線,452319.0,右,簡易落石止柵,11.1,452312.0,452325.0,1,PCフェンス,2013-10-11,対象
791,日豊本線,10,単線,452330.0,右,その他安全柵,10,,,1,鋼,1994-06-01,対象
791,日豊本線,10,単線,452360.0,左,その他安全柵,41.5,,,1,鋼,1994-07-01,対象
791,日豊本線,10,単線,452380.0,右,防土砂諸設備,10,449675.0,449685.0,,その他,2017-12-22,対象
791,日豊本線,10,単線,452390.0,右,その他安全柵,27,,,1,鋼,1994-07-01,対象
791,日豊本線,10,単線,452410.0,右,落石止擁壁,17.5,,,7.6,鉄筋コンクリート,1969-12-01,対象
791,日豊本線,10,単線,452475.0,右,防護柵,21,452461.0,452482.0,,鋼,2004-08-01,対象
791,日豊本線,10,単線,452508.0,右,簡易落石止柵,31.5,452492.0,452524.0,1,PCフェンス,2013-10-11,対象
791,日豊本線,10,単線,452540.0,左,その他安全柵,70,,,1,鋼,1994-07-01,対象
791,日豊本線,10,単線,452540.0,右,簡易落石止柵,18.5,452531.0,452550.0,,PCフェンス,2013-10-11,対象
791,日豊本線,10,単線,452598.0,右,簡易落石止柵,49.5,452573.0,452626.0,1,PCフェンス,2013-10-11,対象
791,日豊本線,10,単線,452610.0,左,防護柵,26.4,452603.0,452630.0,1,鋼,2011-12-27,対象
791,日豊本線,10,単線,452646.0,右,簡易落石止柵,18.2,452637.0,452830.0,1.5,PCフェンス,2013-10-11,対象
791,日豊本線,10,単線,452750.0,右,簡易落石止柵,161.6,452668.0,452830.0,1,PCフェンス,2013-10-11,対象
791,日豊本線,10,単線,452893.0,右,簡易落石止柵,17.6,452884.0,452900.0,1,PCフェンス,2013-10-11,対象
791,日豊本線,10,単線,453059.0,右,落石止柵,151.5,,,1.5,鋼,1980-12-01,対象
791,日豊本線,10,単線,453060.0,右,落石止擁壁,31,453042.0,453073.0,3,鉄筋コンクリート,1998-10-01,対象
791,日豊本線,10,単線,453060.0,右,落石止柵,54,,,2.5,鋼,1980-12-01,対象
791,日豊本線,10,単線,453060.0,右,防護柵,30,,,2,鋼,1998-10-01,対象
791,日豊本線,10,単線,453061.0,右,落石止柵,2.7,,,1.5,鋼,1980-12-01,対象
791,日豊本線,10,単線,453062.0,右,落石止柵,43.3,,,1.5,鋼,1980-12-01,対象
791,日豊本線,10,単線,453065.0,右,落石止擁壁,31,453047.0,453073.0,3,鉄筋コンクリート,1997-10-01,対象
791,日豊本線,10,単線,453065.0,右,落石止柵,30,453042.5,453072.5,2,鋼,1997-10-01,対象
791,日豊本線,10,単線,453090.0,右,落石止擁壁,22,,,3,鉄筋コンクリート,1997-03-01,対象
791,日豊本線,10,単線,453090.0,右,防護柵,21,,,2,鋼,1996-12-01,対象
791,日豊本線,10,単線,453100.0,右,防護諸設備,,,,1.5,鋼,1994-03-01,対象
791,日豊本線,10,単線,453100.0,右,落石止擁壁,20,,,5,鉄筋コンクリート,1996-02-01,対象
791,日豊本線,10,単線,453120.0,右,防土砂諸設備,31.5,453103.0,453135.0,15.25,鋼,2005-09-22,対象
791,日豊本線,10,単線,453150.0,右,防護諸設備,20,,,,鋼,1980-12-01,対象
791,日豊本線,10,単線,453160.0,右,落石止柵,75.1,,,1.5,鋼,1980-12-01,対象
791,日豊本線,10,単線,453161.0,右,落石止柵,1,,,1.5,鋼,1980-12-01,対象
791,日豊本線,10,単線,453210.0,右,落石止柵,20.9,,,1.5,鋼,1980-12-01,対象
791,日豊本線,10,単線,453220.0,左,その他安全柵,8.5,,,1,鉄筋コンクリート,1980-12-01,対象
791,日豊本線,10,単線,453220.0,左,防護諸設備,8.4,,,,コンクリート,1980-12-01,対象
791,日豊本線,10,単線,453660.0,左,防護諸設備,55.7,,,,コンクリート,1980-12-01,対象
791,日豊本線,10,単線,453730.0,左,防護諸設備,35,,,,コンクリート,1980-12-01,対象
791,日豊本線,10,単線,453735.0,左,落石止擁壁,59.4,,,,鉄筋コンクリート,1979-12-01,対象
791,日豊本線,10,単線,453740.0,左,防護諸設備,17.6,,,,コンクリート,1980-12-01,対象
791,日豊本線,10,単線,453775.0,左,その他安全柵,16.3,,,1,鉄筋コンクリート,1980-12-01,対象
791,日豊本線,10,単線,453775.0,左,防護諸設備,17.4,,,,コンクリート,1980-12-01,対象
791,日豊本線,10,単線,453775.0,右,落石止柵,8,,,1.5,鋼,1980-12-01,対象
791,日豊本線,10,単線,453780.0,右,その他安全柵,6,,,1,鉄筋コンクリート,1980-12-01,対象
791,日豊本線,10,単線,453780.0,右,防護諸設備,7.9,,,,コンクリート,1980-12-01,対象
791,日豊本線,10,単線,453785.0,右,落石止柵,14.8,,,2.5,鋼,1980-12-01,対象
791,日豊本線,10,単線,453785.0,中央,防土砂諸設備,4,453785.0,,4,鋼,2004-02-01,対象
791,日豊本線,10,単線,453786.0,右,落石止柵,7.8,,,2.5,鋼,1980-12-01,対象
791,日豊本線,10,単線,453788.0,右,落石止擁壁,35.5,,,6,コンクリート,1931-12-01,対象
791,日豊本線,10,単線,453805.0,右,防土砂諸設備,22,,,,コンクリート,1980-12-01,対象
791,日豊本線,10,単線,453807.0,右,落石止擁壁,17,,,5.6,コンクリート,1973-12-01,対象
791,日豊本線,10,単線,453813.0,右,落石止柵,6,,,2.5,鋼,1980-12-01,対象
791,日豊本線,10,単線,453814.0,右,落石止柵,3.1,,,1.5,鋼,1980-12-01,対象
791,日豊本線,10,単線,453840.0,右,落石止柵,48.6,,,2.5,鋼,1980-12-01,対象
791,日豊本線,10,単線,453860.0,右,防土砂諸設備,15,453853.0,453868.0,,鋼,2004-02-01,対象
791,日豊本線,10,単線,453881.0,右,落石止柵,20,,,2,鋼,1915-12-01,対象
791,日豊本線,10,単線,453920.0,右,落石止擁壁,10,,,,コンクリート,1971-12-01,対象
791,日豊本線,10,単線,453920.0,右,落石止柵,8.3,,,2.2,鋼,1915-12-01,対象
791,日豊本線,10,単線,453950.0,右,落石止柵,89,,,,鋼,1915-12-01,対象
791,日豊本線,10,単線,453965.0,右,落石止擁壁,30,453950.0,453980.0,3,鉄筋コンクリート,2014-03-20,対象
791,日豊本線,10,単線,453980.0,右,簡易落石止柵,53.1,453930.0,454035.0,1,PCフェンス,2013-10-11,対象
791,日豊本線,10,単線,454229.0,左,その他安全柵,8,454225.0,454233.0,,鋼,2003-08-01,対象
791,日豊本線,10,単線,454229.0,右,その他安全柵,24,454217.0,454241.0,,鋼,2003-08-01,対象
791,日豊本線,10,単線,454280.0,右,落石止柵,42.1,,,2.5,鋼,1980-12-01,対象
791,日豊本線,10,単線,454310.0,右,落石止柵,30.1,,,1.5,鋼,1980-12-01,対象
791,日豊本線,10,単線,454315.0,右,落石止柵,24,,,4,鋼,1973-12-01,対象
791,日豊本線,10,単線,454358.0,右,落石止柵,30,,,2.5,鋼,1967-12-01,対象
791,日豊本線,10,単線,454360.0,左,防護諸設備,40,,,,コンクリート,1980-12-01,対象
791,日豊本線,10,単線,454360.0,右,落石止柵,30,,,2.5,鋼,1967-12-01,対象
791,日豊本線,10,単線,454363.0,右,落石止擁壁,64,,,3,コンクリート,1931-12-01,対象
791,日豊本線,10,単線,454412.0,左,防護諸設備,8.3,,,,コンクリート,1980-12-01,対象
791,日豊本線,10,単線,454715.0,右,落石止柵,21,,,3.9,コンクリート,1967-12-01,対象
791,日豊本線,10,単線,454716.0,右,落石止柵,39,,,1.7,鋼,1967-12-01,対象
791,日豊本線,10,単線,454717.0,右,落石止柵,60,,,1.5,鋼,1967-12-01,対象
791,日豊本線,10,単線,454745.0,右,落石止擁壁,10,,,3,コンクリート,1931-12-01,対象
791,日豊本線,10,単線,454770.0,右,落石止柵,36,,,1.5,鋼,1980-12-01,対象
791,日豊本線,10,単線,454800.0,右,落石止柵,49.3,,,2.5,鋼,1980-12-01,対象
791,日豊本線,10,単線,454850.0,右,落石止柵,30.4,,,1.5,鋼,1980-12-01,対象
791,日豊本線,10,単線,454930.0,右,落石止柵,15,454920.0,454935.0,2.5,鋼,1998-08-01,対象
791,日豊本線,10,単線,455246.5,右,落石止擁壁,33,,,,コンクリート,1977-12-01,対象
791,日豊本線,10,単線,455250.0,右,防護諸設備,,,,,鋼,1994-03-01,対象
791,日豊本線,10,単線,455275.0,右,落石止擁壁,10,,,,コンクリート,1977-12-01,対象
791,日豊本線,10,単線,455290.0,右,落石止擁壁,21.5,,,5,鉄筋コンクリート,1994-07-01,対象
791,日豊本線,10,単線,455292.5,右,落石止擁壁,25,,,,コンクリート,1977-12-01,対象
791,日豊本線,10,単線,455330.0,右,防護諸設備,,,,,鋼,1994-03-01,対象
791,日豊本線,10,単線,455330.0,右,落石止擁壁,40.2,,,2.5,鉄筋コンクリート,1993-12-01,対象
791,日豊本線,10,単線,455330.0,右,落石止柵,13,455330.0,455343.0,2,鋼,1999-02-01,対象
791,日豊本線,10,単線,455370.0,右,防護その他,2,455370.0,455372.0,1.5,鋼,2013-02-26,対象外
791,日豊本線,10,単線,455445.0,右,防護諸設備,15,,,,鋼,1993-12-01,対象
791,日豊本線,10,単線,455450.0,右,防護諸設備,,,,,鋼,1994-02-01,対象
791,日豊本線,10,単線,455605.0,右,防土砂諸設備,20,455595.0,455615.0,,鋼,2004-07-01,対象
791,日豊本線,10,単線,455608.0,右,簡易落石止柵,15,455601.0,455615.0,1,単管,2013-11-05,対象
791,日豊本線,10,単線,455625.0,右,防護諸設備,,,,,鋼,1994-03-01,対象
791,日豊本線,10,単線,455650.0,左,その他安全柵,50,,,1,鋼,1994-07-01,対象
791,日豊本線,10,単線,455685.0,左,その他安全柵,21,,,1,鋼,1994-07-01,対象
791,日豊本線,10,単線,455696.0,右,簡易落石止柵,12,455690.0,455702.0,1,単管,2013-11-05,対象
791,日豊本線,10,単線,455705.0,右,簡易落石止柵,15,455698.0,455713.0,1,単管,2013-11-05,対象
791,日豊本線,10,単線,455720.0,右,落石止擁壁,22,,,6,コンクリート,2000-09-01,対象
791,日豊本線,10,単線,455720.0,右,落石止柵,24,,,4,鋼,2000-09-01,対象
791,日豊本線,10,単線,455730.0,右,落石止擁壁,57,,,,コンクリート,1971-12-01,対象
791,日豊本線,10,単線,455740.0,左,その他安全柵,30,,,1,鋼,1994-07-01,対象
791,日豊本線,10,単線,455770.0,右,防護諸設備,,,,,鋼,1994-03-01,対象
791,日豊本線,10,単線,455780.0,右,落石止擁壁,59.8,,,,鉄筋コンクリート,1985-12-01,対象
791,日豊本線,10,単線,455780.0,右,落石止柵,63.8,,,,コンクリート,1985-12-01,対象
791,日豊本線,10,単線,455800.0,右,落石止柵,135,,,1.5,鋼,1915-12-01,対象
791,日豊本線,10,単線,455800.0,右,防護柵,38,455771.7,455828.3,2,鋼,1999-12-01,対象
791,日豊本線,10,単線,455805.0,右,簡易落石止柵,1,455805.0,455805.0,1,単管,2013-11-05,対象
791,日豊本線,10,単線,455822.0,右,簡易落石止柵,23,455811.0,455834.0,1,単管,2013-11-05,対象
791,日豊本線,10,単線,455849.0,右,簡易落石止柵,28.6,455834.0,455864.0,2,単管,2013-11-05,対象
791,日豊本線,10,単線,455882.0,右,簡易落石止柵,13,455876.0,455889.0,1,単管,2013-11-05,対象
791,日豊本線,10,単線,455886.0,右,簡易落石止柵,12,455880.0,455892.0,2,単管,2013-11-05,対象
791,日豊本線,10,単線,455912.0,右,簡易落石止柵,45,455890.0,455935.0,1,単管,2013-11-05,対象
791,日豊本線,10,単線,455920.0,左,その他安全柵,42,,,1,鋼,1994-07-01,対象
791,日豊本線,10,単線,455986.0,右,砂防えん堤,13,,,,コンクリート,1940-12-01,対象
791,日豊本線,10,単線,455990.0,右,防護諸設備,,,,,鋼,1994-03-01,対象
791,日豊本線,10,単線,455990.0,右,落石止擁壁,18,,,4,鉄筋コンクリート,1994-07-01,対象
791,日豊本線,10,単線,456007.0,右,簡易落石止柵,24,455995.0,456019.0,1,単管,2013-11-05,対象
791,日豊本線,10,単線,456010.0,右,防土砂諸設備,30,456000.0,456030.0,,該当なし,2015-02-10,対象
791,日豊本線,10,単線,456012.0,右,落石止柵,24,456000.0,456024.0,2.5,鋼及び鉄コン,2015-03-06,対象
791,日豊本線,10,単線,456030.0,右,防護諸設備,,,,,鋼,1994-03-01,対象
791,日豊本線,10,単線,456030.0,右,落石止擁壁,17.5,,,1.8,鉄筋コンクリート,1994-03-01,対象
791,日豊本線,10,単線,456030.0,右,落石止柵,40,456020.0,456060.0,,コンクリート,1971-12-01,対象
791,日豊本線,10,単線,456044.5,右,落石止柵,9,456039.0,456047.0,2.5,鋼及び鉄コン,2015-03-06,対象
791,日豊本線,10,単線,456052.0,右,簡易落石止柵,24,456040.0,456064.0,1,単管,2013-11-05,対象
791,日豊本線,10,単線,456100.0,右,防護諸設備,,,,,鋼,1994-03-01,対象
791,日豊本線,10,単線,456110.0,右,落石止擁壁,18,,,3.5,鉄筋コンクリート,1993-12-01,対象
791,日豊本線,10,単線,456128.0,右,落石止擁壁,162.2,,,3,コンクリート,1931-12-01,対象
791,日豊本線,10,単線,456180.0,右,落石止擁壁,15,,,5,鉄筋コンクリート,1980-12-01,対象
791,日豊本線,10,単線,456180.0,右,落石止柵,9.3,,,2,コンクリート,1980-12-01,対象
791,日豊本線,10,単線,456210.0,右,落石止擁壁,16,,,,鉄筋コンクリート,1986-12-01,対象
791,日豊本線,10,単線,456230.0,左,その他安全柵,25.5,,,1,鋼,1994-02-01,対象
791,日豊本線,10,単線,456230.0,右,防護諸設備,,,,,鋼,1994-03-01,対象
791,日豊本線,10,単線,456235.0,右,落石止擁壁,21,,,3.1,鉄筋コンクリート,1993-12-01,対象
791,日豊本線,10,単線,456280.0,右,簡易落石止柵,40,456260.0,456300.0,1,単管,2013-11-05,対象
791,日豊本線,10,単線,456835.0,右,落石止擁壁,20.7,,,3,鉄筋コンクリート,1993-12-01,対象
791,日豊本線,10,単線,456900.0,右,落石止擁壁,37.2,,,,コンクリート,1988-12-01,対象
791,日豊本線,10,単線,456942.0,右,簡易落石止柵,25,456930.0,456955.0,1,単管,2013-11-05,対象
791,日豊本線,10,単線,456980.0,右,落石止柵,40,456960.0,457000.0,,鋼,1972-12-01,対象
791,日豊本線,10,単線,456985.0,左,その他安全柵,42,,,1,鋼,1994-07-01,対象
791,日豊本線,10,単線,457015.0,右,落石止擁壁,19.2,,,2.5,鉄筋コンクリート,1993-12-01,対象
791,日豊本線,10,単線,457040.0,右,落石止擁壁,33.6,,,2.8,鉄筋コンクリート,1994-03-01,対象
791,日豊本線,10,単線,457150.0,左,その他安全柵,65,,,1,鋼,2008-08-05,対象
791,日豊本線,10,単線,457160.0,右,落石止擁壁,53.6,,,5,鉄筋コンクリート,1994-07-01,対象
791,日豊本線,10,単線,457160.0,右,落石止柵,50.9,,,2,該当なし,1994-06-01,対象
791,日豊本線,10,単線,457185.0,右,落石止柵,30,457170.0,457200.0,2,鉄筋コンクリート,2003-02-01,対象
791,日豊本線,10,単線,457200.0,右,落石止柵,27.5,,,2,コンクリート,1985-12-01,対象
791,日豊本線,10,単線,457235.0,右,落石止擁壁,30,,,,鉄筋コンクリート,1985-12-01,対象
791,日豊本線,10,単線,457380.0,右,落石止擁壁,30.6,,,2.5,鉄筋コンクリート,1993-12-01,対象
791,日豊本線,10,単線,457459.0,右,簡易落石止柵,86.3,457411.0,457508.0,1,単管,2013-11-05,対象
791,日豊本線,10,単線,457640.0,右,防土砂諸設備,21,457629.65,457650.65,,コンクリート,2017-03-24,対象
791,日豊本線,10,単線,457655.0,右,簡易落石止柵,33,457638.0,457673.0,1,単管,2013-11-05,対象外
791,日豊本線,10,単線,457662.0,右,防土砂諸設備,18.07,457653.45,457671.55,,コンクリート,2017-03-24,対象
791,日豊本線,10,単線,457730.0,右,防護諸設備,,,,,鋼,1994-03-01,対象
791,日豊本線,10,単線,457730.0,右,落石止擁壁,59.2,,,3,鉄筋コンクリート,1994-03-01,対象
791,日豊本線,10,単線,457755.0,左,その他安全柵,12,,,1,鋼,1994-02-01,対象
791,日豊本線,10,単線,457775.0,右,落石止擁壁,10,,,5,コンクリート,1971-12-01,対象
791,日豊本線,10,単線,457777.0,右,落石止柵,8,,,2,鋼,1994-03-01,対象
791,日豊本線,10,単線,457780.0,右,落石止柵,9,,,2,コンクリート,1990-01-01,対象
791,日豊本線,10,単線,457785.0,右,落石止柵,3,,,1.5,鋼,1980-12-01,対象
791,日豊本線,10,単線,457786.0,右,落石止柵,1.1,,,1.5,鋼,1980-12-01,対象
791,日豊本線,10,単線,457788.0,右,落石止柵,9,,,1.5,鋼,1980-12-01,対象
791,日豊本線,10,単線,457795.0,左,防護諸設備,4.3,,,,コンクリート,1979-12-01,対象
791,日豊本線,10,単線,457795.0,左,落石止柵,6,,,1.5,鋼,1980-12-01,対象
791,日豊本線,10,単線,457818.8,左,落石止柵,9,,,1.5,鋼,1980-12-01,対象
791,日豊本線,10,単線,457840.0,左,その他安全柵,32.4,,,1,鋼,1994-07-01,対象
791,日豊本線,10,単線,457840.0,右,防護諸設備,7.6,,,,該当なし,2017-07-20,対象
791,日豊本線,10,単線,457840.0,右,落石止擁壁,8,,,3.6,コンクリート,1969-12-01,対象
791,日豊本線,10,単線,457850.0,右,簡易落石止柵,33.1,457836.0,457865.0,1,単管,2017-07-20,対象
791,日豊本線,10,単線,457859.0,右,簡易落石止柵,33.7,457842.0,457876.0,1,単管,2013-11-05,対象
791,日豊本線,10,単線,457913.0,右,防護諸設備,,,,,鋼,1994-03-01,対象
791,日豊本線,10,単線,457920.0,左,その他安全柵,35.4,,,1,鋼,1994-03-01,対象
791,日豊本線,10,単線,457920.0,右,落石止擁壁,13,,,2,鉄筋コンクリート,1994-07-01,対象
791,日豊本線,10,単線,457950.0,右,落石止擁壁,18,,,3.3,コンクリート,1977-12-01,対象
791,日豊本線,10,単線,457975.0,左,その他安全柵,10.2,,,1,鋼,1994-07-01,対象
791,日豊本線,10,単線,457975.0,右,落石止擁壁,12,,,,鉄筋コンクリート,1993-12-01,対象
791,日豊本線,10,単線,458060.0,左,その他安全柵,111,,,1,鋼,1994-07-01,対象
791,日豊本線,10,単線,458070.0,右,落石止擁壁,19.5,,,2.6,鉄筋コンクリート,1994-03-01,対象
791,日豊本線,10,単線,458110.0,右,落石止擁壁,20.3,,,3.1,鉄筋コンクリート,1994-02-01,対象
791,日豊本線,10,単線,458110.0,右,落石止柵,20,,,,コンクリート,1971-12-01,対象
791,日豊本線,10,単線,458130.0,右,落石止柵,46.7,,,2,鋼,1994-07-01,対象
791,日豊本線,10,単線,458140.0,左,その他安全柵,54,,,1,鋼,1994-07-01,対象
791,日豊本線,10,単線,458160.0,右,落石止擁壁,47.3,,,,コンクリート,1982-12-01,対象
791,日豊本線,10,単線,458205.0,左,その他安全柵,66.2,,,1,鋼,1994-07-01,対象
791,日豊本線,10,単線,458245.0,左,その他安全柵,14.6,,,1,鋼,1994-07-01,対象
791,日豊本線,10,単線,459950.0,右,その他安全柵,21,,,1,鋼,1994-07-01,対象
791,日豊本線,10,単線,459975.0,右,その他安全柵,9.4,,,1,鋼,1994-07-01,対象
791,日豊本線,10,単線,460228.0,右,防護諸設備,4,,,,コンクリート,1979-12-01,対象
791,日豊本線,10,単線,460640.0,右,防護諸設備,16,,,,コンクリート,1979-12-01,対象
791,日豊本線,10,単線,460641.0,右,防護諸設備,27.2,,,,コンクリート,1979-12-01,対象
791,日豊本線,10,単線,460642.0,右,防護諸設備,19.6,,,,コンクリート,1979-12-01,対象
791,日豊本線,10,単線,461353.0,左,防護柵,40,461345.0,461345.0,1.5,鋼,1998-12-01,対象
791,日豊本線,10,単線,461395.0,左,落石止柵,6.4,,,,鋼,1970-12-01,対象
791,日豊本線,21,下り線,306.3,左,防音壁,135.8,238.34,376.32,3,PC,,対象
791,日豊本線,21,下り線,529.36,左,その他安全柵,64.3,498.77,559.95,1,鋼,,対象
791,日豊本線,21,下り線,1562.0,左,防護柵,128,1498.0,1626.0,,鋼,2001-02-01,対象
791,日豊本線,21,下り線,3000.0,左,防護柵,34,,,,鋼,2014-10-07,対象
791,日豊本線,21,下り線,46975.0,左,防護柵,32,46959.0,46991.0,,鋼,2001-03-01,対象
791,日豊本線,21,下り線,90659.0,中央,転落防止柵,43,90641.0,90659.0,1.2,鋼,2012-11-07,対象
791,日豊本線,21,下り線,93546.0,左,転落防止柵,47.5,93546.0,93593.0,1,鋼,1999-01-01,対象
791,日豊本線,21,下り線,93600.0,左,落石止柵,20,93590.0,93610.0,,その他,2018-01-31,対象
791,日豊本線,21,下り線,94250.0,左,落石止柵,31,94250.0,94281.0,,その他,1994-11-01,対象
791,日豊本線,21,下り線,94330.0,中央,落石止柵,19.6,,,,鋼及び鉄コン,1978-12-01,対象
791,日豊本線,21,下り線,95110.0,左,落石止擁壁,25,95110.0,95135.0,2,鉄筋コンクリート,1996-02-01,対象
791,日豊本線,21,下り線,106835.0,左,防護柵,186.8,,,1,その他,1986-12-01,対象
791,日豊本線,21,下り線,106980.0,左,防護柵,120.9,,,1,その他,1986-12-01,対象
791,日豊本線,21,下り線,107130.0,左,転落防止柵,108.2,,,1,その他,1986-12-01,対象
791,日豊本線,21,下り線,107345.0,左,防護柵,6.9,,,1.5,その他,1986-12-01,対象
791,日豊本線,21,下り線,109692.0,右,防護柵,4,,,,その他,1988-12-01,対象
791,日豊本線,21,下り線,113675.0,右,防土砂諸設備,24,113675.0,113699.0,,該当なし,2007-02-15,対象
791,日豊本線,21,下り線,122050.0,左,転落防止柵,37.8,,,,その他,2014-12-14,対象
791,日豊本線,21,下り線,122085.0,左,防護柵,8,,,1.5,PCフェンス,2015-03-26,対象
791,日豊本線,21,下り線,122085.0,左,転落防止柵,14,,,,その他,2014-12-14,対象
791,日豊本線,21,下り線,123091.0,右,落石止柵,60,,,,その他,1991-12-01,対象
791,日豊本線,21,下り線,123121.5,右,落石止擁壁,15,123121.5,123136.5,4.5,鉄筋コンクリート,1997-10-01,対象
791,日豊本線,21,下り線,123160.0,右,落石止擁壁,60,123160.0,123220.0,,コンクリート,1994-09-01,対象
791,日豊本線,21,下り線,123170.0,右,落石止柵,59,123160.0,123220.0,,その他,1994-09-01,対象
791,日豊本線,21,下り線,123218.0,右,落石止柵,54,,,,鋼,1995-12-01,対象
791,日豊本線,21,下り線,123220.0,右,落石止柵,54,,,,その他,1962-12-01,対象
791,日豊本線,21,下り線,123245.0,右,落石止擁壁,50,123245.0,123295.0,4.5,鉄筋コンクリート,1995-12-01,対象
791,日豊本線,21,下り線,123245.0,右,落石止柵,50,,,,鋼,1995-12-01,対象
791,日豊本線,21,下り線,123295.0,右,落石止擁壁,31.8,123295.0,123326.8,5,鉄筋コンクリート,1996-09-01,対象
791,日豊本線,21,下り線,123295.0,右,落石止柵,31.8,,,,鋼,1995-12-01,対象
791,日豊本線,21,下り線,123300.0,右,落石止擁壁,22,,,,コンクリート,1962-12-01,対象
791,日豊本線,21,下り線,123318.0,右,落石止擁壁,29.2,,,,石,1979-12-01,対象外
791,日豊本線,21,下り線,123330.0,右,落石止擁壁,15,,,,コンクリート,1960-12-01,対象
791,日豊本線,21,下り線,123340.0,右,落石止擁壁,23.5,123340.0,123363.5,5,鉄筋コンクリート,1997-02-01,対象
791,日豊本線,21,下り線,123346.0,右,落石止柵,23,,,,その他,1956-12-01,対象
791,日豊本線,21,下り線,123358.0,右,落石止擁壁,54.4,,,,コンクリート,1928-12-01,対象
791,日豊本線,21,下り線,123370.0,右,防土砂諸設備,120,123310.0,123430.0,0,鋼,2007-03-20,対象
791,日豊本線,21,下り線,123415.0,右,落石止柵,34.5,,,,その他,1966-12-01,対象
791,日豊本線,21,下り線,123420.0,右,落石止擁壁,38,,,,鋼及び鉄コン,1985-06-01,対象
791,日豊本線,21,下り線,123420.0,右,落石止柵,30,,,,その他,1991-12-01,対象
791,日豊本線,21,下り線,123420.5,右,防土砂諸設備,21,123410.0,123431.0,0,鋼,2007-03-16,対象
791,日豊本線,21,下り線,123450.0,右,落石止擁壁,48,,,,鋼及び鉄コン,1978-12-01,対象
791,日豊本線,21,下り線,123450.0,右,落石止柵,48,,,,鋼,1956-12-01,対象
791,日豊本線,21,下り線,123470.0,右,落石止擁壁,20,,,,鉄筋コンクリート,1985-06-01,対象
791,日豊本線,21,下り線,123470.0,右,落石止柵,20,,,,鋼,1956-12-01,対象
791,日豊本線,21,下り線,123520.0,右,落石止擁壁,52,,,,該当なし,1991-06-01,対象
791,日豊本線,21,下り線,123560.0,右,落石止擁壁,45.8,,,,鋼及び鉄コン,1984-12-01,対象
791,日豊本線,21,下り線,123560.0,右,落石止柵,45.8,,,,鋼,1956-12-01,対象
791,日豊本線,21,下り線,123561.0,右,落石止擁壁,45.8,,,,鉄筋コンクリート,1985-06-01,対象
791,日豊本線,21,下り線,123574.0,右,落石止擁壁,82.2,,,,コンクリート,1928-12-01,対象
791,日豊本線,21,下り線,123610.0,右,落石止柵,62.2,,,,該当なし,1975-12-01,対象
791,日豊本線,21,下り線,123658.0,右,落石止擁壁,136.1,,,,コンクリート,1928-12-01,対象
791,日豊本線,21,下り線,123660.0,右,落石止柵,12,,,,その他,1991-12-01,対象
791,日豊本線,21,下り線,123680.0,右,落石止柵,49.9,,,,その他,1991-12-01,対象
791,日豊本線,21,下り線,123710.0,右,落石止擁壁,20,,,,鉄筋コンクリート,1985-06-01,対象
791,日豊本線,21,下り線,123750.0,右,落石止擁壁,27.2,,,,該当なし,1982-12-01,対象
791,日豊本線,21,下り線,123750.0,右,落石止柵,59.7,,,,その他,1993-12-01,対象
791,日豊本線,21,下り線,123751.0,右,落石止擁壁,90,,,,鉄筋コンクリート,1985-06-01,対象
791,日豊本線,21,下り線,123840.0,右,防土砂諸設備,28,123826.0,123854.0,0,鋼,2004-11-17,対象
791,日豊本線,21,下り線,123890.0,右,防土砂諸設備,40,123870.0,123910.0,0,鋼,2007-03-20,対象
791,日豊本線,21,下り線,123900.0,右,落石止擁壁,160.8,,,,コンクリート,1928-12-01,対象
791,日豊本線,21,下り線,123982.5,右,防土砂諸設備,55,123960.0,124005.0,0,鋼,2007-03-20,対象
791,日豊本線,21,下り線,123990.0,右,落石止柵,80.5,,,,その他,1929-12-01,対象
791,日豊本線,21,下り線,124000.0,右,土留擁壁,55.4,,,,コンクリート,1975-12-01,対象
791,日豊本線,21,下り線,124080.0,右,落石止擁壁,41.3,,,,該当なし,1989-03-01,対象
791,日豊本線,21,下り線,124081.0,右,落石止擁壁,75.3,,,,該当なし,1928-12-01,対象
791,日豊本線,21,下り線,124082.0,右,落石止柵,25,,,,該当なし,1977-12-01,対象
791,日豊本線,21,下り線,124110.0,右,落石止擁壁,40.4,,,,コンクリート,1928-12-01,対象
791,日豊本線,21,下り線,124120.0,右,落石止柵,39.4,,,,鋼,1966-12-01,対象
791,日豊本線,21,下り線,124150.0,右,落石止擁壁,61.1,124111.0,124172.1,,コンクリート,1928-12-01,対象
791,日豊本線,21,下り線,124150.0,右,落石止柵,24.8,,,,その他,1960-12-01,対象外
791,日豊本線,21,下り線,124183.5,右,落石止擁壁,30.5,124183.5,124214.0,5.5,鉄筋コンクリート,1998-02-01,対象
791,日豊本線,21,下り線,124220.0,右,落石止柵,22,,,,その他,1959-12-01,対象
791,日豊本線,21,下り線,124306.0,右,落石止擁壁,,,,,鉄筋コンクリート,1977-08-01,対象
791,日豊本線,21,下り線,124318.0,右,落石止柵,27,124304.5,124331.5,,鋼,2004-03-01,対象
791,日豊本線,21,下り線,124400.0,右,簡易落石防護ネット,29.55,124406.0,124436.0,,金網,2013-03-13,対象
791,日豊本線,21,下り線,125005.0,右,落石止擁壁,127.5,,,,コンクリート,1967-12-01,対象
791,日豊本線,21,下り線,125254.0,右,落石止擁壁,27.6,,,,石,1928-12-01,対象
791,日豊本線,21,下り線,125467.0,左,簡易落石止柵,163,125386.0,125549.0,1.2,PCフェンス,2015-03-30,対象
791,日豊本線,21,下り線,125553.0,左,簡易落石止柵,10,125548.0,125558.0,2,PCフェンス,2015-03-30,対象
791,日豊本線,21,下り線,125586.0,左,簡易落石止柵,20,125576.0,125596.0,2,PCフェンス,2015-03-30,対象
791,日豊本線,21,下り線,126475.0,右,落石止擁壁,94,,,,コンクリート,1928-12-01,対象
791,日豊本線,21,下り線,126741.0,右,落石止柵,15,126733.0,126747.0,0,鋼,2004-08-06,対象
791,日豊本線,21,下り線,126744.0,右,落石止柵,45,126744.0,126789.0,,その他,1995-01-01,対象
791,日豊本線,21,下り線,126785.0,左,落石止柵,9.2,,,,該当なし,1993-01-01,対象
791,日豊本線,21,下り線,126794.0,右,落石止擁壁,20.7,126794.0,126814.7,,鉄筋コンクリート,1998-12-01,対象
791,日豊本線,21,下り線,126930.0,右,落石止柵,,,,,鋼,1995-12-01,対象
791,日豊本線,21,下り線,126970.0,右,落石止柵,15,,,,その他,1976-12-01,対象
791,日豊本線,21,下り線,128190.0,右,落石止擁壁,12,,,,その他,1989-03-01,対象
791,日豊本線,21,下り線,128190.0,右,落石止柵,,,,,鋼,1995-12-01,対象
791,日豊本線,21,下り線,128200.0,右,落石止擁壁,15.7,,,,その他,1989-06-01,対象
791,日豊本線,21,下り線,128200.0,右,落石止柵,,,,,鋼,1995-12-01,対象
791,日豊本線,21,下り線,128216.0,右,落石止擁壁,45,128216.0,128261.0,,鉄筋コンクリート,1977-08-01,対象
791,日豊本線,21,下り線,128230.0,右,落石止柵,24,,,,鋼,1993-01-01,対象
791,日豊本線,21,下り線,128237.0,右,落石止擁壁,14,128237.0,128253.0,3,鉄筋コンクリート,1997-02-01,対象
791,日豊本線,21,下り線,128245.0,右,落石止柵,14,128238.0,128252.0,,鋼,1995-12-01,対象
791,日豊本線,21,下り線,128250.0,右,落石止柵,44,,,,その他,1993-01-01,対象
791,日豊本線,21,下り線,128256.0,右,落石止擁壁,50,128256.0,128306.0,,コンクリート,1994-12-01,対象
791,日豊本線,21,下り線,128260.0,右,防護諸設備,40,128250.0,128290.0,,その他,1994-08-01,対象
791,日豊本線,21,下り線,128280.0,右,落石止擁壁,49,128280.0,128306.0,,コンクリート,1994-12-01,対象
791,日豊本線,21,下り線,128280.0,右,落石止柵,21,128280.0,128290.0,,その他,1985-12-01,対象
791,日豊本線,21,下り線,128330.0,右,落石止擁壁,40,128310.0,128350.0,,鉄筋コンクリート,1977-08-01,対象
791,日豊本線,21,下り線,128330.0,右,落石止柵,49,128311.0,128350.0,,鋼,1995-12-01,対象
791,日豊本線,21,下り線,128340.0,右,落石止柵,80,,,,該当なし,1991-06-01,対象
791,日豊本線,21,下り線,128358.0,右,落石止擁壁,48,128358.0,128406.0,3,鉄筋コンクリート,1996-01-01,対象
791,日豊本線,21,下り線,128395.0,左,土留壁,40.3,128395.0,128473.0,,コンクリート,1995-02-01,対象外
791,日豊本線,21,下り線,128400.0,右,落石止柵,79,128400.0,128473.0,,その他,1995-02-01,対象外
791,日豊本線,21,下り線,128700.0,右,落石止柵,9,,,,その他,1985-12-01,対象外
791,日豊本線,21,下り線,184094.0,中央,防土砂諸設備,28,184075.0,184094.0,0,鋼,2016-09-28,対象
791,日豊本線,21,下り線,184094.0,中央,転落防止柵,12,184620.0,184620.0,1.5,鋼,2016-09-28,対象
791,日豊本線,21,下り線,401600.0,右,落石止柵,98,,,1.2,鋼,1986-12-01,対象
791,日豊本線,22,上り線,28850.0,右,防護柵,31,,,,該当なし,1991-09-01,対象
791,日豊本線,22,上り線,32499.0,右,防護諸設備,16.5,,,,鋼,1975-12-01,対象
791,日豊本線,22,上り線,45094.0,右,防護柵,11,45088.0,46099.0,3,PCフェンス,2014-11-30,対象
791,日豊本線,22,上り線,45113.0,右,防護柵,27.4,45099.0,45126.4,1.5,PCフェンス,2014-11-30,対象
791,日豊本線,22,上り線,74857.0,右,転落防止柵,30.37,74842.0,74872.4,,PCフェンス,2014-03-20,対象
791,日豊本線,22,上り線,81740.0,右,転落防止柵,32,81724.0,81756.0,1.2,該当なし,2018-05-21,対象
791,日豊本線,22,上り線,82320.0,右,落石止柵,24,,,,鋼及び鉄コン,1993-01-01,対象
791,日豊本線,22,上り線,82340.0,右,落石止柵,27,,,,鋼,1993-01-01,対象
791,日豊本線,22,上り線,82377.0,中央,転落防止柵,12,82377.0,82377.0,1.2,鋼,2008-02-07,対象
791,日豊本線,22,上り線,82689.0,中央,転落防止柵,13,82689.0,82689.0,1.2,鋼,2008-02-07,対象
791,日豊本線,22,上り線,82720.0,左,転落防止柵,54,,,1.3,該当なし,1967-10-01,対象
791,日豊本線,22,上り線,82720.0,右,転落防止柵,86,,,1.3,該当なし,1967-10-01,対象
791,日豊本線,22,上り線,90660.0,中央,転落防止柵,42.2,90644.0,90661.0,1.2,鋼,2012-11-07,対象
791,日豊本線,22,上り線,93677.0,右,防護その他,65,93645.0,93710.0,1.8,鋼,2010-03-31,対象
791,日豊本線,22,上り線,93873.0,右,転落防止柵,12,93867.0,93879.0,1.5,鋼,2010-03-31,対象
791,日豊本線,22,上り線,94325.0,中央,転落防止柵,8,94325.0,94325.0,1.2,鋼,2008-02-07,対象
791,日豊本線,22,上り線,94330.0,中央,落石止擁壁,13,94330.0,,1.8,鉄筋コンクリート,1999-05-01,対象
791,日豊本線,22,上り線,95100.0,左,落石止擁壁,25,95100.0,95125.0,2,鉄筋コンクリート,1996-02-01,対象
791,日豊本線,22,上り線,107870.0,右,防護柵,120,,,1,その他,1986-12-01,対象
791,日豊本線,22,上り線,108089.0,右,防護柵,6,,,1,その他,1988-12-01,対象
791,日豊本線,22,上り線,108270.0,右,転落防止柵,143.2,,,1.5,その他,1988-12-01,対象
791,日豊本線,22,上り線,108430.0,右,転落防止柵,173.6,,,1.5,その他,1988-12-01,対象
791,日豊本線,22,上り線,108550.0,右,落石止柵,65,,,,鋼及び鉄コン,1986-12-01,対象
791,日豊本線,22,上り線,108595.0,右,転落防止柵,34.1,,,1.5,その他,1986-12-01,対象
791,日豊本線,22,上り線,108670.0,右,防護柵,86,,,1,その他,1988-12-01,対象
791,日豊本線,22,上り線,108726.0,右,転落防止柵,22,,,1,その他,1988-12-01,対象
791,日豊本線,22,上り線,108850.0,右,防護柵,42,,,1,その他,1986-12-01,対象
791,日豊本線,22,上り線,108920.0,右,防護柵,87,,,1,その他,1988-12-01,対象
791,日豊本線,22,上り線,108970.0,右,転落防止柵,12,,,1.5,その他,1988-12-01,対象
791,日豊本線,22,上り線,109000.0,右,防護柵,43,,,1.5,その他,1988-12-01,対象
791,日豊本線,22,上り線,109073.0,右,防護柵,104,,,1,その他,1988-12-01,対象
791,日豊本線,22,上り線,121970.0,右,落石止柵,18,,,,その他,1956-12-01,対象
791,日豊本線,22,上り線,122005.0,右,転落防止柵,39,,,,その他,1966-12-01,対象
791,日豊本線,22,上り線,122020.0,右,転落防止柵,56.1,,,,その他,1956-12-01,対象
791,日豊本線,22,上り線,122105.0,右,防護柵,8,,,1.5,PCフェンス,2015-03-26,対象
791,日豊本線,22,上り線,122325.0,右,転落防止柵,,,,,鋼,2017-01-04,対象
791,日豊本線,22,上り線,122600.0,右,土留壁,227.2,,,,コンクリート,1966-12-01,対象
791,日豊本線,22,上り線,122600.0,右,落石止柵,19,,,,その他,1967-12-01,対象
791,日豊本線,22,上り線,122620.0,右,落石止柵,65,,,,その他,1985-12-01,対象
791,日豊本線,22,上り線,122640.0,右,落石止柵,82.5,,,,その他,1984-12-01,対象
791,日豊本線,22,上り線,122750.0,右,落石止柵,107.8,,,,その他,1980-12-01,対象
791,日豊本線,22,上り線,123120.0,右,落石止柵,23,,,,その他,1991-12-01,対象
791,日豊本線,22,上り線,123120.0,中央,防土砂諸設備,24,123120.0,123120.0,,鋼,2007-11-26,対象
791,日豊本線,22,上り線,123127.0,中央,落石止柵,11.7,,,,その他,1970-12-01,対象
791,日豊本線,22,上り線,124206.0,右,落石止柵,18,,,,鋼,1995-12-01,対象
791,日豊本線,22,上り線,124219.0,右,落石止擁壁,2.8,124219.0,124221.8,3.6,鉄筋コンクリート,1996-07-01,対象
791,日豊本線,22,上り線,124221.0,右,落石止擁壁,31,124221.0,124252.0,2,鉄筋コンクリート,1995-12-01,対象
791,日豊本線,22,上り線,124221.0,右,落石止柵,56.1,124221.0,124277.1,2,その他,1995-12-01,対象
791,日豊本線,22,上り線,125160.0,右,落石止柵,153,,,,その他,1983-12-01,対象
791,日豊本線,22,上り線,125360.0,右,落石止柵,114,,,,その他,1977-12-01,対象
791,日豊本線,22,上り線,126134.2,右,防護柵,28.4,126120.0,126148.4,,鋼,2007-02-15,対象
791,日豊本線,22,上り線,126285.0,右,落石止柵,28.2,,,,その他,1981-12-01,対象
791,日豊本線,22,上り線,126990.0,右,防土砂諸設備,38.2,126980.0,127000.0,0,鋼,2009-06-25,対象
791,日豊本線,22,上り線,127012.0,右中,防土砂諸設備,38.2,127000.0,127014.0,0,鋼,2009-06-25,対象
791,日豊本線,22,上り線,127140.0,右,落石止柵,54.5,,,,その他,1976-12-01,対象
791,日豊本線,22,上り線,127900.0,右,落石止柵,55,,,,その他,1985-12-01,対象
791,日豊本線,22,上り線,128200.0,中央,落石止柵,20.4,,,,その他,1974-12-01,対象
791,日豊本線,22,上り線,128360.0,右,落石止柵,133.3,,,,その他,1985-12-01,対象
791,日豊本線,22,上り線,128405.0,右,落石止擁壁,80,,,,鉄筋コンクリート,1995-08-01,対象
791,日豊本線,22,上り線,128470.0,右,落石止擁壁,35,,,,鉄筋コンクリート,1995-08-01,対象
791,日豊本線,22,上り線,128470.0,右,落石止柵,35,,,,鋼,1995-12-01,対象
791,日豊本線,22,上り線,128530.0,右,落石止柵,50,128520.0,128540.0,,その他,1995-01-01,対象
791,日豊本線,22,上り線,128540.0,右,落石止柵,153.8,,,,その他,1985-12-01,対象
791,日豊本線,22,上り線,128630.0,右,落石止柵,51.1,,,,鋼,1979-12-01,対象
791,日豊本線,22,上り線,128664.5,左,防護柵,9,128660.0,128669.0,,鋼,2007-02-15,対象
791,日豊本線,22,上り線,174545.0,中央,防土砂諸設備,18,174545.0,174545.0,,鋼,2015-03-23,対象
791,日豊本線,22,上り線,174625.0,中央,防土砂諸設備,19.5,174625.0,174625.0,,鋼,2008-03-10,対象
791,日豊本線,22,上り線,183900.0,右,防護その他,64,183868.0,183932.0,0,鋼,2007-02-15,対象
791,日豊本線,22,上り線,183930.0,右,転落防止柵,11,183939.0,183950.0,1.5,PC,2012-09-18,対象
791,日豊本線,22,上り線,184073.0,中央,防護その他,20,,,1.5,鋼,2008-12-26,対象
791,日豊本線,22,上り線,184098.0,右,防護その他,36,184080.0,184116.0,1.5,鋼,2008-12-26,対象
791,日豊本線,22,上り線,184185.0,右,簡易落石止柵,30,184170.0,184200.0,1.5,単管,2013-12-04,対象
791,日豊本線,22,上り線,184325.0,右,落石止擁壁,20,,,,コンクリート,1966-12-01,対象
791,日豊本線,23,上下線,1870.0,左,防護柵,37.7,1855.0,1893.0,,鋼,1999-08-01,対象
791,日豊本線,23,上下線,2080.0,右,防護柵,48,2058.0,2105.0,,鋼,1999-08-01,対象
791,日豊本線,23,上下線,2500.0,右,防護柵,28,2485.0,2513.0,,鋼,1999-08-01,対象
791,日豊本線,23,上下線,4060.0,左,防護柵,205.5,3955.0,4177.0,,鋼,2000-03-01,対象
791,日豊本線,23,上下線,12239.0,左右,転落防止柵,3,12239.0,12239.0,,PCフェンス,2014-03-01,対象外
791,日豊本線,23,上下線,32140.0,左右,防護柵,278.5,32065.0,32205.0,,鋼,2001-03-01,対象
791,日豊本線,23,上下線,50450.0,左右,防護柵,50,,,,該当なし,1991-09-01,対象
791,日豊本線,23,上下線,51100.0,左右,防護諸設備,478.9,,,,該当なし,1982-12-01,対象外
791,日豊本線,23,上下線,53500.0,右,防護柵,170.6,,,,該当なし,1992-01-01,対象外
791,日豊本線,23,上下線,59250.0,左,防護柵,3.8,,,,該当なし,1991-09-01,対象外
791,日豊本線,23,上下線,60000.0,右,転落防止柵,,,,,該当なし,1984-12-01,対象
791,日豊本線,23,上下線,60200.0,右,転落防止柵,30,,,,該当なし,1993-03-01,対象
791,日豊本線,23,上下線,65530.0,左,転落防止柵,6,,,,該当なし,2011-03-29,対象
791,日豊本線,23,上下線,65860.0,右,転落防止柵,54,,,,該当なし,1990-08-01,対象
791,日豊本線,23,上下線,66200.0,右,防護柵,125,66175.0,66300.0,,該当なし,1992-03-01,対象
791,日豊本線,23,上下線,68725.0,右,防護柵,30,,,,該当なし,1984-12-01,対象
791,日豊本線,23,上下線,93600.0,左,落石止柵,75,,,,鋼及び鉄コン,1982-12-01,対象
791,日豊本線,23,上下線,93685.0,左,落石止柵,39,93671.0,93710.0,1,鋼及び鉄コン,1992-12-01,対象
791,日豊本線,23,上下線,93701.0,右,土留壁,13.5,,,,コンクリート,1914-12-01,対象
791,日豊本線,23,上下線,93800.0,左,落石止柵,183,,,,その他,1969-12-01,対象
791,日豊本線,23,上下線,93860.0,左,落石止柵,39,,,1.5,鋼及び鉄コン,1976-12-01,対象
791,日豊本線,23,上下線,93925.0,左,落石止擁壁,30,,,,コンクリート,1914-12-01,対象
791,日豊本線,23,上下線,94320.0,右,防土砂諸設備,,,,,コンクリート,1989-02-01,対象
791,日豊本線,23,上下線,115850.0,右,転落防止柵,60.7,,,1,鋼,1986-12-01,対象
791,日豊本線,23,上下線,116030.0,右,転落防止柵,92.9,,,1,鋼,1986-12-01,対象
791,日豊本線,23,上下線,119290.0,右,転落防止柵,61.4,119260.0,119321.4,1,鋼,2012-02-01,対象
791,日豊本線,23,上下線,119325.0,右,転落防止柵,18,119316.0,119334.0,1,鋼,2012-02-01,対象
791,日豊本線,23,上下線,119500.0,左,転落防止柵,123,119410.0,119530.0,0,鋼,2007-02-15,対象
791,日豊本線,23,上下線,127008.0,中央,落石止柵,32.9,,,,その他,1985-12-01,対象
791,日豊本線,23,上下線,127088.0,中央,落石止柵,16.5,,,,その他,1985-12-01,対象
791,日豊本線,23,上下線,183970.0,中央,落石止柵,,,,,その他,2006-02-11,対象
795,日田彦山線,10,単線,2035.0,左,防護柵,50,2010.0,2060.0,,木,2014-11-12,対象
795,日田彦山線,10,単線,4547.0,左,落石止擁壁,27,,,0.9,コンクリート,1990-06-01,対象
795,日田彦山線,10,単線,4600.0,左,落石止柵,78,,,1,鋼,1977-12-01,対象
795,日田彦山線,10,単線,15710.0,右,落石止柵,72,,,1.2,鋼,,対象
795,日田彦山線,10,単線,15725.0,左,簡易落石止柵,8,,,1.5,PCフェンス,2015-03-02,対象
795,日田彦山線,10,単線,15770.0,右,落石止柵,42,,,,鋼,2004-03-01,対象
795,日田彦山線,10,単線,15810.0,右,落石止柵,42,0.0,0.0,2,鋼,2004-07-21,対象
795,日田彦山線,10,単線,15834.0,右,簡易落石止柵,6,15834.0,15840.0,1.5,PCフェンス,2018-01-25,対象
795,日田彦山線,10,単線,15920.0,左,防護諸設備,20,,,,鋼,1993-12-01,対象
795,日田彦山線,10,単線,16060.0,左,落石止柵,38,,,1,鋼,1978-12-01,対象
795,日田彦山線,10,単線,20065.0,右,のり面工,,,,,コンクリート,,対象
795,日田彦山線,10,単線,20110.0,右,落石止柵,,,,,鋼,1973-12-01,対象
795,日田彦山線,10,単線,20115.0,右,落石止擁壁,,,,,コンクリート,1973-12-01,対象
795,日田彦山線,10,単線,20116.0,右,落石止擁壁,,,,,コンクリート,1973-12-01,対象
795,日田彦山線,10,単線,20355.0,右,落石止擁壁,,,,,コンクリート,1978-12-01,対象
795,日田彦山線,10,単線,20355.0,右,落石止柵,,,,,鋼,1978-12-01,対象
795,日田彦山線,10,単線,20410.0,右,防護その他,,,,,鋼,2004-02-01,対象
795,日田彦山線,10,単線,20460.0,右,落石止柵,48,,,1.2,鋼,2002-01-01,対象
795,日田彦山線,10,単線,20470.0,右,落石止柵,,,,,鉄筋コンクリート,1973-12-01,対象
795,日田彦山線,10,単線,20500.0,右,落石止擁壁,28.5,,,,鉄筋コンクリート,1998-09-01,対象
795,日田彦山線,10,単線,20500.0,右,落石止柵,24,,,,鋼,1998-09-01,対象
795,日田彦山線,10,単線,28737.0,無,落石覆,25,28737.0,,,鉄筋コンクリート,1973-12-01,対象
795,日田彦山線,10,単線,29150.0,右,簡易落石止柵,52,29150.0,29202.0,1.5,PCフェンス,2018-01-25,対象
795,日田彦山線,10,単線,37923.0,右,防護柵,21,,,1,鋼,1984-12-01,対象
795,日田彦山線,10,単線,39020.0,右,防護諸設備,,,,,コンクリート,1974-12-01,対象
795,日田彦山線,10,単線,41089.0,中央,簡易落石止柵,10,,,1.5,PCフェンス,2013-08-12,対象
795,日田彦山線,10,単線,42020.0,右,落石止柵,30,0.0,0.0,2,鋼,2004-07-20,対象
795,日田彦山線,10,単線,42028.0,右,簡易落石止柵,2,42028.0,42040.0,,PCフェンス,2017-03-28,対象
795,日田彦山線,10,単線,42057.0,右,簡易落石止柵,2,42057.0,42079.0,,PCフェンス,2017-03-28,対象
795,日田彦山線,10,単線,42080.0,右,簡易落石止柵,2,,,,PCフェンス,,対象
795,日田彦山線,10,単線,42081.0,右,簡易落石止柵,2,42081.0,42087.0,,PCフェンス,2017-03-28,対象
795,日田彦山線,10,単線,42100.0,右,落石止柵,17,,,1.5,鋼,1992-08-01,対象
795,日田彦山線,10,単線,42108.0,右,落石止柵,21,,,1,鋼,1977-12-01,対象
795,日田彦山線,10,単線,42150.0,右,落石止擁壁,33,,,,コンクリート,1964-12-01,対象
795,日田彦山線,10,単線,42150.0,右,落石止柵,12,,,1,鋼,1977-12-01,対象
795,日田彦山線,10,単線,42151.0,右,落石止柵,32.6,,,,鋼,1964-12-01,対象
795,日田彦山線,10,単線,42200.0,右,落石止柵,198,0.0,0.0,2,鋼,2004-12-28,対象
795,日田彦山線,10,単線,42340.0,右,その他安全柵,96,42299.0,42391.0,1.2,鋼,2005-10-07,対象
795,日田彦山線,10,単線,43670.0,左,落石止柵,42,0.0,0.0,2,鋼,2004-08-10,対象
795,日田彦山線,10,単線,43705.0,左,簡易落石止柵,42,43684.0,43726.0,1.5,PCフェンス,,対象
795,日田彦山線,10,単線,44090.0,左,落石止柵,24,,,,鋼,2004-03-01,対象
795,日田彦山線,10,単線,44117.0,左,落石止擁壁,,,,,鉄筋コンクリート,1976-12-01,対象
795,日田彦山線,10,単線,44170.0,左,落石止擁壁,,,,1.5,コンクリート,1957-12-01,対象
795,日田彦山線,10,単線,44170.0,左,落石止柵,49,,,1,鋼,1976-12-01,対象
795,日田彦山線,10,単線,44171.0,左,落石止擁壁,,,,1.2,コンクリート,1967-12-01,対象
795,日田彦山線,10,単線,44171.0,左,落石止柵,8.8,,,1.2,鋼,1976-12-01,対象
795,日田彦山線,10,単線,44240.0,左,落石止擁壁,,,,2,コンクリート,1993-09-01,対象
795,日田彦山線,10,単線,44240.0,左,落石止柵,28,,,1.6,鋼,1983-12-01,対象
795,日田彦山線,10,単線,44441.0,左,防護その他,30,,,,鋼,2004-03-01,対象
795,日田彦山線,10,単線,44470.0,左,落石止柵,54,,,,鋼,1976-12-01,対象
795,日田彦山線,10,単線,44516.0,左,落石止柵,18,,,1.5,鋼,1983-12-01,対象
795,日田彦山線,10,単線,44517.0,左,防護その他,50,44517.0,44567.0,,鋼,2013-08-12,対象
795,日田彦山線,10,単線,44540.0,左,落石止柵,36,,,,鋼,1976-12-01,対象
795,日田彦山線,10,単線,44550.0,左,落石止柵,35,,,,鋼,1993-12-01,対象
795,日田彦山線,10,単線,44557.0,左,防護その他,6,,,,鋼,2013-08-12,対象
795,日田彦山線,10,単線,44610.0,左,落石止擁壁,,,,4.5,コンクリート,1958-12-01,対象
795,日田彦山線,10,単線,44610.0,左,落石止柵,88,,,1,鋼,1976-12-01,対象
795,日田彦山線,10,単線,44670.0,左,落石止柵,18,0.0,0.0,2,鋼,2004-07-20,対象
795,日田彦山線,10,単線,44740.0,左,落石止柵,39,,,,鋼,2004-03-01,対象
795,日田彦山線,10,単線,44896.0,中央,簡易落石止柵,10,,,1.5,PCフェンス,2013-08-12,対象
795,日田彦山線,10,単線,44924.0,中央,簡易落石止柵,81.5,,,1.2,PCフェンス,2016-08-10,対象
795,日田彦山線,10,単線,44993.0,中央,簡易落石止柵,9,44993.0,44993.0,1.5,PCフェンス,,対象
795,日田彦山線,10,単線,45145.0,右,簡易落石止柵,19.5,45138.0,45153.0,1.5,PCフェンス,2017-01-06,対象
795,日田彦山線,10,単線,45153.0,右,落石止柵,15,,,,該当なし,1984-12-01,対象
795,日田彦山線,10,単線,45339.0,中央,簡易落石止柵,9,45339.0,45339.0,1.5,PCフェンス,,対象
795,日田彦山線,10,単線,45377.0,左,簡易落石止柵,77,45338.0,45415.0,1.5,PCフェンス,,対象
795,日田彦山線,10,単線,45527.0,左,簡易落石止柵,117,45469.0,45585.0,1.5,PCフェンス,2017-01-06,対象
795,日田彦山線,10,単線,45600.0,右,落石止柵,27,45588.0,45615.0,2,鋼,2005-12-16,対象
795,日田彦山線,10,単線,45760.0,左,落石止柵,42,0.0,0.0,2,鋼,2004-08-03,対象
795,日田彦山線,10,単線,46500.0,左,落石止柵,36,0.0,0.0,2.5,鋼,2004-08-10,対象
795,日田彦山線,10,単線,47040.0,左,防護諸設備,,,,,PCフェンス,,対象
795,日田彦山線,10,単線,47610.0,左,落石止柵,18,47610.0,47628.0,2,鋼,2013-07-12,対象
795,日田彦山線,10,単線,47650.0,左,落石止擁壁,40,,,1.4,コンクリート,1956-12-01,対象
795,日田彦山線,10,単線,47711.0,左,落石止擁壁,80,,,2.5,コンクリート,1956-12-01,対象
795,日田彦山線,10,単線,47711.0,左,落石止柵,80,,,1.2,鋼,1957-12-01,対象
795,日田彦山線,10,単線,47721.0,左,落石止擁壁,140,,,2,コンクリート,1961-12-01,対象
795,日田彦山線,10,単線,47721.0,左,落石止柵,139,,,,鋼,1957-12-01,対象
795,日田彦山線,10,単線,47732.0,右,落石止擁壁,40,,,2.5,コンクリート,1956-12-01,対象
795,日田彦山線,10,単線,47732.0,右,落石止柵,40,,,1.2,鋼,1957-12-01,対象
795,日田彦山線,10,単線,47733.0,右,落石止擁壁,40,,,2,コンクリート,1961-12-01,対象
795,日田彦山線,10,単線,47733.0,右,落石止柵,39,,,,鋼,1957-12-01,対象
795,日田彦山線,10,単線,48180.0,左,落石止柵,23,,,2,鋼,1977-12-01,対象
795,日田彦山線,10,単線,48760.0,左,落石止擁壁,10,,,3,コンクリート,1964-12-01,対象
795,日田彦山線,10,単線,48770.0,左,防護その他,11,0.0,0.0,0,その他,2004-08-24,対象
795,日田彦山線,10,単線,48810.0,左,落石止擁壁,20,,,2.2,コンクリート,1986-12-01,対象
795,日田彦山線,10,単線,48810.0,左,防護柵,30,48793.0,48818.0,1.2,鋼,2006-10-16,対象
795,日田彦山線,10,単線,48850.74,左,落石止擁壁,40.6,,,,コンクリート,1956-12-01,対象
795,日田彦山線,10,単線,48925.0,左,落石止柵,15,,,1.6,鋼,1986-12-01,対象
795,日田彦山線,10,単線,48930.0,左,落石止柵,57,0.0,0.0,2,鋼,2004-07-21,対象
795,日田彦山線,10,単線,48940.0,左,落石止柵,15,,,1.6,鋼,1985-12-01,対象
795,日田彦山線,10,単線,48960.74,左,落石止擁壁,19.4,,,,コンクリート,1956-12-01,対象
795,日田彦山線,10,単線,48970.0,左,落石止柵,9,,,1.6,鋼,1986-12-01,対象
795,日田彦山線,10,単線,49190.0,左,防護その他,42,0.0,0.0,0,その他,2004-07-21,対象
795,日田彦山線,10,単線,49200.0,左,落石止柵,21,,,1.6,鋼,1986-12-01,対象
795,日田彦山線,10,単線,49201.0,左,落石止柵,20,,,,鋼,1986-12-01,対象
795,日田彦山線,10,単線,49202.0,左,落石止柵,21,,,,鋼,1986-12-01,対象
795,日田彦山線,10,単線,50030.0,右,落石止柵,21,50015.0,50036.0,2,鋼,2005-12-21,対象
795,日田彦山線,10,単線,50070.0,右,落石止柵,30,,,1.6,鋼,1983-12-01,対象
795,日田彦山線,10,単線,50210.0,左,落石止柵,2.1,,,3.1,鋼,1957-12-01,対象
795,日田彦山線,10,単線,50350.0,左,落石止柵,91,50304.5,50395.5,2,鋼,1978-03-01,対象
795,日田彦山線,10,単線,50388.0,中央,防護柵,25.4,,,,鋼,1987-02-01,対象
795,日田彦山線,10,単線,50510.0,中央,簡易落石止柵,49,,,1.5,PCフェンス,2014-03-05,対象
795,日田彦山線,10,単線,54890.0,右,防護その他,32,54874.0,54906.0,1.2,鋼,1977-08-01,対象
795,日田彦山線,10,単線,54890.0,中央,落石止柵,,,,2,鋼,1977-08-01,対象
795,日田彦山線,10,単線,54900.0,右,防護その他,120,54840.0,54960.0,1,鋼,1978-03-01,対象
795,日田彦山線,10,単線,55040.0,左,落石止柵,11.6,55034.2,55045.8,1.55,コンクリート,1985-03-01,対象
795,日田彦山線,10,単線,55602.0,左,落石止柵,55.8,,,2,金網,2016-11-08,対象
795,日田彦山線,10,単線,55818.0,左,簡易落石止柵,4,55816.0,55820.0,,PCフェンス,2017-03-21,対象
795,日田彦山線,10,単線,55824.0,中央,落石止柵,4,,,2,金網,2016-11-08,対象
795,日田彦山線,10,単線,55824.0,中央,防護その他,9,55824.0,55824.0,,金網,2014-03-14,対象
795,日田彦山線,10,単線,55918.0,中央,防護その他,,55918.0,55918.0,,鋼,2016-06-24,対象
795,日田彦山線,10,単線,55919.0,中央,防護その他,,55919.0,55919.0,,鋼,2016-06-24,対象
795,日田彦山線,10,単線,55920.0,中央,防護その他,,55920.0,55920.0,,鋼,2016-06-24,対象
795,日田彦山線,10,単線,55921.0,中央,防護その他,,55921.0,55921.0,,鋼,2016-06-24,対象
795,日田彦山線,10,単線,55923.0,左,簡易落石止柵,24.05,55915.0,55930.0,,PCフェンス,2017-03-21,対象
795,日田彦山線,10,単線,56000.0,左,落石止柵,15,55995.0,56010.0,2,鋼,2005-12-16,対象
795,日田彦山線,10,単線,56065.0,左,落石止柵,,,,,鋼,1974-12-01,対象
795,日田彦山線,10,単線,56073.5,左,防護その他,75,56036.0,56111.0,,鋼,2007-06-15,対象
795,日田彦山線,10,単線,56110.0,左,落石止擁壁,,,,,鋼,1981-12-01,対象
795,日田彦山線,10,単線,56121.0,左,落石止柵,35.6,56121.0,56152.0,2,金網,2016-11-08,対象
795,日田彦山線,10,単線,56206.0,左,落石止柵,31.75,56206.0,56232.0,2,金網,2016-11-08,対象
795,日田彦山線,10,単線,56240.0,左,落石止柵,21,,,1.6,鋼,1984-12-01,対象
795,日田彦山線,10,単線,56310.0,左,落石止柵,9,56310.0,56310.0,2,鋼,2005-12-01,対象
795,日田彦山線,10,単線,56320.0,左,落石止擁壁,,,,,コンクリート,1958-12-01,対象
795,日田彦山線,10,単線,56320.0,左,落石止柵,11,,,1.5,その他,1974-12-01,対象
795,日田彦山線,10,単線,56325.0,左,落石止柵,32.8,,,2,鋼,1977-12-01,対象
795,日田彦山線,10,単線,56350.0,中央,防護諸設備,23,,,1.2,鋼,1977-12-01,対象
795,日田彦山線,10,単線,56440.0,中央,防護その他,450,56440.0,56440.0,,鋼,2005-12-21,対象
795,日田彦山線,10,単線,56450.0,左,防護その他,23.32,,,,鋼,2015-12-10,対象
795,日田彦山線,10,単線,56470.0,左,落石止柵,52,,,2,鋼,1977-12-01,対象
795,日田彦山線,10,単線,56542.0,左,防護その他,,,,,鋼,2008-01-15,対象
795,日田彦山線,10,単線,56548.0,左,防護その他,,,,,鋼,2008-01-15,対象
795,日田彦山線,10,単線,56549.0,左,防護その他,10,56549.0,56551.0,,鋼,2016-10-27,対象
795,日田彦山線,10,単線,56550.0,左,防護その他,10,56550.0,56552.0,,鋼,2016-10-27,対象
795,日田彦山線,10,単線,56551.0,左,防護その他,10,56551.0,56553.0,,鋼,2016-10-27,対象
795,日田彦山線,10,単線,56552.0,左,防護その他,,,,,鋼,2008-01-15,対象
795,日田彦山線,10,単線,56553.0,左,防護その他,,,,,鋼,2007-02-20,対象
795,日田彦山線,10,単線,56570.0,左,落石止柵,0.84,,,2.7,鋼,1981-12-01,対象
795,日田彦山線,10,単線,56572.0,左,防護その他,,,,,鋼,2006-02-20,対象
795,日田彦山線,10,単線,56582.0,左,防護その他,14.02,56582.0,56596.02,20.1,鋼,2012-08-28,対象
795,日田彦山線,10,単線,56590.0,左,防護その他,,56590.0,56590.0,,鋼,2017-07-14,対象
795,日田彦山線,10,単線,56595.0,左,防護その他,10,56595.0,56602.0,,鋼,2016-10-27,対象
795,日田彦山線,10,単線,56598.0,左,落石止柵,,,,,鋼,1974-12-01,対象
795,日田彦山線,10,単線,56599.0,左,防護その他,,56599.0,56599.0,,鋼,2017-07-14,対象
795,日田彦山線,10,単線,56600.0,左,防護その他,10,56595.0,56605.0,,鋼,2016-03-03,対象
795,日田彦山線,10,単線,56601.0,左,防護その他,10,56601.0,56603.0,,鋼,2016-10-27,対象
795,日田彦山線,10,単線,56605.0,左,防護その他,,56605.0,56605.0,,鋼,2017-07-14,対象
795,日田彦山線,10,単線,56606.0,左,防護その他,,56606.0,56606.0,,鋼,2017-07-14,対象
795,日田彦山線,10,単線,56610.0,左,防護その他,,56610.0,56610.0,,鋼,2017-07-14,対象
795,日田彦山線,10,単線,56611.0,左,防護その他,,56611.0,56611.0,,鋼,2017-07-14,対象
795,日田彦山線,10,単線,56612.0,左,防護その他,,56612.0,56612.0,,鋼,2017-07-14,対象
795,日田彦山線,10,単線,56620.0,左,落石止柵,,,,,鋼,2013-10-05,対象
795,日田彦山線,10,単線,56660.0,左,落石止柵,38,,,2,鋼,1977-12-01,対象
795,日田彦山線,10,単線,56670.0,左,落石止柵,37,,,2,金網,2013-10-05,対象
795,日田彦山線,10,単線,56670.0,左,防護その他,2,,,,鋼,2013-10-05,対象
795,日田彦山線,10,単線,56688.0,左,防護その他,10,56688.0,56902.0,,鋼,2016-10-27,対象
795,日田彦山線,10,単線,56705.0,左,落石止擁壁,,,,,コンクリート,1956-12-01,対象
795,日田彦山線,10,単線,56710.0,左,落石止柵,24,56698.0,56722.0,2,鋼,2005-11-30,対象
795,日田彦山線,10,単線,56730.0,左,落石止柵,18,56721.0,56739.0,2,鋼,1996-10-01,対象
795,日田彦山線,10,単線,56730.0,左,防護その他,18,56720.0,56738.0,,鋼,2016-03-29,対象
795,日田彦山線,10,単線,56739.0,左,防護その他,18,56720.0,56738.0,,鋼,2016-08-30,対象
795,日田彦山線,10,単線,56740.0,左,防護その他,18,56720.0,56738.0,,鋼,2016-08-30,対象
795,日田彦山線,10,単線,56741.0,左,防護その他,18,56720.0,56738.0,,鋼,2016-08-30,対象
795,日田彦山線,10,単線,56742.0,左,防護その他,18,56720.0,56738.0,,鋼,2016-08-30,対象
795,日田彦山線,10,単線,56760.0,左,防護その他,,56760.0,56765.03,,鋼,2015-10-07,対象
795,日田彦山線,10,単線,56761.0,左,防護その他,,56761.0,56766.0,,鋼,2015-10-07,対象
795,日田彦山線,10,単線,56762.0,左,防護その他,,56762.0,56762.5,,鋼,2015-10-07,対象
795,日田彦山線,10,単線,56763.0,左,防護その他,,56763.0,56765.0,,鋼,2015-10-07,対象
795,日田彦山線,10,単線,56764.0,左,防護その他,,56764.0,56765.0,,鋼,2015-10-07,対象
795,日田彦山線,10,単線,56779.0,左,防護その他,10,56779.0,56782.0,,鋼,2016-10-27,対象
795,日田彦山線,10,単線,56780.0,左,防護その他,,56780.0,56780.0,,鋼,2014-03-14,対象
795,日田彦山線,10,単線,56781.0,左,防護その他,,56781.0,56781.0,,鋼,2014-03-14,対象
795,日田彦山線,10,単線,56782.0,左,防護その他,,56782.0,56782.0,,鋼,2014-03-14,対象
795,日田彦山線,10,単線,56783.0,左,防護その他,,56783.0,56783.0,,鋼,2014-03-14,対象
795,日田彦山線,10,単線,56784.0,左,防護その他,10,56784.0,56786.0,,鋼,2016-10-27,対象
795,日田彦山線,10,単線,56785.0,左,防護その他,,56785.0,56785.0,,鋼,2014-03-14,対象
795,日田彦山線,10,単線,56786.0,左,防護その他,,56786.0,56786.0,,鋼,2014-03-14,対象
795,日田彦山線,10,単線,56790.0,左,防護その他,,56790.0,56790.0,,鋼,2014-03-14,対象
795,日田彦山線,10,単線,56990.0,左,落石止柵,30,,,2,鋼,1977-12-01,対象
795,日田彦山線,10,単線,57000.0,左,落石止柵,21,56991.0,57011.0,2,鋼,1992-07-01,対象
795,日田彦山線,10,単線,57010.0,左,落石止柵,12,57010.0,57022.0,2,鋼,1998-10-01,対象
795,日田彦山線,10,単線,57332.0,中央,落石止柵,27,,,2,鋼,2008-01-15,対象
795,日田彦山線,10,単線,57402.0,中央,落石止柵,11,57402.0,57402.0,2,鋼,2005-12-21,対象
795,日田彦山線,10,単線,57402.1,中央,簡易落石止柵,4,,,1.5,PCフェンス,2014-01-02,対象
795,日田彦山線,10,単線,57403.0,左,簡易落石止柵,9.1,,,,PCフェンス,2014-06-18,対象
795,日田彦山線,10,単線,57568.0,左,簡易落石止柵,24.7,57556.0,57579.0,,PCフェンス,2017-03-21,対象
795,日田彦山線,10,単線,57580.0,左,落石止柵,25.6,57580.0,57580.0,2,鋼,2005-12-21,対象
795,日田彦山線,10,単線,57589.0,右,落石止柵,17,,,1.3,鋼,1983-12-01,対象
795,日田彦山線,10,単線,57660.0,中央,簡易落石止柵,38,,,1.5,PCフェンス,2013-08-12,対象
795,日田彦山線,10,単線,57666.0,右,簡易落石止柵,24.7,57656.0,57676.0,,PCフェンス,2017-03-21,対象
795,日田彦山線,10,単線,57668.0,中央,防護その他,9,57668.0,57668.0,,金網,2014-03-14,対象
795,日田彦山線,10,単線,57759.0,左,簡易落石止柵,31.9,576745.0,57772.0,,PCフェンス,2017-03-21,対象
795,日田彦山線,10,単線,57889.0,左,簡易落石止柵,1.1,57889.0,57889.0,,PCフェンス,2017-03-21,対象
795,日田彦山線,10,単線,57889.0,右,簡易落石止柵,1.3,57889.0,57889.0,,PCフェンス,2017-03-21,対象
795,日田彦山線,10,単線,57889.0,中央,簡易落石止柵,9,,,1.5,PCフェンス,2013-08-12,対象
795,日田彦山線,10,単線,57897.0,左,簡易落石止柵,20.5,57889.0,57905.0,,PCフェンス,2017-03-21,対象
795,日田彦山線,10,単線,58142.8,左,防護諸設備,51.17,58117.0,58162.5,1.5,PCフェンス,2015-11-09,対象
795,日田彦山線,10,単線,58172.0,右,防護諸設備,18,,,1.2,鋼,1977-12-01,対象
795,日田彦山線,10,単線,58280.0,左,防護その他,24,0.0,0.0,0,その他,2004-07-21,対象
795,日田彦山線,10,単線,58300.0,左,防護その他,36,,,,鋼,2004-03-01,対象
795,日田彦山線,10,単線,58302.0,左,落石止柵,64.8,,,1,鋼,1974-12-01,対象
795,日田彦山線,10,単線,58310.0,右,防護諸設備,15,,,1.2,鋼,1977-12-01,対象
795,日田彦山線,10,単線,58465.0,左,落石止柵,14,,,1.3,鋼,1984-12-01,対象
795,日田彦山線,10,単線,58780.0,中央,落石覆,15,58767.0,58872.0,,鋼,1972-02-01,対象
795,日田彦山線,10,単線,58835.0,中央,防護諸設備,,,,1.5,PCフェンス,2015-03-23,対象
795,日田彦山線,10,単線,58850.0,右,防護諸設備,,,,1.2,PCフェンス,,対象
795,日田彦山線,10,単線,59164.0,左,簡易落石止柵,27.8,59151.0,59177.0,,PCフェンス,2017-03-21,対象
795,日田彦山線,10,単線,59430.0,左,簡易落石止柵,77.8,59394.0,59467.0,,PCフェンス,2014-08-05,対象
795,日田彦山線,10,単線,59457.0,左,防護その他,,59457.0,59457.0,,鋼,2015-08-05,対象
795,日田彦山線,10,単線,59462.0,左,防護その他,,59462.0,59462.0,,鋼,2015-08-05,対象
795,日田彦山線,10,単線,59463.0,左,防護その他,,59463.0,59463.0,,鋼,2015-08-05,対象
795,日田彦山線,10,単線,59464.0,左,防護その他,,59464.0,59464.0,,鋼,2015-08-05,対象
795,日田彦山線,10,単線,59510.0,左,落石止柵,36,,,,鋼,2004-03-01,対象
795,日田彦山線,10,単線,59700.0,左,落石止擁壁,45,,,1.5,鉄筋コンクリート,1977-12-01,対象
795,日田彦山線,10,単線,59700.0,左,防護その他,3,59700.0,59703.0,,鋼,2015-10-07,対象
795,日田彦山線,10,単線,59701.0,左,落石止擁壁,,,,,鉄筋コンクリート,1979-12-01,対象
795,日田彦山線,10,単線,59970.0,左,落石止柵,24,59958.0,59982.0,2,鋼,2005-08-10,対象
795,日田彦山線,10,単線,60015.0,左,簡易落石止柵,71.6,59980.0,60051.0,,PCフェンス,2014-06-18,対象
795,日田彦山線,10,単線,60110.0,左,落石止柵,30,,,1.6,鋼,1986-12-01,対象
795,日田彦山線,10,単線,60131.0,左,簡易落石止柵,2,,,,PCフェンス,2014-06-18,対象
795,日田彦山線,10,単線,62425.0,右,防護その他,,62425.0,62425.0,,鋼,2016-06-24,対象
795,日田彦山線,10,単線,64619.0,左,簡易落石止柵,36.5,64619.0,64655.5,1.5,PCフェンス,2014-03-01,対象
795,日田彦山線,10,単線,64672.0,左,簡易落石止柵,57.85,64672.0,64729.85,1.5,PCフェンス,2014-03-01,対象
795,日田彦山線,10,単線,64750.0,左,簡易落石止柵,20,64750.0,64770.0,1.5,PCフェンス,2014-03-01,対象
795,日田彦山線,10,単線,65845.0,左,その他安全柵,64,65845.0,65909.0,1.8,鋼,1999-03-01,対象
795,日田彦山線,10,単線,65914.0,右,転落防止柵,34.7,65914.0,65949.0,1.2,PCフェンス,2017-03-09,対象
795,日田彦山線,10,単線,65920.0,左,防土砂諸設備,2.1,65920.0,65920.0,1.3,鋼,1992-08-01,対象
795,日田彦山線,10,単線,66000.0,左,落石止柵,54,,,,鋼,1986-12-01,対象
795,日田彦山線,10,単線,66037.0,左,防護諸設備,1,66037.0,66037.0,,その他,2017-03-09,対象
795,日田彦山線,10,単線,66050.0,中央,落石止擁壁,,,,,コンクリート,1970-12-01,対象
795,日田彦山線,10,単線,66646.0,左,その他安全柵,43.4,66637.0,66680.0,1.2,鋼,2011-08-08,対象
795,日田彦山線,10,単線,66700.0,左,落石止柵,42,66680.0,66722.0,2,鋼,1993-10-01,対象
795,日田彦山線,10,単線,67340.0,左,落石止柵,,,,2,鋼,1979-12-01,対象
795,日田彦山線,10,単線,67350.0,左,落石止擁壁,,,,,鉄筋コンクリート,1979-12-01,対象
795,日田彦山線,10,単線,67352.0,右,転落防止柵,27,67352.0,67379.0,1.2,PCフェンス,2017-03-09,対象
795,日田彦山線,10,単線,67396.0,右,転落防止柵,11.5,67396.0,67407.0,1.2,PCフェンス,2017-03-09,対象
795,日田彦山線,10,単線,67398.0,左,落石止擁壁,4.5,,,,鉄筋コンクリート,1979-12-01,対象
795,日田彦山線,10,単線,67450.0,左,落石止柵,12,,,,鋼,1963-12-01,対象
795,日田彦山線,10,単線,67451.0,左,落石止柵,23.5,,,,鋼,1963-12-01,対象
795,日田彦山線,10,単線,67470.0,左,落石止柵,5,67467.0,67472.0,,鋼及び鉄コン,2002-03-01,対象
795,日田彦山線,10,単線,67477.5,左,落石止柵,13,67471.0,67484.0,,鋼,2004-09-01,対象
795,日田彦山線,10,単線,67481.0,左,転落防止柵,22,67481.0,67503.0,1.5,PCフェンス,2017-03-09,対象
795,日田彦山線,10,単線,67549.0,右,転落防止柵,15,67549.0,67563.0,1.2,PCフェンス,2017-03-09,対象
795,日田彦山線,10,単線,67550.0,左,落石止柵,20.9,,,,鋼,1980-12-01,対象
795,日田彦山線,10,単線,67583.0,左,落石止柵,15,67575.0,67590.0,,鋼,2013-03-15,対象
795,日田彦山線,10,単線,67670.0,左,防土砂諸設備,1,67670.0,67670.0,,その他,2017-02-13,対象
823,日南線,10,単線,1192.0,右,防護柵,4,1190.0,1194.0,1.8,鋼,2011-08-07,対象
823,日南線,10,単線,1194.0,左,防護柵,8,1190.0,1198.0,1.8,鋼,2011-08-07,対象
823,日南線,10,単線,1320.0,右,防護柵,7,1317.0,1324.0,1.8,鋼,2011-08-07,対象
823,日南線,10,単線,1322.0,左,防護柵,10,1317.0,1327.0,1.8,鋼,2011-08-07,対象
823,日南線,10,単線,1520.0,左,防護柵,22,1509.0,1531.0,1.5,鋼,1995-01-01,対象
823,日南線,10,単線,1588.0,右,防護柵,42,1567.0,1609.0,1.2,鋼,1995-10-01,対象
823,日南線,10,単線,1807.0,右,防護柵,42,1786.0,1828.0,1.2,鋼,1995-10-01,対象
823,日南線,10,単線,1900.0,左,防護柵,130,1830.0,1960.0,1.2,鋼,1995-07-01,対象
823,日南線,10,単線,1925.0,右,防護柵,51,1900.0,1951.0,1.2,鋼,1995-10-01,対象
823,日南線,10,単線,2020.0,右,防護柵,89.3,1975.0,2064.0,1.2,鋼,1995-07-01,対象
823,日南線,10,単線,2100.0,左,防護柵,219.2,1966.0,2185.0,1.2,鋼,1995-07-01,対象
823,日南線,10,単線,2120.0,右,防護柵,184,2028.0,2212.0,1.2,鋼,1995-07-01,対象
823,日南線,10,単線,3020.0,左,防護柵,4,3018.0,3022.0,1.5,鋼,2011-03-25,対象
823,日南線,10,単線,3020.0,右,防護柵,4,3018.0,3022.0,1.5,鋼,2011-03-25,対象
823,日南線,10,単線,3549.0,右,防護柵,4,3547.0,3551.0,1.5,鋼,2011-03-25,対象
823,日南線,10,単線,3550.0,左,防護柵,4,3548.0,3552.0,1.5,鋼,2011-03-25,対象
823,日南線,10,単線,3701.0,左,防護柵,4,3699.0,3703.0,1.5,鋼,2011-03-25,対象
823,日南線,10,単線,3701.0,右,防護柵,4,3699.0,3703.0,1.5,鋼,2011-03-25,対象
823,日南線,10,単線,4275.0,左,防護柵,20,4265.0,4285.0,1.5,鋼,2011-03-25,対象
823,日南線,10,単線,4280.0,右,防護柵,10,4275.0,4285.0,1.5,鋼,2011-03-25,対象
823,日南線,10,単線,5830.0,左,防護柵,4,5828.0,5832.0,1.5,鋼,2011-03-25,対象
823,日南線,10,単線,5830.0,右,防護柵,4,5828.0,5832.0,1.5,鋼,2011-03-25,対象
823,日南線,10,単線,5955.0,左,防護柵,4,5953.0,5957.0,1.5,鋼,2011-03-25,対象
823,日南線,10,単線,5955.0,右,防護柵,4,5953.0,5957.0,1.5,鋼,2011-03-25,対象
823,日南線,10,単線,8400.0,右,防護柵,8,8390.0,8400.0,,PCフェンス,2016-03-29,対象
823,日南線,10,単線,8605.0,左,防護諸設備,24,8592.0,8616.0,,鋼,1996-12-01,対象
823,日南線,10,単線,8605.0,右,防護柵,8,8601.0,8609.0,,鋼,1996-12-01,対象
823,日南線,10,単線,8623.0,左,防護諸設備,1.8,8623.0,8624.0,,鋼,1996-12-01,対象
823,日南線,10,単線,10570.0,右,防土砂諸設備,15,,,4,鉄筋コンクリート,2006-12-22,対象
823,日南線,10,単線,10590.0,右,落石止柵,25,,,,鋼,1963-12-01,対象
823,日南線,10,単線,10640.0,右,落石止柵,25.2,10621.0,10646.2,,鋼,2007-09-15,対象
823,日南線,10,単線,13830.0,右,簡易落石止柵,22.59,13818.5,13841.09,1.5,単管,2014-02-14,対象
823,日南線,10,単線,16700.0,左,防護柵,87.1,16664.0,16751.1,,鋼,1997-07-01,対象
823,日南線,10,単線,16732.5,右,転落防止柵,45,16710.0,16755.0,1.1,鋼,2014-01-07,対象
823,日南線,10,単線,16950.0,右,簡易落石止柵,36,16940.0,16976.0,1.5,PCフェンス,2015-03-30,対象
823,日南線,10,単線,16990.0,右,簡易落石止柵,,,,1.5,PCフェンス,,対象
823,日南線,10,単線,17288.5,右,転落防止柵,36,17270.5,17306.5,1.1,鋼,2014-01-07,対象
823,日南線,10,単線,17330.0,右,防護柵,48,17306.0,17354.0,1.1,PCフェンス,2015-06-22,対象
823,日南線,10,単線,17354.0,右,簡易落石止柵,12,17348.0,17360.0,1,鋼,2014-04-25,対象
823,日南線,10,単線,17361.0,左,簡易落石止柵,14,17354.0,17368.0,1,鋼,2014-04-25,対象
823,日南線,10,単線,17376.0,右,防護その他,32,17360.0,17392.0,8.14,鋼,2014-04-25,対象
823,日南線,10,単線,17579.0,右,簡易落石止柵,26.2,17579.0,17579.0,1.5,PCフェンス,2015-03-30,対象
823,日南線,10,単線,17700.0,左,簡易落石止柵,24.4,17684.2,17708.6,1.5,単管,2014-02-14,対象
823,日南線,10,単線,17700.0,左,防護その他,10,,,5,鋼,2016-01-21,対象
823,日南線,10,単線,18600.0,左,防護柵,76.6,18559.0,18635.6,,鋼,1998-03-01,対象
823,日南線,10,単線,19765.0,右,防護その他,21,,,15,その他,2007-02-13,対象
823,日南線,10,単線,19800.0,右,防護その他,40,19775.0,19821.0,,鋼,2016-01-26,対象
823,日南線,10,単線,19800.0,右,防護その他,11,,,3.4,その他,2013-03-22,対象
823,日南線,10,単線,19820.0,右,落石止柵,76.7,19777.0,19854.0,2.5,鋼,2006-02-14,対象
823,日南線,10,単線,19880.0,右,落石止柵,59.2,19854.0,19913.0,2.5,鋼,2006-02-14,対象
823,日南線,10,単線,20271.0,中央,落石止柵,18,20271.0,,2,鋼,2003-03-01,対象
823,日南線,10,単線,20284.0,右,簡易落石止柵,9.5,20284.0,20289.5,1.5,単管,2014-02-03,対象
823,日南線,10,単線,20820.0,左,落石止柵,51,20792.0,20843.0,,鋼,,対象
823,日南線,10,単線,22018.0,右,簡易落石止柵,14,22018.0,22032.0,1.5,PCフェンス,2015-03-30,対象
823,日南線,10,単線,22060.0,右,簡易落石止柵,12,22051.0,22063.0,,PCフェンス,2015-03-30,対象
823,日南線,10,単線,22260.0,左,転落防止柵,16,22255.0,22271.0,0.9,鋼,2016-03-23,対象
823,日南線,10,単線,22310.0,右,落石止柵,46,,,1.5,コンクリート,1983-12-01,対象
823,日南線,10,単線,22410.0,右,落石止柵,36,,,1.5,コンクリート,1983-12-01,対象
823,日南線,10,単線,22850.0,右,落石止柵,20,,,1.5,コンクリート,1982-12-01,対象
823,日南線,10,単線,23158.0,中央,落石止柵,11,23158.0,23158.0,1.5,鋼,2004-03-01,対象
823,日南線,10,単線,23790.0,左,簡易落石止柵,22,23778.0,23800.0,1.5,単管,2014-02-14,対象
823,日南線,10,単線,23800.0,右,防護柵,16.6,23796.0,23812.6,,鋼,1997-12-01,対象
823,日南線,10,単線,23830.0,左,落石止柵,71.2,23801.0,23854.0,2,鋼,1997-02-01,対象
823,日南線,10,単線,23861.46,左,落石止擁壁,10,,,6.1,コンクリート,1963-12-01,対象
823,日南線,10,単線,23876.46,左,落石止擁壁,16.9,,,7.5,コンクリート,1963-12-01,対象
823,日南線,10,単線,23880.0,右,防護柵,52.6,23848.0,23900.6,,鋼,1997-12-01,対象
823,日南線,10,単線,23890.0,左,落石止柵,53.5,23862.0,23908.0,2,鋼,1997-02-01,対象
823,日南線,10,単線,23920.0,左,簡易落石止柵,22,23912.0,23934.0,1.5,単管,2014-02-14,対象
823,日南線,10,単線,23950.0,左,落石止柵,30,,,2,鋼,1985-12-01,対象
823,日南線,10,単線,23989.76,左,防護その他,61.52,23959.0,24020.52,17,鋼,2012-12-25,対象
823,日南線,10,単線,24040.0,右,防護柵,51.1,24040.0,,1.5,鋼,2014-10-22,対象外
823,日南線,10,単線,24085.0,右,落石止柵,38.6,24068.0,24103.0,2.5,鋼,2009-03-27,対象
823,日南線,10,単線,24100.0,左,落石止柵,25.6,24090.0,24102.0,2.5,鋼,2009-03-27,対象
823,日南線,10,単線,24100.0,右,落石止柵,15,,,2,鋼,1985-12-01,対象
823,日南線,10,単線,24100.0,中央,落石止柵,9,,,1.2,鋼,1985-12-01,対象
823,日南線,10,単線,24105.0,中央,防土砂諸設備,12,24105.0,24105.0,2,石,2009-03-27,対象
823,日南線,10,単線,24830.0,右,簡易落石止柵,35,24816.0,24845.0,1.5,単管,2014-02-14,対象
823,日南線,10,単線,25020.0,左,防護柵,32.4,,,,鋼,1995-10-01,対象
823,日南線,10,単線,25050.0,右,落石止擁壁,60.7,,,5.5,鉄筋コンクリート,1978-12-01,対象
823,日南線,10,単線,25130.0,左,防護柵,74.7,,,,鋼,1995-10-01,対象
823,日南線,10,単線,25185.0,右,防護諸設備,92.5,25165.0,25224.0,,鋼,1997-01-01,対象
823,日南線,10,単線,25187.8,右,落石止擁壁,95.6,,,7,コンクリート,1963-12-01,対象
823,日南線,10,単線,25300.0,左,防護柵,8.4,,,,鋼,1995-10-01,対象
823,日南線,10,単線,25600.0,右,落石止柵,92.6,25545.0,25638.0,1.5,鋼,1981-12-01,対象
823,日南線,10,単線,25640.0,左,防護柵,60.2,,,,鋼,1995-10-01,対象
823,日南線,10,単線,25860.0,右,落石止柵,40,25838.0,25878.0,2.88,鋼,1999-02-01,対象
823,日南線,10,単線,26605.0,右,落石止擁壁,20.1,,,1.9,コンクリート,1963-12-01,対象
823,日南線,10,単線,31060.0,右,簡易落石止柵,64,31028.0,31092.0,1.5,PCフェンス,2015-03-30,対象
823,日南線,10,単線,37433.0,左,簡易落石止柵,4,37433.0,37433.0,1.5,ヒューム管,2015-03-30,対象
823,日南線,10,単線,37910.0,右,落石止擁壁,79.5,37865.0,37945.0,6.5,鉄筋コンクリート,1978-12-01,対象
823,日南線,10,単線,38020.0,右,簡易落石止柵,100,37970.0,38070.0,1.5,PCフェンス,2015-03-30,対象
823,日南線,10,単線,38100.0,右,竹林防護工,40,38100.0,38140.0,,鋼,2016-09-27,対象
823,日南線,10,単線,38220.0,右,防護柵,30,38205.0,38233.0,1.5,鋼,2011-12-15,対象
823,日南線,10,単線,38670.0,右,防護その他,54,38659.0,38713.0,8.75,鋼,2014-03-31,対象
823,日南線,10,単線,38750.0,左,防護その他,33,38734.0,38767.0,8.75,鋼,2014-03-31,対象
823,日南線,10,単線,38780.0,右,防護その他,46.8,38744.0,38790.8,,鋼,2014-03-31,対象
823,日南線,10,単線,40060.0,右,防護諸設備,53,,,,鋼,1978-12-01,対象
823,日南線,10,単線,46720.0,右,防護その他,32,46706.0,46726.0,6,鋼,2009-10-07,対象
823,日南線,10,単線,47000.0,右,簡易落石止柵,205.2,46947.0,47200.0,,単管,2014-03-31,対象
823,日南線,10,単線,47415.0,中央,防護その他,12.7,47415.0,47415.0,6,鋼,2010-03-29,対象
823,日南線,10,単線,47450.0,右,落石止柵,14.3,47443.0,47458.0,2.5,鋼,2010-03-29,対象
823,日南線,10,単線,47480.0,右,落石止柵,67.5,,,2,鋼,1984-12-01,対象
823,日南線,10,単線,47490.0,右,落石止擁壁,10.8,,,3,コンクリート,1978-12-01,対象
823,日南線,10,単線,47506.0,右,防護その他,12,47497.0,47509.0,13,鋼,2010-03-29,対象
823,日南線,10,単線,47520.0,右,落石止擁壁,40,,,,コンクリート,1935-12-01,対象
823,日南線,10,単線,47530.0,右,防護その他,45,47509.0,47554.0,,鋼,2011-02-08,対象
823,日南線,10,単線,47590.0,中央,落石止柵,12,,,2,鋼,1985-12-01,対象
823,日南線,10,単線,47903.0,左,落石止柵,2.7,,,,コンクリート,1973-12-01,対象
823,日南線,10,単線,48140.0,右,防護その他,120,48081.0,48201.0,10,鋼,2010-03-29,対象
823,日南線,10,単線,48225.0,右,防護その他,50,48201.0,48251.0,10,鋼,2011-01-09,対象
823,日南線,10,単線,48234.0,右,防護その他,3,48232.5,48235.5,,鋼,2011-12-07,対象
823,日南線,10,単線,48240.0,右,防護その他,2,48239.0,48241.0,,鋼,2011-12-07,対象
823,日南線,10,単線,48241.0,右,防護その他,3,48238.5,48241.5,,鋼,2011-12-07,対象
823,日南線,10,単線,48245.0,右,防護その他,6,48242.0,48248.0,,鋼,2011-12-07,対象
823,日南線,10,単線,48260.0,右,防護その他,2,48259.0,48261.0,,鋼,2011-12-07,対象
823,日南線,10,単線,48275.0,右,防護その他,48,48251.0,48299.0,,鋼,2011-02-08,対象
823,日南線,10,単線,48315.0,右,防土砂諸設備,24,,,,鋼,1994-02-01,対象
823,日南線,10,単線,48340.0,右,防護その他,36,48320.0,48356.0,,鋼,2011-02-08,対象
823,日南線,10,単線,48380.0,右,防護その他,50,48355.0,48405.0,10,鋼,,対象
823,日南線,10,単線,48410.0,右,防護その他,12,48404.0,48416.0,8,鋼,2010-03-29,対象
823,日南線,10,単線,48498.0,右,防護その他,15,48490.0,48505.0,8,鋼,2010-03-29,対象
823,日南線,10,単線,48500.0,右,落石止擁壁,64,,,64,鉄筋コンクリート,1979-12-01,対象
823,日南線,10,単線,48530.0,右,落石止柵,27,,,1.5,鋼,1984-12-01,対象
823,日南線,10,単線,48545.0,右,落石止擁壁,14,,,2.8,コンクリート,1984-12-01,対象
823,日南線,10,単線,48630.0,右,落石止柵,50,48605.0,48655.0,2,鋼,1985-12-01,対象
823,日南線,10,単線,48664.0,右,防護その他,26,48651.0,48677.0,20,鋼,2010-03-29,対象
823,日南線,10,単線,48770.0,右,防護その他,9.22,48767.78,48777.0,,鋼,2011-11-11,対象
823,日南線,10,単線,48800.0,右,防護その他,48,48777.0,48825.0,,鋼,2011-02-08,対象
823,日南線,10,単線,48870.0,右,防護その他,86.06,48825.0,48911.06,,鋼,2011-11-11,対象
823,日南線,10,単線,51690.0,右,落石止擁壁,37.3,51666.0,51703.3,,コンクリート,1935-12-01,対象
823,日南線,10,単線,51710.0,右,落石止柵,37.5,51687.0,51724.5,,該当なし,1939-12-01,対象
823,日南線,10,単線,52515.5,右,防護その他,33,52499.0,52532.0,7.4,鋼,2014-03-31,対象
823,日南線,10,単線,53845.0,左,竹林防護工,40,53825.0,53865.0,11,その他,2016-03-29,対象
823,日南線,10,単線,54205.0,左,防護その他,24,54193.0,54217.0,8.75,鋼,2014-03-31,対象
823,日南線,10,単線,57310.0,右,防護諸設備,32,,,,鋼,1984-12-01,対象
823,日南線,10,単線,59580.0,左,転落防止柵,68,59558.0,59624.0,1.2,PCフェンス,2013-12-16,対象
823,日南線,10,単線,59600.0,右,転落防止柵,77,59548.0,59623.0,1.2,PCフェンス,2015-09-09,対象
823,日南線,10,単線,60425.0,左,防護その他,30,60409.0,60439.0,8.75,鋼,2014-03-31,対象
823,日南線,10,単線,60570.0,左,防護柵,13,60560.0,60573.0,1,鋼,1998-03-01,対象
823,日南線,10,単線,61230.0,左,落石止擁壁,41,,,4.7,鉄筋コンクリート,1979-12-01,対象
823,日南線,10,単線,61413.0,左,転落防止柵,30,61399.0,61427.0,1.2,PCフェンス,2017-08-23,対象
823,日南線,10,単線,61450.0,左,落石止柵,81,61424.0,61505.0,1.5,鋼,1980-12-01,対象
823,日南線,10,単線,61820.0,左,線路雑その他,150,61750.0,61900.0,,該当なし,1936-12-01,対象外
823,日南線,10,単線,62400.0,左,落石止柵,45,62377.0,62423.0,2,鋼,2005-09-13,対象
823,日南線,10,単線,62600.0,左,竹林防護工,40,62575.0,62615.0,11,その他,2016-08-22,対象
823,日南線,10,単線,62620.0,右,防護柵,62.4,62576.0,62638.4,,鋼,1998-07-01,対象
823,日南線,10,単線,62827.0,左,落石止柵,5,,,,コンクリート,1976-12-01,対象
823,日南線,10,単線,65350.0,左,防護諸設備,37,,,,鋼,1982-12-01,対象
823,日南線,10,単線,65500.0,右,防土砂諸設備,27,65479.0,65506.0,,鋼,1994-03-01,対象
823,日南線,10,単線,72212.0,右,防護その他,30,72197.0,72227.0,8.75,鋼,2014-03-31,対象
823,日南線,10,単線,78663.0,右,防護その他,72,78561.0,78633.0,15,鋼,2005-02-07,対象
823,日南線,10,単線,79220.0,右,落石止柵,33,79205.0,79238.0,2,鋼,,対象
823,日南線,10,単線,79250.0,右,落石止柵,15,,,,コンクリート,1973-12-01,対象
823,日南線,10,単線,79945.0,左,防護その他,15,79936.0,79951.0,,鋼,2014-03-31,対象
823,日南線,10,単線,79960.0,右,防護その他,15,79951.0,79966.0,,鋼,2014-03-31,対象
823,日南線,10,単線,81120.0,右,落石止柵,12,81116.0,81128.0,1.5,PCフェンス,2018-03-28,対象
823,日南線,10,単線,81407.0,右,落石止柵,9,81407.0,81407.0,2.5,鋼,2009-08-12,対象
823,日南線,10,単線,81407.0,中央,防護その他,15.4,81407.0,81407.0,8,鋼,2009-08-12,対象
823,日南線,10,単線,81460.0,右,防土砂諸設備,5,81456.0,81461.0,0.95,コンクリート,,対象
823,日南線,10,単線,81506.5,右,防護その他,65,81474.0,81539.0,15,鋼,2015-07-02,対象
823,日南線,10,単線,81630.0,右,落石止柵,32,81613.0,81645.0,1.5,PCフェンス,2018-03-28,対象
823,日南線,10,単線,81960.0,右,落石止柵,48,81938.0,81986.0,1.5,PCフェンス,2016-11-11,対象
823,日南線,10,単線,82610.0,左,簡易落石止柵,46.1,82588.0,82632.5,1.5,単管,2014-01-24,対象
823,日南線,10,単線,82620.0,右,落石止擁壁,38,,,,鉄筋コンクリート,1935-12-01,対象
823,日南線,10,単線,83240.0,右,防護その他,27,83225.0,83252.0,15,鋼,2013-03-21,対象
823,日南線,10,単線,83300.0,左,落石止柵,80,83260.0,83340.0,1.5,PCフェンス,2018-03-28,対象
823,日南線,10,単線,83300.0,右,落石止柵,44,83277.0,83321.0,1.5,PCフェンス,2018-03-28,対象
823,日南線,10,単線,83470.0,右,簡易落石止柵,64,83445.0,83506.7,1.5,単管,2014-01-24,対象
823,日南線,10,単線,86897.0,左,転落防止柵,9.4,86892.19,86901.19,1,FRP,2017-09-20,対象
823,日南線,10,単線,87100.0,左,防護柵,70,86060.0,87131.0,,鋼,2008-03-27,対象
823,日南線,10,単線,87110.0,右,防土砂諸設備,180,,,,鋼,1994-02-01,対象
824,宮崎空港線,10,単線,2648.0,左,防護柵,163,2517.0,2680.0,0.6,鋼,1996-08-01,対象
824,宮崎空港線,10,単線,2737.0,左,その他安全柵,163,2625.0,2788.0,1.2,鋼,1996-08-01,対象
824,宮崎空港線,10,単線,2737.0,右,その他安全柵,84,2600.0,2684.0,1.2,鋼,1996-08-01,対象
825,吉都線,10,単線,915.0,右,防護その他,6,,,1.5,鋼,2014-07-28,対象外
825,吉都線,10,単線,1165.0,左,防護諸設備,10,,,1,鋼,1974-12-01,対象
825,吉都線,10,単線,1270.0,右,防護諸設備,5,,,1,鋼,1974-12-01,対象
825,吉都線,10,単線,1740.0,左,防護その他,2,,,1.5,鋼,2015-07-09,対象外
825,吉都線,10,単線,1741.0,右,防護その他,2,,,1.5,鋼,2015-07-09,対象外
825,吉都線,10,単線,2136.0,右,防護その他,8,,,,鋼,2014-07-28,対象外
825,吉都線,10,単線,2385.8,左,防護柵,35.2,2368.2,2403.4,1.5,鋼,2004-10-30,対象
825,吉都線,10,単線,3250.0,左,その他安全柵,25,,,,鋼,2008-03-10,対象
825,吉都線,10,単線,3250.0,右,その他安全柵,25,,,,鋼,2008-03-10,対象
825,吉都線,10,単線,3337.0,右,防護その他,6,,,,鋼,2013-02-26,対象外
825,吉都線,10,単線,3748.0,左,防護その他,12,,,,鋼,2014-07-28,対象外
825,吉都線,10,単線,4574.0,右,防護その他,8,4570.0,4578.0,1.5,鋼,2014-07-28,対象外
825,吉都線,10,単線,6290.0,右,転落防止柵,15,,,,PCフェンス,2017-03-29,対象
825,吉都線,10,単線,6380.0,右,転落防止柵,15,,,,PCフェンス,2017-03-29,対象
825,吉都線,10,単線,7000.0,右,防護その他,24,7000.0,7024.0,1.5,鋼,2013-02-26,対象外
825,吉都線,10,単線,7055.0,右,防護その他,10,7055.0,7065.0,1.5,鋼,2013-02-26,対象外
825,吉都線,10,単線,7083.0,右,防護その他,5,,,1.5,鋼,2015-07-09,対象外
825,吉都線,10,単線,7258.0,右,防護その他,66.5,7258.0,7324.0,1.5,鋼,2015-07-21,対象外
825,吉都線,10,単線,7298.0,左,防護その他,50,7298.0,7348.0,1.5,鋼,2015-07-21,対象外
825,吉都線,10,単線,7354.0,右,防護その他,50.7,7354.0,7400.0,1.5,鋼,2015-07-21,対象外
825,吉都線,10,単線,8819.81,右,その他安全柵,1.6,8819.81,,,鋼,2001-02-01,対象
825,吉都線,10,単線,8881.16,右,その他安全柵,1.6,8881.16,,,鋼,2001-02-01,対象
825,吉都線,10,単線,9391.0,左,ガードレール,,,,,その他,2006-02-01,対象
825,吉都線,10,単線,12110.0,右,防護諸設備,36,,,,鋼,1980-12-01,対象
825,吉都線,10,単線,12480.0,左,防護諸設備,20,,,1,鋼,1980-12-01,対象
825,吉都線,10,単線,15550.0,左,防護諸設備,50,15525.0,15575.0,,PC,2001-12-01,対象
825,吉都線,10,単線,18020.0,左,防護その他,2,18020.0,18022.0,1.5,鋼,2014-07-28,対象外
825,吉都線,10,単線,20040.0,左,防護諸設備,36,,,,鋼,1978-12-01,対象
825,吉都線,10,単線,20698.0,右,防護その他,4,20696.0,20700.0,1.5,鋼,2014-07-28,対象外
825,吉都線,10,単線,21400.0,右,防護柵,20,21391.0,21411.0,1.5,鋼,2009-04-01,対象
825,吉都線,10,単線,22161.0,左,防護その他,16,22161.0,22177.0,1.5,鋼,2013-02-26,対象外
825,吉都線,10,単線,22230.0,左,竹林防護工,413,22230.0,22410.0,,鋼,2017-03-10,対象
825,吉都線,10,単線,22230.0,右,竹林防護工,413,22230.0,22410.0,,鋼,2017-03-10,対象
825,吉都線,10,単線,22360.0,右,その他安全柵,75,22325.0,22400.0,8.6,鋼,2009-04-01,対象
825,吉都線,10,単線,22952.0,右,防護その他,4,22950.0,22954.0,1.5,鋼,2014-07-28,対象外
825,吉都線,10,単線,23073.0,左,防護諸設備,33,,,1,鋼,1955-12-01,対象
825,吉都線,10,単線,23303.0,左,転落防止柵,31,17542.0,17573.0,,その他,2016-09-13,対象
825,吉都線,10,単線,23330.0,右,防護柵,30,23310.0,23340.0,,PC,1996-10-01,対象
825,吉都線,10,単線,24727.0,右,防護諸設備,15.6,,,1,鋼,1955-12-01,対象
825,吉都線,10,単線,25522.0,左,防護その他,4,25520.0,25524.0,1.5,鋼,2014-07-28,対象外
825,吉都線,10,単線,26315.0,左,防護その他,4,26315.0,26319.0,1.5,鋼,2013-02-26,対象外
825,吉都線,10,単線,26957.0,左,防護その他,4,26955.0,26959.0,1.5,鋼,2014-07-28,対象外
825,吉都線,10,単線,32555.0,左,防護その他,2,32555.0,32557.0,,鋼,2013-02-26,対象外
825,吉都線,10,単線,32640.0,右,防護その他,4,32640.0,32644.0,1.5,鋼,2013-02-26,対象外
825,吉都線,10,単線,32901.0,右,防護その他,4,32901.0,32905.0,1.5,鋼,2013-02-26,対象外
825,吉都線,10,単線,34120.0,左,防護その他,4,,,1.5,鋼,2015-07-09,対象外
825,吉都線,10,単線,34121.0,左,防護その他,4,,,1.5,鋼,2015-07-09,対象外
825,吉都線,10,単線,36520.0,左,その他安全柵,8,,,,鋼,2008-03-07,対象
825,吉都線,10,単線,36520.0,右,その他安全柵,22,,,,鋼,2008-03-07,対象
825,吉都線,10,単線,38200.0,左,防護柵,12,38190.0,38202.0,1.5,鋼,2009-02-01,対象
825,吉都線,10,単線,38528.0,右,防護諸設備,10,,,1,鋼,1980-12-01,対象
825,吉都線,10,単線,38700.0,左,防護柵,70,38676.0,38746.0,1.5,鋼,2009-04-01,対象
825,吉都線,10,単線,38890.0,左,防護諸設備,28,38890.0,38918.0,11.8,鋼,2003-03-01,対象
825,吉都線,10,単線,39070.0,右,防護その他,2,39070.0,39072.0,,鋼,2013-02-26,対象外
825,吉都線,10,単線,40700.0,左,防護その他,4,,,,鋼,2015-07-09,対象外
825,吉都線,10,単線,40700.0,右,防護その他,2,,,,鋼,2015-07-09,対象外
825,吉都線,10,単線,40800.0,右,その他安全柵,50,,,,鋼,2008-03-10,対象
825,吉都線,10,単線,40990.0,左,防護その他,4,40990.0,40994.0,,鋼,2013-02-26,対象外
825,吉都線,10,単線,41990.0,右,防護その他,3,,,,鋼,2015-07-09,対象外
825,吉都線,10,単線,45850.0,右,防護その他,2,,,,鋼,2015-07-09,対象外
825,吉都線,10,単線,45940.0,左,防護その他,2,,,,鋼,2015-07-09,対象外
825,吉都線,10,単線,45941.0,右,防護その他,2,,,,鋼,2015-07-09,対象外
825,吉都線,10,単線,46640.0,左,防護その他,20,46640.0,46660.0,,鋼,2013-02-26,対象外
825,吉都線,10,単線,49394.0,左,防護その他,6,49394.0,49400.0,,鋼,2013-02-26,対象外
825,吉都線,10,単線,56300.0,左,防護その他,33,56300.0,56333.0,1,鋼,2012-09-15,対象外
825,吉都線,10,単線,56348.0,左,防護その他,36,59348.0,59384.0,1,鋼,2012-09-15,対象外
825,吉都線,10,単線,56400.0,右,防護その他,1,56400.0,56401.0,1,鋼,2012-09-15,対象外
825,吉都線,10,単線,59494.0,右,防護諸設備,6,59494.0,59500.0,1,鋼,2007-03-01,対象
831,筑豊本線,10,単線,50276.0,左,防護諸設備,26,50265.0,50291.0,1,鋼,2014-08-19,対象
831,筑豊本線,10,単線,50730.0,右,簡易落石止柵,52,50730.0,50782.0,1.5,PCフェンス,2017-11-02,対象
831,筑豊本線,10,単線,53136.0,左,簡易落石止柵,76,53136.0,53212.0,1.5,PCフェンス,2018-01-31,対象
831,筑豊本線,10,単線,53420.0,左,簡易落石止柵,14,53420.0,53434.0,1.5,PCフェンス,2018-01-31,対象
831,筑豊本線,10,単線,53772.0,左,簡易落石止柵,,,,1,単管,2013-01-29,対象
831,筑豊本線,10,単線,57094.0,右,簡易落石止柵,4,57094.0,57098.0,1.5,PCフェンス,2017-11-02,対象
831,筑豊本線,10,単線,58240.0,左,簡易落石止柵,54,58240.0,58294.0,1.5,PCフェンス,2017-11-02,対象
831,筑豊本線,10,単線,58304.0,中央,防護諸設備,13.7,,,,PC,2012-03-29,対象
831,筑豊本線,10,単線,58416.0,左右,防護諸設備,13.4,,,,PC,2012-03-29,対象
831,筑豊本線,21,下り線,23935.0,左,防護柵,50,23910.0,23960.0,1.2,PCフェンス,2016-01-26,対象
831,筑豊本線,21,下り線,24153.0,左,防護柵,54,24126.0,24180.0,1.2,PCフェンス,2016-01-26,対象
831,筑豊本線,22,上り線,12945.0,右,防護柵,13.4,12943.0,12947.0,,鋼,2001-09-01,対象
831,筑豊本線,23,上下線,10030.0,左,落石止柵,15,,,,鋼及び鉄コン,1983-12-01,対象
831,筑豊本線,23,上下線,10200.0,左,落石止柵,42,,,,その他,1977-12-01,対象
831,筑豊本線,23,上下線,10201.0,左,落石止柵,27,,,,その他,1977-12-01,対象
831,筑豊本線,23,上下線,10318.0,右,落石止柵,33,,,,鋼及び鉄コン,1971-12-01,対象
831,筑豊本線,23,上下線,10319.0,右,落石止柵,46,,,,その他,1981-12-01,対象
831,筑豊本線,23,上下線,15685.0,左,防護諸設備,36.2,,,,鋼,1995-03-01,対象
831,筑豊本線,23,上下線,16102.0,中央,防護諸設備,0,16120.0,16102.0,1.2,PCフェンス,2015-03-30,対象
831,筑豊本線,23,上下線,16115.0,中央,防護諸設備,0,16115.0,16115.0,1.2,PCフェンス,2015-03-30,対象
831,筑豊本線,23,上下線,21795.0,左,防護柵,12,21789.0,21801.0,1.5,鋼,2001-10-01,対象
831,筑豊本線,23,上下線,25450.0,右,落石止柵,24,,,,該当なし,1982-12-01,対象
831,筑豊本線,23,上下線,26000.0,右,防護諸設備,418.8,,,,該当なし,1944-12-01,対象
831,筑豊本線,23,上下線,36647.0,右,防護柵,180,36557.0,36737.0,,鋼,2001-03-01,対象
831,筑豊本線,23,上下線,36668.0,左,落石止柵,50,36643.0,36693.0,,鋼,2003-12-01,対象
831,筑豊本線,23,上下線,36712.5,左,防護柵,12,36706.5,36718.5,1,鋼,1995-09-01,対象
831,筑豊本線,23,上下線,38340.0,右,防護諸設備,,,,,鋼,1964-12-01,対象
831,筑豊本線,23,上下線,39156.0,右,転落防止柵,14,39156.0,39170.0,1.5,鋼,2012-12-01,対象
831,筑豊本線,23,上下線,39231.0,右,転落防止柵,15.2,39231.0,39242.0,1.5,鋼,2012-12-01,対象
851,後藤寺線,10,単線,4640.0,右,防護柵,41.6,,,1.5,該当なし,1990-03-01,対象
851,後藤寺線,10,単線,7096.0,左,簡易落石止柵,42,7096.0,7138.0,1.5,PCフェンス,2018-01-31,対象
851,後藤寺線,10,単線,7403.0,右,砂防えん堤,,,,,石,1940-12-01,対象
851,後藤寺線,10,単線,7995.0,左,落石止柵,3,,,,鋼,2009-03-23,対象
851,後藤寺線,10,単線,8015.0,中央,落石止擁壁,42,,,,鋼,1973-12-01,対象
851,後藤寺線,10,単線,8015.5,中央,落石止柵,60,,,,鋼,2004-03-01,対象
851,後藤寺線,10,単線,8035.0,中央,落石止柵,36,,,2,鋼,2009-03-23,対象
851,後藤寺線,10,単線,8588.0,左,砂防えん堤,,,,1.2,コンクリート,1954-12-01,対象
851,後藤寺線,10,単線,8600.0,左,落石止擁壁,30,,,,その他,1977-12-01,対象
851,後藤寺線,10,単線,8600.0,左,落石止柵,30,,,,鋼,1977-12-01,対象
851,後藤寺線,10,単線,8640.0,左,簡易落石止柵,53.6,8615.0,8663.0,1.5,PCフェンス,2016-09-12,対象
851,後藤寺線,10,単線,8640.0,左,防護その他,8.24,8636.0,8644.0,,鋼,2017-11-07,対象
851,後藤寺線,10,単線,8650.0,左,防護その他,10,8645.0,8655.0,,鋼,2017-11-07,対象
851,後藤寺線,10,単線,8700.0,右,簡易落石止柵,40,8680.0,8720.0,1.5,PCフェンス,2016-09-12,対象
851,後藤寺線,10,単線,8710.0,右,防護その他,8.45,8706.0,8714.0,,鋼,2016-11-28,対象
851,後藤寺線,10,単線,8711.0,右,防護その他,3.24,8709.0,8712.0,,鋼,2016-11-28,対象
851,後藤寺線,10,単線,8712.0,右,防護その他,6.59,8708.0,8715.0,,鋼,2016-11-28,対象
851,後藤寺線,10,単線,8715.0,右,防護その他,6,8712.0,8718.0,,鋼,2016-11-28,対象
851,後藤寺線,10,単線,8717.0,右,防護その他,6,8714.0,8720.0,,鋼,2016-11-28,対象
851,後藤寺線,10,単線,8725.0,右,簡易落石止柵,31.2,8725.0,8756.2,1.5,PCフェンス,2018-01-25,対象
851,後藤寺線,10,単線,8770.0,右,簡易落石止柵,40.5,,,1.5,PCフェンス,2014-01-02,対象
851,後藤寺線,10,単線,8800.0,右,落石止柵,21,,,,鋼,2003-12-01,対象
851,後藤寺線,10,単線,8814.0,右,防護その他,5.01,8810.0,8818.0,,鋼,2017-11-07,対象
851,後藤寺線,10,単線,8815.0,右,防護その他,5.01,8813.0,8818.0,,鋼,2016-11-28,対象
851,後藤寺線,10,単線,8816.0,右,防護その他,7.48,8812.0,8819.0,,鋼,2017-11-07,対象
851,後藤寺線,10,単線,8817.0,右,防護その他,9.24,8812.0,8821.0,,鋼,2017-11-07,対象
851,後藤寺線,10,単線,8825.0,右,簡易落石止柵,16.2,8819.0,8835.0,1.5,PCフェンス,2016-09-12,対象
